# form	pos	lemma	sense	freq
འམ			or; and; question marker; or else
འང			but; even; also; ever; or
འང་དེ			but; even; also; ever; or
འང་མི			never
འབའ་ཞིག			only; sole; alone; soley
འབབ			descend; rain; flow; fall down; move downward; slope toward
འབབ་པ			descend; rain; flow; fall down; move downward; slope toward
འབབས			descend; rain; flow; fall down; move downward; slope toward
འབད			strive; make effort; make exertion; exertion
འབད་ཅིང			striving
འབད་མེད			nonstriving; non-striving; non-effort
འབད་མེད་པར			without striving; without making effort
འབད་ན			when one strives; when he strives
འབད་པ			to strive; exertion; make effort; make exertion
འབད་པ་དང་བཅས་པ			with exertion  (T)
འབད་པ་མེད་པར་ཐར་པར་འགྱུར			become liberated without making effort
འབད་པ་མི་མངའ་བར་ཡེ་ཤེས་འཇུག་པ			effortlessly engage wisdom; wisdom which engages effortlessly  (T)
འབད་པའི་རྣམ་པ་བསྒོམ་པ			cultivate the aspect(s) of striving
འབད་པར་བྱ			will strive; will make effort
འབད་པར་བྱའོ			one should strive; you should strive
འབད་པར་བྱེད་དོ			strive; striving; make effort; making effort
འབད་པར་བྱེད་པ			strive; striving; make effort; making effort
འབད་རྩོལ			striving and exertion
འབད་རྩོལ་རགས་པ			coarse striving and exertion
འབར			burn; blaze up; blaze; catch fire; flaming; fire
འབར་བ			burn; blaze up; blaze; catch fire; flaming; fire
འབེབས			settle; cause to descend; fall; cast down
འབེབས་པ			settle; cause to descend; fall; cast down
འབོད་སྒྲ			vocative case
འབོག			give; bestow
འབྲལ			to be devoid of; free from; lack; separate from
འབྲལ་བ			to be devoid of; free from; lack; separate from
འབྲལ་བ་ལ་སྒྲིབ་པ			obstructions to separation
འབྲལ་བ་མེད			not devoid of; not lacking; not separate from
འབྲལ་བའི་བྱེད་རྒྱུ			creative cause of separation
འབྲལ་བར་འགྱུར་རོ			to be devoid of; become free from; lack; separate from
འབྲལ་བར་བྱེད་དེ			separate; estrange; disjoin
འབྲལ་བར་བྱེད་པ			separate; estrange; disjoin
འབྲལ་བར་མི་བྱེད་པ			not lacking; not separate from; not free from
འབྲས			effect; result; fruit
འབྲས་བུ			effect; result; fruit
འབྲས་བུ་འབྱིན			issue forth fruit/effects  (T)
འབྲས་བུ་འབྱོར་བ			acquisition of the fruit
འབྲས་བུ་འབྱུང་བ			give rise to an effect
འབྲས་བུ་འཛིན་པའི་ཡོན་ཏན			qualities of apprehending the effect
འབྲས་བུ་འཕེལ་བ			impel an effect; increase the effect
འབྲས་བུ་བྱང་ཆུབ་ཆེན་པོ			the fruit, great enlightenment
འབྲས་བུ་ཆེ			Great Fruit
འབྲས་བུ་ཆེ་བ			great effect; great fruit; Great Fruit (the third and highest level of the Fourth Concentration)
འབྲས་བུ་ཆེན་པོ			great effect; great fruit
འབྲས་བུ་ཆོས་སྐུ			fruit body of attributes; Truth Body, the fruit
འབྲས་བུ་ལ་དམིགས་པ			observing the fruit
འབྲས་བུ་ལ་གནས་པ			Abider in the Fruit(N)
འབྲས་བུ་ལ་ཞུགས་པ			Approacher to the Fruit(N)
འབྲས་བུ་ལྔ			the five effects; the five fruits
འབྲས་བུ་ལྔ་བསྟན་པ			teach/indicate the five effects
འབྲས་བུ་མ་དམིགས་པ			non-observation of an effect
འབྲས་བུ་མ་ཐོབ			not attain the fruit; unattained fruit
འབྲས་བུ་མེད་པ			fruitless; non-effect; no effect; without an effect
འབྲས་བུ་མངོན་པར་འགྲུབ་པ			manifestly established effect
འབྲས་བུ་མྱོང			experience an effect
འབྲས་བུ་མྱུར་དུ་འགྲུབ་པའི་རྒྱུ་མངོན་ཤེས་དྲུག་ལ་འདོམས་པ			guidance concerning the six clairvoyances causes of quickly achieving fruits
འབྲས་བུ་རྣམ་པ་བཞིའི་སྒྲིབ་པ			the obstructions of the four fruits/effects
འབྲས་བུ་སངས་རྒྱས་ཉིད་མངོན་པར་འགྲུབ་པ			manifestly establish the fruit, Buddhahood
འབྲས་བུ་སྐྱེ་བ			resultant-birth state; production of an effect; produce an effect
འབྲས་བུ་སྐྱེ་བའི་སྙོམས་འཇུག			resultant-birth meditative absorption
འབྲས་བུ་ཐོབ་པའི་ཁྱད་པར			feature/attribute of attaining the effect  (T)
འབྲས་བུ་ཐུན་མོང་འདོད་པ་ཡིད་ལ་བྱེད			mental contemplation desiring the concordant effect
འབྲས་བུ་ཡང་དག་པར་འགྲུབ་པ			thorougly established effect
འབྲས་བུ་ཡོད་པ			fruitful; existent effect; have the fruit
འབྲས་བུ་ཡོད་པར			fruitfully; fruitful; not fruitless
འབྲས་བུའི་དངོས་པོར་མེད			does not exist as a thing which is an effect  (T)
འབྲས་བུའི་དོན			fruitional meaning  (T)
འབྲས་བུའི་གཏན་ཚིགས			effect reason
འབྲས་བུའི་ངོ་མཚར་ཆེ་བ			greatly marvellous effect
འབྲས་བུའི་སྒོ་ནས་རིགས་ཁྱད་པར་བྱ་བ			special lineage from the point of view of effect
འབྲས་བུའི་ཐེག་པ			Effect Vehicle
འབྲས་ཆན			cooked rice; rice-pap
འབྲས་དུས་ཀྱི་སྙིང་རྗེ			compassion at the time of the effect
འབྲས་གནས			Abider in the Fruit
འབྲས་མ་དམིགས་པ			nonobservation of an effect
འབྲས་མཆོག			highest fruit; highest result
འབྲས་མཆོག་ལྡན་པ			having the highest fruit
འབྲས་པུ			effect
འབྲས་སྤུངས			Dre-pung ("Rice Mound") Monastic University (founded in 1416), west of Lhasa, relocated to Mundgod, N.K., India in 1959
འབྲས་ཡོད			fruitful; having the fruit; existent effect
འབྲས་ཡུམ			fruit Mother (perfection of wisdom)
འབྲས་ཡུམ་ལ་ཉེ་བའི་གཞི་ཤེས			knower of bases that is close to the fruit Mother
འབྲས་ཡུམ་ལ་རིང་བའི་གཞི་ཤེས			knower of bases that is distant from the fruit Mother
འབྲེ་པ			spread out; enveloped
འབྲེལ			join; relate; connect; become connected
འབྲེལ་བ			relationship; join; relate; connect; become connected; relation; related; connectives; related phenomena
འབྲེལ་བ་བརྟག་པའི་རབ་ཏུ་བྱེད་པ			Analysis of Relations, by Dharmakīrti (chos kyi grags pa) P. 5713, vol. 130
འབྲེལ་བ་མེད་པའི་དོན			meaningless; unrelated; non-related things
འབྲེལ་བར་མ་ཡིན་པ			non-connection; not joined; unconnected
འབྲེལ་པ			join; relate; connect; become connected; relation; related; relationship
འབྲེལ་པའི་དབང			power of joining; connecting power
འབྲེལ་པས་སྡུག་བསྔལ་ཉིད			suffering due to connection
འབྲེལ་སྒྲ			[connect-sound]; genitive case
འབྲེལ་ཡུལ			object of relation
འབྲེལ་ཟླ			related object
འབྲེས			spread out; enveloped
འབྲི			diminish; diminishing; grow less; write; dri (the female version of the yak)
འབྲི་བ			diminish; grow less; diminishment(BJ 38.1, quoting MSA)
འབྲི་བ་ལ་བརྟེན་པ			in dependence upon diminishing
འབྲི་བར་མི་འགྱུར			not become diminished; non-diminishment
འབྲི་དང་འཕེལ			diminishment and increase
འབྲི་ཞིང་འཕེལ་བ			diminishment and increase
འབྲིང			medium; middling
འབྲིང་བ			middling; middle; the middle
འབྲིང་གི་འབྲིང			middling of the middling
འབྲིང་གི་ཆེན་པོ			great of the middling
འབྲིང་གི་ཆུང་ངུ			small of the middling
འབྲིང་པོ			middling; middle; the middle
འབྲིང་སྐོར་གསུམ			the three middling cycles
འབྲོག་པ			nomad
འབྲོང			wild yak
འབྲུ			(1) grain [of barley; corn; etc.]; (2) letter
འབྲུ་མར			oil; oil lamp
འབྲུག			thunder; dragon
འབྲུག་གི་སྒྲ་དབྱངས			sound of thunder
འབྲུག་ཡུལ			Bhutan
འབྲུམ་ནག			smallpox
འབུད			(1) set aside; throw out; (2) to blow
འབུགས			pierce
འབུལ			offer; present
འབུམ			100
འབུམ་ཕྲག			100
འབྱང			to be purified; to be cleansed
འབྱངས			to be purified; to be cleansed
འབྱེད			to separate; open; separate; differentiate(BJ); opener(BR)
འབྱེད་པ			to separate; open; separate; differentiate(BJ 34.4); opener
འབྱེད་སྡུད་སྒྲ			separating and connecting particles (?)
འབྱེས་པ			defined (as in “beautifully defined”)
འབྱིན			issue forth; take out; remove; root out
འབྱིན་བྱེད			means of issuing forth
འབྱིན་པ			issue forth; deliverance; produce; well (as in “tears well from the eyes”); take out; remove; root out
འབྱིན་པར་འགྱུར་རོ			issue forth; take out; remove; root out
འབྱིན་པར་བྱེད་པ			issue forth; take out; remove; root out
འབྱོན			come; arrive
འབྱོར			fortune; treasure; acquisitions
འབྱོར་འབྲེལ			yoga; relatedness
འབྱོར་བ			fortune; treasure; acquisitions
འབྱོར་བའི་དུས			time of fortune; time of acquisition
འབྱོར་བའི་ཡེ་ཤེས			exalted wisdom of fortune; exalted wisdom of acquisition
འབྱོར་དང་མཐུན་སྤྱོད་ཡེ་ཤེས			wisdom which acts in accordance with [one's] fortune ?  (T)
འབྱོར་པ			fortune; treasure; acquisitions
འབྱོར་རྒྱུ			cause of fortune
འབྱུག			verb: anoint; apply a salve\n noun: salve; ointment
འབྱུང			to arise; come forth; emerge; occur; appear
འབྱུང་འགྱུར			arisen; arise
འབྱུང་འགྱུར་བ			arisen; arise
འབྱུང་འགྱུར་གྱི་རེག་བྱ			tangible object arisen from elements; tangible object arisen from the elements; tangible object that is an elemental evolute
འབྱུང་འཇུག་བྱས་པས་འབྱེད་པ			open by causing insertion and retraction
འབྱུང་བ			element; arising; creature; arise; come forth; emerge; appear
འབྱུང་བ་ཆེ			great element; great arising
འབྱུང་བ་ཆེན་པོ			great element
འབྱུང་བ་ཆེན་པོ་བཞི་པོ་དག			the four great elements
འབྱུང་བ་ལྷག་མ་རྣམས			the remaining elements  (T)
འབྱུང་བ་མ་མཆིས་པ			not arise; non-arising; not come forth
འབྱུང་བ་མཆིས་པ			arise; arising; come forth
འབྱུང་བ་མེད་པ			not arise; non-arising; not come forth
འབྱུང་བ་ཡིན			arise; come forth; is arisen
འབྱུང་བའི་བྱེ་བྲག			certain [physical] elements
འབྱུང་བའི་བྱེད་རྒྱུ			creative cause of arising
འབྱུང་བར			arising; arisen
འབྱུང་བར་འགྱུར			arises; arising; will arise; which is an element(D1)
འབྱུང་བར་འགྱུར་བ			arises; arising; will arise; which is an element
འབྱུང་བར་གྱུར་པའི་རེག་བྱ			tangible object which is an element; elemental tangible object
འབྱུང་བས་བྱས་པ			made with elements  (T)
འབྱུང་གནས			[arise-place]; mine (as in “jewel mine”); source; place of origin
འབྱུང་གྱུར			arisen from elements; elemental evolute
འབྱུང་ཁུངས			(1) ablative case; (2) source
འབྱུང་ཉེ་བ			imminent
འབྱུང་པོ			ghost
འབྱུང་པོ་རྣམས་ཀྱི་འཇིགས་པ་སྤང་བ			abandon fear of ghosts
འབྱུང་པོའི་གདོན			demon(s)
འབྱུང་སྟེ			arises; comes forth; emerges
འཆའ			make; construct [e.g., a mudrā]; arrange [e.g., the legs in a meditation posture]; formulate
འཆའ་བར་མཛད་པ			make; construct
འཆབ་པ			concealment
འཆད			(1) to be cut; (2) to explain; to comment
འཆད་འགྱུར་ལྟར			as will be explained
འཆད་བྱེད			explainer; commentator
འཆད་པ			explain; explanation; (1) to be cut; (2) to explain; to comment
འཆད་པ་པོ			lecturer
འཆད་པའི་ཚེ			when explaining/setting forth
འཆད་པར་བྱེད			explain; set forth
འཆད་རིགས་པ			suitable to explain/set forth
འཆད་ཚེ			when explaining/setting forth
འཆགས			to confess; reveal [non-virtue]
འཆགས་པ			to confess; to reveal [non-virtue]
འཆགས་པའི་དུས			time of confession
འཆགས་པར་བྱེད་པ			confess; reveal
འཆལ་བ			faulty
འཆལ་བ་ཚུལ་ཁྲིམས			faulty ethics
འཆལ་བའི་ཤེས་རབ			faulty wisdom
འཆལ་པ			faulty
འཆལ་པའི་ཤེས་རབ			faulty wisdom
འཆལ་པའི་ཚུལ་ཁྲིམས			faulty ethics
འཆལ་ཚུལ་རྩོམ་པའི་དྲི་བྲལ			free from the stains of faulty ethics
འཆར			appear; dawn; shine; reflect; present themselves; manifest
འཆར་བ			appear; dawn; shine; reflect.
འཆར་ཚུལ			mode of appearing
འཆེལ་བ			fixation
འཆི			die; death
འཆི་འཕོ			transmigrate; transmigration; death; die
འཆི་འཕོ་བ			transmigrate
འཆི་འཕོ་བ་དང་སྐྱེ་བ་དང་མི་སྐྱེ་བ			non-arising of transmigration and rebirth
འཆི་འཕོ་བ་ཡང་མ་ཡིན			no rebirth
འཆི་འཕོ་དང་སྐྱེ་བ			transmigration and arising; transmigration and rebirth
འཆི་བ			death; dying
འཆི་བ་མེད་པའི་སྒོ			door of deathlessness
འཆི་བ་མི་རྟག་པ			imminence of death; impermanence of death
འཆི་བ་ངེས་པ			definiteness of death(N)
འཆི་བའི་ཚེ			time of death
འཆི་ཁ་མ			about to die
འཆི་རིམ་ཇི་ལྟ་བ་བཞིན་དུ			... as in the stages of death
འཆི་སྲིད			the death state
འཆིང་བ			bonds; bondage; binding
འཆིང་གྲོལ			bondage and liberation
འཆིངས			(1) to bind; (2) structure
འཆོལ་བ			confused; mixed up
འདའ			pass away; go beyond
འདའ་བ			pass away; go beyond
འདའ་བ་མེད			does not pass
འདའ་བར་འགྱུར			pass away; go beyond
འདའ་བར་བྱ་བ			pass away; go beyond
འདའ་བར་བྱེད			pass away; go beyond
འདའ་བར་མི་བྱ་བ			does not pass
འདབ་བརྒྱ			hundred petaled lotus
འདབ་མ			leaf; petal
འདག			to purify; to clean
འདམ་རྫབ			swamp; cesspool; mud (?)
འདས			pass; go beyond; supramundane(BJ 52.7); short for: mya ngan las 'das pa; [sorrow-from-passed]; nirvāṇa
འདས་བྱས་ནས			having passed; having gone beyond
འདས་ལམ			supramundane path(BJ 52.7)
འདས་ནས			having passed; having gone beyond
འདས་པ			past; pass away; go beyond; pastness
འདས་པ་དང་ད་ལྟར་བྱུང་བ			arising in the past and present
འདས་པ་དང་མ་འདས་པ་དང་ད་ལྟ་བྱུང་བ			arising in the past, future, and present
འདས་པ་ལ་སོགས་པར་དབྱེ་བ			division into past and so forth
འདས་སྨྲ་བ			Lokottara-vādin [Transcendentalists???]  (T)
འདེབས			plant; set; offer; put; sow; give; cast
འདེབས་པ			put; sow; plant; set; offer; give; cast
འདེགས			support
འདེགས་པ			support
འདི			this
འདི་བར			hereabouts
འདི་དག			these; those
འདི་དག་གཞན་པ			these and others
འདི་དག་ཀུན་རྟོག་པ་ཙམ			these are all merely conceptual
འདི་དག་ཕན་ཚུན			each other; mutually
འདི་གས་འདི			these
འདི་གཉིས			these two
འདི་ལ			in this; with respect to this
འདི་ལས			from this
འདི་ལྟ་འདི་ལྟར་གྱུར་ཅིག			and it is like this
འདི་ལྟ་བུ			[this-like]; like this; thus
འདི་ལྟ་སྟེ			it is like this, for example; it is the case that ... [often untranslatable]
འདི་ལྟ་སྟེ་དཔེར་ན			it is like this, for example
འདི་ལྟར			this way; it is like this(S)
འདི་ལྟར་འདས་པ			it occurred like this
འདི་ལྟར་དོན་ཇི་ལྟ་བ་བཞིན་དུ			it is like this: ...(S1)
འདི་ནས			from this
འདི་ནས་འཇིག་རྟེན་གྱི་ཁམས			from this worldly realm
འདི་ནི་མེད་དོ			that is not
འདི་ནི་ཡོད་དོ			that is
འདི་ཕྱིར་ཕན་ཡོན་ཆེ་བའི་ཐེག་ཆེན་མཐོང་ལམ			Great Vehicle path of seeing greatly beneficial in this and future lives
འདི་སྐད་ཅེས་བཀའ་སྩལ་ཏོ			say/prounounce/explain/teach/speak/grant/order thus:
འདི་སྐད་ཅེས་གསོལ			spoke thus:(S)
འདི་སྐད་དུ			[X] says: ...(BJ 51.3)
འདི་སྙམ་བགྱིད་དེ			think this
འདི་སྙམ་དུ་སེམས			[someone] thinks this
འདི་སྙེད			so much; so many; how much; gain; profit
འདི་ཙམ་གྱིས			by just this; through just this(BJ 40.5)
འདི་ཚོ			these
འདིའི			of this
འདིའི་གོང་ན			higher than this(BJ 29.4)
འདིར			here
འདོད			accept; assert; wish; desire; consider
འདོད་འཇོའི་བ			wish-granting cow
འདོད་ཆགས			[desire-attachment]; desire
འདོད་ཆགས་བྲལ་བ			free from desire
འདོད་ཆགས་ཆེན་པོ			great desire
འདོད་ཆགས་དང་བྲལ་བ			free from desire
འདོད་ཆགས་དང་བྲལ་བ་མེད་པ			not free from desire
འདོད་ཆགས་དང་བྲལ་བའི་ས			ground of freedom from desire
འདོད་ཆགས་དང་བྲལ་བར་འགྱུར་བ			become free from desire
འདོད་ཆགས་དང་བྲལ་བར་བགྱི་བ			become/make free from desire
འདོད་ཆགས་དང་བྲལ་བར་བྱེད			become free from desire
འདོད་ཆགས་དང་མ་བྲལ་བ			not free from desire
འདོད་ཆགས་དང་མ་རིག་པ			desire and ignorance
འདོད་ཆགས་ཀྱི་ཀུན་སྦྱོར			thorough enwrapment of desire
འདོད་ཆགས་ལ་སོགས་པ			desire and so forth
འདོད་ཆགས་མང་བ			much desire
འདོད་ཆགས་མེད་པ			non-desire
འདོད་ཆགས་པ་མེད་ཅིང			non-desire
འདོད་ཆགས་པར་བྱེད			desire
འདོད་ཆགས་སྤྱོད་པ			practice desire
འདོད་ཆགས་སྤྱོད་པའི་སྒྲིབ་པ			the obstructions of practicing desire
འདོད་ཆུང			little desire
འདོད་དགུ			desire
འདོད་དགུ་ཐོབ་པ			obtain what one desires
འདོད་ཁམས			Desire Realm
འདོད་ཁམས་ཀྱི་ལྷ			god of the Desire Realm
འདོད་ཁམས་ཀྱི་ཡོན་ཏན			qualities of the desire realm
འདོད་ལ་མ་ཆགས			not cut off from desire
འདོད་ལྡན			desirous
འདོད་ལྷ			God of Desire; god of the Desire Realm
འདོད་ན			if [that] is accepted ...
འདོད་པ			desire; wish; assert; assertions; accept; consider
འདོད་པ་བསྐྱེད			produce desire
འདོད་པ་བསྐྱེད་པ			produce desire; desire
འདོད་པ་ཅན			desirous
འདོད་པ་ཆུང			little desire
འདོད་པ་ཆུང་བ			having few desires
འདོད་པ་དང་གཟུགས་དང་གཟུགས་མེད་པ་ན་སྤྱོད་པ			deeds in the desire, formm and formless [realms]
འདོད་པ་གཞན་གྱི་དབང་ཉིད			other-powered desire
འདོད་པ་ཇི་ལྟ་བར			as one desires; according to one's wishes
འདོད་པ་ལ་འདུན་པ			aspiration to attributes of the Desire Realm
འདོད་པ་ལ་ལོག་པར་གཡེམ་པར་བྱེད			commit adultery (?)
འདོད་པ་ལ་ལོག་པར་གཡེམ་པར་མི་བྱེད			not commit adultery (?)
འདོད་པ་ལ་ཡོངས་སུ་ལོངས་སྤྱོད་པ			resources with respect to desire
འདོད་པ་མ་མཆིས་པ			non-desire; without desire
འདོད་པ་མེད			non-desire; without desire
འདོད་པ་ན་སྤྱོད་པ			deeds in the desire [realm]
འདོད་པ་ཉུང			little desire
འདོད་པ་ཉུང་པ			little desire
འདོད་པ་ཡིད་ལ་བྱེད་པ			mental contemplation of desire
འདོད་པའི་འབྲས་བུ་དོན་མི་གཉེར			not seek the result of desire
འདོད་པའི་འདོད་ཆགས			desire
འདོད་པའི་འཇིག་ལྟ			view of the transitory collection [of I and mine] within the desire realm(Gön-chok)
འདོད་པའི་འཇིག་རྟེན་པའི་ཉོན་མོངས			worldly desire realm afflictions(PGP 69)
འདོད་པའི་ཁམས			desire realm
འདོད་པའི་ལས་ཅན			having the karma of desire; having desirous actions
འདོད་པའི་རྒྱུ་ཉིད			cause of desire
འདོད་པར་བྱ			desire
འདོད་པར་བྱ་བ			desire; desirable
འདོད་པར་སྐྱེ			produce desire
འདོད་པས་ལོག་པར་གཡེམ་པ			commit adultery (?); sexual misconduct
འདོད་པས་ལོག་པར་སྤྱོད་པ			wrongly engage in desire
འདོད་རྒྱལ			arbitrarily(N)
འདོད་རྒྱལ་དུ་སྐྱེ་བ			arbitrary production; capricious production (literally "production in the manner of wish being dominant")
འདོད་སེམས			desire mind(Gön-chok); Desire Realm mind
འདོད་སེམས་དགུ་པ			ninth mind of the Desire Realm
འདོད་སེམས་དགུ་པའི་ཏིང་ངེ་འཛིན			meditative stabilization of the ninth mind of the Desire Realm
འདོད་ཚུལ			modes of assertion
འདོད་ཡོན			attributes of the desire realm
འདོད་ཡོན་ལ་ཆགས་པ			desire for attributes of the desire realm
འདོགས			impute; designate; to hang; designation(BJ 39.7); imputor [i.e. the consciousness that imputes](BJ)
འདོགས་བྱེད་ཀྱི་ཚད་མ			valid cognition that imputes
འདོགས་པ			imputing; impute; designate; to hang; designation(BJ 39.7); imputor [i.e. the consciousness that imputes]
འདོགས་པ་པོའི་ཐ་སྙད			conventions that are the imputers
འདོགས་པའི་གཞི			basis of imputation(BJ 42.6)
འདོགས་པའི་ཐ་སྙད			verbal conventions that designate(BJ 21.7)
འདོགས་པའི་ཚིག			imputational words; verbal designation
འདོགས་པར་བྱེད			impute; designate; hang
འདོགས་པར་མཛད་དོ			impute; designate; hang
འདོགས་པར་མི་བྱེད			not impute; not designate
འདོམ			six feet [linear measure]
འདོམས			(1) advise; counsel; (2) male genetalia; genitalia
འདོམས་པ			guidance; advise; counsel
འདོན			cause to come out; expel; recite; take out
འདོན་པ			cause to come out; expel; recite; take out
འདོན་པར་འདོད་པ			desire to expel
འདོན་པར་ཡང་བྱེད			recite
འདོར			discard; reject; cast out; forsake; cancel
འདོར་བ			discard; cast out; forsake; reject; cancel
འདོར་བ་མེད་པ			non-renunciation; not abandon; not cast out; not forsake
འདོར་བ་མེད་པ་སྟོང་པ་ཉིད			empty of non-rejection
འདོར་བར་འགྱུར			discard; reject; cast out; forsake
འདོར་བར་བགྱིད་པ			discard; reject; cast out; forsake
འདོར་ལེན			the reliance on discarding [non-virtues]
འདོར་ལེན་བརྟེན་པ			the reliance on discarding [non-virtues] and assuming [virtues]
འདྲ			similar; same; similarity; likeness; like; image
འདྲ་འདྲ་ཞིག་འདུག			[like-like-a-is]; seems to be; appears to be
འདྲ་འདྲ་བ			as if; like
འདྲ་བ			similar; same; similarity; likeness; like; image
འདྲ་བར			similar; similarly; like
འདྲ་བར་འགྱུར			become similar; similar; same; similarity; likeness; like; image
འདྲེ			[flesh eating] demon(s)
འདྲེ་པ			contamination
འདྲེན			induce; lead; draw; connect; cite; quote; pull; conduct
འདྲེན་པ			induce; lead; draw; connect; cite; quote; pull; conduct
འདྲེན་པའི་ཐབས			method/technique of leading
འདྲེས་མ			mixed; mixture; various
འདྲེས་མ			mixed
འདྲེས་མར་མ་གྱུར་པ			unmixed
འདྲེས་པ			mixed; shared
འདྲེས་པར་འགྱུར			become mixed; mix
འདྲེས་རུང			suitable to be mixed
འདྲི			ask
འདྲི་བ			ask
འདྲི་བའི་གཞི			basis of questioning; basis for asking
འདྲི་བར་བྱ			ask
འདྲིད			fornicate
འདྲིལ་པ			verb: to be involved\n noun: involvement
འདྲིས			be well acquainted
འདྲིས་བ			ask
འདྲིས་བྱེད			acquaintance (?); ask (?)
འདྲིས་པ			be well acquainted
འདྲིས་པ་ཤེས་པ			cognition of acquaintance
འདྲིས་པ་ཡེ་ཤེས			exalted wisdom of acquaintance
འདྲིས་པར་བྱེད་ལ			become acquainted
འདུ			collect; assemble
འདུ་འབྲལ་མེད			non-fusable and inseparabale
འདུ་བ			collect; assemble
འདུ་བ་མེད			not collected; not assembled
འདུ་བར་འགྱུར་བ			assemble; collect
འདུ་བྱེད			compositional thing
འདུ་བྱེད			[assemble-make]; compositional thing; compositional factor; compositional phenomenon; compounded; assemble; make; act; activity; compositional phenomena; compositional things
འདུ་བྱེད་བཏང་སྙོམས			desisting from application
འདུ་བྱེད་ཀྱི་ལས			compositional activity
འདུ་བྱེད་ཀྱི་མཚན་མ			signs of compositional phenomena; sign of a compositional factor
འདུ་བྱེད་ཀྱི་སྡུག་བསྔལ			suffering of conditioning
འདུ་བྱེད་མེད་པ			uncompounded; (T) non-compositional
འདུ་བྱེད་པ			application; overapplication; antidote
འདུ་བྱེད་རྣམས་འཇུག་པ་མི་རུང་བའི་ཕྱིར			because it is not suitable to engage in compositional phenomenon
འདུ་བྱེད་རྣམས་ཀྱི་བདག་མེད་པ་ཙམ་དང་རང་བཞིན་མེད་པ་ཙམ་ཉིད			just the mere absence of self and just the mere absence of inherent nature of compounded phenomena
འདུ་བྱེད་རྣམས་ལ་སྐྱེ་བ་དང་འཇིག་པ			production and disintegration with respect to compositional phenomenon
འདུ་བྱེད་རྣམས་མི་རྟག་པ་ཉིད			compositional phenomenon are impermanent
འདུ་བྱེད་སྣ་ཚོགས་རྣམ་པ་དུ་མ			various aspects of compositional phenomenon
འདུ་བྱེད་ཐམས་ཅད་ནི་མི་རྟག་པའོ			all compositional phenomenon are impermanent
འདུ་བྱེད་ཐམས་ཅད་ནི་སྡུག་བསྔལ་བའོ			all compositional phenomenon are suffering
འདུ་མ་བྱེད			non-compositional phenomenon; uncompounded(S); non-application
འདུ་མཛད			compositional factor; compose; apply
འདུ་མི་བྱེད			non-application; uncompounded; (T) non-compositional phenomenon
འདུ་མི་བྱེད་པ			non-composition; non-application; uncompounded
འདུ་ཤེས			discrimination
འདུ་ཤེས་མེ་པ			non-discrimination
འདུ་ཤེས་མེད་འདུ་ཤེས་མེད་མིན			without discrimination and without non-discrimination
འདུ་ཤེས་མེད་འདུ་ཤེས་མེད་མིན་སྐྱེ་མཆེད			sphere of neither discrimination nor non-discrimination
འདུ་ཤེས་མེད་པ			non-discrimination
འདུ་ཤེས་མེད་པ་ཡིན			non-discrimination; there is no discrimination
འདུ་ཤེས་མེད་པའི་སེམས་ཅན			god of no discrimination
འདུ་ཤེས་མེད་པའི་སྙོམས་འཇུག			absorption without discrimination
འདུད			homage
འདུད་པ			homage
འདུག			is; are; there is; a verb meaning to exist in a place
འདུག་པ			is; are; verb of existence
འདུག་སྟངས			manner of sitting; posture (gz)
འདུལ			to tame; discipline; subdue
འདུལ་བ			discipline; Discipline; vow; monastic discipline; to be tamed; to be trained
འདུལ་བ་ལས་བྱུང་བ་དབེན་པའི་རང་བཞིན			nature which is isolated from the need for discipline
འདུལ་བ་མདོར་བསྡུས			condensed discipline
འདུལ་བ་མེད་པ			undisciplined; non-discipline
འདུལ་བ་ཉིད་པ			discipline
འདུལ་བའི་དབང			power of discipline
འདུལ་བའི་དབང་གིས			through the force of taming
འདུལ་བའི་དོན་དུ			for the sake of disciplining
འདུལ་བའི་མདོ			Guṇaprabha's Aphorisms on Discipline
འདུལ་བའི་སྡེ་སྣོད			scriptural collections of discipline
འདུལ་བའི་སྐྱེ་བོ			beings to be tamed; beings to be trained
འདུལ་བའི་ཐབས་ཀྱི་ཁམས			realm of the method of discipline
འདུལ་བར་བྱེད			discipline
འདུལ་བྱ			trainee; disciple
འདུན			aspiration; aspire
འདུན་བྱེད			aspiration; aspire
འདུན་དང་བཅས་པ			having aspiration; together with aspiration
འདུན་ལ་བརྟེན་པ			based on aspiration
འདུན་མ			wish; goal; aim
འདུན་པ			aspiration
འདུན་པ་དང་ལྡན་པ			having aspiration
འདུན་པ་དང་མཚུངས་པར་ལྡན་པ			endowed with aspiration
འདུན་པ་དང་རྩོན་འགྲུས་དང་སེམས་དང་དཔྱོད་པའི་ཏིང་ངེ་འཛིན			meditative stabilization of aspiration, effort, mind, and analysis
འདུན་པ་ཉམས་པ			abandon aspiration
འདུན་པའི་རྩ་བ་ལས་བྱུང་བ			arisen from the root of aspiration
འདུན་པར་བྱས་པ			aspire
འདུན་པར་བྱེད་པ			aspire
འདུས			collect; assemble; included; be assembled; aggregate
འདུས་བྱ			caused phenomenon; caused; compounded
འདུས་བྱས			[assembled-made]; compounded; compounded thing; compounded phenomenon; caused phenomenon; product
འདུས་བྱས་དང་འདུས་མ་བྱས་ཉིད			compounded phenomena and uncompounded phenomena  (T)
འདུས་བྱས་ཀྱི་ཆོས			compositional phenomena
འདུས་བྱས་ཀྱི་མཚན་ཉིད			character of compounded phenomenon
འདུས་བྱས་ཀྱི་ཕུང་པོ			compounded aggregates
འདུས་བྱས་མི་རྟག་པ་ཉིད			impermanence of compounded phenomenon
འདུས་བྱས་ཐམས་ཅད་མི་རྟག་པ			all compounded phenomenon are impermanent
འདུས་བྱས་ཐམས་ཅད་ནི་རྒྱུ་ལས་སྐྱེ་ཞིང་ཡོད་དོ			all compounded phenomenon exist arisen from causes
འདུས་བྱས་ཐམས་ཅད་སྐད་ཅིག་མ			all compounded phenomenon are momentary
འདུས་བྱས་ཙམ			mere compounded phenomenon
འདུས་གྱུར་པ			collect; assemble; included; be assembled; aggregate
འདུས་ལྦ			complex goiter
འདུས་མ་བྱས			[assembled-not-made]; uncompounded; uncompounded [phenomenon]
འདུས་མ་བྱས་ཀྱི་ཆོས			uncompounded phenomenon
འདུས་མ་བྱས་ཀྱི་ནམ་མཁའ			uncompounded space; uncomposed space
འདུས་མ་བྱས་ཀྱིས་རབ་ཏུ་ཕྱེ་བ			distinguished by the uncompounded
འདུས་མ་བྱས་པ			uncompounded; that which is uncompounded
འདུས་མ་བྱས་པ་རང་བཞིན་རྣམ་དག་གི་ཡོན་ཏན			uncompounded naturally pure qualities
འདུས་མ་བྱིས་པ			uncaused; uncompounded
འདུས་པ			included; assembled; collected; aggregation; composite
འདུས་པ་ལས་བྱུང་བའི་ངོ་བོ་ཉིད			entity that arises from aggregation
འདུས་པར			included
འདུས་པར་འགྱུར			included; assembled
འདུས་ཤེས་དང་ཚོར་བ་འགོག་པ			cessation of discrimination and feeling
འཛད་མེད			[consume-not exist]; inexhaustible
འཛག་པ			to drip; trickle
འཛམ་བུ་གླིང			the world; the Indian subcontinent; Jambudvīpa; Land of Jambu
འཛམ་བུའི་གླིང			the world; the Indian subcontinent
འཛམ་གླིང			Jambudvīpa
༅འཛམ་གླིང། འཛམ་བུ་གླིང			Jambudvīpa; the Indian subcontinent; the world
འཛངས་པ			wise; the wise
འཛེགས་པ			ascend
འཛིགས			shaggy
འཛིན			verb: hold; bear; grasp; apprehend; conceive; identify(BJ 10.4)\n noun: apprehension; apprehender; conception; conceiver; object [e; g; bzung 'dzin, subject and object](BJ 43.1)
འཛིན་ཆས			furniture
འཛིན་ཅིང་བཞག་ན			apprehend; hold; grasp
འཛིན་དུ་འཇུག་པ			engage in grasping
འཛིན་གྲྭ			class [in school]
འཛིན་མ			earth
འཛིན་མེད			non-grasping; non-apprehension; non-conception; non-identification
འཛིན་མཁན			apprehender
འཛིན་པ			conceive; apprehend; conception; consciousness conceiving; apprehension; consciousness apprehending
འཛིན་པ་འཁྲུལ་པ			mistaken apprehension  (T)
འཛིན་པ་གཉིས་དང་བྲལ་བ			free from the two graspings
འཛིན་པ་གཞན་དུ་གྱུར་པ			changeable apprehension
འཛིན་པ་ཀུན་བརྟགས་མངོན་འགྱུར་བ			manifest artificial conception
འཛིན་པ་མེད			non-apprehension; non-grasping; non-conception
འཛིན་པ་མེད་པ			non-apprehension; non-grasping; non-conception
འཛིན་པ་ཙམ			mere apprehension; mere grasping (T)
འཛིན་པའི་འཁྲུལ་པ			mistake of apprehending; mistake of grasping  (T)
འཛིན་པའི་དམིགས་པ			apprehended object of observation
འཛིན་པའི་དོན			apprehended meaning ? (T)
འཛིན་པའི་མཚན་ཉིད			apprehended characteristic; characteristic of apprehension  (T)
འཛིན་པའི་རྫས			substance grasped (T)
འཛིན་པའི་རྣམ་པར་གཡེང་བ			distraction of grasping; distraction from apprehending ? (T)
འཛིན་པའི་རྣམ་པར་ཤེས་པ			apprehending consciousness
འཛིན་པར་འགྱུར་བ			hold; bear; grasp; apprehend; conceive; identify
འཛིན་པར་བྱེད་པ			apprehender; grasper; subject; conceiver; grasp; hold; apprehend; conceive
འཛིན་པར་ནུས་པ			able to grasp; able to apprehend
འཛིན་རྣམ			that which has the aspect of the apprehender
འཛིན་སྟངས			mode of apprehension; mode of apprehension(N)
འཛིན་སྟངས་ཀྱི་ཡུལ			object of the mode of apprehension
འཛིན་སྟངས་མི་མཐུན་པ			discordant modes of apprehension(N)
འཛིན་ཚད			measure of apprehension
འཛིན་ཚུལ་ཚང་བ			contains such a mode of conception; contains such a mode of apprehension
འཛིངས			tangle
འཛོམ			gather; assembly
འཛོམས་པ			gathered; a gathering; assembly
འཛུད			cause to enter; draw into; descend
འཛུད་བྱེད་པ			connect
འཛུད་པ			cause to enter; draw into; descend
འཛུད་པར་བྱེད			cause to enter; draw into; descend
འཛུགས			plant; establish; set; penetrate
འཛུམ			smile
འཛུམ་པར་བྱེད			make a smiling face; smile
འགའ་རབ			very many; quite a few
འགའ་ཤས			several; a few
འགའ་ཞིག			some
འགག			be stopped/obstructed/destroyed/ceased/halted
འགག་བྱ			object stopped/obstructed/destroyed/ceased/halted
འགག་མེད			without cessation; unimpeded
འགག་པ			be stopped/obstructed/destroyed/ceased/halted
འགག་པ་མེད			not be stopped/obstructed/destroyed/ceased/halted
འགགས			be stopped/obstructed/destroyed/ceased/halted
འགགས་པ			be stopped/obstructed/destroyed/ceased/halted
འགལ			contradict; contradictory with; mutually exclusive with
འགལ་འདུས་སྐྱོན་མེད་འཇིག་རྟེན་དཔེ་ལས་འདས་པ			without the flaws of a combination of contradictions, beyond worldly examples
འགལ་བ			contradictory; contradiction; mutually exclusive; mutually exclusive phenomena
འགལ་བ་མེད			non-contradictory; no contradiction
འགལ་བའི་གཏན་ཚིགས			contradictory reason
འགལ་བར་བྱེད			contradict
འགལ་བརྗོད་ཐལ་འགྱུར			contradictory consequence
འགལ་ཁྱབ་ཕྱིན་ཅི་ལོག			perverse negative pervasionCheck Kathy
འགལ་ཁྱབ་རྣལ་མ			contradictory normative pervasion Check Kathy
འགལ་མེ			firebrand
འགལ་མེད་མྱུར་དུ་བསྐོར་བ་ལ་བརྟེན་ནས་འགལ་མེད་འཁོར་ལོར་སྣང་བའི་དབང་ཤེས			sense consciousness to which a firebrand wheel appears in dependence upon quickly turning a firebrand
འགལ་རྐྱེན			[contradict-condition]; contrary condition; contradictory condition; discordant condition
འགལ་སྤོང་གི་དྲིས་ལན			question about contradiction and answer disspelling contradiction
འགལ་ཟླ			contradictory object
འགེངས			fill; fulfill; satiate
འགེངས་པ			fill; fulfill; satiate
འགོ			head; top; beginning
འགོ་བ			head; top; beginning
འགོ་ལོག			Go-lok [an area in Am-do]
འགོ་རྩོམ			begin; initiate
འགོད			set; state; establish; arrange; register; make a record; place [on throne]; put [a signature]; array; affix
འགོད་པ			set; state; establish; arrange; register; make a record; place [on throne]; put [a signature]; array; affix
འགོད་པར་བྱེད			set; state; establish; arrange; register; make a record; place [on throne]; put [a signature]; array; affix; cause to set, etc.
འགོད་ཚུལ			mode of statement
འགོག			cease; stop; negate; refute
འགོག་བདེན			true cessation; truth of cessation
འགོག་བྱེད			negator; that which stops
འགོག་ཅིང་སྤོང་འདོད་འབྱུང			wish to cease and abandon it arises
འགོག་པ			cessation; stopping
འགོག་པ་ཆོས་བཟོད			doctrinal forbearance with respect to true cessation
འགོག་པ་ཆོས་ཤེས			doctrinal knowledge with respect to cessation [of the origins of suffering]
འགོག་པ་དང་ལམ་གྱི་བདེན་པ			truths of cessation and of path; true cessations and paths
འགོག་པ་མེད་པ			non-cessation; not stopped; not ceased
འགོག་པ་རྗེས་བཟོད			subsequent forbearance with respect to cessation [of the origins of suffering]
འགོག་པ་རྗེས་ཤེས			subsequent knowledge with respect to cessation [of the origins of suffering]
འགོག་པའི་བདེན་པ			true cessation; truth of cessation
འགོག་པའི་ནུས་པ			capacity to stop/cease
འགོག་པའི་སྙོམས་འཇུག			meditative absorption of cessation; absorption of cessation
འགོག་པར་བྱེད			stops; ceases; refutes
འགོག་རྒྱུ			that which is to be stopped/refuted; object negated/refuted
འགོག་སྙོམས			absorption of cessation; meditative absorption of cessation
འགྲམ			bank of a river; riverbank
འགྲམ་པ			cheek
འགྲེ			extend (as in "these can be known through extending the previous reasoning"); apply
འགྲེལ			comment on; interpret; elucidate; explain
འགྲེལ་བཤད			explanation of [someone else's] commentary; commentarial explanation; explanatory commentary; subcommentary
འགྲེལ་བྱེད			commentator; elucidator
འགྲེལ་ཆེན			Haribhadra’s Great Commentary
འགྲེལ་ཆེན་དྲི་མེད་འོད			[Kalki Puṇḍarīka's] Great Commentary on the Kālachakra Tantra: Stainless Light (bsdus pa'i rgyud kyi rgyal po dus kyi 'khor lo'i 'grel bshad rtsa ba'i rgyud kyi rjes su 'jug pa stong phrag bcu gnyis pa dri ma med pa'i 'od ces bya ba, vimālaprabhānāmamūlat
འགྲེལ་པ			commentary; exposition; elucitation; explanation
འགྲེལ་པར་གསུངས་སོ			it is said in the commentary
འགྲེལ་རྐང			basis for commentary/exposition/elucidation/explanation/discussion
འགྲེམས			arrange; set out
འགྲེས་རྐང			basis for extending; basis for exposition/explanation
འགྲིབ			decrease; diminishment; diminish
འགྲིབ་མེད			non-diminishment; not diminished
འགྲིབ་པ			diminishment; decrease; diminish
འགྲིབ་པ་མེད			non-diminishment; non-decrease
འགྲིབ་པ་མེད་པ			non-diminishment; non-decrease
འགྲིབ་པར་བགྱིད་པ			diminish; make diminish
འགྲིབ་པར་མ་བྱས་པ			not diminished; not decreased
འགྲིག་པ			put together; fit in/together with (as in "since this does not fit together with the statement..."); make correspond
འགྲིམ			wander; rove; walk about
འགྲིམས་པ			wander; rove; walk about
འགྲིས			Ling Dynasty [502 - 557 ce] of China
འགྲོ			verb: go; become; serve (as in "serving as vitality and exertion"); act\n noun: transmigrator; goer
འགྲོ་འོང			going and coming
འགྲོ་བ			transmigrator; transmigration; going; go away from
འགྲོ་བ་དྲུག			six transmigrations
འགྲོ་བ་ཀུན			all transmigrating beings; all the world
འགྲོ་བ་ལྔར་འཁོར་བ			cycling/travelling in the five transmigrations
འགྲོ་བ་མ་མཆིས་པ			not go; not transmigrate; not go away
འགྲོ་བ་མེད་དོ			not go; not transmigrate; not go away
འགྲོ་བ་པོ			goer; transmigrator
འགྲོ་བའི་དགེ་བའི་ལོ་ཏོག			harvest of the virtues of transmigrating beings; harvest of the world's virtues
འགྲོ་བའི་དོན			welfare/weal/aims of transmigrating beings
འགྲོ་བའི་དོན			welfare/weal/aims of transmigrating beings
འགྲོ་བའི་དོན་དུ			for the sake of transmigrating beings
འགྲོ་བར			going; going away from
འགྲོ་བར་འདུ་ཤེས་པས			thinking to go/go away
འགྲོ་བར་འགྱུར			go; go away from
འགྲོ་བར་བགྱིད་པ			going; going away from; make go away
འགྲོ་བར་བྱ་བའི་ཕྱིར			in order to go/depart
འགྲོ་བར་བྱེད་པ			go; cause to go/depart
འགྲོ་དོན			welfare/weal/aims of transmigrating beings
འགྲོ་དོན			welfare/weal/aims of transmigrating beings
འགྲོ་དོན་རབ་ཏུ་འདོད་པ			intensely wishing for the welfare/weal/aims of transmigrating beings
འགྲོ་ལ་སྙིང་བརྩེར་ལྡན་པའི་ཕྱིར			because of being endowed with compassion for transmigrating beings
འགྲོ་མེད			not go; not go away/depart
འགྲོ་ན			if go; when go
འགྲོ་ཉམས			degenerated from proceeding
འགྲོ་ཕན			helping transmigrating beings
འགྲོ་ཚུལ			way of going/departing
འགྲོགས་པ་མ་ཡིན			not accompany
འགྲོལ་བ			release; liberate; free; loosen
འགྲོན་བུ			shell [cowries, that is, small shells used as dice]
འགྲོང			die
འགྲོངས			die
འགྲོས			type; extension
འགྲོས་གསུམ་པར་སྐྱེ་བ			production in three types
འགྲུབ			establish; achieve; exist; accomplish
འགྲུབ་བྱེད			accomplisher; that which accomplishes; means of accomplishing/achieving/establishing
འགྲུབ་པ			establish; achieve; exist; accomplish
འགྲུབ་པ་དམ་པ			highest/excellent/holy achievement
འགྲུབ་པར་འདོད			want/wish/seek to accomplish/achieve/establish
འགྲུབ་པར་འགྱུར་བ			accomplish; achieve; establish
འགྲུབ་པར་བྱ་བ			that which is to be accomplished/achieved/established
འགྲུབ་པར་བྱེད			that which accomplishes; accomplish; cause to accomplish/achieve/establish
འགྲུབ་པས་ཐོབ་པ			attained through achievement/practice
འགྲུས			zeal; enthusiasm; diligence
འགུགས་པ			attract
འགུལ་བ			move; vibrate
འགྱེད་པར			impel
འགྱིང			high-and-mighty
འགྱོད་པ			contrition; regret; feeling sorry; remorse
འགྱོད་པ་མེད་པ			lack of contrition/regret/feeling sorry/remorse
འགྱོད་པ་མེད་པ་ལ་སོགས་པའི་རིམ			stages of non-contrition/regret/feeling sorry/remorse and so forth
འགྱོད་པ་མེད་པར་འཆི་བའི་དུས་བྱེད་པ			undergoing the time of death without contrition/regret/feeling sorry/remorse
འགྱོད་པའི་སྒྲིབ་པ			defilement of contrition/regret/feeling sorry/remorse
འགྱོད་པར་བྱེད			cause to be contrite/to feel regret/to feel sorry/to be remorseful
འགྱོགས་པ			rapidity
འགྱུར			translation; will (future); will be; will become; to become; might be; about to be; change; mutate; become; be; come to be; transform; grow; translate
འགྱུར་བ			change; mutate; become; be; come to be; transform; grow; translate; translation
འགྱུར་བ་འོས་པ་མ་ཡིན			not suitable to change
འགྱུར་བ་མ་མཆིས་པ			immutable; unchanging
འགྱུར་བ་མེད་པ			immutable; unchanging
འགྱུར་བ་མེད་པར་མཉམ་པ			equal in being immutable/unchangeable
འགྱུར་བའི་བྱེ་བྲག			type/instance of transformation
འགྱུར་བའི་ཆོས་ཅན			having the attribute/qualilty of change
འགྱུར་བའི་སྡུག་བསྔལ			suffering of change/vicissitude
༅འགྱུར་གྱི་ཕྱག་། འགྱུར་ཕྱག			translator's homage
འགྱུར་ཁྱད			different translation; difference in translation
འགྱུར་པའི་སྡུག་བསྔལ			[change-of-suffering]; suffering of change; suffering of vicissitude
འགྱུར་ཕྱག་བྱེད་པ			make translator's homage
འགྱུར་ཚུལ			how it comes to be
འི			genetive particle: of; 's; which is; that is
འི			(as genitive particle) of; by; in; which. (as non-case particle) and; but; (semi-colon)
འིས			instrumental particle: by; through; due to; by means of; of's
འིས			by; by means of; with; because
འཇའ་ཚོན			rainbow
འཇལ			to comprehend; measure
འཇལ་བ			comprehend
འཇལ་བར་འགྱུར			comprehend
འཇལ་བྱེད			comprehender
འཇལ་པ			measure; comprehend
འཇམ			soft
འཇམ་དབྱངས			Mañjughoṣa [p.n. of the Buddha of wisdom]; Manjughosha
འཇམ་དབྱངས་བཞད་པ			Jam-yang-shay-pa (1648-1721), principal textbook writer for Go-mang (sgo mang) College of Dre-pung ('bras spungs) Monastic University
འཇམ་དབྱངས་མཆོག་ལྷ་འོད་ཟེར			Jam-yang-chog-hla-o-ser (circa 15th c.), textbook author of Tag-tshang-ra-wa-dö-ba (stag tshang rwa ba stod pa) Monastery
འཇམ་དཔལ			Mañjushrī; Mañjuśrī [p.n. of the Buddha of wisdom]
འཇམ་མགོན			mañjunātha; epithet of Dzong-ka-ba; "smooth protector" (Mañjushrī)
འཇམ་པ			softness; soft; smoothness
འཇམ་པའི་དབྱངས			Mañjughoṣa; Mañjuśrī [p.n. of the Buddha of wisdom]
འཇམ་པོ			smooth
འཇིག			to disintegrate; disintegrate; destroy
འཇིག་བསྐལ			aeon of destruction
༅འཇིག་ལྟ༏་འཇིག་ཚོགས་ལ་ལྟ་བ			view of the transitory; view of the transitory collection [as a real I and mine]
འཇིག་མེད			nondisintegrative; non-disintegrating
འཇིག་མེད་གནས			Abhayagirika; Abhayagirivāsin
འཇིག་པ			disintegrating; disintegration
འཇིག་པ་དུས་མཉམ			disintegrating at the same time
འཇིག་པ་མེད་པ			non-disintegrating
འཇིག་པའི་བསྐལ་པ			aeon of destruction
འཇིག་པའི་ཆོས་ཅན			disintegrating subject
འཇིག་པར་འགྱུར་བ			disintegrating; will disintegrate; disintegration
འཇིག་པར་འགྱུར་ཏེ			disintegrating; will disintegrate
འཇིག་པར་བགྱིད་པ			destroy; disintegrate
འཇིག་པར་བྱེད			disintegrate
འཇིག་རྟེན			[disintegrating-support]; worldly; world; the transient world; people
འཇིག་རྟེན་འདས			supramundane
འཇིག་རྟེན་འདས་པ			supramundane
འཇིག་རྟེན་བདེ			happiness of the world; worldly happiness
འཇིག་རྟེན་ཆོས་བརྒྱད			eight worldly concerns
འཇིག་རྟེན་དབང་ཕྱུག			Lokeshvara (an alternate name for Kalkī Puṇḍarīka)
འཇིག་རྟེན་དོན			welfare of the world
འཇིག་རྟེན་གནས་པ			abiding in the world
འཇིག་རྟེན་གསུམ་གྱི་བདེ་བ			happiness of the three worlds
འཇིག་རྟེན་གྱི་བདེ་བ			happiness of the world; worldly happiness
འཇིག་རྟེན་གྱི་བྱ་བ			worldly activity
འཇིག་རྟེན་གྱི་དོན་བྱེད་པ			one who acts for the sake of the world
འཇིག་རྟེན་གྱི་ཁམས			world-system; world system
འཇིག་རྟེན་གྱི་ཐ་སྣད			worldly convention
འཇིག་རྟེན་གྱི་ཐ་སྙད			worldly conventions
འཇིག་རྟེན་གྱི་ཐ་སྙད་དང་བརྡའ་ཙམ་གྱི་ཕྱིར			because of the conventions and expression of the world
འཇིག་རྟེན་གྱི་ཐ་སྙད་ལ་བརྟེན་ནས			depending upon worldly conventions
འཇིག་རྟེན་ཁམས			world-system
འཇིག་རྟེན་ཀུན་རྫོབ			worldly concealer-truths; worldly conventional truths
འཇིག་རྟེན་ལ			in the world
འཇིག་རྟེན་ལ་གྲགས་པ			well known to the world
འཇིག་རྟེན་ལ་སྙིང་བརྩེ་བ			concern for the world; sympathy for the world
འཇིག་རྟེན་ལས་འདས་པ			supramundane
འཇིག་རྟེན་ལས་འདས་པའི་འཕགས་རྒྱུད་ཀྱི་ཟག་མེད་བསམ་གཏན			supramundane uncontaminated concentration in the continuum of a Superior
འཇིག་རྟེན་ལས་འདས་པའི་ལམ			supramundane path
འཇིག་རྟེན་ལས་འདས་པའི་སེམས་ཙམ			Supramundane Mind-Only
འཇིག་རྟེན་ལས་འདས་པའི་ཡེ་ཤེས			supramundane exalted wisdom
འཇིག་རྟེན་ལས་འདས་པའི་ཡེ་ཤེས་བླ་ན་མེད་པ			highest supramundane exalted wisdom
འཇིག་རྟེན་ལས་འདས་པའི་ཡེ་ཤེས་ཤིན་ཏུ་རྣམ་པར་དག་པའི་ལམ			thoroughly pure path of supramundane exalted wisdom
འཇིག་རྟེན་མགོན་པོ			protector of the world
འཇིག་རྟེན་མིན་པ			non-worldly
འཇིག་རྟེན་པ			worldly; mundane
འཇིག་རྟེན་པ་དང་འཇིག་རྟེན་ལས་འདས་པ			mundane and supramundane
འཇིག་རྟེན་པ་དང་ཉན་ཐོས་དང་རང་སངས་རྒྱས་རྣམས			worldlings, Hearers, and Solitary Realizers
འཇིག་རྟེན་པའི་བྱ་བ			worldly activity
འཇིག་རྟེན་པའི་ཆོས			worldly phenomena; worldly doctrines
འཇིག་རྟེན་པའི་ཆོས་ཀྱི་མཆོག			supreme mundane qualities
འཇིག་རྟེན་པའི་ཆོས་མཆོག			highest mundane qualities
འཇིག་རྟེན་པའི་ཁམས			worldly realm
འཇིག་རྟེན་པའི་ལམ			mundane path
འཇིག་རྟེན་པའི་རྟོགས་པ			worldly realization
འཇིག་རྟེན་པའི་ཐ་སྙད			worldly conventions(N)
འཇིག་རྟེན་པའི་ཏིང་ངེ་འཛིན་གསུམ་པོ			the three worldly meditative stabilizations
འཇིག་རྟེན་པའི་ཡེ་ཤེས			worldly wisdom
འཇིག་རྟེན་ཕ་རོལ			next world; dying; death
འཇིག་རྟེན་རང་འགའ་བ			ordinary being
འཇིག་རྟེན་རྒྱང་ཕན་པ			Worldly Materialists (Lokāyatas)(N)
འཇིག་རྟེན་སྡུག་བསྔལ་བདག་ཉིད			the nature of the world is suffering; natural suffering of the world
འཇིག་རྟེན་ཤེས་ངོ			worldly perspective
འཇིག་རྟེན་སོ་སྐྱེ			worldly common being
འཇིག་ཚོགས			the transitory collection [of aggregates]; disintegrating collection
འཇིག་ཚོགས་འགོག་པ			cessation of the transitory collection
འཇིག་ཚོགས་ལ་ལྟ་བ			view of the transitory collection [as a real I and mine]; view of the transitory collection [as real I and mine]; view of the disintegrating aggregates
འཇིག་ཚོགས་ལ་ལྟ་བ་ཉོན་མོངས་པ་ཅན			having the afflicted view of the transitory collection [as a real I and mine]
འཇིག་ཚོགས་ལ་ལྟ་བའི་བག་ཆགས			predispositions of the view of the transitory collection
འཇིག་ཚོགས་ལ་ལྟ་བའི་ཉོན་མོངས་པའི་མཚན་ཉིད			afflicted character of the view of the transitory collection [as a real I and mine]
འཇིག་ཚོགས་ལྟ་བ			view of the transitory collection [as a real I and mine]
འཇིགས			fear; frighten; fright
འཇིགས་བྱེད			Bhairava (a wrathful deity) (T)
འཇིགས་མེད			fearless
འཇིགས་མེད་པ			fearless; fearlessly
འཇིགས་པ			fright; frighten
འཇིགས་པ་བྱེད་པར་བྱེད་དོ			frighten
འཇིགས་པ་ལྔ			the five fears [of beginning Bodhisattvas]
འཇིགས་པ་ལྔ་ལས་ཡང་དག་པར་འདས་པ			completely transcend the five fears
འཇིགས་པ་མེད་པ			fearless; fearlessness
འཇིགས་པར་བྱེད			frighten
འཇིགས་རྟེན་གྱི་ཁམས			worldly realm
འཇིགས་སྤང			abandoning fear
འཇིགས་སུ་རུང་བ			[frightened-as-fitting]; frightful
འཇིམ་པ			clay; mud
འཇོག			posit; establish; deposit; designate; put; set aside
འཇོག་བ			placement
འཇོག་བྱེད			set up; positor; means of positing
འཇོག་བྱེད་གཞན་ལ་མ་ལྟོས་པ			it does not rely upon another means of positing it
འཇོག་བྱེད་གཞན་ལ་མ་ལྟོས་པ			certification that depends upon another
འཇོག་དཀའ			difficult to posit
འཇོག་པ			set up; posit; establish; set; assign; deposit; designate; put; set aside; placement
འཇོག་པ་གཞི			basis of positing; bases that are being posited
འཇོག་པ་རགས་པ			coarse; unrefined; stolid; large; massive; tangible; heap; quantity; put; place
འཇོག་པར་བྱེད			certification; positing; establishment
འཇོག་པར་བྱེད་པ			certification; positing; establishment
འཇོག་སྒོམ			[set-meditate]; stabilizing meditation
འཇོག་སྒོམ་གྱི་སྒོམ་བྱུང་གི་རྟོགས་པ			realizational consciousnesses which are states arisen from stabilizing meditation
འཇོག་ཐུབ་པ			can be posited
འཇོག་ཚུལ			mode of positing; way of assigning
འཇོག་ཞིང			positing; establishing; designating
འཇོལ་མོ			a bird whose body is either white, red, black, or yellow, stays in trees, and has a beautiful voice
འཇོམས			to destroy; suppress; overcome
འཇོམས་པ			overcome; to destroy; suppress; destruction; suppression
འཇོམས་པའི་ནུས་པ			the capacity to overcome
འཇུག			enter; engage; apply; usher (into); engages
འཇུག་བྱ			that which is to be entered into
འཇུག་བྱེད			engager; means of engagement (T)
འཇུག་གཞི			basis of affixing; basis of reference; basis of engagement
འཇུག་ངོགས			[entry-shore]; port; harbor; [river] bank
འཇུག་པ			engage; engagement; operate; continuity; enter; begin; apply; entrance
འཇུག་པ་བདེ་བ་དང་གོ་སླ་བའི་དབང་དུ་བྱས			made in terms of a felicitous and easy to understand usage
འཇུག་པ་ཆད་པ			continuity cut off; cut off continuity
འཇུག་པའི་བྱ་བ			activity of engaging
འཇུག་པའི་བྱེ་བྲག			instance of engagement ? (T)
འཇུག་པའི་གནས			place of engagement ? (T)
འཇུག་པའི་གཞི			basis of affixing; basis of engagement
འཇུག་པའི་མཚན་ཉིད			characteristic of engagement ? (T)
འཇུག་པའི་རིམ་པ			stages of entry(N)
འཇུག་པའི་རྣམ་པར་ཤེས་པ			engaging consciousness ? (T)
འཇུག་པའི་རྟེན་ལ			in dependence upon entering
འཇུག་པར་འགྱུར			engage; enter; apply; operate; operates
འཇུག་པར་བྱ			engage; engagement; enter; entry
འཇུག་པར་བྱེད			engage; enter; apply
འཇུག་རིམ			stages of operation
འཇུག་སའི་གཞི			basis which is the place of engagement
འཇུག་སེམས			[enter-mind]; practical mind; practical mind of enlightenment; attitudes or aspirations conjoined with actual practice
འཇུག་སྒྲུབ			achieving engagement; achieving through engagement
འཇུག་ཤེས			operative consciousness
འཇུག་ཚུལ			mode of relating
འཇུག་ཡུལ			object of engagement
འཁོད			sit; set; settle
འཁོད་པ			sit; set; settle
འཁོན			resentment; malice
འཁོན་འཛིན			resentment
འཁོར			sphere; retinue; companion; attendant; repaying
༅འཁོར་འདས༏་འཁོར་བ་དང་མྱ་ངན་ལས་འདས་པ			cyclic existence and nirvāṇa
འཁོར་འགྱུར			circling
འཁོར་བ			cyclic existence; cycle [of powerless birth, aging, sickness, and death]
འཁོར་བ་བསྟེན་པ			partaking of/adhere to cyclic existence
འཁོར་བ་དག་ཏུ་ཡོངས་སུ་བསྔོ			thoroughly dedicate to those in cyclic existence
འཁོར་བ་དང་མཐུན་པ་ཉིད			concordant with cyclic existence
འཁོར་བ་དང་མྱ་ངན་ལས་འདས			cyclic existence and nirvāṇa; saṃsāra and nirvāṇa
འཁོར་བ་དང་མྱ་ངན་ལས་འདས་པ་ལ་མི་གནས་པ			not abiding in cyclic existence and nirvāṇa; not abiding in saṃsāra and nirvāṇa
འཁོར་བ་དང་མྱ་ངན་ལས་འདས་པ་ལ་མི་གནས་པ་ཉིད			not abiding in cyclic existence and nirvāṇa; not abiding in saṃsāra and nirvāṇa
འཁོར་བ་དང་ཞི་བ་རོ་གཅིག་པ			the one/single/sole taste of cyclic existence and peace
འཁོར་བ་གཏོང་བ་མེད་ཉིད			non-forsaking of cyclic existence
འཁོར་བ་ཇི་སྲིད			as long as cyclic existence lasts; as long as there is cyclic existence
འཁོར་བ་ཇི་སྲིད་པར			as long as cyclic existence lasts; as long as there is cyclic existence
འཁོར་བ་ཁས་ལེན་པ			assert cyclic existence
འཁོར་བ་ལེན་པ་དང་སྤོང་བ			assumption and abandonment of cyclic existence
འཁོར་བ་ན་གནས་པ			dwelling in cyclic existence
འཁོར་བ་ན་རྒྱུ་བ			wandering in cyclic existence
འཁོར་བ་ན་སྤྱོད་པ			coursing in cyclic existence
འཁོར་བ་ཐོག་མ་དང་ཐ་མ་མེད་པ			cyclic existence without beginning or end
འཁོར་བ་ཡོངས་སུ་གཏོང			thoroughly renounce/forsake/give up cyclic existence
འཁོར་བ་ཡོངས་སུ་མི་གཏོང་བ			non-renunciation/non-forsaking of cyclic existence
འཁོར་བ་ཡོངས་སུ་ཤེས་པ			thorough knowledge of cyclic existence
འཁོར་བ་ཟད་ཀྱི་བར་དུ			until the extinction of cyclic existence
འཁོར་བའི་འཁོར་ལོ			wheel of cyclic existence
འཁོར་བའི་ཆོས་ཅན			subject to cyclic existence
འཁོར་བའི་མངོན་མཐོ			high status within cyclic existence
འཁོར་བའི་ཉེས་པ			fault of cyclic existence
འཁོར་བའི་རྒྱུན			continuum of cylcic existence
འཁོར་བའི་རྩ་བ			root of cyclic existence
འཁོར་བའི་སྡུག་བསྔལ			suffering of cyclic existence
འཁོར་བའི་ཟག་པ			contamination of cyclic existence
འཁོར་བའི་ཟག་པ་དང་བཅས་པ			together with a contaminated phenonemon of cyclic existence
འཁོར་བར་འགྱུར་བ			cycle/travel in cyclic existence
འཁོར་བར་འཁོར་ནས			having wandered/travelled in cyclic existence
འཁོར་བར་གཏོགས་པ			included in cyclic existence
འཁོར་བར་མངོན་མཐོ་བྱེད			cause [attainment of] high status in cyclic existence
འཁོར་བར་ཡོངས་སུ་བསྔོ			thoroughly dedicate to cyclic existence [i.e., to those in cyclic existence]
འཁོར་བས་འཇིགས་པ			frightened by cyclic existence
འཁོར་དང་བཅས་པ			together with the retinue/companions
འཁོར་གསུམ			three spheres (as in three spheres of self-contradiction; as in "The three spheres!"); three spheres [i.e., agent, action, and object]
འཁོར་གསུམ་གྱིས་དག་པ			devoid [of conceptualization] of three spheres [i.e., agent, action, and object]
འཁོར་གསུམ་རྣམ་པར་དག་ཉིད			devoidness [of conceptualization] of three spheres [i.e., agent, action, and object]
འཁོར་གསུམ་རྣམ་པར་དག་པ			devoid [of conceptualization] of three spheres [i.e., agent, action, and object]
འཁོར་གསུམ་ཡོངས་སུ་དག་པ			thoroughly devoid [of conceptualization] of three spheres [i.e., agent, action, and object]
འཁོར་གྱི་དཁྱིལ་འཁོར			circle of attendants; circle of companions; circle of the retinue
འཁོར་གྱི་ནང་དུ			in the retinue
འཁོར་གྱི་སྐྱེ་བོ			being who is in the retinue
འཁོར་ལ་དགའ་བ			liking companions
འཁོར་ལོ			wheel; channel wheel
འཁོར་ལོ་བར་པ			middle wheel [of the teaching, mainly the Perfection of Wisdom Sūtras]
འཁོར་ལོ་ལ་སོགས་པ་རིན་པོ་ཆེ་སྣ་བདུན			seven types of precious articles—the wheel, and so forth
འཁོར་ལོ་རིན་ཆེན			precious wheel
འཁོར་ལོ་རིན་པོ་ཆེ			precious wheel
འཁོར་ལོ་རྣམ་པ་ཅན་གྱི་སེམས			mind possessing the aspect of a [divine] circle
འཁོར་ལོ་རྩིབས་སྟོང་དང་ལྡན་པ			wheel having a thousand spokes
༅འཁོར་ལོ་སྒྱུར་བ༏་འཁོར་སྒྱུར			universal monarch
འཁོར་ལོས་བསྒྱུར་བའི་རྒྱལ་པོ			universal emperor; universal monarch
འཁོར་ལོས་མཚན			marked by a wheel
འཁོར་ལོས་སྒྱུར་བ			universal monarch
འཁོར་ལོས་སྒྱུར་བའི་རྒྱལ་པོ			king who is a universal monarch
འཁོར་ཉེ་བ་དང་རིང་བས་མཚུངས་པར་ཐོས			retinue near and far similarly hear
འཁོར་ཕུན་སུམ་ཚོགས་པ			marvelous/excellent/perfect retinue
འཁོར་སྒྱུར			universal monarch
༅འཁོར་ཞི་རོ་གཅིག་པ༏་འཁོར་བ་དང་ཞི་བ་རོ་གཅིག་པ			one taste of cyclic existence and peace
འཁྲི་ཤིང			vine; creeping plant; creeper
འཁྲིད			lead; lead through; guide \n as noun: leader; instruction
འཁྲིད་མཛད			lead
འཁྲིད་པ			lead; lead through; guide \n as noun: leader; instruction
འཁྲིགས			gather; be piled up
འཁྲིལ་བག་ཆགས			elegant
འཁྲིས			near; close to; next to
འཁྲོ་བ			belligerence
འཁྲུད			bathing; ablution; bathe
འཁྲུད			bathing; ablution
འཁྲུག			be disturbed/angry/agitated; fight
འཁྲུག་པ་བྱེད་པ			get disturbed/agitated; become angry; fight
འཁྲུག་པ་མེད་པ			non-disturbance; non-anger; absence of anger; non-agitation
འཁྲུག་པའི་སེམས			mind of disturbance; disturbed/agitated mind
འཁྲུག་པའི་སེམས་འགའ་ཙམ་ཡང་སྐྱེད་པར་མི་བྱེད་དེ			does not generate even any mental disturbance/agitation
འཁྲུག་པར་འགྱུར་ཞིང			become disturbed/angry/agitated
འཁྲུག་པར་བྱེད			disturb; make angry/agitated
འཁྲུགས			be disturbed/angry/agitated; fight
འཁྲུགས་པ			be disturbed/angry/agitated; fight
འཁྲུགས་པར་འགྱུར་བ			become distrubed/agitated/angry
འཁྲུལ			mistake; be mistaken; be confused; err\n as noun: mistake, error
འཁྲུལ་འཁོར			device; machine
འཁྲུལ་འཁོར་སྦྱར་བ			put together a device; put together a machine
འཁྲུལ་བ			mistaken; illusion
འཁྲུལ་བ་དགག་པ			refutation of mistaken [views]
འཁྲུལ་བ་རྟོག་པ			mistaken concepttal consciousness/conception
འཁྲུལ་མེད			non-mistaken; without mistake
འཁྲུལ་པ			mistake; be mistaken; be confused; err\n as noun: mistake, error
འཁྲུལ་པ་མེད་པ			unmistaken; non-erroneous; not having mistake/error
འཁྲུལ་པ་མི་མངའ			unmistaken; non-erroneous; not having mistake/error
འཁྲུལ་པ་ཙམ			only mistake; mere error; only/merely erroneous/mistaken
འཁྲུལ་པའི་མཚན་ཉིད			character of mistake; mistaken character; definition of mistake
འཁྲུལ་པའི་རྒྱུ			cause of error/mistake
འཁྲུལ་པའི་རྒྱུ་མཚན			cause of error/mistake
འཁྲུལ་པའི་རྟེན			basis of mistake/error; mistaken basis
འཁྲུལ་པའི་སེམས			mistaken mind
འཁྲུལ་པར་བྱེད་པ			that which causes mistake
འཁྲུལ་རྒྱུ			cause of error/mistake
འཁྲུལ་རྒྱུ་ཅན			having a cause of error/mistake
འཁྲུལ་རྒྱུ་དེ་མ་ཐག་རྐྱེན་ལ་ཡོད་པ			that having a cause of error/mistake in the immediately preceding condition
འཁྲུལ་རྒྱུ་གནས་ལ་ཡོད་པ			that having a cause of error/mistake in the abode
འཁྲུལ་རྒྱུ་རྟེན་ལ་ཡོད་པ			that having a cause of error/mistake in the basis
འཁྲུལ་རྒྱུ་ཡུལ་ལ་ཡོད་པ			that having a cause of error/mistake in the object
འཁྲུལ་ཤེས			mistaken consciousness
འཁྲུལ་སྣང་ཡོད་མཁན			thattwhich is mistaken regarding the appearance [of its object]
འཁྲུང			come into being; be born
འཁྲུངས			grow; come into being; be born
འཁུ་བ			scorn; vie with; contend; harboring ill-will; wrong ideas
འཁུ་བ་ལྔ་སོགས			five wrong ideas and so forth
འཁུམས			listen; hear; understand; realize
འཁུར			responsibility; burden; carry; take on a burden
འཁྱམ			wander
འཁྱམས			wander
འཁྱམས་ཤིང			wander
འཁྱེར			carry; bear; bring
འཁྱེར་འཁོས			ability to bear; capacity to do so
འཁྱིལ་བ			twisted; turned; accumulate together
འཁྱུད་པ			embrace; hug
འོ			termination particle
འོ་བརྒྱལ			become weary; become tired; tire
འོ་མ			milk
འོ་ན			well then; in that case [leads into a question]; now then; well; then
འོད			light; shine; brightness
འོད་འཕྲོ་བ			the radiant; brilliant; Radiant (fourth bodhisattva ground)
འོད་འཕྲོ་བ་ཅན			the radiant; brilliant
འོད་འཕྲོ་ཅན			the radiant; brilliant
འོད་བྱེད			the luminous; 'light-giving'
འོད་བྱེད་པ			the luminous; 'light-giving'; Luminous (third bodhisattva ground)
འོད་ཆུང			Little Light
འོད་ཆུང་བ			Little Light (the first level of the Second Concentration)
འོད་དཔག་མེད			Amitābha
འོད་དྲི་མ་མེད་པ			stainless light
འོད་གསལ			clear light; Bright Light
འོད་གསལ་བ			clear light; clearly luminous
འོད་གསལ་བ་ཉིད			clear light; clearly luminous
འོད་གསལ་བའི་དབྱིངས			sphere of clear light
འོད་གསལ་བའི་ཡེ་ཤེས			pristine wisdom of clear light
འོད་ཀྱི་དཁྱིལ་འཁོར			maṇḍala of light; circle of light
འོད་ལྟ་བུ			like light; light-like
འོད་མི་གསལ་བ་ཉིད			unclear light
འོད་ནི་ཕུན་སུམ་ཚོགས་པ			marvellous light; perfect light
འོད་རྣོན			sharp rays (?)
འོད་སྲུངས			Kāśyapīya [p.n.]
འོད་ཐིག			a drop of light; light drop
འོད་ཟེར			rays of light; ray
འོད་ཟེར་ཀུན་ནས་འཕགས་པ་གཤེགས་པའི་དཔལ་བརྩེགས་རྒྱལ་པོ			Samudgata-raśmi-śrīkūṭa-rāja [p.n.]
འོད་ཟེར་རབ་ཏུ་འགྱེད་པ			luminous; light-giving
འོག			later; below; beneath; under
འོག་གཞི			under-base(D1)
འོག་མ			lower; what comes later
འོག་མིན			Highest Pure Land; Not Low
འོག་མིན་འགྲོ			one who has gone to the Highest Pure Land
འོག་མིན་གྱི་ལོངས་སྐུ			complete enjoyment body of a Highest Pure Land
འོག་མིན་སྟུག་པོ་བཀོད་པ			Heavily Adorned/Arrayed Highest Pure Land; Akaniṣṭha Pure Land
འོག་ནས			under; below; beneath; after that
འོག་ནས་འབྱུང་བ			appears later [in the text]
འོག་ནས་འབྱུང་བ་བཞིན			as appears later [in the text]
འོག་ཏུ			under; below; beneath
འོལ་པ			kite
འོན་ཀྱང			however; but; yet; notwithstanding
འོན་ཏའམ			however; but; yet; notwithstanding
འོང			come; will
འོང་འགྱུར་བ			come; will
འོང་བ			come; will
འོང་བ་འགྱུར་བ			come; will
འོང་བ་མེད			not come; not coming; will not; not approaching
འོང་བར་བགྱིད་པ			make come
འོངས			coming; future; will come; will
འོངས་ནས			having come; coming
འོངས་པའི་གཟུགས			future form[BJ 57.1]
འོངས་པར་གྱུར་ན			when it comes; when coming
འོས			suitable
འོས་པ			suitable
འོས་པ་མ་ཡིན་པ			unsuitable; not suitable
འཕགས			Superior; noble
འཕགས་བཞི			four Superiors (Hearer, Solitary Victor Bodhisattva, and Buddha Superiors)
འཕགས་དང་ལྷ་དང་ཚངས་པ་ཡི་གནས་པ་དཔེ་མེད			the peerless land of the Superiors, gods, and Brahmā (T)
འཕགས་ལམ			Superior path
འཕགས་ལུགས			the system of the Superior [Nāgārjuna]
འཕགས་པ			Superior; noble; one who has risen above the ordinary
འཕགས་པ་བདེན་པ་བཞི			four noble truths(N)
འཕགས་པ་ཆེན་པོ་རྣམས་ཀྱི་ཆོས			the doctrines/qualities of great Superiors
འཕགས་པ་ཆེན་པོའི་ཆོས			the doctrines/qualities of great Superiors
འཕགས་པ་དང་ལྷ་དང་ཚངས་པའི་གནས			a place with Superiors, gods, and Brahmins
འཕགས་པ་དགྱེས་པའི་ཚུལ་ཁྲིམས			ethics that are pleasing to Superiors
འཕགས་པ་གསུམ་ག			the three Superiors (Hearer, Solitary Victor, and Bodhisattva Superiors)
འཕགས་པ་གསུམ་གའི་རྒྱུད་ལ་ཡོད་པའི་ཐུན་མོང་གི་ཡོན་ཏན་བསམ་གཏན			concentrations that are shared qualities existing in the continuums of all three Superiors (Hearer, Solitary Victor, and Bodhisattva Superiors)
འཕགས་པ་གཟུངས་ཀྱི་དབང་ཕྱུག་རྒྱལ་པས་ཞུས་པའི་མདོ			The Superior Sūtra of the Questions of King Dharaṇīśvara(BJ 38.2)
འཕགས་པ་ལྷ			Āryadeva
འཕགས་པ་མཐོང་བ			Superior vision
འཕགས་པ་ཤེས་པ			Superior cognition
འཕགས་པ་ཡུལ་འཁོར་སྐྱོང་མདོ			The Superior Sūtra of the Questions of Raṣṭapala
འཕགས་པའི་བདེན་པ			truth(s) of Superiors; noble truth(s); truth(s) of the wise
འཕགས་པའི་བདེན་པ་བཞི			four noble truths; four truths of Superiors; four ennobling truths
འཕགས་པའི་ཆོས			Superior qualities; Superior doctrines
འཕགས་པའི་གང་ཟག			Superior person
འཕགས་པའི་ལམ			path of Superiors; path of the wise; Superior's path
འཕགས་པའི་ལམ་བསྐྱེད་པ			generation of a Superior path
འཕགས་པའི་ལམ་དང་མཐུན་པ			concordant with a(n eight-fold) Superior path
འཕགས་པའི་ལམ་ཡང་ལག་བརྒྱད་པ			eight branches of the path of Superiors
འཕགས་པའི་ལུས་འཐོབ་པའི་ས་བོན			seed(s) of attainment of a Superior body
འཕགས་པའི་རིགས			Superior lineage
འཕགས་པའི་རིགས་དྲི་མ་མེད་པ			stainless lineage of Superiors
འཕགས་པའི་རིགས་ཟག་པ་མེད་པའི་དབྱིངས			non-contaminated realm of Superiors
འཕགས་པའི་ས			Superior ground
འཕགས་པའི་ས་ལ་བསྐྱེད་པ			produce a Superior ground
འཕགས་པའི་ས་ལ་སྐྱེད་པར་བྱེད			generate a Superior ground
འཕགས་པའི་ཤེས་རབ་ཀྱི་དབང་པོ་སྐྱེ			produce the first exalted wisdom of Superiors
འཕགས་པའི་སྐྱེ་བོ			Superior being
འཕགས་པའི་སྤྱོད་ཡུལ			realm of Superiors; (T) a Superior's objects of activity
འཕགས་པའི་ཡེ་ཤེས་ཀྱི་སྤྱོད་ཡུལ			realm of the exalted wisdom of Superiors; (T) objects of activity of a Superior's exalted wisdom
འཕགས་པར			superior; noble
འཕགས་པས་སྡུག་བསྔལ་དུ་གཟིགས་སོ			Superiors viewing suffering
འཕགས་རྒྱུད			continuum of a Superior
འཕགས་སེང			Āryavimuktisena and Haribhadra
འཕང			imply; indicate; impel; fling; project
འཕངས			impelled; projected; implied; flung; indicated
འཕངས་འབྲས			projected effect
འཕངས་པ			impelled; projected; implied; flung; indicated
འཕངས་པའི་དབང			impelling power
འཕངས་པའི་སྡུག་བསྔལ			suffering impelled by
འཕར་བ			hill-dog
འཕེལ			to increase; increasing
འཕེལ་འགྲིབ			increase and diminishment(BJ 37.5)
འཕེལ་བ			increase; to increase
འཕེལ་བ་དང་འགྲིབ་པ			increase and diminishment
འཕེལ་བ་དང་འགྲིབ་པས་ངོ་ཚ་བ་ཡིན			shame due to increase and diminishment
འཕེལ་བ་མ་མཆིས་པ			non-increase; not increasing
འཕེལ་བ་མེད			non-increase
འཕེལ་བ་རིང་དུ་འགྲོ་བ			increase for a long time
འཕེལ་བའི་བརྩོན་འགྲུས			increasing effort
འཕེལ་བར་འགྱུར			increase; will increase
འཕེལ་བར་འགྱུར་བ			increase; will increase
འཕེལ་བར་བྱ			I will increase
འཕེལ་བར་བྱེད			increase; increasing
འཕེལ་བར་བྱེད་པ			increase; increasing
འཕེལ་བར་བྱེད་པར་འགྱུར			increase; increasing; will increase
འཕེལ་བྱེད་པ			increase; increasing
འཕེལ་མེད			non-increase
འཕེལ་མེད་འགྲིབ་མེད			not increase or decrese
འཕེལ་མེད་པ			non-increase
འཕེལ་ཞིང་རྒྱས་པ			increasing and extending(S 29)
འཕེལ་ཞིང་ཡངས་པ			increasing and extending
འཕེན་བྱེད་ཀྱི་ལས			impelling karma
འཕེན་པ			verb: imply; indicate; fling; impel; throw\n noun: impetus; force
འཕེན་པའི་དབང			force of impelling
འཕོ			to move; develop; progress; transmigrate
འཕོ་བ			to move; develop; progress; transmigrate
འཕོ་བ་ཆེན་པོའི་སྐུ			body of great transference
འཕོ་བ་མེད་པ			without moving; non-development; non-transmigration
འཕོ་བར་སྨྲ་བ			Saṃkrāntivadin (proponent of transmigration ?) (T)
འཕོ་མེད་དུ་འཛིན་པ			holding without moving
འཕོས			to move; develop; pass (from); transmigrate
འཕོས་པའི་ཚེ			at the time of having moved; at the time of moving
འཕྲད			meet; meeting(LG)
འཕྲད་མཚམས་སུ			at the connecting point
འཕྲད་པ			meet; meeting
འཕྲལ			adventitious; superficial
འཕྲལ་དུ་འབྱུང་བ			arise adventitiously
འཕྲལ་གྱི་འཁྲུལ་རྒྱུ			superficial cause of error/mistake
འཕྲལ་ལ་འཇུག་པ			engage in superficially
འཕྲིན་ལས			exalted activity; deed; activity; work; affair
འཕྲིན་ཡིག			write; writing
འཕྲིན་ཡིག་ལེགས་པ			well-written
འཕྲོ			spread; diffuse; scatter; emanate; scattering; radiate
འཕྲོ་བ			scattering; spread; diffuse; scatter; emanate; radiate
འཕྲོ་བར་བྱེད་པ			scattering; scatter; spread; diffuse
འཕྲོད			meet
འཕྲོད་འདུ			meeting and staying together
འཕྲོད་པ			meet; meeting
འཕྲོག			to deprive; rob; run away with
འཕྲོག་པ			to deprive; rob; run away with
འཕྲོག་པར་བྱེད་པ			captivate
འཕྲོགས			to deprive; rob; run away with
འཕྲོགས་པ			to deprive; rob; run away with
འཕྲོས			spread; diffuse; scatter; emanate; radiate; elaborate
འཕྲོས་དོན			extension of the meaning; subsidiary topics
འཕྲུལ			magic; emanation; forced (?)
འཕྲུལ་དགའ			Those Who Enjoy Emanation; Land of Liking Emanation; Enjoying Emanation; Heaven of Enjoying Emanation; Land of Enjoying Emanation
འཕྲུལ་གྱི་རྐང་པ			bases of magical emanations
འཕྱ་བར་བྱེད			to reprove; to blame; to criticize  (T)
འཕྱག			to sweep
འཕྱགས			to sweep
འཕྱར			to brandish; lift up; hold aloft
འཕྱི་བ			marmot
འཕྱོགས			to sweep
འཕྱོང			jump
འཐབ			fight; quarrel; dispute
འཐབ་བྲལ			Land Without Combat
འཐབ་མོ			fight; quarrel; dispute
འཐབ་པ			fight; quarrel; dispute
འཐབ་པར་བྱའོ			you should fight; one should quarrel
འཐད			correct; acceptable; feasible; feasibility
འཐད་ལྡན			Dharmottara's The Correct, Commentary on (Dharmakīrti's) "Ascertainment of Valid Cognition" (pramāṇa-viniścaya), P. 5727, vol. 136
འཐད་པ			acceptable; feasible; correct; feasibility
འཐད་པ་དང་སྒྲུབ་པའི་རིགས་པ			reasoning which establishes correctness; reasonings of logical proof
འཐད་པ་སྒྲུབ་པའི་རིགས་པ			reasoning which establishes correctness; reasonings of logical proof
འཐད་པར་སྒྲུབ			establishing correctness(LG)
འཐད་པས་སྒྲུབ་པའི་རིགས་པ			reasoning through the forceful power of facts; reasoning of tenable proof
འཐད་སྒྲུབ་ཀྱི་རིགས་པ			logical reasoning; reasoning which establishes correctness; reaoning(s) of logical proof
འཐས་པ			obstructive [quality of earth (sa)]
འཐས་སྒྲུབ་ཀྱི་རིགས་པ			reasoning which establishes correctness (?)
འཐིབས			covered; darkened
འཐོབ			get; attain; will get; will attain [future of thob]
འཐོབ་འདོད་ཀྱི་འདུན་པ			aspiration which is a wish to attain
འཐོབ་འདོད་ཀྱི་དད་པ			aspiring faith; faith that is a wish to attain
འཐོབ་འདོད་པའི་དད་པ			faith that is a wish to attain
འཐོབ་འགྱུར་ཏེ			get; attain; will get
འཐོབ་པ			will get; will attain; get; attain [future of thob]
འཐོབ་པ་གཞན་གྱི་དབང་ཉིད			other-powered attainment
འཐོབ་པའི་བྱེད་རྒྱུ			creative cause of attainment
འཐོབ་པར་འགྱུར			will get; will attain
འཐོབ་པར་འགྱུར་བ			get; attain
འཐོབ་པར་བྱེད་དོ			get; attain
འཐོབ་པར་བྱེད་པ			get; attain
འཐོམ་པ			to be confused
འཐོར			separate; scatter
འཐུག་པོ			thick; dense; strong
འཐུན་པ			gather (?)
འཐུང			to drink
འཚབ			complete; fill out
འཚལ			seek; want; ask; beg; beseech; desire; to understand
འཚལ་བ			seek; want; ask; beg; beseech; desire; sought out(S)
འཚལ་བ་བགྱིའོ			seek; want; ask; beg; beseech; desire; sought out
འཚམ			proportioned
འཚམ་པར			in accordance with
འཚམས			case; instance (?)
འཚམས་མེད་པ་ལྔ			five non-shinings (?)
འཚང			fault; error; offense; complete
འཚང་རྒྱ་བ			become fully purified; become perfected; become purified
འཚང་རྒྱ་བྱ			become perfect; become fully purified
འཚང་རྒྱ་བྱ་འདོད་པ			wish to become fully purified; wish to become perfected
འཚངས་རྒྱ་བའི་ཚུལ			the mode of becoming completely purified
འཚེ			to cause mischief; to cause danger to; permeate; to harm
འཚེ་བ			to cause mischief; to cause danger to; permeate; to harm
འཚེ་བ་མེད་པ			non-harming
འཚེ་བར་བྱེད་དེ			harming; to harm; to cause mischief; to cause danger to; permeate
འཚེ་བར་སེམས			harmful mind
འཚེར་བ			shine; glittering; glitter
འཚེས			to cause mischief or danger to; persecute; harm
འཚིག་པ			spite
འཚིག་པ་མེད་པ			non-spite
འཚོ་བ			liveliness(N)
འཚོ་བ་ཡོངས་སུ་དག་པ			pure livelihood
འཚོད			cook; boil
འཚོལ			seek; seek out; investigate; examine; research; look for
འཚོལ་བ			seek; seek out; investigate; examine; research; look for
འཚོལ་བ་མེད་པ			not investigate/examine/research/seek/look for
འཚོལ་བར་འགྱུར			seek; seek out; investigate; examine; research; look for
འཚོལ་བྱེད			seek; seek out; investigate; examine; research; look for; one who...; the means of...
འཚུད་པ			to be entered; admitted; enter; go into; get into
འུག་པ			owl
ཨ་བྷི་ཥེ་ཀ			[transliteration of Sanskrit word, abhiṣeka]; empowerment; initiation; ablution; consecration
ཨ་བྷི་ཥེ་ཀ་བ			[transliteration of Sanskrit word, abhiṣeka]; empowerment; initiation; ablution; consecration
ཨ་ཀ་རུ			agaru plant; aloe vera
ཨ་ཀུ			uncle
ཨ་ལ་ལ			aho!; ah!
ཨ་མ			mother [term of address]
ཨ་མདོ			Am-do
ཨ་ནུ			[transliteration of Sanskrit word, anu, short for anuyoga]
ཨ་རུ་ར			myrobalan arjuna; universal medicine
ཨ་ཏི			[transliteration of Sanskrit word, ati, short for atiyoga]
༅ཨ་ཝ༏་ཨ་ལྦ			child; children
ཨ་ཡིན			I doubt it; I don't think; is it so or not?
ཨ་ཡོད			I doubt it; I don't think; is it so or not?
༅ཨན་ད་རྙིལ༏་ཨན་དྷ་རྙིལ			[transliteration of Sanskrit word, indranīla]
བ་གླང			ox; cow
བ་གླང་གནས་པ			Gokulika
བ་གླིང་སྤྱོད			Using Oxen
བ་ལང			ox; cow; cowherd; cow and bull
བ་ལང་གནས་པ			Gokulika
བ་ལང་སྤྱོད			Godānīya
བ་ཉིད			cow-ness
བ་ཕྱུགས			cow
བ་རུ་རའི་མདོ			Myrabola Sūtra; Sūtra on the Myrabolan Fruit
བ་སྤུ			little hairs of the body; hair
བབ			descend; rain; flow; fall down; move downward; slope toward
བབ་ཅོལ			senseless babble; rash; verbal rambling; lacking consideration of one's own circumstances
བབ་པ			descend; rain; flow; fall down; move downward; slope toward
བབས			descend; rain; flow; fall down; move downward; slope toward
བབས་པར་གྱུར			descend; rain; flow; fall down; move downward; slope toward
བད་ཀན			phlegm
བད་ལྦ			phlem goiter
བག			meal; barley; flour
བག་བརྐྱང་སྟེ་གསུང་བ			restrained speaker; restrained speech  (T)
བག་ཆགས			predisposing latency; predisposition; latency; dormancy; tendency; potency
བག་ཆགས་བརྟན་བྱུང			arising from stable predispositions; stable predispositions
བག་ཆགས་བརྟན་གྱུར་གི་རིག་པ			a knower that arises from stable predispositions
བག་ལ་ཉལ			dormancies
བག་ལ་ཉལ་བ			dormancies; latencies
བག་ལ་ཉལ་མེད་པར			no dormancies; without dormancies
བག་མེད			non-conscientiousness; carelessness
བག་མེད་གྱུར་ཏེ			be careless
བག་མེད་པ			non-conscientiousness; carelessness
བག་ཚོས			boiled grain; cooked meal; barley
བག་ཡོད			conscientiousness; aware; conscientious; conscious
བག་ཡོད་པ			conscientiousness; aware; conscientious; conscious
བཻ་དུའ་རྱ			cat's eye gem; lapis lazuli
བལ			dragon
བལ་ཡུལ			Nepal
བམ			and; or; particle indicating question
བམ་པོ			section [of a text]; fascicle
བང			treasury; storehouse
བང་བ			treasury; storehouse
བང་ཆེན			messenger; courier; ambassador; emissary
བང་མཛོད			treasury; storehouse
བང་རིམ			tier
བར			intervening; middle; between; [when preceded by nas]: from ... up to; ranging from ... to; until; intermediate space
བར་བ			middle; Middle Wheel of Doctrine [i.e. the teaching of the Perfection of Wisdom Sūtras]
བར་བྱ			[future tense marker]
བར་བྱས			[past tense marker]
བར་བྱེད			[present tense marker]
བར་ཆད			[between-cut]; interfere; hinder\n noun: hindrance; interference; interruption
བར་ཆད་བགྱིད་པ			interfere; hinder; interrupt
བར་ཆད་བྱེད			interruption; hindrance; interference
བར་ཆད་བྱེད་པ			interruption; hindrance; interference
བར་ཆད་བྱེད་པར་འགྱུར			interrupt; serve as an interruption
བར་ཆད་དང་བཅས་པ་དང་བར་ཆད་མེད་པ			interrupted and uninterrupted
བར་ཆད་གཅིག་པ			having one interruption/intervening...
བར་ཆད་མེད			uninterrupted
བར་ཆད་མེད་བཅས			free from interruption; uninterrupted
བར་ཆད་མེད་ལམ			uninterrupted path
བར་ཆད་མེད་པ			uninterrupted; not hindered
བར་ཆད་མེད་པ་ཡི་ཏིང་ངེ་འཛིན་ལ་རེག			contact with an uninterrupted meditative stabilization
བར་ཆད་མེད་པའི་རྩེ་སྦྱོར			uninterrupted peak training
བར་ཆད་མེད་པའི་ཏིང་ངེ་འཛིན			uninterrupted meditative stabilization
བར་ཆད་མེད་པར་བརྩོན་པ			uninterrupted effort
བར་ཆད་རྣམ་པ་བཞིའི་གཉེན་པོའི་དབྱེ་བ			divisions of the antidotes to the four types of interruption  (T)
བར་དོ			intermediate state
བར་དུ			through (as in: through to and including); until; between
བར་དུ་ཆད་ཅིང་འཇུག་པ			interruptedly engaging; interrupted engagement
བར་དུ་ཆད་པ			non-contiguous
བར་དུ་གཅོད			interrupt; interruptive; interfering
བར་དུ་གཅོད་བྱེད			interrupt; hinder
བར་དུ་གཅོད་པ			verb: to interfere; hinder; interrupt\n noun: interference; hindrance
བར་དུ་གཅོད་པ་ཡི་ཉེས་པ་སྤོང་བར་འགྱུར			will abandon the fault of interruption   (T)
བར་དུ་གཅོད་པར་བྱེད་པ			interrupt; hinder
བར་དུ་ལ			until; between
བར་དུ་མ་ཆད་པ			contiguous
བར་དུ་ནས			until; between
བར་གཅོད			[between-cut]; to interfere; hinder\n noun: hindrance; interference
བར་གྱི			until; through to
བར་གྱི་སྣང་བ			sky; intermediate space(LG)
བར་ལ			until; between
བར་མ			neutral; intermediate; middling; middle
བར་མ་ཆད་པར་བསྒོམ་པས			through uninterruptedly cultivating/meditating
བར་མ་ཆར་པར			uninterruptedly
བར་མ་སྲིད་པ			intermediate state
བར་མེད			uninterrupted; uninterruptedly
བར་སྐབས			transitional
བར་སྣང			betweenness; intermediate appearance; sky
བཅའ			make; construct [e.g., a mudrā]; arrange [e.g., the legs in a meditation posture]; formulate
བཅའ་སྒ			dried ginger(S)
བཅད			cut; eliminate; decide; judge; condemn
བཅད་དོན་མ་ཐོབ་པ			not attaining an object with respect to which superimpositions have been eliminated
བཅད་དུ་མེད་པ			not distinguishable
བཅད་ལྡོག			elimination-isolate [a conceptually isolatable factor that is a mere elimination]
བཅད་པ			decree; cut; decided; eliminated; judged; condemned
བཅད་ཤེས			subsequent cognizer; subsequent cognition; re-cognition
བཅད་ཤེས་དོན་མཐུན			factually concordant subsequent cognition
༅བཅད་ཤེས༏་དཔྱད་ཤེས			subsequent cognition
བཅངས			to hold; keep; put off [past tense of 'chang, to hold; to keep]
བཅས			as well as; formulate; make; construct [e.g., a mudrā]; arrange [e.g., the legs in a meditation posture]
༅བཅས་པ,་བཅས			having; together with
བཅས་ཤེས			(lit.) cognition of the [already] determined (see: bcad pa'i yul can)
༅བཅས,་བཅས་པ			having; together [with]
བཅིལ་བ			abandon; give up; subjugate
བཅིང			bind
བཅིངས			bind
བཅིངས་པ			bound; bind; bondage(N)
བཅོ			ten
བཅོ་བརྒྱད			eighteen
བཅོམ			destroy; overcome; triumph over
བཅོམ་ལྡན			conqueror; victor
བཅོམ་ལྡན་འདས			[conqueror-possessing-passed beyond]; Supramundane Victor; Blessed One; Buddha; victorious
བཅོམ་ལྡན་འདས་ཀྱིས་ཀུན་ཏུ་བསྟན་པ			completely demonstrated/taught/indicated by a Supramundane Victor
བཅོམ་ནས			having conquered/destroyed/triumphed over
བཅོམ་པ			destroy; overcome; triumph over
བཅོམ་པའམ་བློས་ཆ་ཤས་སོ་སོར་བསལ་བ་ན			when it is broken up or mentally divided/separated into parts
བཅོམ་ཞིང			destroy; overcome; triumph over
བཅོས			fabricated; made up
བཅོས་མ			fake; fabricated; artificial; made up; fabrication
བཅོས་མ་མ་ཡིན་པ			non-artificial; non-fabricated
བཅོས་མ་མ་ཡིན་པའི་མྱོང་བ			non-artificial experience
བཅོས་མ་ཡིན་པ			fabricated
བཅོས་མིན་གྱི་མྱོང་བ			uncontrived experience
༅བཅོས་མིན,་བཅོས་མ་མིན་པ			non-artificial; non-fabricated; uncontrived
བཅོས་པ			fabricated; made up
བཅོས་པུ			fabricated; made up
བཅུ			ten
བཅུ་བཞི			fourteen
བཅུ་གཅིག			eleven
བཅུ་གཅིག་པ			eleven; eleventh
བཅུ་གཉིས			twelve
བཅུ་གཉིས་པོ			twelfth; twelve
བཅུ་པ			tenth; ten
བཅུ་པོ			tenth; ten
བཅུད			beings; essence; what is in the vessel; animate being
བཅུད་ཀྱི་སེམས་ཅན			beings in the world; worldly beings; lit.: "beings in the vessel"(Lati)
བཅུད་ཀྱིས་ལེན			essence-extraction
བཅུད་ལེན			essence-extraction; essence-extraction (the treatment of aging)
བཅུག			1) indicates causative construction; 2) enter; engage; apply; usher into
བཅུགས་པ			be intimate with; love
བཅུས			ten; twisted
བཅུས་པ			twisted
བདག			self; I [can be used to refer to oneself]; nature; entity
བདག་འབྲས			possessional effect; proprietary effect
བདག་འདུ་ཤེས			conceive as a self; conception of a self; one who conceives of a self
བདག་འཛིན			conception of self
བདག་འཛིན			[self-as-grasp]; conception of self; conceiver of a self; apprehension of a self; apprehender of a self
བདག་འཛིན་གཉིས་གང་རུང་གིས་སྒྲོ་བཏགས་པ་ལྟར་གྲུབ་པས་སྟོང་པའི་དེ་བཞིན་ཉིད			thusness that is an emptiness of establishment in accordance with superimposition by either of the two apprehensions of self
བདག་འཛིན་གྱི་འགོག་བདེན			true cessation of the conception of selflessness
བདག་འཛིན་ཀྱི་བག་ཆགས			predispositions/latencies of the conception of self
བདག་བསྐྱེད			self generation; self-generation
བདག་ཅག			we
བདག་ཅག་གི་སྟོན་པ			our teacher [Buddha]
བདག་ཅེས་བྱ་བ་བདུད་ཀྱི་སེམས			self is a devilous mind
བདག་དང་བཅས་པ			having a self; with a self
བདག་དང་བསམ་པ་མཐུན་པ			thought that is concordant with mine
བདག་དང་གཞན			self and other
བདག་དང་གཞན་བདེ་བ			happiness of self and other
བདག་དང་གཞན་དང་སྙིང་རྗེ			compassion for self and other
བདག་དང་གཞན་མཉམ་པ་ཉིད			sameness of self and other
བདག་དང་གཞན་མཉམ་པའི་སེམས་ཉིད			mind [which sees] self and other as the same
བདག་དེར་འདུ་ཤེས			conceive as a self; conception of a self; one who conceives of a self
བདག་དགའ			one's own joy  (T)
བདག་གཅིག་འབྲེལ			relationship of sameness of nature; related in the sense of being one essence; related as the same essence
བདག་གཅིག་ཏུ་འབྲེལ			related in the sense of being one essence
བདག་གི			mine; my
བདག་གི་འདུ་ཤེས			conception of "I"
བདག་གི་བ			mine(N); the "mine"
བདག་གི་བའི་ངོ་བོ			the entity that is the "mine"; the innermost entity
བདག་གི་བར་འཛིན་པ			conceive as mine
བདག་གི་བརྩོན་འགྲུས			personal effort
བདག་གི་དབྱིངས			basic element of self
བདག་གི་དངོས་པོ			existence of self
བདག་གི་དོན			one's own welfare; one's own purpose
བདག་གི་དོན་རྗེས་སུ་ཐོབ་པ			attain one's own purpose
བདག་གི་གནས			abiding in the self
བདག་གི་གཞི			self base; self-base
བདག་གི་མེད་པ			no [conception of] mine
བདག་གི་ངོ་བོ			entity of the self; my entity
བདག་གིར			mine(N)
བདག་གིར་འཛིན་པ			conception of mine(N)
བདག་གིས			by me; I [did something ...](BJ 28.1)
བདག་གིས་བདོག་པ་ཐམས་ཅད་ཡོངས་སུ་གཏང་བ			I completely abandon all possessions
བདག་གཞན་མཉམ་པ་ཉིད			sameness of self and other
བདག་ལ་ཆགས་པ			attachment to self
བདག་ལ་དགོངས་སུ་གསོལ			please pay heed to me (VM)
བདག་ལྟ			view of self; view of a self
བདག་ལྟའི་བག་ཆགས			predispositions of the view of self
བདག་ལྟའི་གཉེན་པོ			antidote to the view of self
བདག་མ་མཆིས་པ			no self; selfless; non-self
བདག་མེད			selflessness; selfless
བདག་མེད་མ			Tantric siddhā, one of the nine wives of Marpa
བདག་མེད་པ			[self-not exist]; selflessness; selfless
བདག་མེད་པ་ལ་འཛིན་པ			conception of selflessness
བདག་མེད་པ་ལ་བདག་གོ་སྙམ་དུ་ཕྱིན་ཅི་ལོག་གོ			mistakenly think that the selfless is a self
བདག་མེད་པ་མཆོག་གི་བདག་ཉིད			essence of the highest selflessness
བདག་མེད་པ་མངོན་པར་རྟོགས་པ			clearly realize selflessness; clear realization of selflessness
བདག་མེད་པ་ཉིད			selflessness
བདག་མེད་པ་ཙམ			mere selflessness
བདག་མེད་པའི་དོན			meaning of selflessness; object of selflessness (T)
བདག་མེད་པའི་དོན་ནི་ཀུན་ཏུ་རྟོག་པ་ཙམ་གྱི་དོན			the meaning of selflessness is [the same as] the meaning of conception-only  (T)
བདག་མེད་པའི་ལྟ་བུ			view of selflessness(N)
བདག་མེད་པའི་མཚུངས་པ་ཉིད			sameness of selflessness
བདག་མེད་པའི་རྣམ་པ་བསྒོམ་པ			meditation on the aspects of selflessness
བདག་མེད་པར་སོ་སོར་རྟོག་པ			individual investigation of selflessness
བདག་མེད་ཕྲ་མོ			subtle selflessness
བདག་མེད་རགས་པ			coarse selflessness
བདག་མཚན			self-character; character of the self
བདག་མྱ་ངན་ལས་འདས་པ			personal nirvāṇa; nirvāṇa for oneself
བདག་ནི་སངས་རྒྱས་སུ་འགྱུར་རོ			I will become a Buddha
བདག་ནི་ཟག་པ་ཐམས་ཅད་ཟད་དོ			I have exhausted all contaminations
བདག་ཉིད			[self-ness]; entity; essence; nature
བདག་ཉིད་ཆེ			great being; great essence
བདག་ཉིད་ཆེན་པོ			great essence; essence of greatness; great being
བདག་ཉིད་དང་ནི་གཞན་དག			self and other
བདག་ཉིད་གཅིག			one essence
བདག་ཉིད་གཅིག་པ			same essence
བདག་ཉིད་ཀུན་ཤེས་པར་བྱ་བའི་ཕྱིར			in order that the entity may be thoroughly known  (T)
བདག་ཉིད་ཀྱི་བསོད་ནམས			own merit
བདག་ཉིད་ཀྱི་དབང་གིས་སྐྱེ་བ			self-powered production
བདག་ཉིད་ཀྱིས་མ་ཡིན་པ			not by themselves
བདག་ཉིད་ཀྱིས་སངས་རྒྱས་ཀྱི་དགོངས་པ་ཐོབ་པའི་ཕྱིར			because of obtaining the thought of the Buddha by oneself
བདག་ཉིད་ཀྱིས་སྐྱེ་བ			production by itself
བདག་ཉིད་ལས་སྐྱེ་བ			production from themselves
བདག་ཉིད་ང་རྒྱལ			pride of selfhood
བདག་པའི་འབྲས་བུ			dominant effect; empowering effect
བདག་པའི་རྐྱེན			empowering condition
བདག་པོ			decisive condition; sovereignty; owner; master
བདག་པོ་ཉིད			sovereignty
བདག་པོ་རྐྱེན			dominant condition
བདག་པོའི་འབྲས་བུ			proprietary effect; possessional effect; dominant effect; empowering effect
བདག་པོར་འཛིན་པ			conception of sovereignty/ownership
བདག་རྫོགས			self perfection/completion
བདག་རྐྱེན			proprietary condition; empowering condition; dominant condition
བདག་སྒྲ			a possessor
བདག་སྤོབས			personal inspiration
བདག་ཏུ་འདུ་ཤེས			conception of "I"
བདག་ཏུ་འཛིན་པ			conception of self; conceive as a self
བདག་ཏུ་འཛིན་པའི་རྟེན་ཉེ་བར་ལེན་པའི་ཕུང་པོ་ལྔ			the five appropriated aggregates that are the basis for the conception of a self
བདག་ཏུ་འཛིན་པའི་རྟེན་སྤངས་པའི་ཕྱིར			through abandoning the basis of the conception of self
བདག་ཏུ་ལོག་པར་འཛིན་པ			mistaken conception of a self
བདག་ཏུ་ལྟ			view of self; view as a self
བདག་ཏུ་ལྟ་བ			view of self; view as a self
བདག་ཏུ་ལྟ་བ་བསྐྱེད་མི་དགོས			it is not necessary to produce a view of self
བདག་ཏུ་ལྟ་བ་བསྐྱེད་པའི་ཕྱིར			due to producing a view of self
བདག་ཏུ་ལྟ་བ་ལ་སོགས་པ་དང་མཚུངས་པར་ལྡན་པ			connected with the view of self and so forth
བདག་ཏུ་ལྟ་བ་ནོར་བ་ཙམ			the mere illusion of a view of self
བདག་ཏུ་ལྟ་བའི་ཕྱིན་ཅི་ལོག་དགག་པ			negate the mistaken view of self
བདག་ཏུ་ལྟ་བས་ཐར་པ			freedom from the view of self
བདག་ཏུ་མངོན་པར་ཞེན་པའི་གཞི་ནི་སེམས			the basis which is conceived to be the self is the mind  (T)
བདག་ཏུ་རྨོངས་པ་ལ་སོགས་པ			obscuration with respect to self, and so forth
བདག་ཏུ་སྣང་བ			appearance as a self; appear as a self
བདག་ཡོད་ཅེས་བྱ་བ			the statement, I exist"  (T)"
བདར་ཤ་ཆོད			take to heart
བདེ			bliss; pleasure; happiness; abiding(LG); easy (to understand)(BJ 8.2)
བདེ་འབྱུང			Bliss-Arising (Maheśvara; Śiva)
བདེ་འདོད			desire happiness
བདེ་འདོད་པ			desire happiness; desire for happiness
བདེ་འགྲོ			happy transmigration
བདེ་འགྲོར་འགྲོ་བ			go to a happy rebirth
བདེ་བ			happiness; bliss; pleasure; abiding(LG); easy; easy to understand(BJ 8.2)
བདེ་བ་འཐོབ			attain happiness
བདེ་བ་བླ་ན་མེད་པ			highest happiness; unsurpassed happiness
བདེ་བ་བསྐྱེད་པ			produce happiness
བདེ་བ་ཅན			Sukhāvatī [name of a Buddhist Pure Land]; Blissful Place; Blissful Pure Land; Land of Happiness; the Blissful
བདེ་བ་ཆེ			great happiness
བདེ་བ་ཆེན་པོ			great happiness; great bliss
བདེ་བ་ཆེན་པོས་བརྟན་པ			steadfast by way of great happiness
བདེ་བ་ཆུང་བ			little happiness
བདེ་བ་དང་མི་འབྲལ་བའི་དགོངས་པ་ཉིད			thought that is not free from bliss
བདེ་བ་དང་མི་འབྲལ་བའི་རྣམ་པ			aspect that is not free from bliss
བདེ་བ་དང་ཡིད་བདེ་བ་མང་བ			great bliss and mental happiness
བདེ་བ་གཅིག་པ			security; one abiding
བདེ་བ་གསུམ			three happinesses; three blisses
བདེ་བ་མང་བ			much happiness
བདེ་བ་ཉམས་སུ་མྱོང་བ			experience bliss; experience happiness
བདེ་བ་ཉེ་བར་སྒྲུབ་པའི་བསམ་པ			a thought that is established in bliss
བདེ་བ་ཕུན་སུམ་ཚོགས་པ			completion of bliss; marvelous bliss
བདེ་བ་རྣམ་པ་གསུམ			three aspects of bliss; threefold bliss
བདེ་བ་སྐྱེད་པར་བྱེད་པ			produce happiness
བདེ་བ་སྐྱེས་པ			create happiness
བདེ་བ་ཡང་མ་ཡིན་སྡུག་བསྔལ་བ་ཡང་མ་ཡིན་པའི་ཚོར་བ			feeling that is neither happiness nor suffering
བདེ་བའི་དགོངས་པ་ཉིད			blissful thought; happy thought
བདེ་བའི་ཁྱད་པར			attribute(s) of bliss  (T)
བདེ་བའི་ལྷག་པའི་བསམ་པ			special thought of bliss
བདེ་བའི་རྣམ་པ་བསྒྲུབ་པ			establish the aspect of happiness; (T) establishment of bliss
བདེ་བར			happily; blissfully
བདེ་བར་བརྗོད			state in an easy to understand form(BJ 8.2)
བདེ་བར་བྱེད་པ			make happy
བདེ་བར་གནས་མཆོག			blissful abode
བདེ་བར་གནས་པ			blissful abode; abide happily
བདེ་བར་གནས་སོ			abide happily
བདེ་བར་གཤེགས			One Gone to Bliss [epithet of Buddha]
བདེ་བར་གཤེགས་ཀྱི་བསྟན་པ			teaching of the One Gone to Bliss
བདེ་བར་གཤེགས་པ			[happy-ly-went]; One-Gone-to-Bliss; Well-gone One; an epithet of Buddha
བདེ་བར་ལོག་པར་འཛིན་པ			wrongly apprehend happiness
བདེ་བླག་ཏུ			easy; easily; happily
བདེ་བླག་ཏུ་རྟོགས་པ			easy realization
བདེ་ཆེན			great bliss
བདེ་ཆུང			Little Bliss
བདེ་དང་མི་ལྡན			free from happiness
བདེ་དང་སྡུག་བསྔལ་ཆེན་པོ་ཞི་བ་ཐོབ་བྱ			attain the pacification of great happiness and suffering
བདེ་དང་སྡུག་བསྔལ་ཞི་བ			pacify happiness and suffering
བདེ་དབྱངས			Day-yang ("Blissful Melody") College of Dre-pung Monastic University
བདེ་གཤེགས			One Gone to Bliss; Well-Gone One; an epithet of Buddha; the One Gone to Bliss (an epithet of Buddha)
བདེ་གཤེགས་བསྟན་པ			teaching of the One Gone to Bliss
༅བདེ་གཤེགས་སྙིང་པོ༏་བདེ་བར་གཤེགས་པའི་སྙིང་པོ			matrix-of-one-gone-to-bliss
བདེ་ལ་བག་ཡོད			predisposed to happiness; predispositions to happiness
བདེ་ལེགས་སུ་བགྱིད་པ			make happy
བདེ་མཆོག			Cakrasaṃvara Tantra
བདེ་མཆོག་དྲིལ་བུ་པའི་ལུགས			Ghaṇṭāpāda's system of Cakrasaṃvara
བདེ་མཆོག་ལུའུ་ཨི་བའི་ལུགས			Lūhipāda's system of Cakrasaṃvara
བདེ་རྒྱས			Vast Bliss
བདེའི་རྒྱུ			cause of happiness
བདེན			truth; true
བདེན་འཛིན			conception of true existence; conception of inherent existence
བདེན་འཛིན་ཀུན་བཏགས			the artificial conception of true existence
བདེན་འཛིན་ལྷན་སྐྱེས			the innate conception of true existence
བདེན་འཛིན་མངོན་གྱུར			manifest conception of true existence
བདེན་བཞི			four truths; the four truths
བདེན་བཞིའི་ཆོས་འཁོར			turning the doctrine of the four truths
བདེན་གཉིས			the two truths [i.e. ultimate truth (don dam bden pa, paramārtha-satya); and conventional truth (kun rdzob bden pa, samvṛti-satya)]
བདེན་གྲུབ			true establishment; truly existent; truly established
བདེན་གྲུབ་ཀྱིས་སྟོང་པ			emptiness of true establishment
བདེན་ལ་མཁས			wise with respect to truth
བདེན་མེད			not truly existent
བདེན་ཉིད			essence
བདེན་པ			truth; reality [i.e., what exists the way it appears]
བདེན་པ་བཞི་པོ			the four truths
བདེན་པ་དང་བྱང་ཆུབ་ཀྱི་ཕྱོགས་དང་མཐུན་པ་དང་རྣམ་པར་ཐར་པའི་སྒོ			the door of liberation that is concordant with the truths and the harmonies with enlightenment
བདེན་པ་གཉིས			the two truths [i.e. ultimate truth (don dam bden pa, paramārtha-satya); and conventional truth (kun rdzob bden pa, samvṛti-satya)]
བདེན་པ་ལ་འཇུག			enter into the truth; engage in the truth
བདེན་པ་ལ་མཁས་པ			wise with respect to truth
བདེན་པ་མངོན་རྟོགས			clear realizer of the truth; clear realization of the truth
བདེན་པ་མཐོང་བ			see the truth
བདེན་པ་རྣམ་ཅན			having the aspect of the truths
བདེན་པའི་ཚིག			true words
བདེན་པར་འཛིན་པ			the conception of true existence
བདེན་པར་གྲུབ་པ			true establishment; truly existent; truly established; name of school founded by Harivarman; existence
བདེན་པར་གྲུབ་པའི་སྣང་བ			appearance of true existence(Lati)
བདེན་པར་གྲུབ་པས་སྟོང་བ			empty of being truly established
བདེན་པར་གསུང་བ			one who speaks truth
བདེན་པར་མ་གྲུབ			not truly established
བདེན་པར་རློམ་པ			false fabrication of true existence; conceit of being truly established
བདེན་པར་ཡོད་པ			true existence; truly exist; truly existent; truly established
བདེན་པོ་སོ་སོ་ལ			with respect to the individual truths
བདེན་སྣང			appearance of true existence(Lati)
བདེན་སྣང་གི་ལྷག་མ			remainder of appearances of true existence
བདེན་སྟོང			empty of true existence(BJ 29.7)
བདོག་པ་ཀུན་གཏོང			renounce/cast away/give away all possessions
བདོག་པ་ཐམས་ཅད་གཏོང			renounce/cast away/give away all possessions
བདུད			Demon
བདུད་གླུ་བཙན			violent evil nāgas
བདུད་གནས			abode of Demons
བདུད་ཀྱི་གནས			abode of Demons
བདུད་ཀྱི་གནས་རྣམ་པར་འཇིག་པར་བགྱིད་པ			completely destroy the abode of Demons
བདུད་ཀྱི་ཕྱོགས			faction of Demons; demonical faction
བདུད་ཀྱི་ཕྱོགས་འགྱུར་བ			faction of Demons; demonical faction
བདུད་ཀྱི་རིས་སུ་གཏོགས་པའི་ལྷ			gods included within hosts of Demons
བདུད་ཀྱི་སྡེ			group of demons; army of demons
བདུད་ཀྱི་སྒྱུ			Demon's illusion
བདུད་ཀྱི་སྟོབས་ཐམས་ཅད་རབ་ཏུ་འཇོམས་པ			Sarva-māra-pramardin [p.n. of a Buddha]
བདུད་ཀྱི་ཞགས་པ			Demon's trap
བདུད་ཀྱིས་འཆིང་བ			bonds of Demons; demonical bonds
བདུད་ཀྱིས་འཇོམས་པ			destroyed by Demons; oppressed by Demons
བདུད་ཀྱིས་སྨྲས་པ			spoken by a Demon; speech of a Demon; demonical speech
བདུད་རྣམས་ཕྱོགས་དང་བཅས་ཏེ			demons along with their factions
བདུད་རྩི			ambrosia; nectar
བདུད་རྩི་འབབ་སྦྱང			purification by way of descent of ambrosia
བདུད་རྩི་འབེབས་སྦྱང			descent of ambrosia; purification by way of descent of ambrosia
བདུད་རྩིའི་དབྱིངས			Deathless Realm (?)
བདུད་རྩིའི་དབྱིངས་ཀྱི་སྒོ			door of the Deathless Realm
བདུད་སྡིག་ཅན			Sinful Demon
བདུད་ཡི་དམ			tutelary demon
བདུག་སྤོས			[burn-incense]; burning incense; incense
བདུན			seven
བདུན་ཅུ			seventy
བདུན་ཅུ་རྩ་བདུན			seventy-seven
བདུན་པ			seventh
བདུན་པོ			seventh
བེའུ			curl; calf
བེའུ་སྐྱེས་མ་ཐག			a calf who has just been born
བེམ་པོ			matter
བེམ་ཤེས་གང་རུང་མ་ཡིན་པའི་འདུས་བྱས			a compounded phenomenon which is neither matter nor consciousness
བེམ་ཤེས་གང་རུང་མ་ཡིན་པའི་དངོས་པོ			a thing which is neither matter nor consciousness
བེམ་ཤེས་ལྡན་མིན་འདུ་བྱེད་གསུམ			the three: matter, consciousness, and non-associated compositional factors
བགད			laugh; smile; make laugh or smile
བགེགས			obstacle; obstructing force; obstructing entity; obstructor; interference; evil interference; interfering being
བགེགས་བྱེད་པ			act/serve as an obstacle/interference/evil interference
བགེགས་མ་མཆིས་པ			unobstructed; without obstacles/ interference
བགེགས་མེད་པ			unobstructed; without obstacles/ interference
བགོ་བ			clothing
བགོ་གཞི			basis of infusion
བགོ་སྐལ་ལ་སྤྱོད་པ			partake of/enjoy the share
བགོ་སྟེ			share; divide up
བགྲང			count; number; calculate; compute; reckon; enumerate; tally; numerate
བགྲང་བ			count; number; calculate; compute; reckon; enumerate; tally; numerate
བགྲང་བ་ལས་ཡང་དག་པར་འདས་པ			thoroughly passed beyond enumeration
བགྲང་བར་འདོད་པས			wish to count
བགྲང་ཡས			[number-lacking]; numberless; uncountable; countless; incalculable; inestimable; immeasurable; measureless; infinite
བགྲངས			count; number; calculate; compute; reckon; enumerate; tally; numerate
བགྲངས་པ་དང་གཞལ་བ་དང་བརྟགས་པ			counting and measuring/comprehending and analyzing
བགྲོད			progress; get along; advance; proceed; travel; go; traverse; vehicle
བགྲོད་དཀའ་བའི་ལམ་ལ་ཀུན་ཏུ་ཞུགས་པ			entering a path difficult to traverse
བགྲོད་པ			progress; get along, advance, proceed; travel; go
བགྲོད་པ་གཅིག་པའི་ལམ			path of sole progress; path of sole passage; path of the one vehicle
བགྲོད་པར་བྱ་བ			something to be traversed/progressed over/proceeded over/travelled
བགྲོད་ཐུབ་པ			can progress/get along/advance/proceed/traverse
བགྱི			do; perform; make; act
བགྱི་བ			do; perform; make; act; manufacture
བགྱི་བ་མ་མཆིས་པ			not something to be done
བགྱིད			do; perform; make; act; manufacture
བགྱིད་པ			do; perform; make; act; manufacture
བགྱིས			do; perform; make; act; manufacture
བགྱིས་པར་འགྱུར			do; perform; make; act; manufacture
བྷ་ག			vagina [transliteration of Sanskrit word bhaga]
བི་ཤོ་དྷ་ན			purification
བིམ་པ			red fruit
བཀའ			word; saying; teaching; order; word [of Buddha]
བཀའ་འགྱུར			Translated Word of Buddha
བཀའ་བབ			transmission; doctrine that has befallen one through transmission
བཀའ་བརྒྱུད			Ka-gyu Order [a sect of Tibetan Buddhism]
བཀའ་བསྡུ་བཞི་པ			The Great Calculation of the Doctrine, Which Has the Significance of a Fourth Council (bka' bsdu bzhi pa'i don bstan rtsis chen po) by Dol-po-pa Shay-rap-gyel-tsen (dol po pa shes rab rgyal mtshan)
བཀའ་བསྐོ་བ			order; command
བཀའ་དང་བསྟན་བཅོས			[Buddha's] word and [Indian] treatises
བཀའ་དྲིན			kindness (hon.); beneficence; beneficent force/might
བཀའ་གདམས			[word-advice]; the Ka-dam school [name of lineage traced to Atiśa]; name of mansion; advice; instruction; counsel; preceptual instruction; advisory speech; exhortation
བཀའ་གདམས་གདམས་ངག་པ			Preceptual Ka-dam
བཀའ་གདམས་གཞུང་པ་བ			Textual Ka-dam
བཀའ་གདམས་པ			Ka-dam-pa [a Tibetan order, or person of that order]
བཀའ་རྒྱུད			transmission of the word
བཀའ་སྩལ			[word-bestow]; say (hon.); spoken; prounounce; explain; teach; speak; grant; order; pronouncement
བཀའ་སྩལ་བ			[word-bestow]; say (hon.); prounounce; explain; teach; speak; grant; order; pronouncement
བཀའ་སྩལ་བདུན			seven pronouncements [the mental and physical aggregates, sense-spheres, dependent-arising, foods, noble truths, constituents, and harmonies with enlightenment]
བཀའ་ཡང་དག་པའི་ཚད་མ			[Jang-chup-dzü-trül's (byang chub rdzu 'phrul)] Validity of the True Word [P5839]
བཀག			stop; negate; refute; negation; negative; limit
བཀག་པ			negation; stop; negate; refute; negative; limit
བཀག་ཤུལ			in place of the negation; left over after the negation
བཀན			turn/face upwards
བཀན་ཏེ་བཞག			place facing upwards
བཀནད			turn/face upwards
བཀང			fill; fulfill; satiate
བཀང་བ			fill; fulfill; satiate
བཀར			separate; segregate; isolate; tie down to; specify
བཀར་བ			select; put aside; separate; tie down to; specify
བཀར་བཏགས			distinguish as [Buddha's] word
བཀས་བཅད་པ			decreed
བཀླག			read out loud; read out
བཀླགས			read out loud; read out
བཀོད			set; state; establish; arrange; register; make a record; place [on throne]; put [a signature]; array; affix
བཀོད་མའི་ཆུ			spring
བཀོད་མའི་ཆུ་ལྟ་བུའི་སེམས་བསྐྱེད			mind-generation like spring
བཀོད་པ			set; state; establish; arrange; register; make a record; place [on throne]; put [a signature]; array; affix
བཀོད་ཚོད་གྱི་རྟགས			stated sign
བཀོར་བདག་རྒྱལ་པོ			custodian of property
བཀྲ་བ			shining; beautiful; variegated
བཀྲ་ཤིས			good fortune; good luck; auspiciousness
བཀྲ་ཤིས་འཁྱིལ			Tra-shi-khyil [name of Monastic University in Am-do (a mdo) Province]
བཀྲ་ཤིས་ཀུན་ནས་འཁྱིལ་བ			Tra-shi-khyil
བཀྲ་ཤིས་ལྷུན་པོ			Tra-shi-hlün-po [name of a monastery in gtsang province, Tibet, seat of the Paṇ-chen La-mas]
བཀྲ་ཤིས་རྟགས་བརྒྱད			eight good luck symbols; eight auspicious symbols
བཀྲ་ཤིས་ཡིན་པ			being auspicious
བཀྲལ་བ			commentary; comment; elucidate
བཀྲལ་བ་ལ་ལྟོས་མེད་དུ			without depending/relying on commentaries
བཀྲེས			hunger
བཀྲེས་པ			hunger; hungry
བཀྲེས་པ་དང་སྐོམ་པ་བཟློག་པ			overcome hunger and thirst
བཀྲོལ་པ			release; liberate; set free; loosen
བཀྲུ			wash; cleanse; bathe
བཀྲུ་བ			wash; cleanse; bathe
བཀུག			summon; draw in
བཀུག་ནས			having summoned; having drawn in
བཀུར			extoll; services
བཀུར་བསྟི			respect; service
བཀུར་སྟི			respect; respectful; service
༅བཀུར༏་བཀུར་སྟི			respect; respectful; service; honor
བླ་བརྒྱུད			lineage of lamas
བླ་མ			[high-not or high-mother]; lama; lama [none higher]; heavy
བླ་མ་བསྙེན་བཀུར			guru devotion; respect for the guru; serve and venerate the guru
བླ་མ་གུས			guru devotion; respect for the guru
བླ་མ་ལ་གུས་ཉན			guru devotion; respect for the guru
བླ་མ་ལ་ཕུ་དུད་པ་བྱ་བ			guru devotion; respect for the guru
བླ་མ་ལྔ་བཅུ་པའི་རྣམ་བཤད			Fifty Stanzas on the Guru
བླ་མ་ཉིད			guruness; heaviness
བླ་མ་པ			Uttarīyas
བླ་མའི་བརྒྱུད་པ			lineage of lamas
བླ་མར་བགྱིས་པར་འགྱུར			treat as lama/guru
བླ་མེད			unsurpassed; highest; none higher
བླ་མེད་བྱང་ཆུབ			unsurpassed enlightenment
བླ་མེད་ཀྱི་རྒྱུད			Highest Yoga Tantra; Unsurpassed Yoga Tantra
བླ་ན་མ་མཆིས་པ			[high-to-not-exist]; unsurpassable(BJ 31.5); highest; unsurpassed; none higher
བླ་ན་མཆིས			[high-to-exist]; surpassable(BJ 29.4)
བླ་ན་མཆིས་པ			surpassable
བླ་ན་མེད			[high-to-not-exist]; highest; unsurpassable; unsurpassed; none higher
བླ་ན་མེད་པ			[high-to-not-exist]; highest; unsurpassable; unsurpassed; none higher
བླ་ན་མེད་པ་ལ་བསྒྲལ་བ			liberated in the unsurpassable
བླ་ན་མེད་པ་ཉིད			unsurpassability (T)
བླ་ན་མེད་པ་ཡང་དག་པར་རྫོགས་པའི་བྱང་ཆུབ			complete/perfect unsurpassable enlightenment
བླ་ན་མེད་པ་ཡང་དག་པར་རྫོགས་པའི་བྱང་ཆུབ་ཏུ་ངེས་པ་ཡིན			is definite in complete/perfect unsurpassable enlightenment
བླ་ན་མེད་པ་ཡེ་ཤེས			unsurpassable exalted wisdom
བླ་ན་མེད་པ་ཡེ་ཤེས་ཀྱི་ཐབས			method(s) of unsurpassable exalted wisdom
བླ་ན་མེད་པའི་འབྲས་བུ			fruit of the unsurpassable; unsurpassable fruit
བླ་ན་མེད་པའི་བྱང་ཆུབ			unsurpassable enlightenment; highest enlightenment
བླ་ན་མེད་པའི་གནས			unsurpassable abode; abiding in the unsurpassable
བླ་ན་མེད་པའི་སྒོམ་པ			meditation on the unsurpassable; cultivation of the unsurpassable
བླ་ནར			unsurpassable; highest; high; above
བླ་རེ			canopy
བླང			adopt; adopting; assume; take up; take; receive; assert; assertion
བླང་བ			adopt; assume; take up; take; receive; assert; assertion
བླང་བར་བྱ་བ			will adopt; object adopted; will assume; will take up
བླང་བྱ་བ			object adopted
བླང་དོར			adoptings and discardings; adopt and discard
བླང་མེད			non-adoption; non-assumption; not take up
བླང་ནས			having adopted; having assumed; having taken up
བླངས			adopt; assume; take up; receive; take; assert; assertion(BJ 10.6)
བླངས་ཏེ			adopting; assuming; taking up; asserting
བློ			intelligence; awareness; knowledge; mind; intellect
བློ་འཆང			mindful
བློ་འཁྲུལ་པ			mistaken awareness
བློ་བརྟན			Sthiramati [p.n. of one of Vasubandhu's three main disciples; wrote commentaries on several of Vasubandhu's works]
བློ་བརྟན་པར			firmly intelligent; of firm intelligence; of steady intelligence
བློ་བུར			[misspelling of glo bur] adventitious(BJ 81.5)
བློ་བུར་བའི་དྲི་མ			adventitious defilements
བློ་བཟན་རྟ་དབྱངས			Lo-sang-da-yang (1867-1937); author of Investigation of the Limits of Pervasion With Respect to Awareness and Knowledge (blo rig gi mtha' dpyod; see below)
བློ་བཟང་ཆོས་ཀྱི་རྒྱལ་མཚན			Lo-sang-chö- kyi-gyel-tsen, the 1st Paṇ-chen Lama (1569-1662)
བློ་བཟང་དོན་སྒྲུབ			another name for En-sa-ba (dben sa pa), a famous yogi
བློ་བཟང་དཔལ་ལྡན་བསྟན་པའི་ཉི་མ			[mind-good-glory-possessing-teaching-of-sun]; Lo-sang-bel-den Den-bay-nyi-ma, the 4th Panchen Lama (1781-1854 ce)
བློ་བཟང་དཔལ་ལྡན་ཆོས་ཀྱི་གྲགས་པ			Lo-sang-bel-den Chö-gyi-drag-pa, the 5th Panchen Lama (1853/4-1882 ce)
བློ་བཟང་དཔལ་ལྡན་ཡེ་ཤེས			Lo-sang-bel-den-ye-shay, the 3rd Panchen Lama (1737/8-1780 ce)
བློ་བཟང་གྲགས་པ			Lo-sang-drag-ba (1357-1419) [monastic name of Dzong-ka-ba]
བློ་བཟང་ཡེ་ཤེས			Lo-sang-ye-shay, the 2nd Panchen Lama (1663-1737 ce)
བློ་ཅན			intelligence; intelligent; with a mind
བློ་ཆེན་སྐྱེ་བ			arising of great intelligence
བློ་ཆུང			of little intelligence; small intelligence
བློ་ཆུང་བ			of little intelligence; small intelligence
བློ་དང་ལྡན			[intelligence-possessing]; intelligent; the intelligent; the wise
བློ་དང་ལྡན་པ			[intelligence-possessing]; intelligent; the intelligent; the wise
བློ་དམན			little intelligence(BR)
བློ་དོན་དམ་པ			ultimate awareness
བློ་དོན་མཐུན			factually concordang consciousness
བློ་གནོད་མེད			non-defective awareness
བློ་གནོད་མེད་ལ་སྣང་བའི་དབང་གིས་བཞག་པ			posited through the force of appearing to a non-defective awareness(BJ 55.3)
བློ་གནོད་མེད་ལ་སྣང་བའི་དབང་གིས་བཞག་པ་མ་ཡིན་པར་རང་གི་ཐུན་མོངས་མ་ཡིན་པའི་སྡོད་ལུགས་ཀྱི་ངོས་ནས་གྲུབ་པ			established by way of its own uncommon mode of existence without being posited through the force of appearing to a non-defective awareness
བློ་གྲོས			intelligence; intelligent
བློ་གྲོས་ཅན			intelligent
བློ་གྲོས་ཆེན་པོ			great intelligence; great intelligent one(s)(LG); p.n. of a Bodhisattva who is the main interlocuter in the Laṅkāvatāra-sūtra
བློ་གྲོས་དང་ལྡན་པ			intelligent
བློ་གྲོས་དགེ་བ			virtuous intelligence
བློ་གྲོས་གཉིས་ཅན			having two-pointed mind(S 15)
བློ་གྲོས་མ་སྦྱངས་པ			untrained intelligence
བློ་གྲོས་མ་སྨིན་པ་དང་ཡང་དག་པར་སྨིན་པ			non-maturation and complete maturation of intelligence
བློ་གྲོས་མི་ཟད་པ			Akṣayamati [p.n. of a Bodhisattva, the main interlocuter in the Akṣayamati-nirdeśa-sūtra]
བློ་གྲོས་མི་ཟད་པའི་མདོ			Teaching of Akṣayamati Sūtra, P. 842, vol. 34
བློ་གྲོས་མི་ཟད་པས་བསྟན་པའི་མདོ			Teaching of Akṣayamati Sūtra, P. 842, vol. 34
བློ་གྲོས་ནན་པ			certain intelligence (?); (T) earnest intelligence
བློ་གྲོས་ངན་པ			bad intelligence
བློ་གྲོས་རྣམ་པར་གཡེངས་པ			distracted intelligence (T)
བློ་གྲོས་ཤིན་ཏུ་རྣམ་དག			very pure intelligence; p.n. of a Bodhisattva [the main interlocuter in the third chapter of the Saṃdhinirmocana-sūtra]
བློ་གྲོས་ཐོགས་པ་མི་མངའ་བ			unhindered intelligence; unobstructed intelligence  (T)
བློ་གྲོས་ཡང་དག་པར་སྨིན་པ			completely matured intelligence
བློ་གྲོས་ཡངས་པ			extensive intelligence; p.n. of a Bodhisattva [the main interlocuter in the fifth chapter of the Saṃdhinirmocana-sūtra]
བློ་གྲོས་ཞི་བ			peaceful intelligence; pacified intelligence
བློ་གསལ			clear intellect
བློ་གསལ་གླིང			Lo-sel-ling College of Dre-pung Monastic University
བློ་གསལ་ལིང			Lo-sel-ling ("Lucid Intelligence") College of Dre-pung Monastic University
བློ་གསར			new awareness(BR)
བློ་གསར་མིག་འབྱེད			opener of the eye of new awarenesses(BR)
བློ་གཏེར			treasury of wisdom(BR)
བློ་ཁ་མ་ཕྱོགས			has not turned the mind (towards)(BJ 70.5)
བློ་ཁ་ཕྱོགས་པ			directed
བློ་ཀུན་རྫོབ་པ			conventional awareness
བློ་ལ་འཛིན			memorize
བློ་ལ་སྣང་བའི་དབང་གིས་བཞག་པ			posited by the force of appearing to the mind
བློ་ལྡན			[intelligence-possessing]; the intelligent; the wise; an epithet of Bodhisattvas
བློ་ལྡན་པ			[intelligence-possessing]; the intelligent; the wise; an epithet of Bodhisattvas
བློ་ལྡོག་རྣམ་པ་བཞི			four reversals
བློ་ལྟ			awareness; mind
བློ་མཆོག་དང་ལྡན་པ			endowed with the highest intelligence
བློ་མཆོག་གི་བདེ་བ			happiness of the highest intelligence
བློ་མངོན་གྱུར་པ			manifest awareness
བློ་ངན			doubt; bad intelligence
བློ་ཕྱིན་ཅི་ལོག			mistaken awareness
བློ་རབ་ཏུ་གནས་པ			abide in awareness
བློ་རིག			Awareness and Knowledge
བློ་རིག་བདུན་དུ་དབྱེ་བ			division of knowledge and awareness into seven parts(BR)
བློ་རིག་གི་མཐའ་དཔྱོད			Investigation of the Limits of Pervasion With Respect to Awareness and Knowledge, by Lo-sang-da-yang (blo bzang rta dbyangs, 1867-1937), in The Collected Works of rJe btsun blo bzang rta mgrin; vol. 5 (New Delhi: Lama Guru Deva, 1975)
བློ་རིག་གི་རྣམ་བཞག			Presentation of Awareness and Knowledge, by Jam-yang-shay-ba ('jam dbyangs bzhad pa, 1648-1721), in The Collected Works of 'Jam dbyangs bzhad pa'i rdo rje, vol. 15 (New Delhi: Ngawang Gelek Demo, 1973)
བློ་རིག་གི་རྣམ་བཞག་ཉེར་མཁོ་ཀུན་འདུས་བློ་གསར་མིག་འབྱེད			Presentation of Awareness and Knowledge, Composite of All the Important Points, Opener of the Eye of New Intelligence, by Ge-shay Jam-bel-sam-pel (dge bshes 'jam dpal bsam 'phel), modern blockprint, n.p., n.d.
བློ་སྦྱོང			mind-training
བློའི་གཞན་སེལ			other-eliminator that is a mind; mental exclusion
བློའི་རྒྱུ			cause of awareness
བློའི་ཐ་སྙད			mental convention
བློའི་ཡུལ་དུ་བྱ་རུང་བ			suitable to be taken as an object of an awareness
བློན			minister
བློན་པོ་རིན་པོ་ཆེ			husband ?  (T)
བློས་བཞག་པ			posited by an awareness
བློས་རིག་པར་བྱ་བ			object of knowledge by a mind; (T) suitable to be known by an awareness
བློས་རྟོགས་པ			realized by an awareness  (T)
བལྟ			verb: to view; to look\n noun: view; false view
བལྟ་བ			view; look
བལྟ་བ་བྱའོ			you should view
བལྟ་བར་དཀའ			difficult to view
བལྟ་བྱ			viewing(TN)
བལྟམས			be born; be full
བལྟམས་པ			be born; be full
བལྟར་མེད			invisibility
བལྟས			verb: to view; to look\n noun: view; false view
བལྟས་པ			verb: to view; to look\n noun: view; false view
བལྟོས་པ			view; point of view(TN)
བལྟོས་པ་མེད་པ			not view; not look
བལྟོས་ས			place of relation; referent
བལྟོས་ས་ལ་བསྟོས་ནས			in relation to a particular referent(T3-93)
བླུན་པ			dull; foolish; stupid; deluded
བླུན་པོ			dull; foolish; stupid; deluded
བོ			boil over; spill; spill over
བོ་དེ་ལེའུ་ཅི			the Indian master Bodhiruci
བོབས			to descend; fall down; move downward
བོད			Tibet
བོད་པ			Tibetan [person]
བོད་སྒྲ			vocative particles (?)
བོད་སྐད			Tibetan language
བོད་སྔ་མ་དང་གཞན་ཕྱོགས			earlier Tibetans and other quarters
བོགས			enhancement
བོགས་འབྱིན་པའི་སྤྱོད་པ			deeds which issue forth from enhancement(TGP)
བོང་བུ			donkey; ass
བོང་ཚོད			size
བོར			to throw away; to give up or cast aside
བོར་བ			forsake
བྲ་བོ			a type of bean (two types: white and yellow, found inside a triangular fruit; plentiful in Tibet, Nepal, and India)
བྲག			echo
བྲག་ཅ			echo
བྲག་ཆ			echo
བྲག་ཆའི་སྤྱོད་ཡུལ་ལ་གནས་པ			abiding in the range of activity of an echo
བྲག་ཇ			echo
བྲག་ངོས			craggy cliff; the face of a cliff
བྲག་རྫོང			craggy cliff
བྲག་རི			stony mountain
བྲལ			separation; free from; lack; devoid; separate from
བྲལ་འབྲས			effect of separation
བྲལ་བ			separate; separation; free from; lack; devoid
བྲལ་བ་ཉིད			separation
བྲལ་བའི་འབྲས་བུ			effects of separation; separative effect; effect which is a state of separation
བྲལ་བའི་རང་བཞིན			free from inherent existence; nature of freedom
བྲལ་བའི་ཡོན་ཏན			good qualities of separation
བྲལ་བར་བགྱིད་པ			separate; free; disjoin
བྲལ་བར་བྱ་བ			separation; free from
བྲམ་ཟེ			brāhman; Brahmin
བྲམ་ཟེ་ཆང་མི་བཏུང་བ			Brahmins do not drink beer
བྲམ་ཟེའི་རིགས			Brahmin lineage; Brahmin family
བྲན			servant
བྲན་དང་འདྲ་བ			like a servant
བརྡ			terminology; term; language
བརྡ་འདོགས་པའི་གཞི			basis of designation by verbal conventions(BJ 77.2)
བརྡ་བྱས་པ			linguistic referentiality; referentiality
བརྡ་དང་སྒྲ			terms and sounds
བརྡ་དབང			force of terminology
བརྡ་ལ་འདྲིས་པའི་རྗེས་སུ་ཞུགས་པ			engage in acquaintance with terminology
བརྡ་ལ་བྱང			trained in language
བརྡ་ལ་བྱང་བའི་སྐྱེས་བུ			languaged person; person trained in language
བརྡ་ལ་མ་བྱུང་བའི་བྱིས་པ			a child not versed in terminology
བརྡ་ལས་བྱུང་བའི་སེམས་བསྐྱེད་པ			produce a mind that is versed in terminology
བརྡ་སྦྱར་པ			connecting the terminology [to the object for the first time]
བརྡ་སྤྲོད་པ			expound; make distinctions of terms; explain words
བརྡའ			terminology; communication
བརྡའ་སྦྱོར			terminological connection
བརྡབ་པ			to hit; to clap
བརྡད་བ			rub
བརྡར			terminology; term; rubbing(BJ 11.2); rubbed
བརྡར་བཏགས			impute terminology
བརྡེག་འཆའ			[beat-make]; torment; to slip; fall
བརྡེག་པ			beat
བརྡོས			swollen; swell
བརྡོས་བཅས			[swollen-having]; swollen; bursting; bubbly
བརྡུལ			dust
བརྡུང			to beat
བརྡུང་བ			to beat
བརྫབ			obscure; conceal; hide; fake; appear as if real
བརྫབས			obscure; conceal; hide; fake; appear as if real
བརྫང			send; send off; dispatch
བརྫངས			send; send off; dispatch
བརྫི་བ			affected
བརྫུན			falsity; lie; false; counterfeit; lying
བརྫུན་དུ་སྨྲ་བ			lying; lie
བརྫུན་དུ་སྨྲ་བ་ལས་ལྡོག་པའི་ཡོན་ཏན			qualities that are reversed from lying
བརྫུན་གྱི་ཚིག			false words; lie
བརྫུན་པ			falsity; false; counterfeit; lying
བརྫུན་པར་གྲགས			renowned as false
བརྫུན་པར་གྲུབ་པ			falsely established
བརྫུས་པ			spontaneous birth
བརྫུས་ཏེ་སྐྱེ་བ			spontaneous birth
བྲེ་པ			spread out; enveloped
བྲེང			series; (T) garland
བྲེང་ཆགས་སུ			[series-formed-ly]; continuously
བྲེས་པ			spread out; enveloped
བརྒལ			cross over; objection; object; disputation
བརྒལ་བ			cross over; objection; object; disputation
བརྒལ་བ་དང་ལན			objections and answers
བརྒལ་དཀའ་བའི་ཟམ་པ			bridge difficult to cross
བརྒལ་ལན			answers to objections; objections and answers
བརྒལ་ནས			having crossed over; having objected/debated
བརྒལད			cross over; object; controversy; objection
བརྒྱ			hundred
བརྒྱ་འགྱུར་གྱིས་ལྷག་པ་ཡིན་པས			since it is a hundredfold greater than
བརྒྱ་བྱིན			śakra; Shakra [a name for Indra, the king of the gods in Hindu mythology]
བརྒྱ་བྱིན་ལ་སོགས་པ			Śakra and so forth
བརྒྱ་ཕྲག་བཅུ་གཉིས			twelve hundred
བརྒྱད			eight
བརྒྱད་པ			eighth
བརྒྱད་པ་ས			ground of the eighth
བརྒྱད་པའི་ས			eighth ground; level of the eighth
བརྒྱད་སྟོང་དོན་བསྡུས			[Dignāga's] Summary Meanings of the Eight Thousand Stanza Perfection of Wisdom Sūtra [prajñāpāramitāpiṇḍārtha / prajñāpāramitāsaṃgrahakārikā, brgyad stong don bsdus / shes rab kyi pha rol tu phyin ma bsdus pa'i tshig le'ur byas pa;P5207, vol. 94]
བརྒྱལ་བ			faint
བརྒྱལ་བ་ལ་སོགས་པའི་སྐབས			occasion/time of fainting and so forth
བརྒྱན་པ			adorned; decorate; ornament; beautify; wear
བརྒྱུད་འབྲས			indirect effect
བརྒྱུད་འགལ			indirect contraction/contradictories
བརྒྱུད་ཀྱི་ལྷན་ཅིག་བྱེད་རྐྱེན			indirect cooperative condition
བརྒྱུད་ཀྱི་ཉེར་ལེན			indirect substantial cause
བརྒྱུད་ལྡན			[lineage-possessing]; lineaged
བརྒྱུད་ལྡན་མཁས་པའི་དེད་དཔོན་བསྟེན			relied on captains who are scholars possessing the transmission
བརྒྱུད་མར			indirect; lineaged; successive
བརྒྱུད་ནས་སྐྱེད་བྱེད			indirect producer
བརྒྱུད་པ			indirect; lineaged
བརྒྱུད་རྒྱུ			indirect cause
བྲི			diminishment; decrease; lessen; (T) write
བྲི་བ			decrease; write
བྲི་བ་འམ་འཕེལ་བ་མི་མཐོང་བ			not perceive decrease or increase
བྲི་བ་མེད་ཅིང་འཕེལ་བ་མེད་པ			neither decrease nor increase
བྲི་བར་བྱའོ			will/should decrease
བྲི་མེད			non-decrease
བྲི་མེད་ཅིང་འཕེལ་བ་མེད་པ			neither non-decrease nor non-increase
བྲིས་བ			write; draw(ing); writing
བྲིས་པའི་རི་མོ			draw a picture
བརྗེ			to switch out of; to exchange
བརྗེད			forget; forgetfulness(DK 5.9)
བརྗེད་བྱང			Purification of Forgetfulness
བརྗེད་ཀྱིས་དགོས་པ			fear of forgetting
བརྗེད་ངེས་པ			forgetfulness
བརྗེད་པ			forget; forgetfulness
བརྗེད་པར་བྱས་ན			forget; forgetfulness
བརྗེས			to switch out of; to exchange
བརྗིད			shine; glitter
བརྗིད་པ་བགྱིས་པར་འགྱུར			shine; glitter
བརྗོད			describe; express; to speak; say; to express; state; expression; statement
བརྗོད་འདོད་ཀྱི་ཀུན་ལོང			speaker's intention
བརྗོད་བྲལ			unpredictable
བརྗོད་བྱ			subject of expression; object expressed; subject; object of expression; subject matter; topic expressed; object verbalized; explicit teaching
བརྗོད་བྱ་དོན་གྱི་དྲང་ངེས་འབྱེད་པ			differentiating the interpretable and the definitive on the level of the meaning that is expressed within the scriptures
བརྗོད་བྱེད			expressor; expressive; means of expression
བརྗོད་བྱེད་ཀྱི་སྒྲ			expressive sounds
བརྗོད་དོན			meaning expressed; meaning communicated
བརྗོད་དུ་མ་མཆིས་པ			inexpressible; ineffable
བརྗོད་དུ་མེད			inexpressible; ineffable
བརྗོད་དུ་མེད་པ			inexpressible; ineffable
བརྗོད་དུ་མེད་པའི་དངོས་པོ			inexpressible things
བརྗོད་ཀྱིས་མི་ལང་བ			inexpressible
བརྗོད་མཛད			state; indicate; express
བརྗོད་མེད			inexpressible; not expressed; ineffable; not stated
བརྗོད་པ			verbalization; expression; speak; say; express; state
བརྗོད་པ་བྱེད			expressor
བརྗོད་པ་མཛད			speak; spoken; express; state; expressed; stated
བརྗོད་པ་མཉམ་པ་ཉིད			sameness of expressions
བརྗོད་པ་སྨྲ་བ			proponent of expressions
བརྗོད་པ་ཙམ་དུ			mere statement; mere expression
བརྗོད་པའི་བག་ཆགས			predispositions of verbalization
བརྗོད་པའི་ཀུན་རྫོབ			verbal conventionalities; expressional conventionality
བརྗོད་པའི་རྣམ་པ			aspects of expression
བརྗོད་པར་བྱ			what is to be expressed; subject matter
བརྗོད་པར་བྱ་བ་ལ			with respect to what is to be expressed
བརྗོད་པར་བྱ་བ་མ་ཡིན			inexpressible; ineffable
བརྗོད་པར་བྱ་བ་མ་ཡིན་པ་ཉིད			inexpressibility; ineffability
བརྗོད་པར་བྱའོ			should be expressed
བརྗོད་པར་ཟད			speak; say; express; state
བརྗོད་ཟིན			already explained; already explain; previously explained(LG 30.3)
བརྐམ་པ			desire; greed
བརྐྱང			extend
བརྐྱང་མ			left channel
བརྐྱངས			extend
བརླག			destroy; demolish; lose; crush; grind; harm
བརླགས			destroy; demolish; lose; crush; grind; harm
བརླན			wet; damp [quality of water]
བརླང་པ			rough
བརྣབ་སེམས			covetousness
བརྣན			emphasize ? (T)
བརྙན			image (?)
བརྙེད			verb: find; gain; discover\n noun: goods; property; profit
བརྙེག			refers to; referent
བརྙེས			verb: find; gain; discover\n noun: goods; property; profit
བརྙེས་ནས			having found; having gained
བརྙེས་པ			find; gain; discover; get; goods; property; profit
བརྙོན་མེད་དུ			undeniably
བརྟག			verb: examine; analyze; investigate\n noun: conceptuality; thought; conceptual consciousness; imputation; chapter
བརྟག་གཉིས			The Two Chaptered (= Hevajratantra)
བརྟག་མི་ནུས་པ			not able to investigate
བརྟག་པ			inquiry; investigate; analyze; examine; sustain
བརྟག་པ་མཐའ་བཟུང་དུ			in a hypothetical way
བརྟག་པ་མཐའ་བཟུང་དུ་ལམ་གྱི་ནུས་མཐུ་བསྟན་པ་ཡིན་ན			if this indicates the strength of the path in a hypothetical way ...(TGP 64)
བརྟག་པར་བྱ			to investigate; analyze; examine
བརྟགས			investigate; examine; analyze; impute; imagine; designate
བརྟགས་མི་ནུས་པ			not able to investigate; unanalyzable
བརྟགས་ནས			having investigated/analyzed/imputed/imagined/designated
བརྟགས་པ			analyze; investigate; examine; imputed; imaginary
བརྟགས་པ་མཁས་པ་འཛངས་པས་རིག་པ			discerned by the wise
བརྟགས་པ་ཙམ			merely imputed
བརྟགས་པའི་བདག་ཉིད			imputed entity
བརྟགས་པར་དཀའ་བའི་ཤིན་སྦྱངས			pliancy difficult to analyze
བརྟགས་པར་སླ་བའི་ཤིན་སྦྱངས			pliancy easy to analyze
བརྟན			adjective: stable; firm; steadfast\n verb: have faith in; believe in; trust
བརྟན་བྱེད			make firm; make steady
བརྟན་ཆགས་པར་གནས་པ་མེད་ན་ནི			if one does not abide steadily...(TGP 25)
བརྟན་གཡོ			inanimate and animate; stable and the moving
བརྟན་གཡོའི་ཚད			measure of relative fluxation
བརྟན་མེད་གཡོ་བ			unstable; not firm
བརྟན་པ			steadiness\n adjective: stable; firm; steadfast\n verb: have faith in; believe in; trust
བརྟན་པའི་ཚུལ་ཁྲིམས			stable ethics; firm ethics
བརྟན་པར			firmly; steadily
བརྟན་པར་མི་འགྱུར་པའི་རྫས་ཡོད			substantial existent in the sense of being statically unchanging
བརྟན་པོ			firm; steady
བརྟན་པོར་གནས་པ་དེས་མི་རྙེད་ལ			a steady dwelling is not gained by that(TGP 25)
བརྟན་རྣམས			steadily cognized
བརྟེན			depend; rely; resort to; support
བརྟེན་བྱེད			rely on; depend on
བརྟེན་ཅིང			depending upon; relying on
བརྟེན་ནས			depending upon; relying upon
བརྟེན་ནས་བརྟགས་པ			imputed dependently; dependent designation
བརྟེན་ནས་བཏགས་པ			imputed dependently
བརྟེན་ནས་གདགས་པ			imputed dependently; dependent designation(N)
བརྟེན་པ			dependent; supported; in the sense of
བརྟེན་པའི་ཆོས			dependent attributes
བརྟེན་པར་བྱའོ			one should depend; one should rely
བརྟེན་པར་བྱེད			make firm; stabilize
བརྟེན་པར་བྱེད་པ			make firm; stabilize; basis
བརྩད་པ			dispute(S); debate; objection
བརྩད་པའི་གཞི			basis of dispute
བརྩམས			based; beginning; composition(BJ 9.4); to be based [on]
བརྩམས་གཞི			bases of composition
བརྩམས་ནས			beginning with; stemming from(BJ 29.2)
བརྩམས་པ			beginning; begin; composition
བརྩམས་ཏེ			beginning; composition
བརྩེ			noun: mercy; love; kindness\n verb: feel mercy; pity
བརྩེ་བ			noun: mercy; love; kindness\n verb: feel mercy; pity
བརྩེ་བ་ཅན			merciful; loving
བརྩེ་བ་དང་བཅས་པ			merciful; loving
བརྩེ་བ་དང་ལྡན་པ			merciful; loving
བརྩེ་བ་མེད་པ			merciless; without mercy
བརྩེ་བ་ཡིད་ལ་བྱེད་པ			merciful mental contemplation; mental contemplation of mercy
བརྩེ་བའི་བདག་ཉིད			merciful nature
བརྩེ་བའི་ཡོན་ཏན			quality of empathy
བརྩེ་བས་བྱམས་པ			love due to mercy (T)
བརྩེ་བས་སྦྱིན་པ			mercifully giving  (T)
བརྩེ་བས་སྦྱིན་པ་ལ་རྗེས་སུ་སྟོན་པ			teaching of merciful giving  (T)
བརྩེ་བས་སྡུག་བསྔལ་ཁས་ལེན་པ			assert suffering with mercy  (T)
བརྩེ་དང་ལྡན་པ			merciful
བརྩེ་ལྡན			merciful
བརྩེགས			piled up
བརྩེགས་པ			piled up
བརྩེར་བཅས			merciful; loving
བརྩེས			verb: feel mercy; pity; love\n noun: mercy; love; kindness
བརྩི			to reckon; calculate; to hold as important
བརྩིས			to reckon; calculate; to hold as important
བརྩོད			dzö (crossbreed of a yak and a cow) which has long, narrow straight horns
བརྩོན			verb: to endeavor; make effort; strive; exert oneself\n noun: effort; endeavor; exertion
བརྩོན་འགྲུས			effort; diligence; zeal; industry
བརྩོན་འགྲུས་བརྟན་པ			stable effort
བརྩོན་འགྲུས་བརྩམས་པ			initiate effort; begin making effort
བརྩོན་འགྲུས་ཅན			having effort; dillegent
བརྩོན་འགྲུས་ཆེན་པོ་རྩོམ་པ			the great effort of composition ?  (T)
བརྩོན་འགྲུས་དང་ལྡན་པ			having effort; dilligent
བརྩོན་འགྲུས་དྲག			fierce effort; violent effort
བརྩོན་འགྲུས་ཀྱི་དབང་པོ			faculty of effort; power of effort
བརྩོན་འགྲུས་ཀྱི་གོ་སྒྲུབ			achieving through the armor of effort
བརྩོན་འགྲུས་ཀྱི་ཕ་རོལ་ཏུ་ཕྱིན་པ་དང་ལྡན་པ			having the perfection of effort; with the perfection of effort
བརྩོན་འགྲུས་ཀྱི་ཕར་ཕྱིན			perfection of effort
བརྩོན་འགྲུས་ཀྱི་ཚོགས་སྒྲུབ			achieving through the collection of effort
བརྩོན་འགྲུས་ལ་བརྟེན་ནས			in dependence upon effort
བརྩོན་འགྲུས་ལ་བརྟེན་པ			in dependence upon effort
བརྩོན་འགྲུས་ལ་སོགས་པ་ལ་སྦྱོར་བ			application/engagement in effort, etc.
བརྩོན་འགྲུས་མཆོག			supreme effort; highest effort
བརྩོན་འགྲུས་ན་གྲོགས་སུ་གྱུར་པ			effort assists ... (T)
བརྩོན་འགྲུས་ཉམས་པ			degenerated effort
བརྩོན་འགྲུས་པ			effort; diligence; zeal; industry
བརྩོན་འགྲུས་ཕ་རོལ་ཕྱིན			perfection of effort
བརྩོན་འགྲུས་རྩོམ་པ			initiate effort; begin making effort
བརྩོན་འགྲུས་ཐ་མ་དང་འབྲིང་དང་མཆོག			final, middling, and supreme effort
བརྩོན་འགྲུས་ཡོངས་སུ་ཤེས་པར་བྱ			one should know this through effort (T)
བརྩོན་འགྲུས་ཞན་པ			small effort; inferior effort
བརྩོན་བྱེད			to endeavor; make effort; strive; exert oneself
བརྩོན་གྱུར			endeavor; effort
བརྩོན་ལྡན			having effort; dilligent
བརྩོན་པ			verb: to endeavor; make effort; strive; exert oneself\n noun: effort; endeavor; exertion
བརྩོན་པ་བགྱིད་པར་འགྱུར་རོ			endeavor; make effort; strive; exert oneself
བརྩོན་པ་བྱེད			to endeavor; make effort; strive; exert oneself
བརྩོན་པ་ཆེར་བྱེད			to endeavor; make effort; strive; exert oneself
བརྩོན་པ་ཆེར་མཛད་དོ			to endeavor; make effort; strive; exert oneself
བརྩོན་པ་དང་བཅས་པ			having effort; dilligent
བརྩོན་པ་མ་གཏང་བ			non-abandoned effort; p.n. of a Buddha
བརྩོན་པ་མཛད་དོ			to endeavor; make effort; strive; exert oneself
བརྩོན་པ་མི་བཏང་བ			non-abandoned effort; p.n. of a Buddha
བརྩོན་པ་མི་གཏོང་བ			non-abandoned effort; p.n. of a Buddha
བརྩོན་པའི་དགོས་པ་ཡིན			the necessity for effort
བརྩོན་པའི་མཐུ			force of effort
བརྩོན་པའི་རབ			fierce effort; violent effort
བརྩོན་པའི་རང་བཞིན			nature of effort
བརྩོན་པའི་སྟོབས			force of effort
བརྩོན་པར་འགྱུར			make effort; exert oneself; endeavor
བརྩོན་པར་བྱ			will endeavor; will make effort; will exert oneself
བརྩོན་པར་བྱའོ			should endeavor; should make effort
བརྩོན་པར་བྱས་པ			to endeavor; make effort; strive; exert oneself
བརྩོན་པར་བྱེད་དོ			to endeavor; make effort; strive; exert oneself
བརྩོན་པར་རུང			suitable as effort; suitable effort
བརྩོན་རབ			fierce effort; violent effort
བརྩོན་ཏེ			making effort
བརྩོན་ཞིང་འཚོལ་བ			make effort and seek
བརྟུལ་བ			disciplined
བརྟུལ་ཞུགས			conduct; modes of conduct
བསབ			complete; fill out
བསབས			complete; fill out
བསད			killing; kill; murder
བསད་བྱ			person killed
བསད་པ་གྱུར་པ			killing; kill
བསད་པར་བྱ་བར་འགྱུར་བ			killing; kill
བསད་པར་གྱུར་པ			killing; kill
བསག			accumulate
བསགས			accumulate
བསགས་པ			composite; accumulate
བསགས་པ་རྗེས་སུ་དྲན་པས་དགའ་བ་ཡིད་ལ་བྱེད་པ			since one remembers the collections, there is the mental engagement of joy (T)
བསལ			clear away; remove; throw off; eradicate; separate
བསལ་བ			clear away; remove; throw off; eradicate; separate; the "thesis" [of a consequence]
བསལ་བ་སོང			you have come to accept the "thesis" [of the consequence]
བསལ་བར་བྱ་བ་ཡིན			is an object of removal; will clear away/remove/throw off/eradicate/separate
བསལ་བར་གྱུར			clear away; remove; throw off; eradicate; separate
བསལ་བྱ			object of removal; that which should be cleared away/removed/thrown off/eradicated/separated; should be cleared away/removed/thrown off/eradicated/separated
བསལ་བྱ་ལོག་སྒྲུབ			wrong achievings to be avoided; perverse achieving of that which is to be avoided
བསལ་དགོས			ought to clear away/remove/throw off/eradicate/separate
བསལ་ནས			having cleared away/removed/thrown off/eradicated/separated
བསམ			verb: think; contemplate\n noun: thought
བསམ་བྱུང			arisen from thinking; arisen from thought; arisen from contemplation
བསམ་དུ་མེད			inconceivable; unthinkable
བསམ་གཏན			concentration
བསམ་གཏན་བདེ་བ			bliss of concentration
བསམ་གཏན་བཞི			four concentrations(N)
བསམ་གཏན་བཞི་པ			fourth concentration
བསམ་གཏན་དང་ལྡན་པ			endowed with concentration
བསམ་གཏན་དང་པོ			first concentration
བསམ་གཏན་དང་པོའི་དངོས་གཞི་ཁྱད་པར			special actual basis of the first concentration
བསམ་གཏན་དང་པོའི་དངོས་གཞི་ཙམ			mere actual basis of the first concentration
བསམ་གཏན་དང་པོའི་དངོས་གཞིའི་སྙོམས་འཇུག་ཁྱད་པར་ཅན			special absorption of an actual first concentration
བསམ་གཏན་དང་པོའི་དངོས་གཞིའི་སྙོམས་འཇུག་ཙམ་པོ་བ			mere absorption of an actual first concentration; actual absorption of a mere first concentration
བསམ་གཏན་དང་རྣམ་པར་ཐར་པ་དང་ཏིང་ངེ་འཛིན་དང་སྙོམས་པར་འཇུག་པ་མཁྱེན་པའི་སྟོབས			power of an exalted knower of concentration, liberation, meditative stabilization, and meditative absorption
བསམ་གཏན་དང་ཤེས་རབ			concentration and wisdom
བསམ་གཏན་དང་ཏིང་ངེ་འཛིན་ཐོབ་པ			attain the meditative stabilization of the concentration(s)
བསམ་གཏན་དང་ཟག་པ་མེད་པའི་སྡོམ་པ			concentration and uncontaminated vows (T)
བསམ་གཏན་དགེ་བ			virtuous concentration; virtue of the concentration(s)
བསམ་གཏན་གཉིས་པ			second concentration
བསམ་གཏན་གསུམ་པ			third concentration
བསམ་གཏན་གྱི་བདེ་བ་དག་ལ་མ་ཆགས་པ			not attached to the blisses of the concentration(s)
བསམ་གཏན་གྱི་བདེ་ལ་རོ་མྱང་མེད་ཉིད			non-experience of the blissful taste of the concentration(s)
བསམ་གཏན་གྱི་དོན་དུ་བརྩོན་པར་འགྱུར			effort for the sake of the concentration(s)
བསམ་གཏན་གྱི་གོ་སྒྲུབ			achieving through the armor of concentration
བསམ་གཏན་གྱི་ཕ་རོལ་ཏུ་ཕྱིན་པ			perfection of concentration
བསམ་གཏན་གྱི་ཕར་ཕྱིན			perfection of concentration
བསམ་གཏན་གྱི་སྡོམ་པ			concentrative discipline
བསམ་གཏན་གྱི་ཚོགས་སྒྲུབ			achieving through the collection of concentration
བསམ་གཏན་གཟུགས་མེད་མིན			non-formless concentration
བསམ་གཏན་ལ་དབང་ལ			power with respect to concentration(s)
བསམ་གཏན་ལ་དགའ			delight in the concentration(s)
བསམ་གཏན་ལ་གནས་པ			abide in the concentration(s)
བསམ་གཏན་ལ་མོས་པ			interest/belief/faith/inclination towards/zeal/keenness in concentration
བསམ་གཏན་ལས་བྱུང་བདེ་བ་མངལ			womb of bliss arisen from concentration
བསམ་གཏན་མངོན་པར་སྒྲུབ་པ			manifestly establish the concentration(s)
བསམ་གཏན་པ			concentrator; meditator
བསམ་གཏན་ཕ་རོལ་ཕྱིན			perfection of concentration; perfect concentration
བསམ་གཏན་ཕྱི་མ			Concentration Continuation Tantra
བསམ་གཏན་ས			level(s) of the concentrations
བསམ་གྱིས་ཁྱབ་པ			[thought-by-covered]; conceivable; thinkable
བསམ་གྱིས་མི་ཁྱབ			[thought-by-not-covered]; inconceivable; unthinkable
བསམ་གྱིས་མི་ཁྱབ་པ			[thought-by-not-covered]; inconceivable; unthinkable
བསམ་མི་ཁྱབ			inconceivable; inconceivability; unencompassable by thought
བསམ་ངོ་དང་བྲལ་བ			free from thought
བསམ་པ			verb: think; thinking; imagine; wish\n noun: attitude; thought; wish
བསམ་པ་འགལ			contradictory thought; contradictory with thought
བསམ་པ་དག་པ			pure thought
བསམ་པ་དང་བློ			thought and awareness
བསམ་པ་དང་ལྡན་པའི་སེམས་བསྐྱེད་པ			mind-generation having thought
བསམ་པ་དང་སྒོམ་པ			thought and meditation
བསམ་པ་དགའ་བ			joyful thought; delight in thought
བསམ་པ་དགུ་པོ			nine thoughts; ninth thought
བསམ་པ་དམན་པ			inferior thought
བསམ་པ་གཅིག་པ་ཉིད			oneness of thought
བསམ་པ་ཇི་བཞིན			literal thought; in accordance with thought
བསམ་པ་ལ་བསྟེན་པ			rely upon thought/contemplation
བསམ་པ་ལས་བྱུང་བའི་ཤེས་པ			consciousness arisen from thought/contemplation
བསམ་པ་མ་དག			impure thought
བསམ་པ་མ་གོས་པ			stainless thought
བསམ་པ་མཉམ་པ			same thought; sameness of thought
བསམ་པ་མཐུན་པ			concordant thought
བསམ་པ་ཉུང་ངུས་ཆོག་པར་འཛིན་པ			satisfied with a small thought  (T)
བསམ་པ་ཕུན་ཚོགས			excellent attitude
བསམ་པ་རྫོགས་པ			complete/perfect thought
བསམ་པ་རྫོགས་པར་བྱེད་དོ			fulfill/complete/perfect one's thought
བསམ་པ་རྒྱ་ཆེན་པོ			extensive thought
བསམ་པ་རླབས་པོ་ཆེ			great thought; great waves of thought
བསམ་པ་རྣམ་དག			pure thought
བསམ་པ་ཐག་པ			unusual attitude
བསམ་པ་ཐུགས་སུ་ཆུད་ནས			having known the thought
བསམ་པ་ཙམ་གྱི་ཆོག་པར་འཛིན་པ			satisfied by the mere thought/by only thought ?  (T)
བསམ་པ་ཡང་ནི་དག་པ			pure thought; purity of thought
བསམ་པ་ཡོངས་སུ་རྫོགས་པ			fulfill/complete/perfect one's thought
བསམ་པ་ཡོངས་སུ་རྫོགས་པར་བྱེད་དོ			fulfill/complete/perfect one's thought
བསམ་པའི་ཕྱིར			due to thought
བསམ་པའི་སྒོ་ནས			from the viewpoint of thought
བསམ་པར་བགྱིད་པ			conceivable; thinkable
བསམ་པར་བྱ་བ			think; imagine; wish; object of thought
བསམ་པར་བྱ་སྟེ			think; imagine; wish; object of thought
བསམ་པར་གྱིས			because of thought; one should think
བསམ་པས			due to thought; because of thought
བསམ་པས་ནི་རྟོགས་པར་བྱེད་པའི་སྒོ་ནས			from the viewpoint of realization by thought
བསམ་པས་ཟིན་པ་ཞི་བའི			of the pacification affected by thought; of the pacification done with thought  (T)
བསམ་ཡས			inconceivable; unthinkable
བསམ་ཡས་དཔག་ཏུ་མེད་པ			inconceivable and measureless
བསམས			verb: think; imagine; wish\n noun: thought; wish
བསམས་བཞིན			according to one's thought; spontaneously
བསམས་བཞིན་དུ་སྐྱེ་བ			arise spontaneously
བསམས་བཞིན་དུ་སྲིད་པར་སྐྱེ་བ			spontaneously arise in cyclic existence
བསམས་བཞིན་དུ་སྲིད་པར་སྐྱེ་བ			spontaneously arise in cyclic existence
བསམས་པ			verb: think; imagine; wish\n noun: thought; wish
བསམས་པ་ལས་བྱུང་བ			arisen from thought/thinking/contemplation
བསམས་པ་ལས་བྱུང་བའི་ཤེས་རབ			wisdom arisen from thinking/thought/contemplation
བསམས་པ་སེམས་པ			a mind thinking
བསྡད			to subsist; abide; stay; reside; sit; stop; dwell
བསྡམས			restrained; bound; bring together; collect; bind; tie; fasten vow; obligation
བསྡམས་པ་སྒོ			door of restraint; restraining door
བསྡམས་པར་འགྱུར			restrain; bind
བསྡིགས་པ			conquer; subdue
བསྡུ			collect; conclude; gather; include; abridge
བསྡུ་བ			collect; conclude; gather; include; abridge; Asaṅga's Compendium of Ascertainments (nirnaya-saṃgraha); "the Compendium"
བསྡུ་བ་དམན་པ་དང་འབྲིང་བ་དང་མཆོག			the small, middling, and great collections
བསྡུ་བའི་དངོས་པོ			collected things
བསྡུ་བར་ཚིགས་སུ་བཅད་པ			collected verses
བསྡུད			collect; conclude; gather
བསྡུམས			put together; bring together; make agree; conciliate
བསྡུས			in brief; collect; conclude; gather; include; abridge
བསྡུས་འགྲེལ			condensed commentary
བསྡུས་གྲྭ			Collected Topics of Prime Cognition; Collected Topics [on prime cognition]
བསྡུས་ནས			having collected/abridged/abbreviated/brought together
བསྡུས་པ			collect; compose; gather; include; abridge
བསྡུས་སྒོམ			collectively cultivating; meditatively cultivating collectively; collective meditative cultivation
བསེ་རུ			rhinoceros
བསེ་རུ་ལྟ་བུ			Rhinoceros-like
བསེ་རུ་ལྟ་བུ་རང་སངས་རྒྱས			Rhinoceros-like Solitary Realizer
༅བསེ་རུ་ལྟ་བུ༏་བསེ་རུ་ལྟ་བུའི་རང་རྒྱལ			Rhinoceros-like [Solitary Realizer]
བསེ་རུ་ལྟ་བུའི་རང་རྒྱལ			rhinoceros-like Solitary Realizers
བསེ་རུ་ལྟ་བུའི་རྟོགས་པ་སྔོན་དུ་སོང་བའི་རང་རྒྱལ་གྱི་མི་སློབ་ལམ			path of no more learning of Solitary Realizers who previously had the realizations of rhinoceros-like [Solitary Realizers]
བསྒོ			infuse; deposit; order
བསྒོ་བར			infuse; deposit; order
བསྒོ་བར་བྱེད			infuse; deposit; order; cause to infuse, etc.
བསྒོ་གཞི			basis of infusion/depositing
བསྒོམ			meditate; meditatively cultivate
བསྒོམ་པ			meditate; meditatively cultivate
བསྒོམ་པ་ལས་བྱུང			arisen from meditation
བསྒོམ་པ་ཐབས་ལ་བརྟེན་པ			meditation/cultivation relying upon method
བསྒོམ་པའི་ལམ			path of meditation
བསྒོམ་པར་བྱ་བ་མ་ཡིན་པ			not to be cultivated in meditation
བསྒོམ་པས་སྤང་བར་བྱ་བ			that which is to be abandoned by meditation; object of abandonment by meditation
བསྒོམས			meditate; meditatively cultivate
བསྒོམས་པ			meditate; meditatively cultivate
བསྒོམས་པ་ལས་བྱུང་བ			arisen from meditation
བསྒོམས་པ་ལས་བྱུང་བའི་ཤེས་རབ			wisdom arisen from meditation
བསྒོམས་པའི་ཉམས་ཡིད་ལ་འཆར་བ			a dawning to mind of meditative experience; a dawning to mind of spiritual experience from meditation
བསྒོམས་པའི་སྟོབས			power of meditation; power of having cultivated
བསྒོམས་པར་བྱ			to be cultivated; to be meditated on; that which is to be cultivated/to be meditated on
བསྒོམས་པས་ཐོབ་པའི་ལམ			path attained through meditation
བསྒོས			infuse; deposit; order
བསྒོས་པ			infuse; deposit; order
བསྒྲག			proclaim; declare; shout forth
བསྒྲགས			proclaim; declare; shout forth
བསྒྲགས་པ			proclaim; declare; shout forth
བསྒྲལ			liberate; save; free
བསྒྲལ་བ			liberate; save; free
བསྒྲལ་བ་བྱ་བ			liberate; save; free
བསྒྲལ་བར་བྱའོ			should/will liberate/free/save
བསྒྲལད			liberate; save; free
བསྒྲེང			raise
བསྒྲེངས			raise
བསྒྲིབ			obstruction; defilement; obstruct; defile
བསྒྲིབ་པར་འགྱུར་རོ			will obstruct/defile
བསྒྲིབས			obstruct; defile
བསྒྲིབས་ན			if/when obstructed/defiled
བསྒྲིབས་པ			obstruction; defilement; obstruct; defile
བསྒྲོལ་ཏེ			liberate; save; free; release
བསྒྲུབ			achieve; attain; accomplish; prove; complete
བསྒྲུབ་བྱ			probans; proof; means of proof
བསྒྲུབ་བྱ			probandum; proposition; proven; that which is to be proven; object being proven; thesis
བསྒྲུབ་བྱ་མཐར་ཐུག་གྲུབ་པ་ལ			in order to achieve the final object of achievement
བསྒྲུབ་བྱའི་ཆོས			predicate of the probandum; quality/predicate to be proved
བསྒྲུབ་ཅིང			achieve; attain; accomplish; prove; complete
བསྒྲུབ་ནས			having achieved/attained/accomplished/proved/completed
བསྒྲུབ་པ			achieve; attain; accomplish; complete; establish; prove
བསྒྲུབ་པའི་ས			ground of achievement
བསྒྲུབ་པར་འགྱུར			will achieve/attain/accomplish
བསྒྲུབ་པར་བྱའོ			will/should achieve/attain/accomplish
བསྒྲུབས			achieve; attain; accomplish; prove; complete
བསྒྲུབས་ནས			having achieved/attained/accomplish/proven/completed
བསྒྲུབས་པ			achieve; attain; accomplish; prove; complete
བསྒྲུན			compete; vie with
བསྒྱུར			transform; change; affect; control; form
བསྒྱུར་བ			transform; change; affect; control; form
བཤད			explanation; exposition; explain; set forth; explicate
བཤད་བྱ			object of explanation; what is to be explained(BJ 38.5)
བཤད་དགོས་པ			must explain
བཤད་དུ་ཅུང་ཟད་ཀྱང་མེད་དོ			not even explain a little
བཤད་ལུང			rational consciousness that has found the ultimate upon analysis; reading-transmission
བཤད་པ			explanation; exposition; explain; set forth; explicate
བཤད་པ་དག་ནི་ཀུན་ཏུ་འབྱུང			the source of explanations; explanations are the source  (T)
བཤད་པ་ལ			concerning the exposition ...
བཤད་པ་ལ་ཞུགས་པ			engage in explanation; enter into explanation  (T)
བཤད་པའི་འབྲས་བུ་ནི་རྣམ་པ་བརྒྱད			the fruit of explaining has eight aspects  (T)
བཤད་པའི་འབྲས་བུ་རྣམ་པར་དབྱེ་བ			differentiating/dividing the fruit of explanation  (T)
བཤད་པའི་ཆོས			the doctrine which is explained; doctrines which explain  (T)
བཤད་པའི་རྒྱུད			Explanatory Tantra [the second of the Four (Medical) Tantras]
བཤད་པའི་སྐབས			the occasion of explaning  (T)
བཤད་པར་བྱ			will explain; object of explanation
བཤད་པར་གྱུར་པ			explain; expound; set forth
བཤད་སྦྱར			a connected explanation
བཤད་ཟིན་ཏོ			(already) explained
བཤགས			confessed; conferred; revealed; lay open; explain; confess
བཤགས་པ			confession; disclosure
བཤམ			to arrange [as in to arrange offerings]; to prepare; set up
བཤམ་པ			to arrange [as in to arrange offerings]; to prepare; set up
བཤམས			layout; to arrange; arrangement; to prepare
བཤང་བ			feces
བཤེས			friend
བཤེས་གཉེན			[friend-relative]; spiritual friend; spiritual guide
བཤེས་གཉེན་ལྟ་བུའི་སེམས་བསྐྱེད			mind-generation like spiritual guide
བཤེས་གཉེན་མི་ལྡན			without a spiritual friend
བཤེས་གཉེན་པ			[friend-relative]; spiritual friend; spiritual guide
བཤེས་པ			friend
བཤེས་པའི་སྤྲིང་ཡིག			Friendly Letter, by Nāgārjuna (klu sgrub), P. 5682, vol. 129
བཤིབ			align
བཤིབས			align
བཤིག			destroy
བཤིག་པའི་སྟོང་པ			an emptiness which destroys
བཤོལ་བ་ལ་ཆགས་པ			attachment to idleness; attachment to procrastination  (T)
བཤོར			bristly
བཤུ			to peel; to transcribe
བཤུལ			journey; roadway; (T) passageway
བཤུས			to peel; to transcribe
བསིལ			cool
བསིལ་བ			cool; be cooled
བསིལ་བ་ཐོབ་པར་བྱེད་པ			obtain coolness
བསྐ་བ			astringent
བསྐལ་བཟང་རྒྱ་མཚོ			Kel-sang-gya-tsho [1708-1757, the Seventh Dalai Lama]
བསྐལ་དོན			supersensory object
བསྐལ་མཆོག			supreme eon
བསྐལ་པ			eon; aeon; age
བསྐལ་པ་བྱེ་བ་སྟོང			thousand ten million eons
བསྐལ་པ་ཆེན་པོ			great eon
བསྐལ་པ་དཔག་མེད			immeasurable/uncalculable eons
བསྐལ་པ་གང་གཱའི་ཀླུང་གི་བྱེ་མ་སྙེད			as many eons as there are grains of sand in the Ganges
བསྐལ་པ་གྲངས་མ་མཆིས་པ			innumerable/incalculable eons
བསྐལ་པ་གྲངས་མེད			innumerable/incalculable eons
བསྐལ་པ་གྲངས་མེད་འདའ་བ			passage of countless/innumerable eons
བསྐལ་པ་གྲངས་མེད་པ་གསུམ			three periods of innumerable/incalculable eons
བསྐལ་པ་མང་པོ			many eons
བསྐལ་པ་སྟོང་ཕྲག་དུ་མ			many thousands of eons
བསྐལ་པའི་མེ་འབར་བ			blazing fire [at the end] of an eon
བསྐམ			dry; dry up; wither
བསྐང			fill; fulfill; complete
བསྐངས			fill; fulfill; complete
བསྐོ་བ			order; command
བསྐོར			encircle; surround; revolve; circumambulate; turn round; turn [a wheel]
བསྐོར་བ			encircle; surround; revolve; circumambulate; turn round; turn [a wheel]
བསྐོར་བ་བྱས་ནས			having circumambulated/ encircled/ surrounded/ revolved/turned
བསྐོར་བར་བྱ			encircle; surround; revolve; circumambulate; turn round; turn [a wheel]
བསྐོར་བྱས་ནས			having circumambulated/ encircled/ surrounded/ revolved/turned
བསྐོར་པ			encircle; surround; revolve; circumambulate; turn round; turn [a wheel]
བསྐྲད			expel
བསྐྲུན			make; form; produce
བསྐྲུན་པ			craft; make; form; produce
བསྐུལ			rouse; arouse; entreat; urge on; incite; urge; exhort
བསྐུལ			rouse; arouse; entreat; urge on; incite; urge; exhort
བསྐུལ་བ			rouse; arouse; entreat; urge on; incite; urge; exhort
བསྐུལ་བར་བྱེད			arouse; entreat; urge on; incite; urge; exhort; cause to arouse
བསྐུལ་ཅིང			arouse; entreat; urge on; incite; urge; exhort
བསྐུལ་མ			exhortation; entreaty; urging on; inciting; urging
བསྐུལ་མ་མཛད་པ་བཞིན			in accordance with the exhortation/urging
བསྐུལ་ན			if/when dispatched/aroused/entreated/urged on/incited/urged/exhorted
བསྐུམ			to contract; draw in; withdraw; bend [as in bending limbs]
བསྐུམས			to contract; draw in; withdraw; bend [as in bending limbs]
བསྐུར			bestow; make someone carry; send
བསྐྱབ			protect; defend; guard
བསྐྱབ་པར་བྱ་བའི་སེམས་ཅན་ཡལ་བར་བོར			abandon/neglect sentient beings who are to be protected
བསྐྱང			keep; sustain; maintain; protect; guard
བསྐྱངས			keep; sustain; maintain; protect; guard
བསྐྱེད			generate; produce; engender
བསྐྱེད་འབྲས			effect of production
བསྐྱེད་བྱ			object produced; that which is produced
བསྐྱེད་བྱེད			producer
བསྐྱེད་ཅིང			generate; produce; engender
བསྐྱེད་ཅིང་ཡོངས་སུ་བསྔོ་བ			generate and thoroughly dedicate; produce and thoroughly dedicate; engender and thoroughly dedicate
བསྐྱེད་དེ			produce; generate; engender
བསྐྱེད་ནས			produce; generate; engender
བསྐྱེད་པ			generate; produce; engender
བསྐྱེད་པའི་འབྲས་བུ			effects that are produced
བསྐྱེད་པར་འགྱུར			produce; generate; engender
བསྐྱེད་པར་བགྱིད			produce; generate; engender
བསྐྱེད་པར་བྱ་བ			that which is/is to be produced/generated/engendered
བསྐྱེད་པར་བྱའོ			will produce/generate/engender; should produce/generate/engender; that which is/is to be produced/generated/engendered
བསྐྱེད་པར་བྱས་ལ			produce; generate; engender
བསྐྱེད་པར་བྱེད་དེ			increase
བསྐྱེད་པར་བྱེད་པ			producer; generator; engenderer; creator
བསྐྱེད་པར་མཛད་པ			producer; generator; engenderer; creator
བསྐྱེད་རིམ			stage of generation; generation stage
བསྐྱོད			arouse; stir; move; cause to go
བསྐྱོད་མི་ནུས་སོ			cannot be moved; cannot be shaken; cannot be deflected; cannot move
བསྐྱོད་པ			arouse; stir; move; cause to go
བསྐྱོད་པར་མི་ནུས			unmovable; unshakeable
བསྐྱུད་པ			loss; forgetfulness
བསླབ			to learn; teach; train in
བསླབ་བཏུས			[teaching-collection]; Śāntideva's Compendium of Instruction, P 5336, vol. 102
བསླབ་བྱ			advice; precepts; instruction; that which is to be taught
བསླབ་པ			training; learning; learn; teach; train in
བསླབ་པ་གསུམ			threefold training(N)
བསླབ་པ་ཀུན་ལས་བཏུས་པའི་ཚིག་ལེའུར་བྱས་པ			[teaching-collection]; Śāntideva's Compendium of Instruction, P 5336, vol. 102
བསླབ་པ་མ་ཡིན			non-learner; non-learning; non-training
བསླབ་པ་མཉམ་པ			sameness of training
བསླབ་པ་རྣམས་དང་བསྒོམས་པ་ཡི་འབྲས་བུ			fruit of trainings and meditations
བསླབ་པ་སྦྱིན་པ			giver of teachings
བསླབ་པའི་འབྲས་བུ་རྣམ་པ་བཞི			four aspects of training; (T) the fourfold effects/fruits of training
བསླབ་པའི་གཞི			basis of training
བསླབ་པའི་ཚུལ			mode of training; how to train(DASI 552.6)
བསླབ་པར་བྱ་བ			object of training; will train
བསླབ་པར་བྱའོ			one should train; you should train
བསླབས			to learn; teach; train in
བསླབས་ནས			having trained
བསླད་པ			pollution; affected by(BJ 60.4)
བསླང			motivate; ask; beg; collect; gather; raise; cause to rise; inspire; excite; arouse; urge on
བསླང་བ			motivate; ask; beg; collect; gather; raise; cause to rise; inspire; excite; arouse; urge on
བསླངས			motivate; ask; beg; collect; gather; raise; cause to rise; inspire; excite; arouse; urge on
བསློད་བྱེད			pollutant
བསླུ་བ			controvertible; deceptive
བསླུ་བ་མེད་པ			[deceive-not-exist]; inevitable; without deceiving; non-deceptive; incontrovertible
བསླུ་བའི་ཆོས			deceptive phenomenon
བསྣམ			carry; brandish; take up; add
བསྣམས			carry; take up; grasp; brandish; add
བསྣམས་པ			carry; take up; grasp; brandish; add(Gön-chok)
བསྔགས			to praise
བསྔགས་པ			praise
བསྔགས་པ་མི་སྟོན་ཏེ			(C)praises
བསྔོ			dedicate
བསྔོ་བ			dedicate
བསྔོ་བ་ཆུང་ངུ			small dedication
བསྔོ་བ་སྒོམ་ལམ			[Great Vehicle] path of meditation of dedication
བསྔོ་བ་ཡིན			dedicate
བསྔོ་བགྲང			review
བསྔོ་ཡིན			dedicate
བསྔོས			dedicate
བསྣུན་པ			focusing on (?)
བསྙད			emphasize; explain
བསྙད་པ			emphasize; explain
བསྙེལ་བ			forgetfulness
༅བསྙེལ་བ་མི་མངའ་། བསྙེལ་བ་མི་མངའ་བ			not endowed with forgetfulness/ not having forgetfulness
བསྙེམས་པ			haughty
བསྙེན་བཀུར			respect; reverence; veneration; serve and venerate
བསྙེན་བཀུར་བགྱིས་པར་འགྱུར			pay respect to; revere; venerate
བསྙེན་བཀུར་བྱ་བ			respect; reverence; veneration
བསྙེན་བཀུར་བྱས			respect; reverence; veneration; serve and venerate
བསྙེན་བཀུར་བྱས་ན			respect; reverence; veneration
བསྙེན་བཀུར་བྱས་པ			respect; reverence; veneration
བསྙེན་བཀུར་བྱེད			respect; reverence; veneration; pay respect; venerate; serve and venerate
བསྙེན་བཀུར་བྱེད་པ			respect; reverence; veneration; pay respect; venerate
བསྙེན་པ			approximation
བསྙེན་པར			approximate; near
བསྙེན་པར་བྱ			approximate
བསྙེན་པར་བྱེད་པ			approximate
བསྙེན་པར་གྱིས			approximate
བསྙེན་ཏེ			approximate; near
བསྙོན			deny; tell a lie; disavow falsely; lie\n noun: lie
བསྙོན་འཛུགས			accuse falsely; assert falsely
བསྙོན་བཙུགས			accuse falsely; assert falsely
བསྙོན་བཙུགས			[lie-set]; accuse falsely; assert falsely
བསྙོན་དུ་མེད			undeniably(N)
བསྙོན་གཟུགས			accuse falsely; assert falsely
བསྙོན་མེད་དུ			[deny-not exist-as]; undeniably
བསྙོན་མི་ནུས་པ			undeniably
བསྙོན་ཚུགས			accuse falsely; assert falsely
བསྙོནད			deny; to tell a lie
བསྙུང་བར་གནས་པ			fasting
བསྙུང་བར་གནས་པ་ལ་སོགས་པས་གདུངས་ལ			they torment themselves by abiding in fasting and so forth(TSV 68a)
བསོད་ནམས			merit; virtue; meritorious
བསོད་ནམས་བགྱི་བའི་དངོས་པོ			phenomenon of meritorious work
བསོད་ནམས་བྱ་བའི་དངོས			actual activity of merit; actual meritorious action
བསོད་ནམས་བྱ་བའི་དངོས་པོ			phenomenon of meritorious activity
བསོད་ནམས་ཆེ			great merit
བསོད་ནམས་ཆེན་པོ			great merit
བསོད་ནམས་དང་ཡེ་ཤེས་གཉིས			the two, merit and wisdom,
བསོད་ནམས་དང་ཡེ་ཤེས་ཀྱི་རང་བཞིན་གྱི་དགེ་བའི་རྩ་བ་འཕེལ་བ			impel/increase (T) the virtuous roots of natural merit and wisdom
བསོད་ནམས་དང་ཡེ་ཤེས་ཀྱི་ཚོགས			collection of merit and wisdom; collections of merit and wisdom
བསོད་ནམས་གྱི་ཚོགས			collection of merit
བསོད་ནམས་ཀྱི་ཁྱད་པར			feature of merit
བསོད་ནམས་ཀྱི་ལས་ཀྱི་དངོས་པོ			phenomenon of meritorious work
བསོད་ནམས་ཀྱི་ཕུང་པོ			heap of merit; aggregation of merit
བསོད་ནམས་ཀྱི་ཚོགས			collection of merit; accumulation of merit
བསོད་ནམས་ཀྱི་ཚོགས་སྒྲུབ			achieving through the collection of merit
བསོད་ནམས་མ་ཡིན་པ			non-merit
བསོད་ནམས་ཕུང			heap of merit; aggregation of merit
བསོད་ནམས་ཕུང་པོ			heap of merit; aggregation of merit
བསོད་ནམས་རྒྱ་ཆེན་པོ་འཕེལ			increase extensive great merit
བསོད་ནམས་རྒྱ་ཆེན་རྒྱུན་མི་འཆད			uninterrupted continuum of vast merit
བསོད་ནམས་རྒྱུན་མི་འཆད			uninterrupted continuum of merit
བསོད་ནམས་སྐྱེ			Born from Merit
བསོད་ནམས་སྐྱེས			Born from Merit
བསོད་ནམས་ཚོགས་དང་ལྡན་པ			having the collection of merit
བསོད་ནམས་ཡང་དག་བསྡུས་པ			collect merit; collection of merit
བསོད་ནམས་ཡེ་ཤེས་ཀྱི་ཚོགས་དཔག་ཏུ་མེད་པ			immeasurable collections of merit and wisdom
བསོད་ནམས་ཡེ་ཤེས་རབ་རྫོགས			complete/perfect/fulfill merit and wisdom
བསོད་ནམས་ཡེ་ཤེས་རང་བཞིན			natural merit and wisdom; nature of merit and wisdom
བསོད་ནམས་ཡེ་ཤེས་ཚོགས			collections of merit and wisdom
བསོད་ཉམས			overindulgence
བསོད་པར་བྱེད			kill
བསོད་སྙོམས			alms
བསོད་སྙོམས་པ			alms-person
བསོག			accumulate
བསོགས			accumulate
བསྲབ་པའི་ས			ground of diminishment
བསྲབས			diminished; thinned
བསྲབས་པ			diminished; thinned
བསྲབས་པའི་ས			level of diminishment
བསྲབས་པའི་སྒོམ་པ			meditation on diminishment; cultivation of diminishment
བསྲང			straighten
བསྲངས			straighten
བསྲེ་བ			mixture; combine
བསྲེག			scorch
བསྲེག་པ			burning; burn
བསྲེགས			scorched
བསྲེགས་ནས			having burned; burning
བསྲེས			combine; mixture; confuse
བསྲེས་པ			confuse; combine; mixture
བསྲུང་འཁོར			circle of protection; protective retinue
བསྲུང་བ			protect/guard/keep/maintain/preserve/sasfeguard [e.g., vows and pledges]
བསྲུང་བ་མེད་པ			nonconcealment; without protection/guarding/keeping/maintaining/preserving/safeguarding
བསྲུང་བར་མཛད			protect/guard/keep/maintain/preserve/safeguard [e.g., vows and pledges]; guard; protector
བསྲུངས			protect/guard/keep/maintain/preserve/safeguard [e.g., vows and pledges]
བསྲུངས་པ			protect/guard/keep/maintain/preserve/safeguard [e.g., vows and pledges]
བསྟན			teach; indicate; show; demonstrate
བསྟན་འགྱུར			Translation of the Treatises; complete collection of the Buddhist commentarial tradition
བསྟན་བཅོས			treatise
བསྟན་བཅོས་དབུས་དང་མཐའ་རྣམ་པར་འབྱེད་པ			Vasubandhu's Treatise on the Differentiation of the Middle and the Extremes
བསྟན་བཅོས་རྩོམ་པ			composition of the treatise
བསྟན་བྱ			object of indication; object indicated; object taught
བསྟན་བྱེད			teach; indicate; show; demonstrate
བསྟན་དང་སྟོན་པ་ལྟ་བས་ཕྱི་ནང་གཉིས			Buddhist and Outsider [are distinguished] by way of teaching, teacher,  and view
བསྟན་དོན་གཙོ་བོ			main meaning taught
བསྟན་དོན་ཕལ་པ			secondary meaning taught
བསྟན་དུ་མེད་པ			indemonstrability
བསྟན་གཞུགས་པ			enter into the teaching; engage in the teaching
བསྟན་ན			bites(C)
བསྟན་པ			teach; show; demonstrate; indicate\n noun: teaching; taught
བསྟན་པ་འགལ			contradiction of the teaching
བསྟན་པ་དང་བཤད་པ			teaching and explanation
བསྟན་པ་དང་མི་འགལ་བ			not contradictory with the teaching
བསྟན་པ་ལ་འཇུག་པར་བྱ་བ			enter into the teaching
བསྟན་པ་ལྟར			in accordance with the teaching
བསྟན་པའི་ཚིག			the words that indicate; the words indicated; the words taught
བསྟན་པར་བྱ			teach; indicate; show; demonstrate
བསྟན་པར་བྱ་བ			teach; indicate; show; demonstrate
བསྟན་པར་ཞུགས་པ			enter into the teaching; engage in the teaching
བསྟན་རྒྱུ			[show-cause]; that which is to be shown/taught/demonstrated; should be shown
བསྟན་ཚོད			measure indicated
བསྟན་ཡོད་ཀྱི་གཟུགས			demonstrable form
བསྟར			clean; polish
བསྟེན			rely on; make use of; stay close to; adhere to
བསྟེན་ནས			having relied upon/made use of/stayed close to/adhered to
བསྟེན་པ			rely on; adhere to; use; to make use of; stay close to
བསྟེན་པ་བྱ			rely on; adhere to; use; to make use of; stay close to
བསྟེན་པར་བྱ			will/should rely upon/make use of/stay close to/adhere to
བསྟེན་པར་བྱེད			rely on; adhere to; use; to make use of; stay close to; cause to rely on, etc.
བསྟེན་པར་གྱིས			relied on; adhered to; used; made use of; stayed close to
བསྟོད			praise; laud
བསྟོད་བྱེད			praise; laud
བསྟོད་ཅིང			praising; lauding
བསྟོད་པ			praise; laud
བསྟོད་པར་བྱེད			praise; laud
བསྟུན་པ			compare with; accord with
བསུ			go to meet; escort
བསུས			go to meet; escort
བསྭེ			Say Monastery (a Jo-nang-pa monastery in Am-do Province)
བཏབ			offer; cast; throw; plant; put; set; give
བཏབ་ནས			having offered; having cast; having thrown; having planted; having put/set/given
བཏབ་པ			offer; cast; throw; plant; put; set; give
བཏད			aim; focus
བཏགས			so-called; impute; imputed; designate; designated
བཏགས་འཛིན་གྱི་རྟོག་པ			conceptualizations apprehending imputed existence
བཏགས་འཛིན་རྟོག་པ			conception conceiving imputed existence
བཏགས་ཆོས			designated phenomenon(N); phenomenon imputed
བཏགས་དོན			designated object
བཏགས་གཞི			basis of designation; basis of imputation
བཏགས་ནས			having imputed; having designated
བཏགས་པ་ཙམ་དུ			merely imputed; merely designated
བཏགས་པ་ཙམ་དུ་ཡོད་པ			nominal existent
༅བཏགས་པ༏་རྣམ་བརྟགས			imputed; imputation; designated; designation; impute; designate; hang; imputed [phenomena]
བཏགས་པའི་ཀུན་རྫོབ			imputational conventionality
བཏགས་པའི་ཚིག			imputed word
བཏགས་པའི་ཡོད་པ			imputed existent; imputedly existent
བཏགས་པར་མཛད་པ			impute; designate
བཏགས་པར་སྨྲ་བ			Proponent of Imputation
བཏགས་པར་ཡོད			imputedly existent; imputed existent
བཏགས་ཙམ			only imputed
བཏགས་ཡོད			imputed existence; imputed existent; imputedly existent
བཏགས་ཡོད་ཆོས་གསུམ			three properties of an imputed existent
བཏགས་ཡོད་ཆོས་གསུམ་ཚང་བ			triply qualified imputed existent
བཏགས་ཡོད་ཀྱི་གང་ཟག			imputedly existent person
བཏགས་ཡུལ་གྱི་སྟེང་ནས་གྲུབ་པ			existence in the object designated
བཏགས་ཞི			basis of imputation
བཏང			give; treat; cast away; send; let go; give away; let loose; play [an instrument]
བཏང་བ			give; treat; cast away; send; let go; give away; let loose; play [an instrument]
བཏང་བར་བགྱི་བ			send; give; treat; cast away; let go; give away; let loose; play [an instrument]; let in
བཏང་ནས			having given/cast away/sent/let loose
བཏང་སྙོམས			equanimity; indifference; neutral feeling; neglect
བཏང་སྙོམས་འདུག་ཅིང			equanimical
བཏང་སྙོམས་བཞག			equanimity
བཏང་སྙོམས་བཞག་པ			equanimity
བཏང་སྙོམས་དང་ལྡན་པ			endowed with equanimity; having equanimity
བཏང་སྙོམས་ཀྱི་རྒྱུ་མཚན་ཡིད་ལ་བྱེད་པ			mental contemplation that is the cause of equanimity
བཏང་སྙོམས་མཛད			practice equanimity
བཏང་སྙོམས་པ			one who has equanimity
བཏང་སྙོམས་སུ་བྱེད			equanimity
བཏང་སྙོམས་སུ་བྱེད་པ			equanimity
བཏང་སྙོམས་སུ་བཞག་པ			equanimity
བཏང་སྙོམས་ཚད་མེད			limitless equanimity; immeasurable equanimity
བཏང་སྟེ			give; treat; cast away; send; let go; give away; let loose; play [an instrument]
བཏེག་པ			raise; lift
བཏོན			cause to come out; expel; recite; take out
བཙའ			born; give birth; bring forth; bear
བཙའ་བ			born; give birth; bring forth; bear
བཙལ			search; search for; seek [past of 'tshal]
བཙལ་བ			search; search for; seek(BJ 15.1)
བཙལ་བའི་ཚེ་ན			at the time of searching(BJ 56.1)
བཙལ་བར་བྱ			will search; search
བཙལ་བྱ			object sought  (T)
བཙན			violent spirits
བཙན་ས			secure haven; stronghold
བཙན་ཐབས			force; coercion
བཙས་པ			born; bring forth; bear; give birth
བཙེགས་པ			piled up [past of rtseg, to pile up]
བཙོ			cook; boil
བཙོ་བ			to cook; boil; cause to ripen  (T)
བཙོ་བླག་མཁན			washer man
བཙོ་ལག་མཁན་པ			washer man
བཙོ་མ			purified substance; refined; purified
བཙོལ་བ			seek
བཙོན་ཁང			prison
བཙོན་པ			prisoner
བཙོན་རྭ			prison; jail
བཙོས			cook; boil
བཙོས་པ			cooked; boiled
བཙུགས			plant; establish; set; set up; penetrate
བཙུན་མོ			queen; a woman of rank; wife; goddess
བཙུན་མོ་རོལ་པ			sporting with queens
བཙུན་པ			monastic; monk
བཙུན་པ་གྲོལ་སྡེ			Bhadanta Vimuktasena
བཏུད			bow; pay reverence; pay homage
བཏུལ་ནས			having disciplined
བཏུང			verb: drink\n noun: anything for drinking
བཏུང་བ			drink
བུ			child; son; boy
བུ་འབྱུང་བ			beget a child
བུ་གཅིག་པ			one son; person who has one son
བུ་གཞོན་པ			young boy; youthful child (T)
བུ་ལ་བྱམས་པ་ཡང་ཤིན་ཏུ་ཆེ་བ			[a mother's] love for her child is very great  (T)
བུ་ལོན			debt  (T)
བུ་རམ			molasses
བུ་རམ་ཤིང་བ			Sugarcane One
བུ་རམ་ཤིང་པ			Sugar-Cane-One
བུ་སྟོན			Bu-dön (1290-1364), the great Sa-kya scholar, author of the History of Buddhism (chos 'byung)
བུད་མེད			woman; women
བུད་མེད་མཐོང་ན་ཉོན་མོངས་པ་མེད་པ			when seeing a woman, afflictions do not occur ? (T)
བུད་མེད་རིན་པོ་ཆེ			jewel-woman; precious woman
བུད་ཤིང			kindling  [according to Sanskrit] (T)
བུད་ཤིང་ལས་མེ			fire [which arises] from kindling  (T)
བུམ་འཛིན་རྟོག་པ			conceptual consciousness apprehending pot
བུམ་འཛིན་རྟོག་པ་ལ་བུམ་པ་མ་ཡིན་བཞིན་དུ་བུམ་པ་ལྟ་བུར་སྣང་བའི་སྒྲོ་བཏགས་ཀྱི་ཆ			factor of superimposition that, while not being pot, appears as like pot to a conceptual consciousness apprehending pot
བུམ་དབང			vase initiation
བུམ་པ			pot
བུམ་པ་ཅན་གྱི་རྣལ་འབྱོར			pot-possessing yoga
བུམ་པ་དང་གཅིག			one-with-pot
བུམ་པ་དང་གཅིག་མ་ཡིན་པ་ལས་ལོག་པ			opposite from being one with pot
བུམ་པ་དང་གཅིག་ཏུ་གྱུར་པའི་བུམ་པ			pot-which-is-one-with-pot
བུམ་པ་དང་ཐ་དད			different-from-pot
བུམ་པ་མ་ཡིན་པ			non-pot; not being a pot
བུམ་པ་མ་ཡིན་པ་ལས་ལོག་པ			opposite from non-pot
བུམ་པ་མ་ཡིན་པ་མ་ཡིན་པ			non-non-pot
བུམ་པ་མ་ཡིན་པ་མ་ཡིན་པ			non-non-pot
བུམ་པ་མེད་པ			non-existence of pot
བུམ་པ་ཚད་མས་མ་དམིགས་པ			non-observation of a valid pot
བུམ་པ་ཡིན་པ			being a pot
བུམ་པ་ཡིན་པ་ལས་ལོག་པ			opposite-from-being-a-pot
བུམ་པའི་འབྲས་བུ			effect of a pot
བུམ་པའི་བློའི་གཞན་སེལ			mental other-eliminator of pot
བུམ་པའི་བྱེ་བྲག			instance of pot
བུམ་པའི་བྱེད་རྒྱུ			creative cause of pot
བུམ་པའི་དོན་སྤྱི			pot's meaning generality
བུམ་པའི་ལྡོག་པ			pot's isolate
བུམ་པའི་ཕྱི་ལོགས་སུ་བྱུང་བ			subsequent arising of pot
བུམ་པའི་རང་ལྡོག			self-isolate of pot
བུམ་པའི་རྒྱུ			cause of a pot
བུམ་པའི་སྔ་ལོགས་སུ་བྱུང་བ			prior arising of pot
བུང་བ			bee
བྱ			(1) activity; object; deed; do; action [future of byed, to do; make; perform]; (2) bird
བྱ་བ			activities(N); deed; doing; action; do; indicator of object of a verb [future of byed pa, to do; make; perform]; function
བྱ་བ་འགྲུབ་པ			achieve activities
བྱ་བ་འགྲུབ་པ་ལ་ངེས་པར་འགྱུར་བ			will become definite in the activities to be achieved  (T)
བྱ་བ་བཅས་པའི་གནས			place of action; level of activities ? (T)
བྱ་བ་བྱེད			perform activities; do; accomplish
བྱ་བ་བྱེད་པ			perform activities; do; accomplish; performance of function
བྱ་བ་བྱེད་པ་ཐ་དད་པ			perform different activities
བྱ་བ་བྱེད་པ་ཐ་མི་དད་པ			perform non-different activities
བྱ་བ་བྱེད་པའི་རིགས་པ			reasoning of performance of function; suitability of performing activities
བྱ་བ་གཅིག			one action; one activity
བྱ་བ་ལ་ཕྱིན་ཅི་མ་ལོག་པ་དང་རྩོམ་པ			begin without being mistaken with respect to activities ?  (T)
བྱ་བ་ལྡན			active
བྱ་བ་མ་ཡིན་པ་མི་བྱེད་པ			not being inactive ?? (T)
བྱ་བ་མང་པོ			many activities; busy
བྱ་བ་མང་པོའི་འདུ་འཛི་ཡོང་སུ་སྤང་བ			not having many activities; having thoroughly abandoned the busy-ness of many activities
བྱ་བ་མང་པོས་ཡོངས་སུ་སྐྱོ་བ			aversion due to there being many activities  (T)
བྱ་བ་མཛད་པ			perform activities; act
བྱ་བ་མེད་པའི་གནས			abide in non-activity; place of non-activity
བྱ་བ་མཐུན་པ་ཉིད			concordance of activities; concordant activities
བྱ་བ་མཚུངས་པ་ཉིད			similarity of activities
བྱ་བ་ནན་ཏན་དུ་གྲུབ་པའི་ཡེ་ཤེས			exalted wisdom of earnestly/ardently achieving activities
བྱ་བ་ངན་ཞེན་གྱི་ལེ་ལོ			laziness which is an attachment to bad activities
བྱ་བ་རྣམས			actions; activities
བྱ་བ་རྣམས་ལ་ཕྱིན་ཅི་མ་ལོག་པ			non-mistaken with respect to activities
བྱ་བ་སྒྲུབ་པ			achieve activities; accomplishment of activities ? (T)
བྱ་བ་ཐ་དད་བྱེད			perform different actions
བྱ་བའི་ཕྱིར			because of doing; because of; due to
བྱ་བའི་རིགས			analysis of action
བྱ་བར་རིགས			analysis of action
བྱ་བྲལ			free from activities
བྱ་བྱེད			activities(N); action and agent
བྱ་བྱེད་ཀྱི་རིགས			analysis of action and agent
བྱ་བྱེད་ལས་གསུམ			the three: action, agent, and object
བྱ་དགོས་པ			to be done; must be done
བྱ་དཀའ			difficult to do
བྱ་དཀའ་བ			difficult to do
བྱ་དཀའ་བ་མང་བ			very difficult to do
བྱ་དཀའ་བ་སྤྱོད་པ			practice what is difficult to do
བྱ་གག་རིམ			Kukkulika
བྱ་མེད			non-activity
བྱ་ནག			black bird (a bird frequently eaten in India)
བྱ་ངང			swan
བྱ་རྫོགས་ཀྱི་སྐད་ཅིག་མའི་ཐུང་མཐའ་གཅིག་ལས་མེད			no more than a single smallest moment in which an action can be completed/finished
བྱ་རྒོད			vulture
བྱ་རྒོད་ཕུང་པོ་རི			Vulture Peak Mountain
བྱ་རྒྱུད			Action Tantra
བྱ་རྒྱུད་རིགས			[the three] Action Tantra lineages
བྱ་རླག			red vulture
བྱ་རོག			crow; bird
བྱ་སྒྲུབ་ཡེ་ཤེས			exalted wisdom of achieving activities
བྱ་སླ་བ			easy to do; easy
བྱད་གཟུགས			shape
བྱད་གཟུགས་དང་བོང་ཚོད་དང་སྟོབས་མཚུངས་པ			similar shape, size, and power
བྱམས			love; Maitreya [p.n. of the future Buddha]
བྱམས་འདོད			love
བྱམས་ཆོས			the teaching [i.e. the Five Treatises] of Maitreya(BJ 45.2)
བྱམས་དང་སྙིང་རྗེ			love and compassion
བྱམས་དང་སྙིང་རྗེ་མིན་པའི་བསམ་མེད			thought of non-love and non-compassion; (T) there is no thought that is without love and compassion
བྱམས་ལ་སོགས་བསྒོམ་པ་མཆོག			supreme meditations on love, etc.
བྱམས་མགོན			the Protector Maitreya
བྱམས་པ			love; Maitreya
བྱམས་པ་བྱེད་པ			practice love; love
བྱམས་པ་ཆེན་པོ			great love
བྱམས་པ་དང་ཐུགས་རྗེ			love and compassion
བྱམས་པ་ལ་སོགས་པ་ཆེ་བ་ཉིད			greatness of love and so forth (T)
བྱམས་པ་ནི་བདེ་བ་དང་ལྡན་པའི་རྣམ་པ་ཡིན			love is the aspect which has bliss ? (T)
བྱམས་པ་ནི་གནོད་སེམས་ཀྱི་གཉེན་པོ་སྟེ			love, the antidote of a non-defective mind; (T) love is the antidote to a harmful mind
བྱམས་པ་ནི་སྲེད་པའི་རང་བཞིན			love whose nature is attachment ? (T)
བྱམས་པ་ཉིད			love
བྱམས་པའི་རྣམ་ཐར			Liberation of Maitreya Sūtra
བྱམས་པའི་སེམས་པ			loving mind
བྱམས་པའི་སེང་གེའི་སྒྲ་ཆེན་པོ			Lion's Roar of Maitreya Sūtra, P. 760 (23), vol. 24
བྱམས་པར་འདོད			love
བྱམས་པས་བསྐྱེད་པ			produce love; (T) generate through love
བྱམས་ཞུས་ཀྱི་ལེའུ			The Questions of Maitreya Chapter [of the Saṃdhinirmocana-sūtra](BJ 44.4)
བྱང			purify; cleanse; north; later
བྱང			north; later
བྱང་བ			purify; cleanse
བྱང་བའི་རང་བཞིན་ཐམས་ཅད་ཤེས་པར་གྱིས་ཤིག			know everything [about] the purified nature! (T)
བྱང་བར་བྱའི་སྒོམ་པ			purifying meditation ? (T)
བྱང་བར་བྱེད་པར་འགྱུར			purify; cleanse
བྱང་ཆུབ			[purified-realized]; enlightenment
བྱང་ཆུབ་འཐོབ་པ			attain enlightenment
བྱང་ཆུབ་བར་ས་རྣམས་གོང་ནས་གོང་དུ་ནི་རྣམ་དག			purity in the progressively higher grounds to enlightenment (T)
བྱང་ཆུབ་བགེགས་བྱེད་པ་རུང་བ			suitable to serve to obstruct enlightenment; (T) suitable to obstruct enlightenment
བྱང་ཆུབ་བགེགས་སུ་འགྱུར་བ			serve to obstruct enlightenment; (T) become an obstruction to enlightenment
བྱང་ཆུབ་བཟང་པོ			Bodhibhadra (16th century?) [p.n. of a Buddhist philosopher]
བྱང་ཆུབ་ཆེ			great enlightenment
བྱང་ཆུབ་ཆེན་པོ			great enlightenment
བྱང་ཆུབ་ཆེན་པོ་ལ་འདུན་པ་དྲག་པོ			strong aspiration to great enlightenment
བྱང་ཆུབ་ཆེན་པོ་ལ་དམིགས་པ			object of observation of great enlightenment
བྱང་ཆུབ་ཆེན་པོ་ལྷུར་ལེན་པ			intent on great enlightenment
བྱང་ཆུབ་ཆེན་པོ་རྨད་བྱུང་ཅན			marvellous great enlightenment
བྱང་ཆུབ་ཆེན་པོ་ཡང་དག་པར་འགྲུབ་པ			thoroughly accomplish great enlightenment; thoroughly established in great enlightenment
བྱང་ཆུབ་ཆེན་པོའི་རྒྱུ་མཚན			cause of great enlightenment
བྱང་ཆུབ་ཆེན་པོའི་ཚོགས			collection of great enlightenment; accumulation of great enlightenment
བྱང་ཆུབ་ཆེན་པོར་སྨོན་པ			resolve for great enlightenment
བྱང་ཆུབ་ཆེན་པོར་ཡོངས་སུ་བསྔོས་པ			dedicated to great enlightenment (T)
བྱང་ཆུབ་དམ་པ			highest enlightenment
བྱང་ཆུབ་དམ་པ་འཐོབ་པར་བྱེད			attaining the highest enlightenment; to attain the highest enlightenment
བྱང་ཆུབ་དམ་པ་ཐོབ་པར་འགྱུར་བ			attain the highest enlightenment
བྱང་ཆུབ་དང་མཐུན་པའི་ཕྱོགས་སུམ་ཅུ་སོ་བདུན			thirty-seven harmonies with enlightenment
བྱང་ཆུབ་དང་ཉེ་བར་ཤེས་པ			intimate knowledge of enlightenment (T)
བྱང་ཆུབ་དགའ་ལྡན			joyful enlightenment
བྱང་ཆུབ་དམན་པ་དང་འབྲིང་དང་ཁྱད་པར་ཅན			small, middling, and special enlightenment
བྱང་ཆུབ་དྲི་མེད་ཡངས་པ			stainless, extensive enlightenment
བྱང་ཆུབ་གཞུང་ལམ			The Highway to Enlightenment, Dzong-ka-ba's exposition of the chapter on ethics (bodhisattva-śīla-parivarta) in Asaṇga's Bodhisattva Grounds (byang chub sems dpa'i sa, bodhisattva-bhūmi)
བྱང་ཆུབ་ཀྱི་བར་དུ			until enlightenment (T)
བྱང་ཆུབ་ཀྱི་བར་དུ་ས་གོང་ནས་གོང་དུ་རྣམ་པར་དག་པའི་ཁྱད་པར			feature of purity in the higher and higher grounds up to enlightenment  (T)
བྱང་ཆུབ་ཀྱི་ཆོས་ཉིད			reality of enlightenment
བྱང་ཆུབ་ཀྱི་ཕྱོགས			the [thirty-seven] harmonies with enlightenment
བྱང་ཆུབ་ཀྱི་ཕྱོགས་དང་མཐུན་པ			the [thirty-seven] harmonies with enlightenment
བྱང་ཆུབ་ཀྱི་ཕྱོགས་དང་མཐུན་པ			the [thirty-seven] harmonies with enlightenment
བྱང་ཆུབ་ཀྱི་ཕྱོགས་དང་མཐུན་པ་སུམ་ཅུ་རྩ་བདུན་བསྒོམ་པ			cultivate the thirty-seven harmonies with enlightenment
བྱང་ཆུབ་ཀྱི་ཕྱོགས་དང་མཐུན་པའི་བདག་ཉིད་ཀྱི་ཤེས་རབ			exalted wisdom that is the essence of the harmonies with enlightenment
བྱང་ཆུབ་ཀྱི་ཕྱོགས་དང་མཐུན་པའི་ཆོས			phenomena/doctrines that are harmonies with enlightenment
བྱང་ཆུབ་ཀྱི་ཕྱོགས་དང་མཐུན་པའི་སྤྱོད་པ			practice the harmonies with enlightenment
བྱང་ཆུབ་ཀྱི་ཕྱོགས་དང་མཐུན་པས་བསྡུས་པའི་ཤེས་རབ			exalted wisdom included within the harmonies with enlightenment
བྱང་ཆུབ་ཀྱི་ཕྱོགས་དང་མཐུན་པས་མང་དུ་གནས			many abiders in the harmonies with enlightenment; (T) many abodes within the harmonies with enlightenment
བྱང་ཆུབ་ཀྱི་ཕྱོགས་ཀྱི་ཆོས			doctrines/phenomena that are harmonies with enlightenment
བྱང་ཆུབ་ཀྱི་ཕྱོགས་ལ་སོགས་པ་རིན་པོ་ཆེའི་གནས་ཉིད་ཀྱི་ཕྲིན་ལས			activities of the precious state of abiding in the harmonies with enlightenment  (T)
བྱང་ཆུབ་ཀྱི་སེམས			altruistic aspiration to enlightenment; altruistic mind of enlightenment; mind of enlightenment(N); thought of enlightenment; altruistic intention to become a Buddha(N); mind of enlightenment
བྱང་ཆུབ་ཀྱི་སེམས་བསྐྱེད་པ་རྣམས་ཀྱི་ཐེ་ཚོམ་གཅོད་པ			eliminate doubt with respect to generating the mind of enlightenment
བྱང་ཆུབ་ཀྱི་ཤིང			the tree of enlightenment
བྱང་ཆུབ་ཀྱི་སྐབས			occasion of enlightenment
བྱང་ཆུབ་ཀྱི་སྙིང་པོ			essence of enlightenments; place/seat of enlightenment; platform of enlightenment in Bodh Gayā on which Shākyamuni attained enlightenment
བྱང་ཆུབ་ཀྱི་སྙིང་པོ་ལ་འདུག་གི་བར་དུ			seated in the middle of the place of enlightenment
བྱང་ཆུབ་ཀྱི་སྤྱོད་པ་ལ་འཇུག་པའི་དཀའ་འགྲེལ			Commentary on the Difficult Points of "Engaging in the Bodhisattva Deeds" [by Prajñākaramati (shes rab 'byung gnas blo gros), P5273, vol. 100]
བྱང་ཆུབ་ཀྱི་ཚོགས			collection of enlightenment
བྱང་ཆུབ་ཀྱི་ཡན་ལག			branch of enlightenment
བྱང་ཆུབ་ཀྱི་ཡན་ལག་བདུན			seven branches of enlightenment
བྱང་ཆུབ་ཀྱི་ཡན་ལག་རྣམ་པར་བཞག་པ			establish the branches of enlightenment
བྱང་ཆུབ་ཀྱི་ཡན་ལག་ཏུ་གྱུར་པ་དག			branches of enlightenment
བྱང་ཆུབ་ཀྱི་ཡན་ལག་ཡོད་པ			have the branches of enlightenment
བྱང་ཆུབ་ལ་འགོད་དོ			set/establish in enlightenment
བྱང་ཆུབ་ལ་གཞོལ་བ			flow toward enlightenment (T)
བྱང་ཆུབ་ལ་ཞུགས་པ			abider in enlightenment
བྱང་ཆུབ་ལམ་གྱི་རིམ་པའི་འཁྲིད་ཡིག་འཇམ་པའི་དབྱངས་ཀྱི་ཞལ་ལུང			Sacred Words of Mañjuśrī, by Ngag-wang-lo-sang-gya-tsho (ngag dbang blo bzang rgya mtsho), the Fifth Dalai Lama (Thim phu: Kun bzan stobs rgyal, 1976); partial tr. Jeffrey Hopkins in Practice of Emptiness, Dharamsala, LTWA, 1974
བྱང་ཆུབ་ལམ་གྱི་སྒྲོན་མ			Atiśa's Lamp for the Path to Enlightenment, P. 5343, vol. 103
བྱང་ཆུབ་ལམ་གྱི་སྒྲོན་མེ			[Atiśa's] Lamp for the Path to Enlightenment
བྱང་ཆུབ་མཆོག			supreme enlightenment; highest enlightenment
བྱང་ཆུབ་མཆོག་གི་ས་བོན་ཉིད			seeds of supreme enlightenment
བྱང་ཆུབ་མཆོག་ཏུ་སེམས་བསྐྱེད་པ			mind of altruistic aspiration to highest enlightenment
བྱང་ཆུབ་ཉེ་བར་རྟོགས་པ			realized enlightenment (T)
བྱང་ཆུབ་པ			enlightenment; enlightened person
བྱང་ཆུབ་ཕྱོགས་དང་མཐུན་པ			the [thirty-seven] harmonies with enlightenment
བྱང་ཆུབ་ཕྱོགས་མཐུན			harmonies with enlightenment; the [thirty-seven] harmonies with enlightenment
བྱང་ཆུབ་ཕྱོགས་མཐུན་ཆོས			phenomena/doctrines that are harmonies with enlightenment
བྱང་ཆུབ་རབ་ཏུ་ཐོབ་པ			attain enlightenment
བྱང་ཆུབ་རང་སངས་རྒྱས་པ			enlightenment of a Solitary Realizer; (T) ? enlightened Solitary Realizer
བྱང་ཆུབ་རྣམ་པར་དག་པ་ཉིད			complete purification/purity of enlightenment
བྱང་ཆུབ་སེམས			[purified-realized-intention]; altruistic aspiration to enlightenment; mind of enlightenment; thought of enlightenment; altruistic intention to become a Buddha
བྱང་ཆུབ་སེམས་བསྐྱེད			altruistic mind generation
བྱང་ཆུབ་སེམས་དག་བླང་བ			assume the mind of enlightenment; take up the mind of enlightenment (T)
བྱང་ཆུབ་སེམས་དཔའ			Bodhisattva; a hero with respect to contemplating enlightenment; one intent on full enlightenment
བྱང་ཆུབ་སེམས་དཔའ་བཅུ			ten Bodhisattvas
བྱང་ཆུབ་སེམས་དཔའ་བསླབ་པ			Bodhisattva learner
བྱང་ཆུབ་སེམས་དཔའ་གདོལ་བ			Bodhisattva outcast
བྱང་ཆུབ་སེམས་དཔའ་མ་ཡིན་པ			non-Bodhisattva
བྱང་ཆུབ་སེམས་དཔའ་རིགས་ལ་གནས་པ			abiding in the Bodhisattva lineage
བྱང་ཆུབ་སེམས་དཔའ་རྣམས་ཀྱི་ནང			interior of Bodhisattvas
བྱང་ཆུབ་སེམས་དཔའ་རྟོག་མེད			non-conceptual Bodhisattva; Bodhisattva free from conceptuality
བྱང་ཆུབ་སེམས་དཔའ་སྤྱོད་པ			Bodhisattva deeds
བྱང་ཆུབ་སེམས་དཔའ་ཐམས་ཅད་དང་མཉམ་པ			similar to all Bodhisattvas
བྱང་ཆུབ་སེམས་དཔའ་ཡང་དག་པར་རྗེས་སུ་མི་མཐོང			thorough non-viewing of a Bodhisattva
བྱང་ཆུབ་སེམས་དཔའ་ཡི་འབྱོར་བ			greatness of a Bodhisattva
བྱང་ཆུབ་སེམས་དཔའི་འབྲས་བུ་བཞི			four fruits of a Bodhisattva
བྱང་ཆུབ་སེམས་དཔའི་མཚན་སྤྱི			general name of a Bodhisattva
བྱང་ཆུབ་སེམས་དཔའི་རིགས་ཅན་མ་ངེས་པ			not definite in the Bodhisattva lineage
བྱང་ཆུབ་སེམས་དཔའི་རྣལ་འབྱོར་སྤྱོད་པ་བཞི་བརྒྱ་པའི་རྒྱ་ཆེར་འགྲེལ་པ			Commentary on [Āryadeva's] "Four Hundred [Stanzas] on the Yogic Deeds of Bodhisattvas" [by Candrakīrti, P5266, vol. 98; D3864, Ya]
བྱང་ཆུབ་སེམས་དཔའི་རྟགས་ལྔ			five signs of a Bodhisattva
བྱང་ཆུབ་སེམས་དཔའི་ས			Bodhisattva ground
བྱང་ཆུབ་སེམས་དཔའི་སྡེ་སྣོད			Bodhisattva basket
བྱང་ཆུབ་སེམས་དཔའི་སྡོམ་པ			Bodhisattva vow
བྱང་ཆུབ་སེམས་དཔའི་སྐྱོན་མ་མཆིས་པ			faultless Bodhisattva
བྱང་ཆུབ་སེམས་དཔའི་སྐྱོན་མེད་པ			faultless Bodhisattva; faultlessness of a Bodhisattva
བྱང་ཆུབ་སེམས་དཔའི་སྐྱོན་མེད་པར་འཇུག་པ			enter into the faultlessness of a Bodhisattva
བྱང་ཆུབ་སེམས་དཔའི་སྤྱོད་པ་ལ་འཇུག་པ			Engaging in the Bodhisattva Deeds, by Śāntideva, P. 5272, vol. 99
བྱང་ཆུབ་སེམས་དཔའི་སྤྱོད་པ་ལ་འཇུག་པའི་རྣམ་བཤད་རྒྱལ་སྲས་འཇུག་ངོག			Explanation of Engaging in the Bodhisattva Deeds, Entrance of Buddha Conqueror Children, by Gyel-tsap's (rgyal tshab) (Sarnath: Pleasure of Elegant Sayings Printing Press, 1973)
བྱང་ཆུབ་སེམས་དཔའི་ཚུལ་ཁྲིམས་ཀྱི་སྡོམ་པ			vow of Bodhisattva ethics
བྱང་ཆུབ་སེམས་དཔའི་ཡོངས་སུ་སྨིན་པ			thorough maturation of a Bodhisattva
བྱང་ཆུབ་སེམས་ཀྱི་འགྲེལ་པ			[Nāgārjuna's] Essay on the Mind of Enlightenment [P2665-2666, vol. 61]
བྱང་ཆུབ་སེམས་ནི་སྐྱེ་བ			arising of the mind of enlightenment
བྱང་ཆུབ་སེམས་པ			[purified-realized-intention]; Bodhisattva; one intent on full enlightenment;  the mind of enlightenment
བྱང་ཆུབ་ཤིང			the tree of enlightenment [i.e. the tree under which Śākyamuni Buddha attained enlightenment]
བྱང་ཆུབ་ཐག་མི་རིང			not far from enlightenment (T)
བྱང་ཆུབ་ཐེག་ཆེན			(great) vehicle of enlightenment
བྱང་ཆུབ་ཐོབ་པ			attain enlightenment
བྱང་ཆུབ་ཐོབ་པར་འདོད་པ			desire to attain enlightenment
བྱང་ཆུབ་ཐོབ་པར་བྱའོ			will/should attain enlightenment; you should attain enlightenment
བྱང་ཆུབ་ཏུ་བསྔོ་བ			dedicate to enlightenment  (T)
བྱང་ཆུབ་ཏུ་ལུང་སྟོན་པར་འགྱུར			teach scriptures on/for enlightenment; give spiritual instructions on enlightenment (T)
བྱང་ཆུབ་ཏུ་སེམས་བསྐྱེད་དོ			generate the mind of enlightenment
བྱང་ཆུབ་ཏུ་སེམས་བསྐྱེད་པ			generate the mind of enlightenment
བྱང་ཆུབ་ཏུ་ཡོངས་སུ་བསྔོས་པ			dedicated to enlightenment (T)
བྱང་ཆུབ་ཡང་དག་པར་འགྲུབ			thoroughly accomplish enlightenment; thoroughly established in enlightenment
བྱང་ཆུབ་ཡངས་པ			extensive enlightenment
བྱང་ཆུབ་ཞི་བ			peace of enlightenment
བྱང་ཕྱོགས			the [thirty-seven] harmonies with enlightenment\n north; northern direction
བྱང་ཕྱོགས་སོ་བདུན			thirty-seven harmonies with enlightenment; the thirty-seven harmonies with enlightenment
བྱང་རྩེ			Jang-tsay ("North Point") College of Gan-den Monastic University
བྱང་ས			Asaṇga's Bodhisattva Grounds(DASI 558.6)
བྱང་ས་དང་དེའི་བསྡུ་བ			[Asaṇga's] Bodhisattva Grounds (bodhisattva-bhūmi) and its Compendium of Ascertainments (nirṇaya-saṃgraha)(BJ 37.1)
བྱང་སྡོམ			Bodhisattva's vow
བྱང་སེམས			[purified-realized-intention]; mind of enlightenment; altruistic aspiration to enlightenment; one intent on full enlightenment; Bodhisattva
བྱང་སེམས་འཕགས་པ			bodhisattva superiors
བྱང་སེམས་འཕགས་པའི་ས			ground of a Bodhisattva Superior
བྱང་སེམས་ཀྱི་འཕགས་པ			Bodhisattva Superior
བྱང་སེམས་ཀྱི་ལམ			Bodhisattva path
བྱང་སེམས་ཀྱི་མཁྱེན་པ			exalted knower of a Bodhisattva
བྱང་སེམས་ཀྱི་ཐེག་པ			Bodhisattva Vehicle
བྱང་སེམས་སྦྱོར་ལམ			Bodhisattva path of preparation
བྱང་སེམས་སོ་སྐྱེའི་ལམ			path of a Bodhisattva who is an ordinary being
བྱང་སྒྲ་མི་སྙན			Uttarakuru; the country of the nothern Kurus; the northern [continent of] Unpleasant Sound
བྱས			verb: do; act; perform; fabricate; take ... as (BJ 37.4)\n noun: action; activity; performance
བྱས་ཆོས			fabricated practices
བྱས་ནས			having taken ... as(BJ 37.4); having done; having fabricated
བྱས་ནས་རིང་མོ་ཞིག་ལོན་པ			do for a long time
བྱས་པ			treated; product; produced thing(N); do; act; perform; fabricate; performance; deed; action; produced phenomenon
བྱས་པ་བསྲང་བའི་ས			level of completion
བྱས་པ་ཅན			fabrication
བྱས་པ་ལས་བྱུང་བ			arisen from having made
བྱས་པ་རྟོགས་པའི་ས			level of realizing completion; ground of realizing completion
བྱས་པའི་ས			level of accomplishment; ground of realizing accomplishment/completion(Gön-chok)
བྱེ་བ			verb: open\n noun: ten million; ten millions
བྱེ་བ་ཁྲག་ཁྲིག་བརྒྱ་སྟོང			one hundred thousand million ten millions ? (T)
བྱེ་བ་ཕྲག་བརྒྱ			one billion; 100 10 million
བྱེ་བྲག			instance; particularity; detail; special; particular; region
བྱེ་བྲག་འབྱེད་པ			discriminate; distinguish
བྱེ་བྲག་བཤད་མཛོད་ཆེན་མོ			Great Exposition
བྱེ་བྲག་བྱེད་པ			discriminate; distinguish
བྱེ་བྲག་གི་མཚན་ཉིད			character of a particular; specific character
བྱེ་བྲག་གྱུར་པ			non-associated; differentiated
བྱེ་བྲག་ཁོ་ན			only particularity
བྱེ་བྲག་མ་མཆིས་པ			undifferentiated(ness)
བྱེ་བྲག་མེད			non-differentiated; undifferentiated
བྱེ་བྲག་མེད་པ			non-differentiated; undifferentiated
བྱེ་བྲག་མེད་པར			non-differentiated; undifferentiated
བྱེ་བྲག་པ			Vaisheṣhika; Particularists
བྱེ་བྲག་ཕྱེད་པ			discriminate
བྱེ་བྲག་སྨར་བ			Vaibhāṣika
བྱེ་བྲག་སྨྲ་བ			Great Exposition School; Vaibhāṣika [a Hīnayāna Buddhist school]
བྱེ་བྲག་ཏུ			in particular(BJ 38.4); particularly; detailed
བྱེ་བྲག་ཏུ་བརྟགས་པ			impute as particulars; analyze in detail
བྱེ་བྲག་ཏུ་བཤད་པ			detailed explanation
བྱེ་བྲག་ཏུ་མི་ཤེས་པ་དང་ཐེ་ཚོམ་ཟ་བར་དོན་འཛིན་དུ་འཇུག་པ			engage in apprehending the meaning, ignorant of the details and with doubt  (T)
བྱེ་བྲག་ཏུ་ཤེས			know in detail  (T)
བྱེ་བྲག་ཏུ་ཤེས་པར་བྱ་བ			to be known in detail; one should know this in detail  (T)
བྱེ་བྲག་ཏུ་ཤེས་པར་བྱེད་པ			make known in detail (T)
བྱེད			do; act; perform; does; refer (to)(BJ 24.5)
བྱེད་དུ་འཇུག་པ			engage in doing
བྱེད་གཟུངས			refers to(LG)
བྱེད་ལས			function
བྱེད་ལས་ཁྱད་པར་ཅན			special function
བྱེད་པ			verb: do; act; perform; refer (to)(BJ 24.5)noun: agent; instrument; action(N)
བྱེད་པ་བྱས་པ			do what is to be done
བྱེད་པ་དང་བཅས་པ			active
བྱེད་པ་ལ་སྒྲོ་འདོགས་པ			superimposition/exaggeration/reification with respect to agent/activities
བྱེད་པ་ལ་སྐུར་པ་འདེབས་པ			deprecation with respect to agent/activities
བྱེད་པ་ལ་ཟླས་པ			from the point of view of function(Gön-chok)
བྱེད་པ་མ་མཆིས་པ			non-active; no agent
བྱེད་པ་མེད་པ			non-active; no agent
བྱེད་པ་པོ			agent; doer
བྱེད་པ་པོ་དང་ལས་དང་བྱ་བ་རྣམས་མི་དམིགས་པའི་ཕྱིར			because one does not perceive an agent, action, or object acted upon (T)
བྱེད་པ་པོ་དང་ཟ་བ་པོ་དང་ཤེས་པ་པོ་དང་གྲོལ་བ་པོ			agent, enjoyer, knower, and person liberated
བྱེད་པ་པོ་ནི་མི་དམིགས་སོ			an agent is not observed
བྱེད་པ་རྒྱུ་མཐུན་གྱི་འབྲས་བུ			functionally causally concordant effect
བྱེད་པའི་མཚན་ཉིད			functional characteristic
བྱེད་པར་འཛིན་པ			apprehend an agent
བྱེད་པར་རྟོག་པ			conceive as an agent  (T)
བྱེད་པོ་མིན			non-agent; no agent
བྱེད་རྒྱུ			creative cause
བྱེད་རྒྱུ་བཅུ			ten creative causes
བྱེད་རྒྱུ་ནུས་ལྡན			potent creative cause
བྱེད་རྒྱུ་ནུས་མེད			impotent creative cause
བྱེད་རིགས་པ			suitable to refer (to)(BJ 24.5)
བྱེད་སྒྲ			the instrumental case
བྱེས			Jay ("Splinter") College of Se-ra Monastic University
བྱི་དོར			sweeping
བྱི་དོར་བྱས			wiped; sweep
བྱི་ལ			cat
བྱིའུ			a dark-headed bird that stays near houses
བྱིན			to give
བྱིན་བརླབས་པ			blessed; empower; bless
བྱིན་གྱིས་བརླབ་པ			to bless; blessed; empower
བྱིན་གྱིས་བརླབས			to bless; blessed; empower
བྱིན་གྱིས་བརླབས་པ			blessing into magnificience; blessed; empower; bless
བྱིན་གྱིས་རླབས་ཅན			blessed; empower; bless
བྱིན་གྱིས་རླབས་ཤིང་བབས་པར་གྱུར			bless; empower
བྱིན་གྱིས་རློབ			to bless; blessed; empower
བྱིན་གྱིས་རློབ་པར་བྱེད			to bless; blessed; empower
བྱིན་གྱིས་རློབས་ཀྱིས་སྤྱོད			practice due to empowerment
བྱིན་པ			calves; give; giving; gift; calf [of the leg]
བྱིན་རླབས་ཅན			blessed; empower; bless
བྱིང			laxity; lethargy; sunk
བྱིང་བ			laxity
བྱིང་བ་དང་རྒོད་པ			laxity and excitement  (T)
བྱིང་ན་གནས་པ			abiding in laxity
བྱིངས			structure; general; all; expanse; sphere; element; verbal root
བྱིས་པ			child; children; childish beings
བྱིས་པ་བཙས་མ་ཐག་པ			a child who has just been born
བྱིས་པ་ལྟར་འཇུག			behave like a child
བྱིས་པ་རྣམས་ལ་ནི་སླུ་བར་བྱེད་པ་ཡིན་ལ			to a child these are deceptive
བྱིས་པ་སོ་སོའི་སྐྱེ་བོ			childish ordinary beings
བྱིས་པའི་ཆོས			doctrines of children; qualities of children; childish doctrines
བྱིས་པའི་རང་བཞིན་ཅན			having childish nature
བྱིས་པའི་རྨོངས་པ			childish and ignorant
བྱོལ་སོན་གི་སྐྱེ་གནས་པ			animal womb
བྱོལ་སོང་གི་སྐྱེ་གནས			animal womb
བྱོན			come
བྱོན་ནས			having come
བྱོན་པ			come; arrive
བྱོས			listen (?); hear (?); pour (?); (T) to make; to do [imperative??]
བྱུ་རུ			coral
བྱུག་པ			verb: anoint; apply a salve\n noun: salve; ointment
བྱུགས			verb: anoint; apply a salve\n noun: salve; ointment
བྱུང			arisen from; to arise; occur; arisen; come forth; emerge; appear
བྱུང་བ			to arise; arisen; arising; come forth; emerge; appear; occur
བྱུང་བ་མ་ཡིན			non-arising; non-arisen
བྱུང་བའི་རིམ་པ			chronology(N)
བྱུང་བར་བྱེད་པ			cause to arise; produce
བྱུང་བར་གྱུར་ན			when ... arises
བྱུང་བར་གྱུར་ཏེ			arise; arising; occur
བྱུང་གྱུར			to arise; arising; occur; arisen; come forth; emerge; appear
བྱུང་ནས			having arisen
བྱུར་ལྦ			unlucky goiter
བཟའ			to eat; food [future stem]
བཟའ་བ			food
བཟའ་བ་སྟོང་པ་ཉིད			empty of food
བཟད་པ			bear; endure; resist
བཟང			good; right; nice
བཟང་བ			good; right; well done
བཟང་བ			comely
བཟང་བ་མིན			not good; not right
བཟང་བར་དུ			while it is good ...; while it is right ...  ?(T)
བཟང་ལམ་པ			one on an auspicious path  (T)
བཟང་པོ			good; right; nice
བཟང་པོ་བས་ཆེས་བཟང་པོ			most auspicious; good in every respect
བཟང་པོ་སྤྱོད་པའི་སྨོན་ལམ་གྱི་རྒྱལ་པོ			Aspirational Prayers for Auspicious Deeds, P. 716, vol. 11
བཟང་པོའི་གནས་སུ་སྐྱེས་པ			born in a good place  (T)
བཟང་ཟ་བ			good; right; nice
བཟས			to eat; food [past stem]
བཞད་མོ			laugh
བཞག			to posit; set; assign; establish; put; designate [past tense]
བཞག་ཅིང			positing; setting; assigning; designating
བཞག་ནས			having posited; having arranged; having set; having established; having designated
བཞག་པ			to posit; set; assign; establish; put; designate; present [past tense]; presentation(D2)
བཞག་པའི་ཚེ			when posited; when set; when put; when assigned
བཞག་པར་བྱ་བ			object posited; posit; set; assign; designate; establish
བཞགས་ཙམ			merely posited
བཞེད			assert; wish; want; desire; accept; take; say; intend
བཞེད་པ			assert; wish; want; desire; accept; take; say
བཞེང			to rise; erect
བཞེངས			to rise; erect
བཞེངས་པ			to rise; erect
བཞེངས་ཏེ			rising; erecting
བཞེས			to take up; put on (hon.)
བཞེས་ཐག			cigarette
བཞི			four
བཞི་མདོར			four-way crossroads(S)
བཞི་པ			fourth; four
བཞི་པོ			four; fourth
བཞིན			(verb ending indicating continuing action)\n in accordance with; like; as in; as; similarly; while\n noun: face
བཞིན་དུ			as; like; similarly; while; in accordance with
བཞིན་པ			like; particle indicating present continuous; similarly; while; in accordance with
བཞིར			as four
བཞོན			mount [noun and verb]
བཞོན་པ			mount
བཞོན་པ་ལྟ་བུའི་སེམས་བསྐྱེད			mind-generation like mount
བཞུ			offer; receive; melt; digest
བཞུགས			dwell; reside; live; stay; sit [past tense stem]
བཞུགས་པ			dwell; reside; live; stay; sit [past tense stem]
བཞུགས་ཏེ			dwelling; residing; living; staying; sitting
བཞུས			offer; receive; melt; digest
བཟླ			repeat; recite; mutter; pass beyond
བཟླ་བ			repeat; recite; mutter; pass beyond(S 53.4)
བཟླས			repeat; recite; mutter; pass beyond
བཟླས་བརྗོད			repetition
བཟླས་བརྗོད་དང་བཅས་པའི་བསམ་གཏན			concentration with repetition
བཟླས་བརྗོད་ལ་མ་བལྟོས་པའི་བསམ་གཏན			concentration without repetition
བཟླས་བརྗོད་ལམ་བལྟོས་པའི་བསམ་གཏན			concentration without repetition
བཟླས་བརྗོད་ཡན་ལག་བཞི			four branches repetition
བཟླས་བརྗོད་ཡན་ལག་བཞི་ལྡན			four-branched repetition
བཟློག			reverse; reversing; stop; turn around; oppose; overcome(BJ 18.5); overturn
བཟློག་ནས			having reversed; stopping; having opposed; having overcome
བཟློག་ཉིད			reversal
བཟློག་པ			reverse; reversing; stop; turn around; oppose; overcome(BJ 18.5)reversed; overturned
བཟློག་པར་བྱ			reversing; overturning; reverse; overturn; stop; turn around; oppose
བཟླུམས་པ			material objects; (morsel of) food
བཟོ			to make; manufacture (T)
བཟོ་བ			to make; manufacture  (T)
བཟོ་བ་སྤྲུལ་སྐུ			artisan emanation body
བཟོ་བའི་སྤྲུལ་སྐུ			artisan emanation body
བཟོ་གྲྭ			factory
བཟོ་སྦྱངས			Śreṇika [p.n. of a wanderer, also called Vatsagotra]
བཟོ་སྦྱངས་གཟུགས་ཅན་སྙིང་པོ			King Bimbisāra
བཟོ་ཤེས			vocational knowledge; knowledge of crafts  (T)
བཟོ་སྟོན་པ			teach crafts
བཟོད			bear; endure; resist; be patient; forbear; withstand; patience; forbearance; endurance; tolerance
བཟོད་བྱས་ནས			having been patient/tolerant/forbearing
བཟོད་མ་ནས་ཞི་བ			quiescient from the start
བཟོད་པ			forbearance; bear; endure; resist; forbear; withstand; patience; endurance; tolerance
བཟོད་པ་འཐོབ			attain patience/forbearance/endurance/tolerance
བཟོད་པ་བླ་ན་མེད་པ			unsurpassed/highest/sublime patience/forbearance/endurance/tolerance
བཟོད་པ་བརྒྱད			eight forbearances
བཟོད་པ་ཆེ་བ			great forbearance/patience/endurance/tolerance
བཟོད་པ་དང་ལྡན་པ			patient; tolerant; forbearing; endowed/possessing patience/forbearance/endurance/tolerance
བཟོད་པ་དང་ཤེས་པ			forbearance and knowledge
བཟོད་པ་ལ་དགའ་བ			liking patience/forbearance/endurance/tolerance
བཟོད་པ་ཉིད			patience; forbearance; endurance; tolerance
བཟོད་པ་ཕུན་སུམ་ཚོགས་པ			complete/perfect/marvelous patience/forbearance/endurance/tolerance
བཟོད་པ་སྨྲ་བ			Advocating Patience/Forbearance/Endurance/Tolerance
བཟོད་པ་ཡོངས་སུ་སྨིན་པའི་མཚན་ཉིད			character of thoroughly matured patience/forbearance/endurance/tolerance
བཟོད་པའི་གནས་སྐབས			state/period/level of forbearance
བཟོད་པའི་གོ་སྒྲུབ			achieving through the armor of patience
བཟོད་པའི་མཐུ་ལ་གནས་པ			abiding in the power of patience/forbearance/endurance/tolerance
བཟོད་པའི་ཕ་རོལ་ཏུ་ཕྱིན་པ			perfection of patience/forbearance/endurance/tolerance
བཟོད་པའི་ཕར་ཕྱིན			perfection of patience
བཟོད་པའི་རྩེ་སྦྱོར			forbearance peak training
བཟོད་པའི་ཚོགས་ཀྱི་རྒྱུ་མཚན་ཡིན་པ			being a cause/sign of the collection of patience/forbearance/endurance/tolerance
བཟོད་པའི་ཚོགས་སྒྲུབ			achieving through the collection of patience
བཟོད་པར་འགྱུར			become/is patient/forbearing/enduring/tolerant
བཟོད་པར་བྱ་བ			that which is to be endured/tolerated/withstood/forbeared/patient about
བཟོད་ཤེས			forbearance and knowledge
བཟོས			to make; manufacture
བཟུང			apprehend; grasp; hold; conceive; taken from (here through to...); subject (BJ 43.1)
བཟུང་འཛིན			apprehended object and apprehending subject
བཟུང་འཛིན་རྫས་གཞན			apprehended object and apprehending subject being different substantial entities; difference of entity between apprehended object and apprehending subject(BJ 44.3)
བཟུང་འཛིན་རྫས་ཐ་དད་ཀྱིས་སྟོང་པ			emptiness of apprehended-object and apprehending-subject existing as different substantial entities
བཟུང་འཇུག			state of union(Lati)
བཟུང་འོས་པ			suitable to be apprehended (T)
བཟུང་བ			apprehend; grasp; hold; conceive; taken from (here through to ...); subject (BJ 43.1)
བཟུང་བར་འོས་པ			suitable to be apprehended; suitable to be grasped  (T)
བཟུང་བྱ			apprehended object
བཟུང་ནས			begin; beginning from/with; taken from (here through to ...); apprehending; grasping; holding; conceiving
བཟུང་རྣམ			that which has the aspect of the apprehended
བཟུང་སྟེ			begin; beginning from/with; taken from (here through to ...); apprehending; grasping; holding; conceiving
བཟུང་ཡུལ			apprehended object
བཟུངས			apprehend; grasp; hold; conceive; taken from (here through to ...); subject
ཅ་ལག			things; goods
ཅག			plural marker
ཅན			possessing; having; subject to
༅ཅང,་ཅི་ཡང			at all; anything
ཅེ་ན			if it is asked
ཅེས			particle indicating quotation; thus
ཅེས་བྱ			indicates quotation; it is said
ཅེས་བྱ་བ			indicates quotation; it is said
ཅེས་པ			particle indicating quotation
ཅེས་པའི་མདོ་ཚིག་བཀའ་སྩལ་པ			spoke the words of sūtra “…”
ཆ			factor; portion; part; an odd number (see example 2); all of (the parts of something; see example 3)
ཆ			factor; portion
ཆ་བཅས			part-owner
ཆ་བྱད			appearance; gestalt
ཆ་ཅན			the whole; parts-possessor(N)
ཆ་དང་ལྡན་པ			concordance; concordant; entitled to
ཆ་དང་མཐུན			concordant; concordance; limb; wing
ཆ་དང་མཐུན་པ			concordant; concordance
ཆ་གཅིག			one part (T)
ཆ་ལུགས			style; appearance; gestalt; form; comportment
ཆ་མེད			[part-not-exist]; partless; indefinite
ཆ་མཉམ			equal
ཆ་མཉམ་པའི་ཐེ་ཚོམ			equal doubt
ཆ་མཐུན			concordance with a portion; partial concordance
ཆ་ནས་བཞག་པ			qualified by; posited from the point of view of
ཆ་ཤས			factor; part
ཆ་ཤས་ཅན			whole; possessing parts
ཆ་ཤས་མེད་པ			partless
ཆ་ཤས་སུ་ཕྱེ་ནས			having divided into portions
ཆ་ཚང			[parts-all]; entire
ཆ་ཡིས			appears(TN)
ཆབ			water
ཆབ་མ			ghee (i.e., clarified butter); lid; valve(?)
ཆབ་རྙོག་པ			turbid water; murky water
ཆབ་རྙོག་པ་ཅན་མཆིས་པའི་སྣོད			container filled with murky water
ཆབ་སྲིད			kingdom, dominion, territory
ཆད			severed\n verb: cut off; split off\n noun: annihilation; nullification
ཆད་ལྟ་སྨྲ་བ			Proponent of Annihilation
ཆད་ལྟ་སྤོང			the annihilationist view is abandoned
ཆད་མཐའ			extreme of annihilation
ཆད་པ			annihilation; cut off; nullification
ཆད་པ་མེད			not cut off; non-annihilation; uninterrupted
ཆད་པ་མེད་པར་འཇུག་པ			uninterruptedly engaging; uninterrupted engagement
ཆད་པའི་མཐའ			extreme of annihilation(N)
ཆད་པར་འགྱུར་བ			annihilate; cut off
ཆད་པར་བགྱིད་པ			annihilate; cut off
ཆད་པར་ལྟ་བ			view of annihilation; annihilationist view(N)
ཆད་པར་སྨྲ་བ			Proponent of Annihilation
ཆག			to break; to decrease
ཆག་ཆག			sprinkle; wash
ཆག་མེད			without a break
ཆགས			to desire; to become; to form; formed; having; desire; attachment
ཆགས་བཅས			accompaniment with desire; having desire; having attachment; desirous; attached
ཆགས་བྲལ			separated from attachment; separated from desire(Gön-chok); separation from attachment
ཆགས་བྲལ་སྔོན་སོང			abandoning [some] attachments/afflictions before [the path of seeing](Gön-chok)
ཆགས་མེད			non-attached; non-attachment
ཆགས་མེད་གྱུར			non-attachment
ཆགས་པ			attachment
ཆགས་པ་ལམ་དུ་བྱས་པ			using desire in the path
ཆགས་པ་མེད			nonattachment; non-attachment; unattached
ཆགས་པ་མེད			nonattachment; non-attachment; unattached
ཆགས་པ་མེད་པ			non-attachment; unattached
ཆགས་པ་མི་མངའ་བ			non-attachment; unattached
ཆགས་པའི་མཐའ			extreme of attachment
ཆགས་པའི་ཡིད			attached mind
ཆགས་པར་འགྱུར			be attached; attached
ཆགས་པར་འགྱུར་བཞིན			be attached; attachment
ཆགས་པར་བྱེད་པ			attachment
ཆགས་པར་གྱུར་ཏེ			be attached; attached
ཆགས་སེམས			attached mind; mind of attachment
ཆགས་ཤིང			being attached; attached
ཆགས་སྤངས			abandoning attachment
ཆལ་བ			faulty [past tense of 'chal ba]
ཆལ་བའི་ཚུལ་ཁྲིམས			faulty ethics
ཆང			beer
ཆང་ཁང			bar; beer hall
ཆར			simultaneously; all; at the same time; together; rain
ཆར་པ			rain
ཆར་རྒྱས་པར			widespread
ཆར་སྤྲིན			rainclouds
ཆས			by the factor (= cha + instrumental particle)
ཆེ			great; big
ཆེ་འབྲིང་ཆུང			small, middling, and great
ཆེ་བ			great; big
ཆེ་བ་ཉིད			greatness
ཆེ་བའི་ལྷག་པའི་བསམ་པ			great special thought; great unusual thought
ཆེ་བའི་ང་རྒྱལ			pride of greatness
ཆེ་གེ			such a person; such a one
ཆེ་གེ་མོ			such a person; such a one
ཆེད			intent; for the sake of; (T) intent
ཆེད་བཞིན			according to the training
ཆེད་དུ			for the sake of; for the purpose of; for; benefit.
ཆེད་དུ་བརྗོད་པ			saying; sayings; (T) purposeful expressions
ཆེད་དུ་བརྗོད་པའི་སྡེ			sayings(S)
ཆེད་དུ་བྱ			train; trainee
ཆེད་དུ་བྱ་བ			intended activity; intended object; trainee; object of intent
ཆེད་དུ་བྱ་བའི་འདུལ་བྱ			special intended trainee [for whose sake a teaching or tantra was taught]
ཆེད་དུ་བྱེད་འདུལ་བྱ			special trainee(s); (T) intended trainees ?
ཆེད་དུ་ཅི་ཕྱིར			for what purpose?; for the sake of what?
ཆེན			great; big; large
ཆེན་པོ			great; large; big; great one
ཆེན་པོ་ཉིད			greatness
ཆེན་པོ་ཉིད་རྣམ་པ་བདུན			seven aspects of greatness; seven greatnesses
ཆེན་པོ་སྐོར			greater cycles
ཆེན་པོ་སྟོང་པ་ཉིད			great emptiness
ཆེན་པོ་ཡི་ཆེན་པོ			great of the great
ཆེན་པོའི་འབྲིང			middling of the great
ཆེན་པོའི་ཆེན་པོ			big of the big; great of the great
ཆེན་པོའི་ཆུང་ངུ			small of the great
ཆེན་པོར་བགྱིད			make great
ཆེན་པོར་གྱུར་པ			become great
ཆེན་པོར་མི་བགྱིད			not make great
ཆེར་གྱུར་པ			great; become great
ཆེས			very; big; great; greatly\n (T) [comparative indicator]; more; -er ??
ཆེས་གསལ་བ			brilliantly illuminating
ཆེས་ཁྱད་པར་དུ་འཕགས་པ			superior; much superior (T)
ཆེས་མཆོག			greatest; highest; supreme
ཆིངས			structure (?; see example)
ཆོ་འབྲང			lineage
ཆོ་འཕྲུལ			miracle; magical display (VM)
ཆོ་ག			rule; knowledge; (T) rite; ritual
ཆོ་ངེ			lamentable
ཆོ་རིགས			father's lineage
ཆོད			(1) to be cut off; (2) imp. of gcod, to cut
ཆོད་པར			to be cut off
ཆོག་འཛིན			contentment; satisfaction
ཆོག་མ་ཤེས་པའི་བརྩོན་གྲུས			effort that is insatiable; effort that does not know satisfaction
ཆོག་མི་ཤེས			discontented; discontented mind; unsatisfied mind
ཆོག་མི་ཤེས་པ			discontented; discontented mind; unsatisfied mind
ཆོག་མི་ཤེས་པའི་བརྩོན་འགྲུས			effort of one who is not satisfied
ཆོག་པ			permissible; allowed; permitted; when used with instrumental, the meaning becomes: enough (see example 2)
ཆོག་པ་འཛིན་པ			contented; satisfied
ཆོག་པ་ཤེས་པ			contented mind; satisfied in mind
ཆོག་པར་འཛིན་པ			contented; satisfied
ཆོག་པར་འཛིན་པའི་གཉེན་པོ་ཡིད་ལ་བྱེད་པ་བསྒོམ་པ			cultivating mental contemplation that is an antidote to satisfaction
ཆོག་ཤེས			[enough-know]; be content; be satisfied; satisfaction
ཆོག་ཤེས་པ			knowing satisfaction; content; satisfied; contentment; satisfaction
ཆོམ་རྐུན			robber
ཆོམས་པ			uproot
ཆོམས་པར་གྱུར་པ			uproot
ཆོས			attribute; quality; phenomenon; topic; doctrine; religion; practice; way
ཆོས་ཀྱི་དེ་བཞིན་ཉིད་རྣམ་པར་དག་པའི་མཚན་ཉིད			pure character of the suchness of phenomena
ཆོས་འབྱུང			source of attributes; source of phenomena
ཆོས་འདོད			desire doctrine
ཆོས་འདོད་པ			desire doctrine
ཆོས་འདོད་པར་བྱའོ			one should desire doctrine
ཆོས་འདུལ་བ			disciplinary doctrine
ཆོས་འཕགས			wise with respect to doctrine; wise with respect to phenomena; p.n. of a Bodhisattva
ཆོས་བདག་བཀག་པའི་དེ་བཞིན་ཉིད			thusness that is a negation of a self of phenomena
ཆོས་བདག་མེད་པ			selflessness of phenomena
ཆོས་བསྒྱུར་དཀར་ཆག			[Bu-tön's (bu ston rin chen grub)] Catalogue of the Translated Doctrine
ཆོས་བཤད་པ			explanation of doctrine
ཆོས་བསྟན་པ			teaching doctrine; doctrinal teaching
ཆོས་བསྟན་པ་གཅིག			one doctrinal teaching
ཆོས་བཏགས་པ་རྣམ་པར་གཞག་པའི་དམིགས་པ			object of observation that is posited in terms of imputed phenomena
ཆོས་བཟོད			doctrinal forbearance; forbearance with respect to the doctrine [of...]
ཆོས་བཟོད་ཤེས			doctrinal forbearance and knowledge
ཆོས་ཅན			subject; substratum; qualification; quality possessor; logical subject; phenomena
ཆོས་ཅན་འབའ་ཞིག་པ			merely propounded subject; mere subject
ཆོས་ཅན་བརྗོད་པའི་སྒྲ			terms which express qualifications
ཆོས་ཅན་མཐུན་སྣང			commonly appearing subjects(N)
ཆོས་ཅན་ནུས་མེད			powerless subject
ཆོས་དང་བདེན་པ་དང་རིགས་པ་དང་ཐེག་པ་གདགས་པ་རྣམ་པར་གཞག་པ			positing phenomena, truths, lineage, and vehicle;(T) positing the imputations of phenomena, truths, reasonings, and vehicles
ཆོས་དང་ཆོས་ཉིད			phenomena and noumenon
ཆོས་དང་ཆོས་ཉིད་རྣམ་པར་འབྱེད་པ			Maitreya's Differentiation of Phenonema and the Nature of Phenomena (dharma-dharmatā-vibhaṇga), P. 5523, vol. 108
ཆོས་དང་དོན			doctrine and meaning
ཆོས་དང་གང་ཟག			phenomena and persons (T)
ཆོས་དང་ལྡན			having the quality (of ...)
ཆོས་དང་ལྡན་པ			having the quality (of ...)
ཆོས་དང་མཐུན			concordant with doctrine/phenomena
ཆོས་དང་མཐུན་པའི་ཆོས་ལ་ཞུགས་པ			entering into doctrine/phenomena and what is concordant with doctrine/phenomena
ཆོས་དང་རྗེས་སུ་མཐུན་པའི་ཆོས་ལ་ཞུགས་ཞིང			entering into doctrine/phenomena and what is concordant with doctrine/phenomena
ཆོས་དང་སྐད་ཅིག་མ་མ་ཡིན་པའི་གཞི་མཐུན་པ			common locus of a phenomenon and non-momentary
ཆོས་དབྱིང			element of [superior] qualities; sphere of reality; nature of phenomena(Gön-chok)
ཆོས་དབྱིངས			element of [superior] qualities; sphere of reality; nature of phenomena; the element of [a Superior's] qualities; basic element of attributes; noumenal expanse; expanse of reality; basic element of [superior] qualities; basic element of phenomena; element
༅ཆོས་དབྱིངས་སྟོད་པ,་ཆོས་ཀྱི་དབྱིངས་སུ་བསྟོད་པ			Nāgārjuna's Praise of the Basic Element of [Superior] Qualities (dharmadhātustava)
ཆོས་དབྱིངས་ཡེ་ཤེས			exalted wisdom of the element of qualities; exalted wisdom of the sphere of reality; exalted wisdom of the nature of phenomena
ཆོས་དེ་དང་རྫས་ཐ་དད་པའི་སྒོ་ནས་ཆོས་དེའི་འབྲས་བུའི་རིགས་སུ་གནས་པ			abiding in the type which is an effect of that phenomenon from the side of being a different substantial entity from that phenomenon
ཆོས་དེ་ལ་ཡོན་ཏན་དུ་བལྟ་བ			viewing qualities with respect to phenomena
ཆོས་དཀར			pure doctrines; pure phenomena; pure qualities
ཆོས་དཀོན་མཆོག་ལ			jewel of doctrine; precious doctrine
ཆོས་དཀོན་མཆོག་རྗེས་སུ་དྲན་པ			recollection of the doctrine jewel
ཆོས་དམིགས་པ			observing phenomena/doctrine
ཆོས་དྲན་པ་པ་ཉེ་བར་བཞག་པ			establishment in mindfulness of phenomena
ཆོས་དུང			religious conch
ཆོས་གདགས་པ			imputed phenomena; imputed qualities
ཆོས་གདགས་པ་རྣམ་པར་བཞག་པ			positing imputed phenomena; positing imputed qualities
ཆོས་གནས་པར་བྱ་བ			abiding in doctrine/phenomena
ཆོས་གོས			[religion-clothing]; religious robes
ཆོས་གོས་ཡོངས་སུ་ལོངས་སྤྱོད་པ			resources of religious robes
ཆོས་གྲྭ			[religion-school]; doctrinal college; religious college
ཆོས་གསུམ			three practices
ཆོས་ཁྲིམས			religious law(SW,GZ)
ཆོས་ཀུན			all phenomena
ཆོས་ཀྱི་འཁོར་ལོ			wheel of doctrine
ཆོས་ཀྱི་འཁོར་ལོ་བསྐོར་བ			turn the wheel of doctrine
ཆོས་ཀྱི་འོད			light of the doctrine (T)
ཆོས་ཀྱི་བར་ཆད་དུ་གྱུར་པ			interruptions with respect to doctrine
ཆོས་ཀྱི་བདག			self of phenomena
ཆོས་ཀྱི་བདག་མེད			selflessness of phenomena
ཆོས་ཀྱི་བདག་མེད་ཀྱི་དབང་དུ་བྱས་པའི་དོན་དམ་པ་ངོ་བོ་ཉིད་མེད་པ			ultimate-non-nature in terms of the selflessness of phenomena
ཆོས་ཀྱི་བདག་མེད་ཕྲ་མོ			subtle selflessness of phenomena
ཆོས་ཀྱི་བདག་མེད་རགས་པ			coarse selflessness of phenomena
ཆོས་ཀྱི་བདག་ཏུ་འཛིན་པ			conception of a self of phenomena; apprehension of a self of phenomena
ཆོས་ཀྱི་ཆར			rain of doctrine
ཆོས་ཀྱི་དབྱིངས			element of [a Superior’s] attributes; element of attributes
ཆོས་ཀྱི་དབྱིངས་སུ་འགྱུར་བ			become the sphere of reality; become the nature of phenomena
ཆོས་ཀྱི་དེ་ཁོ་ན་ཉིད			suchness of phenomena
ཆོས་ཀྱི་དེ་ཉིད			suchness of phenomena
ཆོས་ཀྱི་དམིགས་པ			observation of phenomena; observation of doctrine
ཆོས་ཀྱི་དོན			the meaning of doctrine
ཆོས་ཀྱི་གྲགས་པ			Dharmakīrti [name of the Indian philosopher, author of the Seven Treatises on Valid Cognition]
ཆོས་ཀྱི་གཏན			delineate doctrine
ཆོས་ཀྱི་ཁམས			phenomenon-constituent
ཆོས་ཀྱི་ལོངས་སྤྱོད་རྫོགས་པ			complete enjoyment of the doctrine (T)
ཆོས་ཀྱི་ལོངས་སྤྱོད་རྫོགས་པ་རྒྱུན་མི་འཆད་པར་འཇུག་པ			engage continuously in the complete enjoyment of the doctrine (T)
ཆོས་ཀྱི་མཆོག			highest doctrine; supreme doctrine
ཆོས་ཀྱི་མཆོག			highest doctrine; supreme doctrine
ཆོས་ཀྱི་མཆོག་སྡུད་པ			compendium of highest doctrine
ཆོས་ཀྱི་མཆོག་ཏུ་འགྱུར			highest doctrine; supreme doctrine
ཆོས་ཀྱི་མདོ			sūtras of doctrine
ཆོས་ཀྱི་མཛོད			treasury of doctrine
ཆོས་ཀྱི་མིག			eye of doctrine
ཆོས་ཀྱི་མིག་དྲི་མ་དང་བྲལ་བ			eye of doctrine that is free from defilements
ཆོས་ཀྱི་མིག་རྡུལ་མེད་ཅིང་དྲི་མ་དང་བྲལ་བ			eye of doctrine that is stainless and free from defilements
ཆོས་ཀྱི་མཚན་མ			sign of phenomena/doctrine
ཆོས་ཀྱི་མཚན་ཉིད			characteristic of phenomena
ཆོས་ཀྱི་མཚན་ཉིད་ཕྱིན་ཅི་མ་ལོག་པ			non-mistaken characteristic of doctrine/phenomena
ཆོས་ཀྱི་རང་བཞིན			nature of phenomena
ཆོས་ཀྱི་རྒྱལ			King of Doctrine
ཆོས་ཀྱི་རྒྱལ་པོ			King of Doctrine
ཆོས་ཀྱི་རྒྱུན			stream of doctrine
ཆོས་ཀྱི་རྗེས་སུ་ལྟ་བ			viewer of phenomena; viewer of doctrine
ཆོས་ཀྱི་རྗེས་སུ་མཐུན་པའི་ཆོས			doctrines that are concordant with doctrine
ཆོས་ཀྱི་རྣམ་གྲངས			enumeration of phenomena
ཆོས་ཀྱི་རྔ་རྡུང་བ			beat the drum of the doctrine (T)
ཆོས་ཀྱི་རོ			taste of doctrine
ཆོས་ཀྱི་སྦྱིན་པ			gift of doctrine; giving doctrine
ཆོས་ཀྱི་སྒོ			door of doctrine
ཆོས་ཀྱི་སྒྲོན་མ			lamp of doctrine
ཆོས་ཀྱི་ཤུགས་ཀྱིས			force of doctrine; strength of doctrine
ཆོས་ཀྱི་སྐུ			body of attributes; Truth Body; Actual Body
ཆོས་ཀྱི་སྐྱེ་མཆེད			phenomenon source; phenomenon-source; phenomenon-sense-sphere
ཆོས་ཀྱི་སྐྱེ་མཆེད་པའི་གཟུགས			form for the mental consciousness
ཆོས་ཀྱི་སྣང་བ			appearance of phenomena; viewing phenomena
ཆོས་ཀྱི་སྙིང་པོ་ཅན			essence of doctrine
ཆོས་ཀྱི་སྤྲིན			cloud of doctrine; Cloud of Doctrine (tenth bodhisattva ground)
ཆོས་ཀྱི་སྤྱན			eye of doctrine
ཆོས་ཀྱི་ཚིག			verbal expression
ཆོས་ཀྱིས་འཕགས་པ			superior qualities; exalted by doctrine; superior doctrine; name of a Bodhisattva
ཆོས་ཀྱིས་བསྡུ་བ			compendium of doctrine; collection of phenomena
ཆོས་ཀྱིས་ཕོངས་པ་འགྱུར་པ་དང་མཐུན་པ			concordant with being impelled by doctrine/phenomena
ཆོས་ཀྱིས་ཕོངས་པར་འགྱུར་བ་དང་མཐུན་པ			impelled by phenomena/doctrine
ཆོས་ལ་བག་ཡོད་པ			conscientiousness with respect to doctrine
ཆོས་ལ་བདག་མེད་པ			selflessness of phenomena
ཆོས་ལ་བདག་མེད་པའི་ཡེ་ཤེས་རྣམ་པར་མི་རྟོག་པ			not realizing the exalted wisdom [realizing] the selflessness of phenomena
ཆོས་ལ་བརྟེན་པ			depending upon doctrine; depending upon phenomena
ཆོས་ལ་བཟོད་པ			doctrinal forbearance; forbearance with respect to the doctrine [of...]
ཆོས་ལ་དབང་བ			power with respect to doctrine/phenomena
ཆོས་ལ་དགའ			joy in doctrine
ཆོས་ལ་དགའ་བ			joy in doctrine
ཆོས་ལ་དམིགས་པ			observing phenomenon; observing phenomena
ཆོས་ལ་དམིགས་པའི་བྱམས་པ			love observing phenomena
ཆོས་ལ་དམིགས་པའི་སྙིང་རྗེ			compassion observing phenomena
ཆོས་ལ་གཅིག་ཏུ་དགའ་ཞིང			delighting only in doctrine
ཆོས་ལ་གུས་པ			respect for doctrine
ཆོས་ལ་ཁོང་ཁྲོ་བའི་སྒྲིབ་པ			obstruction of anger with respect to doctrine/phenomena
ཆོས་ལ་ཁོང་ཁྲོ་སྒྲིབ			obstruction of anger with respect to doctrine/phenomena
ཆོས་ལ་ལོངས་སྤྱོད་པ			doctrinal resources; resources with respect to doctrine; resources in terms of phenomena
ཆོས་ལ་ལོངས་སྤྱོད་རྫོགས་པ			completion of doctrinal resources
ཆོས་ལ་ལོངས་སྤྱོད་རྫོགས་པ་རྒྱུན་མི་འཆད་པ			not cutting off the continuum of completion of doctrinal resources
ཆོས་ལ་ལོངས་སྤྱོད་རྫོགས་པར་མཛད་པ			completion of doctrinal resources
ཆོས་ལ་མི་དགའ			not delighting in doctrine/phenomena
ཆོས་ལ་མི་གཡོ			unmoving with respect to doctrine/phenomena
ཆོས་ལ་མི་མོས་པ			non-belief/faith/interest/inclined towards/zeal in doctrine
ཆོས་ལ་མོས			belief/faith/interest/inclined towards/zeal in doctrine
ཆོས་ལ་མོས་པ			belief/faith/interest/inclined towards/zeal in doctrine
ཆོས་ལ་མོས་པའི་རྣལ་འབྱོར་ལ་བརྩོན་པ			effort in the yoga of belief in doctrine
ཆོས་ལ་མོས་པའི་རྣལ་འབྱོར་ལ་བརྩོན་པར་བྱའོ			one should make effort in the yoga of belief in doctrine
ཆོས་ལ་མོས་པའི་ས་བོན			seeds of belief/faith/interest/inclination towards/zeal in doctrine
ཆོས་ལ་མོས་པར་བྱེད			belief/faith/interest/inclined towards/zeal in doctrine
ཆོས་ལ་མུན་པ་མེད			non-obscuration with respect to doctrine
ཆོས་ལ་ང་རྒྱལ་སྤངས་པ			abandon pride with respect to qualities/doctrine
ཆོས་ལ་ངེས་པར་རྟོག་པའི་བཟོད་པ			forbearance of the definite realization of doctrine
ཆོས་ལ་ངེས་རྟོགས་ཀྱི་བཟོད་པ			forbearance of the definite realization of doctrine
ཆོས་ལ་རིན་པོ་ཆེར་འདུ་ཤེས			discrimination with respect to the precious doctrine; discrimination with respect to precious qualities/phenomena
ཆོས་ལ་སེར་སྣ་མེད་པ			not miserly with respect to the doctrine/phenomena (T)
ཆོས་ལ་སྒྲོ་འདོགས་པའི་མཐའ			extreme of superimposition/exaggeration/reification with respect to phenomena
ཆོས་ལ་ཚུལ་བཞིན་ཡིད་ལ་བྱེད་པ			mental engagement in accordance with doctrine/phenomena
ཆོས་ལ་ཞུགས་པ			enter into doctrine
ཆོས་ལས་ཆོས་ཉིད་གཞན་ཡིན་པ			phenomena are different from reality
ཆོས་ལས་མི་གཡོ			not wandering from the doctrine (T)
ཆོས་ལུགས			order
ཆོས་མ་བསྟན			not teaching doctrine
ཆོས་མ་མོས་པ			non-belief/faith/interest/inclined towards/zeal  in doctrine
ཆོས་མ་ཡིན་པ			improper(N)
ཆོས་མཆོག			supreme mundane qualities; supreme quality; highest mundane qualities; supreme qualities
ཆོས་མཆོག་གི་རྩེ་སྦྱོར			supreme mundane qualities peak training; peak training of the supreme mundane quality [path of preparation]
ཆོས་མཆོག་སྡུད་པ			compendium of highest qualities; compendium of the highest doctrines
ཆོས་མཆོག་ཏུ་འགྱུར			supreme quality; supreme mundane qualities
ཆོས་མཛོད			treasury of doctrine
ཆོས་མེད་པ			non-existence of phenomena
ཆོས་མི་ལྡོག་པའི་རྟགས			sign of not reversing from the doctrine
ཆོས་མི་མཐུན་སྦྱོར་གྱི་སྒྲུབ་ངག			proof statement using a qualitative dissimilarity
ཆོས་མིན			non-religious; improper
ཆོས་མིན་བྱ་བ			acting improperly
ཆོས་མིང			names of phenomena; names of doctrines
ཆོས་མངོན			knowledge; higher knowledge; higher doctrine
ཆོས་མངོན་པ			Manifest Knowledge; Higher Knowledge; knowledge; higher doctrine; phenomenology
ཆོས་མངོན་པའི་མཛོད			Vasubandhu's Treasury of Knowledge (Abhidharmakoṣa), P 5590, vol.115; T 4809; Vasubandhu's Treasury of Manifest Knowledge
ཆོས་མངོན་པའི་མཛོད་ཀྱི་བཤད་པ			Vasubandhu's Explanation of the Treasury of Knowledge (Abhidharmakoṣa-bhāṣya), P. 5591, vol. 115
ཆོས་མངོན་པའི་མཛོད་ཀྱི་ཚིག་ལེའུར་བྱས་པ			Vasubandhu's Stanzas of the Treasury of Knowledge (Abhidharmakoṣa-kārikā), P 5590, vol. 115; T4089; Varanasi: Ge-lug-pa Press, 1972.
༅ཆོས་མངོན་པའི་མཛོད་ཀྱི་ཚིག་ལེའུར་བྱས་པའི་འགྲེལ་པ་མངོན་པའི་རྒྱན༏་མཆིམས་མཛོད			Chim-jam-pel-yang's (mchims 'jam dpal dbyangs) Commentary on [Vasubandhu's] "Stanzas of the Treasury of Manifest Knowledge": Ornament of Manifest Knowledge
༅ཆོས་མངོན་པར་རྟོགས་པ༏་ཆོས་མངོན་རྟོགས			clear realizer of doctrine
ཆོས་མངོན་རྟོགས			clear realizer of doctrine; clear realization of the doctrine
ཆོས་མཉམ་ཉིད			sameness of phenomena
ཆོས་མཉམ་པ་ཉིད			sameness of phenomena
ཆོས་མཐུན་པ			qualitative similarity
ཆོས་མཐུན་སྦྱོར་གྱི་སྒྲུབ་ངག			proof statement using a qualitative similarity
ཆོས་ངོ་བོ་ཉིད་མེད་པ་ཉིད་དུ་སྟོན་པ			teach that phenomena are natureless
ཆོས་ཉིད			final nature; real nature; noumenon
ཆོས་ཉིད་དང་མི་འགལ་བ			not contradictory with reality
ཆོས་ཉིད་དང་ནི་འགལ་བ་མེད			not contradictory with reality
ཆོས་ཉིད་དེ་བཞིན་ཉིད			noumenal thusness
ཆོས་ཉིད་དེ་ཚད་མར་བྱའོ			valid in terms of reality
ཆོས་ཉིད་གཉུག་མའི་སེམས			noumenal fundamental mind
ཆོས་ཉིད་ཀྱི་གནས་ལུགས			noumenal mode of subsistence
ཆོས་ཉིད་ཀྱི་གཟུགས			form of reality; noumenal form
ཆོས་ཉིད་ཀྱི་རིག་གདངས			effulgence of noumenal intrinsic awareness
ཆོས་ཉིད་ཀྱི་རིགས་པ			analysis of the nature; reasoning of nature
ཆོས་ཉིད་ཀྱི་སེམས			noumenal mind; mind of reality
ཆོས་ཉིད་ཀྱི་ཚུལ			mode of reality
ཆོས་ཉིད་ཀྱིས་རྣམ་པར་ངེས་པ			definite by way of reality
ཆོས་ཉིད་པ			reality; quality
ཆོས་ཉིད་ཕྱིར			in reality
ཆོས་ཉིད་རང་བཞིན་རྣམ་དག་མཐོང་ཚུལ			the mode of seeing the pure nature, reality(PGP 79)
ཆོས་ཉིད་རྣམ་པར་འཁྲུག་མེད			noumenon as without disturbance
ཆོས་ཉིད་སྐྱོན་མེད			faultless reality; faultless quality
ཆོས་ཉིད་ཐོབ་པ			obtaining reality; obtaining qualities
ཆོས་ཉིད་ཡོངས་གྲུབ་དེ་བཞིན་ཉིད			noumenal; thoroughly established thusness
ཆོས་ཉིད་ཟབ་མོ			profound reality
ཆོས་པ			religious practitioner; Buddhist (GZ 68b. 3)
ཆོས་ར			debating courtyard
ཆོས་རབ་སྟོན			thoroughly teach doctrine
ཆོས་རབ་ཏུ་རྣམ་པར་འབྱེད་པ			differentiation of phenomena
ཆོས་རྫོགས་ལོངས་སྤྱོད			complete enjoyment of doctrine
ཆོས་རྒྱལ			King of Doctrine
ཆོས་རྒྱལ་པོ			King of Doctrine
ཆོས་རྒྱུན			stream of doctrine
ཆོས་རྒྱུན་གྱི་ཏིང་ངེ་འཛིན			meditative stabilization of the stream of doctrine
ཆོས་རྣམ་པར་འབྱེད་པ			investigation of phenomena/doctrine
ཆོས་རྣམ་པར་གཞག་པ			positing phenomena/doctrine
ཆོས་རྣམས་དང་ནི་གང་ཟག			phenomena and persons
ཆོས་རྣམས་ཀྱི་བདག་གི་ངོ་བོ			nature of self in phenomena
ཆོས་རྣམས་ཀྱི་ཆོས་ཉིད			reality of phenomena
ཆོས་རྣམས་ཀྱི་དངོས་པོ་མེད			non-thingness of phenomena
ཆོས་རྣམས་ཀྱི་ནི་གཙོ་བོ་སྟེ			main doctrines/phenomena/qualities
ཆོས་རྣམས་ཀྱི་ནི་མཆོག་ཡིན			highest qualities/doctrines
ཆོས་རྣམས་ཀྱི་སྟོང་པ་ཉིད			emptiness of phenomena
ཆོས་རྣམས་ལ་སེམས་མཉམ་པ་ཉིད			mental equanimity with respect to phenomena
ཆོས་རྣམས་རང་བཞིན			nature of phenomena
ཆོས་རྣམས་སྣ་ཚོགས			various phenomena; various doctrines
ཆོས་རྣམས་སོ་སོའི་མིང་ནི་སྒྱུ་མ་སྟེ			individual names of phenomena
ཆོས་རྣམས་ཐམས་ཅད			all phenomena
ཆོས་རྣམས་ཐམས་ཅད་ནི་བདག་མེད			all phenomena are selfless
ཆོས་སྡིངས			Chö-ding Hermitage (above what became Se-ra Monastic University on the northern outskirts of Lhasa)
ཆོས་ཤེས			doctrinal knowledge; knowledge of attributes; doctrinal knowledge(Gön-chok)
ཆོས་ཤེས་པ			doctrinal knowledge; knowledge of attributes
ཆོས་སྐད			doctrinal language
ཆོས་སྐུ			body of attributes, Truth Body
ཆོས་སྐྱོན			[religion-protector]; protector of the religion; protector of the doctrine; Dharmapāla [p.n.]
ཆོས་སྨོས			statement of doctrine
ཆོས་སྨྲ			Proponent of Doctrine
ཆོས་སྨྲ་བ			Proponent of Doctrine
ཆོས་སྤོང			abandoning the doctrine
ཆོས་སྤོང			abandoning the doctrine
ཆོས་སྤོང་བ			abandoning doctrine; abandoning phenomena
ཆོས་སྤོང་བར་འགྱུར་བ			abandoning doctrine; abandoning phenomena
ཆོས་སྤྱོད			practice doctrine; religious practice
ཆོས་སྤྱོད་བཅུ			ten practices
ཆོས་སྤྱོད་པ			practice doctrine; religious practice
ཆོས་སྤྱོད་པ་བཅུ			ten religious practices
ཆོས་སྲེད་པ			attachment to phenomena
ཆོས་སྟོན་པ			teaching doctrine; doctrinal teaching
ཆོས་ཐམས་ཅད			all phenomena
ཆོས་ཐམས་ཅད་བདག་མེད་པ			all phenomena are selfless(T1 8.1)
ཆོས་ཐམས་ཅད་བློ་གནོད་མེད་ལ་སྣང་བའི་དབང་གིས་བཞག་པ་མ་ཡིན་པར་ཡུལ་རང་གི་ཐུན་མོང་མ་ཡིན་པའི་སྡོད་ལུགས་ཀྱི་ངོས་ནས་གྲུབ་པས་སྟོང་པ			all phenomena are empty of being established from the side of their own uncommon objective mode of subsistence without being posited through the force of appearing to a non-defective mind(Lati)
ཆོས་ཐམས་ཅད་ཀྱི་དོན་དམ་པའི་ངོ་བོ་ཉིད			the ultimate nature of all phenomena
ཆོས་ཐམས་ཅད་ལ་བདག་ཏུ་ལོག་པར་འཛིན་པ			mistaking all phenomena as having self
ཆོས་ཐམས་ཅད་མེད་པ			all phenomena are non-existent; (T) non-existence of all phenomena
ཆོས་ཐམས་ཅད་མཉམ་པ་ཉིད			sameness of all dharmas
ཆོས་ཐམས་ཅད་ངོ་བོ་ཉིད་མེད་པ་ཉིད་དུ་སྟོན་པ			teach that all phenomena are natureless
ཆོས་ཐམས་ཅད་ནི་བདག་མེད་པའོ			all phenomena are selfless
ཆོས་ཐམས་ཅད་སྟོང་ཞིང་བདག་མེད་པ			all phenomena are empty and selfless
ཆོས་ཐོས་པ			hearing doctrine
ཆོས་ཚད་མེད་པ་ཡོངས་སུ་ཚོལ་ཞིང་འཛིན་པ			thoroughly investigation/examination/research and apprehending countless phenomena/doctrines
ཆོས་ཚོལ་བ			investigate/examine/research phenomena/doctrine
ཆོས་ཚུལ			the way of doctrine
ཆོས་ཡང་དག་པར་སྡུད་པའི་མདོ			Compendium of Doctrine Sūtra (dharmasaṃgīti-sūtra), P. 90, vol. 36
ཆོས་ཡིན་པ			proper(N)
ཆོས་ཡོངས་སུ་ཚོལ་བ			investigate/examine/research phenomena/doctrine
ཆུ			water
ཆུ་འབབ			waterfall
ཆུ་བོ			river; stream
ཆུ་བོ་ལྟ་བུའི་སེམས་བསྐྱེད			mind-generation like river
ཆུ་བུར་རྡོལ་བ་ཅན			Bursting Blisters (Hell)
ཆུ་ཀླུང			Patañjali [proper name of the author of the Yoga-sūtras]; river
ཆུ་ལོ			chulo (sorrel leaves)
ཆུ་ལྟར			like water; similar to water (T)
ཆུ་ཤེལ			moon gem; moonlight; lovely as the moon
ཆུ་ཚོད			hour; wristwatch; clock
ཆུ་ཞེང་གབ			symmetrical
ཆུ་ཟླ			reflection of moon in water; image; reflection
ཆུ་ཟླའི་གཟུགས			form of moon in water
ཆུའི་ཀླུང			river
ཆུའི་ཕུང་པོ			water aggregate; aggregate of water
ཆུའི་སྐྱེ་བོ			water creature
ཆུད			to enter into
ཆུད་གཟན			waste
ཆུད་གཟན་ཅིང			wasting; having wasted
ཆུད་གཟན་པར་གྱུར་ན			if one wastes; wasting
ཆུད་གཟོན			wastes
ཆུད་མི་གཟན་ཕྱིར			because of not wasting
ཆུད་མི་གཟོམ			cause to be wasted
ཆུད་མི་ཟ			nonwasted; not losing out; not wasting
ཆུད་མི་ཟ་བ			not wasting; non-wastage
ཆུད་མི་ཟ་བའི་རྒྱུ་ཡིན་པ			being the cause of not wasting; being the cause of non-wastage
ཆུད་པ			to enter into
ཆུད་པར་འགྱུར			will enter into
ཆུད་ཟ			to waste
ཆུད་ཟ་བ			to waste
ཆུད་ཟ་བར་འགྱུར་རོ			waste; will waste
ཆུད་ཟོས་པ			to  waste
ཆུད་ཟོས་པར་གྱིས་ཤིག			must not waste; should not waste
ཆུང			small
ཆུང་བ			small
ཆུང་བར			small
ཆུང་ཆུང			small; very small
ཆུང་དུ་འགྲོ་བ			decrease
ཆུང་མ			wife
ཆུང་ངུ			small
ཆུང་ངུ་དང་ཆེན་པོ			small and great
ཆུང་ངུ་སྐོར			lesser cycles
ཆུང་ངུ་ཡིད་ལ་བྱེད་པ			small mental engagement
ཆུང་ངུའི་འབྲིང			middling of the small
ཆུང་ངུའི་ཆེན་པོ			great of the small
ཆུང་ངུའི་ཆུང་ངུ			small of the small
ཆུང་ངུའི་སེམས			small mind; small-minded
ཆུང་ངུས་ཆོག་ཤེས་པ			satisfied with little
ཅི			what; however; whatever; can indicate question: "Is ... (the case)?; who
ཅི་འང་མེད་པ			nothingness
ཅི་འང་མེད་པའི་སྐྱེ་མཆེད			sphere of nothingness
ཅི་འདྲ			[what-like]; whatever like; whatever; what like?
ཅི་འདྲ་བ			[what-like]; whatever like; whatever; what like?
ཅི་བརྗོད			what has been told(?)
ཅི་ལ			of what?
ཅི་ལ་བརྟེན་ཏེ			depending upon what; having what basis
ཅི་ལ་དགོངས་ནས			thinking of what?
ཅི་ལ་གནས			having what basis
ཅི་མ་རུང			[what-not-fitting]; how nice it would be!; how would it not be fitting?
ཅི་ནས་ཀྱང			[what-from-even]; in any case; by all means
ཅི་ནུས			[what-able]; whatever one can; as much as possible
༅ཅི་ཕྱིར,་ཅིའི་ཕྱིར			why?; for what reason?
ཅི་རིགས			any; or
ཅི་རིགས་པ			[what-type]; any; and either; either
ཅི་རིགས་སྦྱར			either is affixed
ཅི་སླད་དུ			on account of what?
ཅི་ཐུབ			[what-able]; whatever one can; as much as possible
ཅི་ཡང་མེད			nothingness
ཅི་ཡང་མེད་པའི་སྐྱེ་མཆེད			sphere of nothingness
༅ཅི་ཡང,་ཅང			at all; anything
ཅི་ཡོད			[what-is]; what is?; whatever
ཅི་ཞིག			what
༅ཅིའི་ཕྱིར,་ཅི་ཕྱིར			why?; for what reason? [lit.: because of what?]
ཅིའི་སླད་དུ			on account of what?; why?
ཅིག			particle indicating "a" or imperative (often untranslatable)
ཅིག་ཅར			simultaneously; simultaneous; at one time
ཅིག་ཅར			simultaneously; simultaneous
ཅིག་ཅར་བ			simultaneous
ཅིག་ཅར་དུ			simultaneous; at one time; simultaneously
ཅིག་ཆར་དུ			simultaneous; simultaneously; at one time
ཅིག་དང་ཡུད་ཙམ་ཞིག			minute; second
ཅིག་སྒྲ			the sound, cig, (?)
ཅིང			and; pronoun indicator; present and past participal indicator
ཅིས			by any
ཅིས་ཀྱང			in any case; by all means
ཅོ			hair
ཅོད་པན			crown
ཅོག་རོ་ལོ་ཆེན			the Great Translator Jok-ro
ཅོག་རྩེ			table
ཅུང་ཟད			[little-only]; somewhat; slight; only a little; a little; any
ཅུང་ཟད་ཀྱང			slight; only a little; a little; any
ཅུང་ཟད་ལྐོག་གྱུར			slightly hidden phenomenon
ཅུང་ཟད་ལྐོག་ཡུར			slightly hidden phenomena
ཅུང་ཟད་མེད			nothing in the least; not a little
ཅུང་ཟད་མི			slight; only a little; little; any
ཅུང་ཟད་ཕྱེ་སྟེ			slightly extensive
ཅུང་ཟད་ཙམ			only slightly; only a little
ཅུང་ཟད་ཙམ་ཞིག			only slightly; only a few
ད			now; presently; nowadays
ད་དྲག			hidden da (T)
ད་དུང			still; still more
ད་གདོད			still again; still
ད་ལྟ			present; now; presently; nowadays
ད་ལྟ་བ			now; present; nowadays
ད་ལྟར			present; now; presently
ད་ནི			now; presently; nowadays
ད་རེས			nowadays; at present
དད་དང་འདུན་ལ་བརྟེན་པ			depend upon faith and aspiration
དད་ལྡན			having faith; faithful
དད་མ་ཡིན			non-faith; unfaithful
དད་པ			faith; devotion
དད་པ་བསྐྱེད་ནས			having produced faith
དད་པ་དག			pure faith; faithful
དད་པ་དང་དགའ་བ་དང་བློའི་རྒྱུ			cause of faith, happiness, and knowledge
དད་པ་དང་ལྡན་པ			having faith; faithful
དད་པ་ལ་སོགས་པ་དགེ་བའི་ཆོས་སུ་སྣང་བ			appear as virtuous qualities, faith and so forth
དད་པ་ལ་སོགས་པའི་རྣམ་པ			aspects of faith and so forth
དད་པ་མང་བ			much faith
དད་པ་སྐྱེད་པར་བྱེད་པ			produce faith
དད་པ་ཐོབ་པ			obtain faith
དད་པ་ཡིད་ལ་བྱེད་པ			mental contemplation of faith
དད་པ་ཡོངས་སུ་སྨིན་པ			thoroughly mature faith
དད་པའི་དབང་པོ			faculty of faith
དད་པའི་ས			ground of faith
དད་པར			faithful
དད་པར་འགྱུར			have faith
དད་པར་གྱུར་པ			have faith
དད་པར་མེད་པར			non-faith; unfaithful
དག			(1) to purify; to clean; (2) plural marker
དག་བྱིས			purify (?)
དག་ཅིག			some
དག་ཅིག་ཞུགས་པ			firmly established (?)
དག་དང་མ་དག་མིན			neither pure nor impure
དག་གྱུར་པ			become pure
དག་མ་དག			pure and impure; purity and impurity(BJ 6.3)
དག་མཉམ་ཆེན་པོ			great equality of purity
དག་པ			pure; lacking; free of; devoid of; pure of; clear; correct
དག་པ་འཇུག་པ			enter into purity
དག་པ་མ་ཡིན			not pure; impure
དག་པ་ཕ་རོལ་འགྲོ			become perfectly pure
དག་པ་རབ་འབྱམས			endless purity
དག་པ་རབ་འགྱུར			become completely pure
དག་པའི་བདག་ཐོབ			attainment of a pure nature
དག་པའི་ཀུན་རྫོབ			pure conventionality
དག་རྒྱུ			to be corrected/purified; that which is to be corrected/purified
དག་ས			pure ground
དག་ཞིང			pure land
དལ			leisure
དལ་འབྱོར			leisure and fortune
དལ་འབྱོར་གྱི་སྐོར་རྣམས་བསྒོམ			meditate on the topics of leisure and fortune
དལ་འགྲོའི་རྒྱུན			[gently-going-continuum]; river
དལ་བ			leisure
དལ་བ་ལ་སྙིང་པོ་ལེན་འདོད			the wish to extract the essence with respect to leisure(MSI 514)
དལ་བར་སྐྱེ་བ			produce leisure; produce in a moment
དལ་བུས			gently; quietly; gradually
དམ			(1) or; and; question particle; (2) tight; firm; excellent; holy; (3) promise
དམ་བཅའ			thesis; promise
དམ་བཅའ་བ			thesis; promise; Defender
དམ་བཅའ་བའི་བློ			awareness which promises
དམ་བཅའ་ཙམ			mere thesis(LG 30.5)
དམ་བཅས			thesis; promise
དམ་བཅས་པ			thesis; promise
དམ་ཅན			[promise-having]; name of a deity who has promised to defend Buddhism
དམ་ཆོས			the excellent doctrine; Buddhism
དམ་ཆོས་བསྒྲུབ་པར་བྱ་བ			follow the excellent doctrine
དམ་ཆོས་ཆེར་གཟུང			apprehend the excellent doctrine as great
དམ་ཆོས་ལེགས་གཞག་པ			well established in the excellent doctrine
དམ་ཆོས་ཡུན་རིང་གནས་པ			abide in the excellent doctrine for a long time
དམ་པ			excellent; ultimate; highest
དམ་པ་མ་ཡིན་པའི་ཆོས			false doctrine
དམ་པ་མ་ཡིན་པའི་ཆོས་ཡོངས་སུ་འཛིན་པ			apprehend what is not the excellent doctrine
དམ་པ་ཡིན་པ			excellence
དམ་པའི་ཆོས			excellent doctrine(N); true doctrine
དམ་པའི་ཆོས་འཛིན་པ			apprehend what is not the excellent doctrine
དམ་པའི་ཆོས་འཇིག་པའི་དུས་ཀྱི་ཚེ			the time of the disintegration of the excellent doctrine
དམ་པའི་ཆོས་ཀྱང་ཡུན་རིང་དུ་གནས་པར་འགྱུར			abide also in the excellent doctrine for a long time
དམ་པའི་ཆོས་མ་ཡིན་པ་ཡོངས་སུ་འཛིན་པ			apprehend what is not the excellent doctrine
དམ་པའི་ཆོས་ཡུན་རིང་དུ་གནས་པར་བྱ་བ			make the excellent doctrine abide for a long time
དམ་པའི་དོན			object of the highest [wisdom]; object of the ultimate; ultimate truth; ultimate object
དམ་པའི་དོན་དུ			as the ultimate; in terms of the ultimate truth; ultimately
དམ་པའི་དོན་དུ་ཡོད			exists ultimately
དམ་པའི་དོན་ནི་གྲུབ་པ			establish the ultimate truth
དམ་པར་སྒྲུབ་པ			establish as ultimate; ultimately established
དམ་པོ			tight; firm
དམ་སྦྲིང་ངེ་བ			tightly; tenaciously
དམ་སྦྲིང་སྦྲིང			tightly; tenaciously
དམ་སྲི			gnome spirit
དམ་ཚིག			[promise-word]; promise; pledge; vow
དམ་ཚིག་ཅན			[promise-word-having]; one who has a promise
དམ་ཚིག་གི་ཕྱག་རྒྱ			pledge seal
དམ་ཚིག་པ			[promise-word-having]; pledge being; one who has a promise (e.g. a tantric practitioner); pledge-being; symbolic being
དང			and; or; with
དང་འདྲ་བ			similar
དང་འདྲ་བའི			which is similar
དང་བ			clear; pure
དང་བ་ཉིད			purity; clarity
དང་བ་རབ			completely pure; completely clear
དང་བའི་དད་པ			faith of clear delight
དང་བའི་ཤུགས			force of purity; force of clarity
དང་བར་འགྱུར་ཏེ			clarify; purify
དང་བཅས་པ			together with
དང་བཅས་པར			together with
དང་བྲལ			free of; devoid of
དང་བྲལ་བ			free of; devoid of
དང་བྲལ་བ་གྱུར་པ			free of; devoid of
དང་བྲལ་བར			free of; devoid of
དང་དུ་བླང་བྱ			voluntarily assume
དང་དུ་ལེན			voluntarily assume
དང་དུ་ལེན་པ			to voluntarily assume
དང་དུ་མི་ལེན			not voluntarily assume; involuntary assume
དང་ལྡན			with; having; connected with; endowed with
དང་ལྡན་གྱུར			with; having; connected with; endowed with
དང་ལྡན་པ			with; having; connected with; endowed with
དང་ལེན			to voluntarily assume
དང་མཐུན་པ			in accordance; agreeable
དང་པོ			first
དང་པོ་བ			beginner
དང་པོ་བའི་ས			ground of beginner
དང་པོ་དང་འོག			first and second
དང་པོ་ཁོ་ན་ནས་བརྩམས་པ			from just the first
དང་པོ་ལ་གཉིས་ཏེ			with respect to the first there are two [parts, divisions, etc]; (T) the first has two [parts]
དང་པོ་ལྟར་ན			in the first case ...(BJ 43.1)
དང་པོ་སྦྱོར་བ			initial joining
དང་པོའི་པའི་ས			ground of a beginner
དང་པོའི་སངས་རྒྱས			original Buddha
དང་པོར			initially(BJ 28.2); first; at the beginning
དང་པོར་རེ་ཞིག			at the beginning, first of all
དང་པོར་སྐྱེ་བ			originally produced
དང་སྦྲགས་ནས			in conjunction with; together with
དང་སེམས་དང་ལྡན་པ			pure mind; clear mind
དང་ཐབས་ཅིག་གོ			all together
དང་ཚུང་ལྡན			accompanies
དངས་པ			clear; pure
དངས་པ་ཉིད			clarity; purity
དར			spread; disseminate
དར་བ			spread; dissemination
དར་དབྱངས			silk-ribbon (VM)
དར་རྒྱས་གླིང			Dar-gyay-ling
དབང			control; power; monarch; initiation; empowerment; consecration; force
དབང་འབྲིང			medium faculty
དབང་འབྱོར་བའི་གཟུགས			form of one who has attained mastery
དབང་བ			powerful person; power
དབང་བར་བྱ			make powerful; empower
དབང་བར་བྱས			make powerful; empower
དབང་བར་བྱེད			make powerful; empower
དབང་བཅུ			the ten powers [of a Buddha]
དབང་བསྒྱུར་བའི་ཡིད་ལ་བྱེད་པ			mental contemplation of control
དབང་བསྐུར			bestowal of initiation; Tantric initiation
དབང་བསྐུར་བ			bestowal of initiation; Tantric initiation
དབང་བཙན			binding power; authority
དབང་བྱེད་པ་ཐོབ་པའི་མཚན་ཉིད			the characteristic of attaining dominance/sovereignty  (T)
དབང་ཆེ་བར་གྲག་པ			eminence; eminent
དབང་དུ་འགྱུར			empowerment; empower
དབང་དུ་བྱ་བ			done in terms of; in terms of; context(BJ 62.5)
དབང་དུ་བྱས			done in terms of; treated in terms of; in terms of; in the context of(BJ 13.4)
དབང་དུ་བྱས་ནས			in terms of
དབང་དུ་བྱས་པ			done in terms of; treated in terms of; in terms of; in the context of
དབང་དུ་གྱུར་པ			empowerment; empower
དབང་དུ་མ་གྱུར་པ			not empowered; uncontrolled; disobedient; not subdued
དབང་གི་མི་མཐུན་པའི་ཕྱོགས			concordance with empowerment/power
དབང་གིས			by the power of
དབང་ལྡན			powerful; powerful person
དབང་མཆོག་ཐོབ་པའི་བློ་དང་ལྡན			intelligence that obtains the highest power
དབང་མེད			powerless
དབང་མངོན			sense direct perception/perceiver
དབང་མངོན་བཅད་ཤེས			sense direct subsequent cognizer
དབང་མངོན་དུ་གྱུར་པའི་བཅད་ཤེས			subsequent cognizer that is a sense direct perceiver
དབང་མངོན་དུ་གྱུར་པའི་སྣང་ལ་མ་ངེས་པའི་བློ			awareness to which an object appears but is not ascertained that is a sense direct perceiver
དབང་མངོན་དུ་གྱུར་པའི་ཚད་མ			valid cognizer that is a sense direct perceiver
དབང་ཕྱུག			Īśvara; god; ruler; lord
དབང་ཕྱུག་ཆེན་པོ			Maheśvara; Śiva
དབང་ཕྱུག་གི་རྒྱུ			cause of sovereignty
དབང་ཕྱུག་སྦྱིན་པར་བྱེད་པ			giving to Īśvara
དབང་པོ			Indra; faculty; sense power; power; sense faculty
དབང་པོ་འབྲིང			middling faculties
དབང་པོ་བསྡམས་པ			restrained faculties
དབང་པོ་དུརག			six senses
དབང་པོ་གཟུགས་ཅན་པ			physical sense power
དབང་པོ་གཟུགས་ཅན་པ་ལས་སྐྱེས་པ			produced from a physical sense power(BR)
དབང་པོ་ལ་མཁས་པ			wise with respect to the faculties
དབང་པོ་ལྷའི			of the god, Indra  (T)
དབང་པོ་ལྔ			five sense powers
དབང་པོ་ལྔ་རྣམས་གཞན་གྱུར			change of the five sense powers
དབང་པོ་མ་ཚང་བ			incomplete faculties
དབང་པོ་ཉམས་པ			inferior faculties
དབང་པོ་རྣོ་བ			sharp faculties(BJ 30.3)
དབང་པོ་རྣོ་བ་ཉིད			sharpness of faculties
དབང་པོ་རྣོན་པོ			sharp faculties
དབང་པོ་རྟུལ་པོ			dull faculties
དབང་པོ་སུམ་རྩེན			Indra’s Palace of Threefold Play
དབང་པོ་ཐམས་ཅད་ཚིམ་པར་བྱེད་པ			please all the senses (T)
དབང་པོ་ཡོངས་སུ་རྫོགས་པར་བྱ་བ་ལ་མཁས་པ			wise/skilled with respect to perfecting the faculties
དབང་པོའི་མངོན་སུམ			sense direct perceiver/perception
དབང་པོའི་རིམ་པ་ཡོད་པས			since there are stages of faculties  (T)
དབང་པོའི་རྣམ་པ་ཐམས་ཅད་ཡོངས་སུ་རྫོགས་པ			perfect/complete all aspects of the faculties
དབང་པོའི་སྤྱོད་ཡུལ་སྣ་ཚོགས			various objects of activity of the faculties
དབང་པོའི་ཡུལ			sense object
དབང་རྡུལ་གྱི་ནང་པ			Buddhist of dull faculties; Insider of dull faculties
དབང་རྣམ་པ་བཞི			four types of power
དབང་རྣོན			sharp faculty; sharp faculties
དབང་རྣོན་གྱི་དགེ་རྩ་ཡོངས་སུ་མ་སྨིན་པ			Buddhist of sharp faculties whose virtuous roots are not thoroughly ripened; Insider of sharp faculties whose virtuous roots are not thoroughly ripened
དབང་རྣོན་གྱི་དགེ་རྩ་ཡོངས་སུ་མ་སྨིན་པའི་ནང་པ			Buddhist of sharp faculties whose virtuous roots are not thoroughly ripened; Insider of sharp faculties whose virtuous roots are not thoroughly ripened
དབང་རྟུལ			dull faculty; dull faculties
དབང་སྒྱུར			control; subjugate
དབང་ཤེས			sense-consciousness; main sense-consciousness; sense-cognition
དབང་ཤེས་དང་ཡིད་ཤེས་གཉིས			the two, sense consciousness and mental consciousness
དབང་ཤེས་སུ་གྱུར་པའི་རྟོག་མེད་ལོག་ཤེས			non-conceptual wrong consciousness that is a sense consciousness
དབང་ཐང			power; power from previous actions; karmic power
དབང་ཐང་ཆེ་བ			authority; great authority; authoritative being
དབེ་བ་ཅན			Blissful Pure Land
དབེན			isolation; solitary place; to be devoid of; solitude
དབེན་པ			isolation; solitary place; to be devoid of; solitude
དབེན་པར་འདུག			in a solitary place; gone to a solitary place
དབེན་པར་བགྱིད་པ			isolation; become/make isolated
དབེན་ས			[solitude-place]; En-sa-ba; name of a famous yogi [also called Lo-sang-dön-drup (blo bzang don grub)]
དབེན་ས་པ			[solitude-place]; En-sa-ba; a famous yogi [also called Lo-sang-dön-drup (blo bzang don grub)]
དབོག			give; bestow
དབོན			nephew; grandson
དབོན་པོ			nephew; grandson
དབུ			head (hon.)
དབུ་མ			center; middle; middle way(N); Mādhyamika [Proponent of the Middle Way]; Middle Way School
དབུ་མ་ཆེན་པོ			Great Middle Way
དབུ་མ་ལ་འཇུག་པ			Supplement to the Middle Way, by Candrakīrti (zla ba grags pa), P. 5261, 5262, vol. 98; Chandrakīrti's Supplement to (Nāgārjuna's) Treatise on the Middle
དབུ་མ་ལ་འཇུག་པའི་འགྲེལ་བཤད			[Jaya-ānanda's] Commentarial Explanation of (Chandrakirti's) "Supplement to (Nagarjuna's) 'Treatise on the Middle'" [P5271, vol. 99]
དབུ་མ་ལ་འཇུག་པའི་བཤད་པ			Commentary on the 'Supplement to the Middle Way', by Candrakīrti (zla ba grags pa), P. 5263, vol. 98; Also: Dharmasala: The Council of Cultural and Religious Affairs of His Holiness the Dalai Lama, 1968
དབུ་མ་ལ་འཇུག་པའི་མཐའ་དཔྱོད་ལུང་རིགས་གཏེར་མཛོད་ཟབ་དོན་ཀུན་གསལ་བཟང་འཇུག་ངོགས			Great Exposition of the Middle Way, by Jam-yang-shay-ba ('jam dbyangs bzhad pa), Buxaduor: Gomang, 1967
དབུ་མ་ལ་འཇུག་པའི་རྒྱ་ཆེར་བཤད་པ་དགོངས་པ་རབ་གསལ			Illumination of the Thought, An Extensive Explanation of [Candrakīrti's] 'Supplement to the Middle Way', by Dzong-ka-ba, P. 6143, vol. 154; also: Dharmasala: Tibetan Cultural Printing Press, no date [often referred to as: dgongs pa rab gsal]
དབུ་མ་པ			Middle Way School; Mādhyamaka; Proponents of the Middle; Proponent of the Middle Way; Proponent of the Middle Way School
དབུ་མ་པ་དཔའ་བོ་རྡོ་རྗེ			the lama U-ma-pa Pa-wo-dor-jay (one of the teachers of Tzong-ka-pa)
དབུ་མ་རང་རྒྱུད་པ			Middle Way Autonomy School
དབུ་མ་རྒྱན			Śāntarakṣita's Ornament for the Middle Way
༅དབུ་མ་རྩ་བའི་འགྲེལ་པ་བུདད་པཱ་ལི་ཏ༏་འགྲེལ་པ་བུདདྷ་པཱ་ལི་ཏ			Buddhapālita's (sangs rgyas bskyangs) Commentary on [Nāgārjuna's "Treatise on the Middle" [P5242, vol. 95]
དབུ་མ་རྩ་བའི་འགྲེལ་པ་ཤེས་རབ་སྒྲོན་མ			Commentary on (Nagarjuna's) "Fundamental Treatise on the Middle": Lamp for "Wisdom" [by Bhāvaviveka (legs ldan 'byed), P5253, vol. 95]
༅དབུ་མ་རྩ་བའི་འགྲེལ་པ་ཚིག་གསལ་བ༏་ཚིག་གསལ			Clear Words, Commentary on Nāgārjuna's) "Treatise on the Middle" [by Candrakīrti (zla ba grags pa); P5260, vol. 98]
དབུ་མ་རྩ་བའི་ཚིག་ལེའུར་བྱས་པ་ཤེས་རབ་ཅེས་བྱ་བ			Fundamental Treatise on the Middle Way, Called "Wisdom", by Nāgārjuna (klu sgrub), P. 5224, vol. 95
དབུ་མ་རྩ་བའི་ཚིག་ལེའུར་བྱས་པ་ཤེས་རབ་ཅེས་བྱ་བའི་རྣམ་བཤད་རིགས་པའི་རྒྱ་མཚོ			Ocean of Reasoning, Explanation of [Nāgārjuna's (klu sgrub)] "Treatise on the Middle Way," by Dzong-ka-ba (1357-1419), P. 6153, vol. 156. Varanasi: Ge-luk-pa Press, 1973.
དབུ་མ་སྣང་བ			Kamalaśīla's Illumination of the Middle Way
དབུ་མ་ཐལ་འགྱུར་པ			Middle Way Consequence School; Prāsaṅgika-Mādhyamaka; Proponent of the Middle Way Consequence School
དབུ་མ་ཐལ་རང			Mādhyamika Prāsaṅgikas and Svātantrikas(BJ 41.4)
དབུ་མའི་བསྟན་བཅོས			Treatise on the Middle, by Nāgārjuna (klu sgrub), P. 5224, vol. 95
དབུ་མའི་ལམ			the middle way; the middle path(N)
དབུ་མའི་ལྟ་ཁྲིད			Instructions on the View of the Middle Way(N)
དབུ་མའི་རྒྱན་གྱི་ཚིག་ལེའུར་བྱས་པ			Ornament of the Middle Way; by Śāntirakṣita (zhi ba 'tsho), P. 5284, vol. 101
དབུ་མའི་སྙིང་པོའི་འགྲེལ་པ་རྟོག་གེ་འབར་བ			Commentary on the Heart of the Middle": Blaze of Reasoning [by Bhāvaviveka (legs ldan 'byed), P5256, vol. 96]"
དབུ་མའི་སྙིང་པོའི་ཚིག་ལེའུར་བྱས་པ			Essence of the Middle Way, by Bhāvaviveka (legs ldan 'byed), P. 5255, vol. 96
དབུགས			breath
དབུགས་འབྱུང་བ			exhalation
དབུགས་འབྱུང་པ			exhalation of breath
དབུགས་འབྱུང་རྔུབ			exhalation and inhalation of breath
དབུགས་དབྱུང་བ			let out the breath; exhale
དབུགས་ཕྱི་ནང་དུ་རྒྱུ་བ			movement of breath outward and inward; inhalation and exhalation of breath
དབུགས་རྔུབ			to inhale
དབུགས་རྔུབ་པ			inhalation
དབུལ			offer; present; poor
དབུལ་པོ			poor
དབུལ་པོར་གྱུར			poor
དབུང			middle
དབུར་ལྡན			prominent
དབུས			middle; center
དབུས་དང་མཐའ་རྣམ་པར་འབྱེད་པ			Discrimination of the Middle Way and the Extremes, attributed to Maitreya (byams pa), P. 5522, vol. 108
དབུས་མཐའ			Discrimination of the Middle Way and the Extremes, attributed to Maitreya (byams pa), P. 5522, vol. 108
དབུས་མཐའ་རྣམ་འབྱེད			Discrimination of the Middle Way and the Extremes, attributed to Maitreya (byams pa), P. 5522, vol. 108
དབུས་མཐའ་རྩ་འགྲེལ			[Maitreya's] root text of and [Vasubandhu's] commentary on the Differentiation of the Middle and the Extremes (dbus dang mtha' rnam par 'byed pa, madhyāntavibhaṅga; P5522, vol. 108]
དབུས་རྣམ་འབྱེད་པ			differentiation of the middle way
དབྱང་ཅན་མ			Sarasvatī
དབྱངས			melodiousness; voice; melody; tone; vowel
དབྱངས་ཡིག			vowel
དབྱེ			divide; separate; open; differentiate; to divide; division
དབྱེ་བ			divide; separate; open; differentiate; to divide; division
དབྱེ་བར་བྱེད			dividing; to divide
དབྱེ་བས་ཐ་དད་པ			different through division  (T)
དབྱེ་གཞི			basis of division
དབྱེ་མེད་པ			undifferentiated; undivided; non-difference
དབྱེ་ན			when one divides ...; if one divides ...
དབྱེ་ན་མི་མང་བ			when divided, there are not many [parts]  (T)
དབྱེན			dissention; punishment; trouble
དབྱེན་བཅོས			[dissention-make]; dissention; punishment; trouble
དབྱེན་མེད་པ			non-dissention; no trouble
དབྱེར་མེད			undifferentiated; undivided
དབྱེས་ཆེ་བ			large
དབྱིབས			shape
དབྱིབས་དང་ཁ་དོག			shape and color
དབྱིབས་ཀྱི་གཟུགས			shape-form
དབྱིག			precious resources; treasure
དབྱིག་གཉེན			Vasubandhu [p.n. of the great Buddhist philosopher, author of the Abhidharmakośa and other works]
དབྱིག་པ			clubs
དབྱིངས			sphere; sphere of reality; expanse; element; space; basic element
དབྱིངས་ཀྱིས་སངས་རྒྱས			elemental Buddha
དབྱིངས་རིག་དབྱེར་མེད			undifferentiable expanse and basic knowledge
དབྱོད་པ			analysis
དབྱུང་བ			take out; remove; issue forth
དེ			(1) that; (2) continuative particle indicating that there is more to come in the sentence, sometimes setting off appositives and usually indicating that there is another clause to the sentence; (3) past and present participal
དེ་འང་དེའང			also(S)
དེ་འདྲ			thus; likewise; such
དེ་འདྲེན་མི་ནུས་པར་ཕྱིས་འབྱུང་ཐ་སྙད་པའི་ཚད་མ་གཞན་ལ་བརྟེན་དགོས་པའི་གསར་དུ་མི་སླུ་བའི་རིག་པ			new incontrovertible knower that is unable to induce such [ascertainment] but must depend upon another later conventional direct perception
དེ་བ་ཤར་མ			Devaśarma [p.n.?]  (T)
དེ་བས་ན			therefore; for that reason
དེ་བརྒྱད་གཡོ་འགུལ་བྱས་ནས			through vibrating 100 [worlds]
དེ་བྱུང་འབྲེལ			causal relationship; relationship of provenance
དེ་བཞིན			[that-like]; like that; thus
དེ་བཞིན་བཤེགས་པ			Tathāgata
དེ་བཞིན་དུ			similarly; likewise(D2)
དེ་བཞིན་དུ་བཞེད་པ			similarly asserts(LG 24.2)
དེ་བཞིན་དུ་གནས་པ་ཉིད			abiding similarly
དེ་བཞིན་དུ་ཡོད་པའི་སྟོང་པ་ཉིད			emptiness that exists similarly
དེ་བཞིན་གནས			abide thus; abide like that
དེ་བཞིན་གནས་པ			abide like that; abide thus
དེ་བཞིན་གཤེགས			[thus-gone]; One Gone Thus; epithet of the Buddha
དེ་བཞིན་གཤེགས་ཉིད			Tathāgatahood
དེ་བཞིན་གཤེགས་པ			[thus-gone]; One-Gone-Thus; epithet of the Buddha
དེ་བཞིན་གཤེགས་པ་རྣམས་སྐུ་རྟག་པ			permanent body of Tathāgatas
དེ་བཞིན་གཤེགས་པ་རྟག་པ			[p.n. of a Tathāgata]
དེ་བཞིན་གཤེགས་པ་རྟག་ཏུ			[p.n. of a Tathāgata]
དེ་བཞིན་གཤེགས་པ་སྙིང་པོ་ཅན			having the tathāgata-essence; (T) having the essence of a One Gone Thus; having the matrix of a One Gone Thus
དེ་བཞིན་གཤེགས་པ་ཐམས་ཅད་ཀྱི་འཁོར་ལོ་འདུས་པ			[p.n. of a Tathāgata]
དེ་བཞིན་གཤེགས་པ་ཐམས་ཅད་ཀྱི་ཡེ་ཤེས་ཀྱི་ཕྱག་རྒྱ་ཐོབ་པ་དེ་བཞིན་གཤེགས་པ་ཐམས་ཅད་ཀྱི་ཁུ་ཚུར་འཛིན་པ་དེ་བཞིན་གཤེགས་པ་རྟག་པ			[p.n. of a Tathāgata]
དེ་བཞིན་གཤེགས་པའི་རིགས་སུ་སྐྱེ་བ			produce the lineage of a One Gone Thus
དེ་བཞིན་གཤེགས་པའི་ས་ལ			on the ground of a One Gone Thus
དེ་བཞིན་གཤེགས་པའི་སྙིང་པོ			matrix-of-one-gone-thus; Tathāgata essence; essence of a One Gone Thus; matrix of a One Gone Thus
དེ་བཞིན་གཤེགས་པའི་སྙིང་པོ་ཅན			having the Tathāgata essence
དེ་བཞིན་གཤེགས་པའི་སྤྲུལ་པ			emanation of a Tathāgata; emanation of a One Gone Thus
དེ་བཞིན་གཤེགས་པའི་ཡེ་ཤེས་དང་ལྡན་པ			having the exalted wisdom of a One Gone Thus
དེ་བཞིན་གཤེགས་པས་གསུངས་པ་བཞིན་སྨྲ་བ			one who correctly propounds the speech of the One Gone Thus
དེ་བཞིན་གཤེགས་རིགས་སུ་སྐྱེ་བ			produce the lineage of a One Gone Thus
དེ་བཞིན་མེད་པའི་ཕྱིར			because it is not like that
དེ་བཞིན་མིན			not like that(BJ 38.1)
དེ་བཞིན་ཉིད			thusness; suchness
དེ་བཞིན་ཉིད་དམིགས་ཡེ་ཤེས			exalted wisdom observing suchness
དེ་བཞིན་ཉིད་ཀྱི་མཚན་ཉིད་དུ་ཡོད་པ			exist as the character of suchness
དེ་བཞིན་ཉིད་ཀྱི་ངོ་བོ			entity of suchness
དེ་བཞིན་ཉིད་ལ་དམིགས་པ			object of observation with respect to suchness
དེ་བཞིན་ཉིད་མ་གཏོགས་པར			not included within suchness
དེ་བཞིན་ཉིད་མ་ཡིན་པ			not suchness
དེ་བཞིན་ཉིད་རྣམ་པར་དག་པ			completely pure suchness
དེ་བཞིན་ཉིད་སྣང་བ་ཉིད			appearance as suchness
དེ་བཞིན་ཉིད་ཐ་དད་པའི་རང་བཞིན་མ་ཡིན་པ			is not a nature that is different from suchness
༅དེ་བཞིན་ཉིད༏་ཏཐཱཏཱ			thusness
དེ་བཞིན་ཡོད			exist like that; exist thus
དེ་ཅིའི་ཕྱིར			why is this?(S)
དེ་ཅིའི་ཕྱིར་ཞེ་ན			why is this?(S)
དེ་དག			[that-s]; those; these; plural marker
དེ་དག་གང་ཞེ་ན			what are these?(BJ 63.2)
དེ་དག་ཀྱང་བསྡུས་ན			when/if those also are condensed
དེ་དག་མཚན་མར			signs of those
དེ་དག་ཐམས་ཅད			all those
དེ་དང་དེ་ལས་འདུས་བྱས་རྣམས			this and that compounded phenomenon(BJ 60.1)
དེ་དང་དེར			here and there
དེ་དང་ལྷན་ཅིག			together with; connected with
དེ་དང་མི་མཐུན			not concordant with that
དེ་གང			what are ...?(BJ 29.1)
དེ་གཉིས་གང་རུང་མ་ཡིན་པའི			which is neither of those two
དེ་གཉིས་ལས			from these two
དེ་ཁོ་ན			reality; suchness
དེ་ཁོ་ན་གཏན་ལ་དབབ་པ			settling of suchness (N)
དེ་ཁོ་ན་ཉིད			[that-only-ness]; reality; suchness [i.e., emptiness]
དེ་ཁོ་ན་ཉིད་དུ་གྲུབ་པ			established as [the object's own] suchness; existence as [its own] suchness
དེ་ཁོ་ན་ཉིད་ཁོང་དུ་ཆུད་པ			understand reality
དེ་ཁོ་ན་ཉིད་ཀྱི་དོན			meaning of reality; object of reality
དེ་ཁོ་ན་ཉིད་ཀྱི་ལྷ			suchness deity
དེ་ཁོ་ན་ཉིད་ཀྱི་ཕྱོགས་གཅིག་ལ་ཞུགས་པའི་ཏིང་ངེ་འཛིན			meditative stabilization understanding suchness one-sidedly
དེ་ཁོ་ན་ཉིད་ལ་འཇུག			entry into suchness
དེ་ཁོ་ན་ཉིད་ལ་འཇུག་པ			entry into suchness(N)
དེ་ཁོ་ན་ཉིད་ལ་རབ་ཏུ་ཞུགས་པ			entry into suchness
དེ་ཁོ་ན་ཉིད་ལ་སྒྱུ་མ་ལྟ་བུ་ཡོངས་སུ་ཚོལ་བ			thoroughly investigate/examine/research reality as like an illusion
དེ་ཁོ་ན་ཉིད་མ་མཐོང་བ་ལ་བརྟེན་པ			depending on not seeing reality
དེ་ཁོ་ན་ཉིད་རབ་ཏུ་རྟོགས་པ			realize reality; realize suchness
དེ་ཁོ་ན་ཉིད་རྟོགས་པའི་འབྲིང་པོ			middling realizers of suchness [i.e. Solitary Realizers, whose realization is greater than that of Hearers, but inferior to that of Bodhisattvas](Lati)
དེ་ཁོ་ན་ཉིད་སྟོན་པ			indicate reality; teach suchness
དེ་ཁོ་ནའི་ལེའུ			Chapter on Suchness in Asaṅga's Grounds of Bodhisattvas [which is the fifteenth section of his Grounds of Yogic Practice (rnal 'byor spyod pa'i sa, yogācārabhūmi)]
དེ་ཁོ་ནར			in reality
དེ་ཀུན			all those(BJ 68.4)
དེ་ལ			with respect to that; in that
དེ་ལ་འདིར			here with respect to that
དེ་ལ་འདུན་པའི་འདུན་པ			aspiration which is an aspiration for that
དེ་ལས་བྱུང་བ			arisen from that
དེ་ལས་བཟློག			opposite from that; opposed to that
དེ་ལས་གཞན་དང་གཞན་མེད			different and non-different from that
དེ་ལས་གཞན་པ			other than that
དེ་ལས་གཞན་པའི་དོན			the meaning of something else
དེ་ལས་ལྷག་པ			something exceeding that(BJ 66.3)
དེ་ལས་མང་བ་མི་སྐྱི་པའི་ཚེ			when not more than that is produced(LG)
དེ་ལས་ཟུར་དུ			different from that(BJ 44.7); separately
དེ་ལྟ་བས་ན			therefore(BJ 33.4)
དེ་ལྟ་བུ			such; thus; as; so; just; exactly
དེ་ལྟ་བུ་བྱུང་བའི་སྡེ			discourses [which report] what was said
དེ་ལྟ་བུའི་རང་བཞིན་དུ			of such a nature
དེ་ལྟ་བུར་ནི			just this; just thus
དེ་ལྟ་མ་ཡིན་ན			not like that; not thus
དེ་ལྟ་ན			in that case(BJ 18.3)
དེ་ལྟར			[that-like]; being this way; in that way; such; like that; thus; just so; in that way(BJ 23.7)
དེ་ལྟར་འབྱེད་པ			differentiation
དེ་ལྟར་འཐོ་བ			the attainment of such
དེ་ལྟར་བུ			just so; exactly; in that way
དེ་ལྟར་བྱས་ཏེ			he did so ...
དེ་ལྟར་དུ			similarly; such; this is so; in that way(BJ 36.4)
དེ་ལྟར་གསུངས་པ			such is said
དེ་ལྟར་མེད			not so; not like that
དེ་ལྟར་ན			thus; in that case; in this way
དེ་ལྟར་ནའང			nevertheless
དེ་ལྟར་ཡང			in the same way(BJ 16.5); also(BJ 22.2)
དེ་མ་དག་རྐྱེན			immediately preceding condition
དེ་མ་ཐག་པ			immediately precede
དེ་མ་ཐག་རྐྱེན			immediately preceding condition
དེ་ན			then; there
དེ་ནས			[that-from]; then; from that; therefore
དེ་ཉིད་འདི་ཡིན་ནོ			just that is this
དེ་ཉིད་བཟང་རྟོགས			understand reality well
དེ་ཉིད་དང་གཞན་ལས་རྣམ་པར་གྲོལ་བ			liberated from just that and from other
དེ་ཉིད་དོན			meaning of reality; object of reality
དེ་ཉིད་གོང་མ			the previous "just those"
དེ་ཉིད་གསུམ་གྱི་བསམ་གཏན			concentration of the three principles; concentrations of the three principles
དེ་ཉིད་མཆོག			highest reality
དེ་ཉིད་ཟབ་མོ་མཐོང			seeing the profound reality (T)
༅དེ་ཉིད༏་དེ་ཁོ་ན་ཉིད			suchness; reality; principle
༅དེ་ཉིད༏་དེ་ཁོ་ན་ཉིད			suchness
དེ་ཕྱིར			because of that; therefore
དེ་རང་བདག་གཅིག་འབྲེལ			related as its own essence (?)
དེ་རིང			now; presently; today
དེ་རིང་གི་དུས་སུ་འདས་པའི་དོན་དྲན་པའི་རྟོག་པ			consciousness that remembers a past object at the present time
དེ་རིང་གི་དུས་སུ་མ་འོངས་པའི་དོན་མངོན་པར་འདོད་པའི་རྟོག་པ			consciousness wishing for a future object at the present time
དེ་སྐད			at these words
དེ་སྲིད			[that-exist]; just so long
དེ་སྲིད་དུ			just so long as
དེ་ཙམ			just that; merely that
དེ་ཙམ་གྱིས			by just that
དེ་ཚེ			at that time
དེ་ཡན་ཆད			everything beyond that point
དེ་ཡང			[that-also]; furthermore; further; moreover
༅དེ་ཡང་དེ་དང་འདྲ་བ་ཉིད་དུ་གྱུར༏་དེ་ཡང་དེ་དང་འདྲ་བ་ཉིད་དུ་འགྱུར་རོ			it is just like that, and will be just like that(S1)
དེ་ཡི་འདུ་ཤེས			conception of that
དེ་ཡི་འོག་ཏུ			higher than that
དེ་ཡི་ངོ་བོ			essence of that
དེ་ཡི་རྒྱུ			cause of that
དེ་ཟུང་འབྲེལ་གྱི་ཚོགས་སྒྲུབ			achieving through the collection of a union of those [that is; calm abiding and special insight]
དེའང			also
དེའི་འོག			after that [lit.: "under that"]
དེའི་འོག་ཏུ			after that [lit.: "under that"](Lati)
དེའི་དོན་མེད			not the meaning of that
དེའི་གོང་དེ་མ་ཐག་ཏུ			immediately/right/just before that
དེའི་གཞི་ལས			from the base of that
དེའི་མཚན་ཉིད་ཅན			has the sign of that
དེའི་ངོ་བོར་སྣང་བ			appear as the entity of that
དེའི་ཕན་ཡོན་བསྟོད་བཀུར་བསྔགས་གསུམ			praise; extolling; and lauding of the benefits of that [Great Vehicle path of meditation of belief]
དེའི་ཕྱིར			because of that
དེའི་རང་བཞིན་ཅན			having the nature of that
དེའི་རྒྱུས			because of that
དེའི་རྗེས་ལ་ཐོབ་པ་ཤེས་བྱ་མཐའ་ཡས་པའི་ཡུལ་ཅན་གྱི་ཡེ་ཤེས་ཀྱི་ལམ			path of exalted wisdom--attained subsequent to that--having limitless knowables as its objects
དེའི་རྗེས་སུ			subsequently
དེའི་རྗེས་སུ་ཤེས་སྒྲིབ་སྤོང་བར་བྱེད་པ་ཡིན་ཏེ			... and subsequently serves to abandon the obstructions to omniscience(PGP 83)
དེའི་རྐྱེན་གཞན་ཀྱི་སྟོབས་ཀྱིས་བྱུང་བ			arisen through the force of their other conditions(BJ 28.4)
དེའི་སྔོན་དུ			prior to that
དེའི་སྟེང་དུ			in addition to those
དེའི་ཚེ			at that time
དེའི་ཚེ་ཚིགས་སུ་བཅད་པ་འདི་དག་བཀའ་སྩལ་ཏོ			at that time [Buddha] spoke these stanzas
དེབ			book [european style]
དེད་དཔོན			[move-master]; captain; master; p.n. of a Buddha
དེར			as that; in that way; in that
དེར་གྱུར་པའི་དབང་མངོན			sense direct perceiver which is that
དེར་མ་ཟད			not only that ...
དེར་སྣང་བའི་སེམས་ཙམ			mere mind that appears as that
དེར་ཡང			moreover
དེས			therefore; for that reason
དེས་ན			therefore; for that reason
དགའ			joy; happiness; liking
དགའ་བ			rejoice; like; joy; happiness; liking; prefer; incline toward
དགའ་བ་འཐོབ་པ			attain/obtain joy/happiness
དགའ་བ་བསྐྱེད་པ			generate/produce/engender joy/happiness
དགའ་བ་དང་བདེ་བ			joy and bliss
དགའ་བ་དང་བདེ་བ་བསྐྱེད་པ			generate/produce/engender joy and bliss
དགའ་བ་དང་བདེ་བ་ཡང་དག་པར་མྱོང་བ			thoroughly experience joy and bliss
དགའ་བ་དང་བྲལ་བ་མེད་པ			not separated from joy/happiness; not devoid of joy/happiness
དགའ་བ་དང་ལྡན			joyous; possessing joy; endowed with joy; happy
དགའ་བ་དང་ལྡན་པ			joyous; possessing joy; endowed with joy; happy
དགའ་བ་དང་མཚུངས་པར་ལྡན་པ			having similar association with joy
དགའ་བ་དང་ཡིད་བདེ་སྐྱེ་བ			generate/produce/engender joy and mental bliss
དགའ་བ་མེད			joyless; absence of joy; without joy/pleasure
དགའ་བ་ནི་བདེ་བ་དང་མི་འབྲལ་བའི་རྣམ་པ་ཡིན			joy has the aspect of [wishing for] non-separation from happiness/pleasure
དགའ་བ་ཉམས་སུ་མྱོང་བ			experiencing joy
དགའ་བ་སྡུད་པའི་ཡིད་བྱེད			mental contemplation of joy-withdrawal
དགའ་བ་སྤོང་བ			abandoning/forsaking joy
དགའ་བ་ཡིད་ལ་བྱེད་པ			mental contemplation of joy; joyous mental contemplation; taking joy to mind
དགའ་བ་ཡོངས་སུ་སྨིན་པ			thorough maturaion of joy
དགའ་བའི་བསམ་པ			joyous thought; thought of joy
དགའ་བའི་ཁྱད་པར་བསྐྱེད་པ			generate a particular/specific/instance/type of joy
དགའ་བའི་མཆོག			supreme of joys; supreme joy
དགའ་བའི་རྒྱུ			cause of joy
དགའ་བའི་རྒྱུ་ཉིད			cause of joy
དགའ་བའི་རོ			taste of joy
དགའ་བར			joyous; happy
དགའ་བར་འགྱུར་རོ			become joyful
དགའ་བར་བྱེད་པ			take delight
དགའ་བར་མཛད་པའི་ཚུལ་གྱིས			in the manner of making joyous
དགའ་བར་མི་བྱ་བ			not take joy
དགའ་བར་མི་བྱེད			not take joy; not take delight
དགའ་བར་ཚིམ་པར་བྱེད			satisfy; joyously satisfy
དགའ་བས་གནས་པའི་ཕྱིར			due to abiding with joy; due to abiding joyously
དགའ་བྱེད			make happy
དགའ་བྱེད་པ			make happy
དགའ་དང་ལྡན་པ			endowed with joy/happiness
དགའ་ལྡན			Gan-dan; Joyous Place; Joyous Land; [name of a Buddhist pure land]; Gan-dan ("Joyous") Monastic University [name of one of the large monasteries of the Ge-lug-pa order in Tibet founded by Tsong-kha-pa in 1408]
དགའ་ལྡན་འཁྲི་པ			holder of the throne of Gan-den [head of the Ge-luk-pa order]
དགའ་ལྡན་གནས་ལ་སོགས་པར་སྐྱེ་བར་ཀུན་ཏུ་སྟོན་པ			thoroughly displaying birth in the Joyous Land and so forth
དགའ་ལྡན་གྱི་གནས་ན་བཞུགས་པ			dwelling in the Joyous Land
དགའ་ལྡན་གྱི་གནས་ན་གནས་པ་ལ་སོགས་པའི་སྤྲུལ་པ་ངེས་པར་སྟོན་པ			definite display of emanations such as that dwelling in the Joyous Land
དགའ་མགུར			arbitrarily
དགའ་རབ་དབང་ཕྱུག			Lord of Love; demonic Lord of Love
དགའ་སྟོན			festival; fest; party
དགའ་ཞིང			enjoy; like
དགབ			cover; spread over
དགག			negate; stop; refute; block; limit
དགག་བྱ			negandum; object of negation; object negated; object stopped; that which is to be negated; object to be negated
དགག་བྱ་འགོག་པའི་རྟོག་པ			a conceptual consciousness that [merely] refutes an object of negation
དགག་བྱ་བཀག་པ			negative of the object of negation; negation of the object of negation
དགག་བྱ་ཁྱབ་ཆེས་པ			too extensive object of negation/refutation
དགག་བྱ་ངོས་བཟུང་བ			identifying the object of negation
དགག་བྱའི་ཆོས			predicate to be negated; predicate of the negandum
༅དགག་བཞག་སྤོང་གསུམ༏་འཁྲུལ་བ་དགག་པ་རང་ལུགས་བཞག་པ་དེ་ལ་རྩོད་པ་སྤོང་བ			the three—refuting [other's mistakes], establishing [our own system], and dispelling [objections with respect to our own system]
དགག་གཞི			basis of negation
དགག་གཞི་ཅན་གྱི་ཆོས			phenomenon which has a basis of negation
དགག་པ			negation; negative; negative phenomenon; refutation;  cessation
དགག་པ་དངོས་སུ་རྟོགས་པའི་ཚད་མ			direct perception explicitly realizing a negative phenomenon
དགག་པའི་རྣམ་པ་ཤར་ནས་དགག་པ་ལ་གསར་དུ་མི་བསླུ་བའི་རིག་པ			a knower newly incontrovertible with respect to a negative phenomenon upon the aspect of a negative phenomenon appearing [to it]
དགག་པའི་སྒྲ			negative word/term
དགག་པར་གྱུར་པའི་ལྡོག་པ་རིགས་གཅིག་པ			negative phenomena which are the same isolate type
དགག་སྒྲུབ			refutation and proofs
དགག་སྒྲུབ་བྱེད			refutation and establishment; refutation and proof
དགག་སྒྲུབ་གཉིས			the two—negative [phenomena] and positive [phenomena]; the two—refutation and establishment; the two—refutation and proof
དགེ			virtue; virtuous; wholesome
དགེ་འདུན			[virtue-aspire]; community member; spiritual community; assembly; aspirants to virtue
དགེ་འདུན་དཀོན་མཆོག			Spiritual Community Jewel
དགེ་འདུན་གྲུབ			Gen-dün-drub [the first Dalai Lama (1391-1474)]
དགེ་འདུན་ཉི་ཤུའི་མདོ			sūtra passages on the twenty members of the spiritual community
དགེ་འདུན་ཕལ་ཆེན་པ			Mahāsāṃghika; Great Assembly School
དགེ་འདུན་རྒྱ་མཚོ			Gen-dün-gya-tsho [the second Dalai Lama (1476-1542)]
དགེ་བ			virtue; virtuous; wholesome; virtuous factor
དགེ་བ་...་མངོན་པར་དགའ			manifestly liking virtue
དགེ་བ་འདོད་པ			desiring virtue; wishing virtue; wanting virtue
དགེ་བ་འཇུག་འདོད			wish to engage in virtue
དགེ་བ་འཕེལ་བ			increasing virtue
དགེ་བ་བཅུའི་ལས་ཀྱི་ལམ			paths of action of the ten virtues
དགེ་བ་བླ་ན་མེད་པ་ལ་སྒྲིབ་པ			obstructing unsurpassed virtue
དགེ་བ་བསགས་པ			virtue accumulated
དགེ་བ་བསགས་པས་རབ་གང			filled with accumulated virtue
དགེ་བ་བྱ་བ			helpful; good; lovely
དགེ་བ་ཆོས			virtuous/wholesome doctrine/phenomenon
དགེ་བ་དག་ནི་སྒོམ་པ			meditatively cutlivate virtues
དགེ་བ་དང་ལྡན་པ			virtuous; endowed with virtue; possessing virtue
དགེ་བ་དང་མི་དགེ་བའི་ལས			virtuous and non-virtuous actions
དགེ་བ་དང་མི་དགེ་བའི་ལས་ཀྱི་ལམ་དང་དེའི་འབྲས་བུ་རྣམ་པ་སྣ་ཚོགས་ཤེས་པ			knowledge of the various aspects of virtuous and non-virtuous paths of action and their effects
དགེ་བ་དཔག་ཏུ་མེད་པའི་གནས			source of immeasurable virtue
དགེ་བ་གཉིས			two virtues
དགེ་བ་གོམས་པ			cultivate virtue; become asccustomed to virtue
དགེ་བ་ལ་འགོད་པ			establish/set in virtue
དགེ་བ་ལ་འཇུག་པར་འདོད་པ			wishing to engage in virtue
དགེ་བ་ལ་འཇུག་པར་བྱེད་པའི་ཕྱིར			because of engaging in virtue; in order to engage in virtue
དགེ་བ་ལ་གཞོལ་བ			tending to virtue; flowing to virtue
དགེ་བ་ལ་མ་ཞུགས་པ			not engaged in virtue
དགེ་བ་ལ་སྦྱོར་བ			training in virtue; endeavoring in virtue
དགེ་བ་མ་བསགས་པ			non-accumulation of virtue
དགེ་བ་མ་ཡིན			non-virtue; non-virtuous; unwholesome
དགེ་བ་མི་བསྐྱེད་པ			ungenerated virtue; not generating virtue
དགེ་བ་མི་ཟད་བྱ་བའི་ཕྱིར			in order not to extingtuish virtue
དགེ་བ་རབ་ཏུ་སྦྱོར་བ			thoroughly engaging in virtue
དགེ་བ་སྒོམ་པ			meditate virtue; meditatively cultivate virtue
དགེ་བ་སྒྲུབ་པ			achieve virtue; accomplish virtue
དགེ་བ་སྒྲུབ་པ་རྣམ་པ			aspect of achieving virtue
དགེ་བ་ཡང་དག་ལེན་དུ་འཇུག			cause to assume pure virtue
དགེ་བ་ཡིད་ལ་བྱེད			taking virtue to mind; contemplating virtue
དགེ་བ་ཞན་པ			weak virtue
དགེ་བའི་བསམ་པ			virtuous thought; thought of virtue
དགེ་བའི་བཤེས་གཉེན			spiritual guide; spiritual friend; virtuous friend; virtuous spiritual friend
དགེ་བའི་བཤེས་གཉེན་དང་ལྡན			one who has a sprititual guide; possessing a spiritual quide
དགེ་བའི་བཤེས་གཉེན་དང་མི་ལྡན་པ			not having a spiritual guide; one who does not have a spiritual guide
དགེ་བའི་བཤེས་ལ་ཉེ་བར་བརྟེན			relying on a spirirtual guide
དགེ་བའི་ཆོས			virtuous/wholesome qualities/practices/phenomena
དགེ་བའི་ཆོས་འཕེལ་བར་འགྱུར་བ			increasing virtuous qualities/practices/phenomena
དགེ་བའི་ཆོས་འཕེལ་བར་བྱེད་པ			increasing virtuous qualities/practices/phenomena
དགེ་བའི་ཆོས་འཐོབ་བོ			attained virtuous qualities/practices/phenomena
དགེ་བའི་ཆོས་ཅན			having the quality of virtue; having the attribute of virtue
དགེ་བའི་ཆོས་ཀྱི་གཙོ་བོ			chief/principal/main of virtuous qualities/practices/phenomena
དགེ་བའི་ཆོས་ལ་གོམས་པར་བྱས་པ			accustomed to virtuous qualities/practices/phenomena
དགེ་བའི་ཆོས་ལ་སྦྱོར་བ			endeavoring at virtuous qualities/practices/phenomena
དགེ་བའི་ཆོས་སྡུད་པའི་ཚུལ་ཁྲིམས			ethics that is the composite of virtuous qualities/practices/phenomena
དགེ་བའི་ཆོས་སྒོམ་པ་ལ་བར་ཆད་མེད་པར་བརྩོན་པ			uninterrupted effort at meditative cultivation of virtuous qualities/practices/phenomena
དགེ་བའི་ཆོས་སྤེལ་བ			increasing virtuous qualities/practices/phenomena
དགེ་བའི་ཆོས་སུ་སྣང་བ			appear as virtuous qualities/practices/phenomena
དགེ་བའི་གྲོགས་པོ			virtuous friend; spiritual guide
དགེ་བའི་ལས་ལམ			path of virtuous action
དགེ་བའི་ལས་རྣམས་བྱེད་པ			performing actions of virtue
དགེ་བའི་ལོ་ཏོག			harvest of virtue
དགེ་བའི་ལོ་ཏོག་རྒྱུ་མཚན			signs of harvest of virtue
དགེ་བའི་ལོ་ཏོག་སྐྱེས་པ་འཇོམས་པ			destroying harvests of virtue that have been generated
དགེ་བའི་མེ་ཏོག་རྒྱས་ཤིང་གསལ་བ			broad and bright flower of virtue
དགེ་བའི་ཕྱོགས			class of virtues; class of virtuous qualities/practices/phenomena
དགེ་བའི་རྩ་བ			virtuous root; wholesome root; roots of virtue
དགེ་བའི་རྩ་བ་བསགས་པ			accumulated roots of virtue
དགེ་བའི་རྩ་བ་བསྐྱེད་པ			growing roots of viture; generating roots of virtue
དགེ་བའི་རྩ་བ་དམན་པ			low/lesser roots of virtue
དགེ་བའི་རྩ་བ་དཔག་ཏུ་མེད་པའི་གནས			source of immeasurable roots of virtue
དགེ་བའི་རྩ་བ་གཅོད་པ			cutting roots of virtue; severing roots of virtue
དགེ་བའི་རྩ་བ་ཀུན་ཏུ་ཆད་པ			thoroughly annihilated roots of virtue; thoroughly severed roots of virtue
དགེ་བའི་རྩ་བ་ཉམ་ཆུང་བ			weak roots of virtue
དགེ་བའི་རྩ་བ་རྒྱ་ཆེ་བ་ཉིད			vast roots of virtue
དགེ་བའི་རྩ་བ་ཡོངས་སུ་མ་སྨིན་པ			unripened/unmatured roots of virtue
དགེ་བའི་རྩ་བ་ཡོངས་སུ་སྨིན་པ			thoroughly ripened/mature roots of virtue
དགེ་བའི་རྩ་བ་ཡོངས་སུ་སྨིན་པར་བྱེད་པ			thoroughly ripening/maturing roots of virtue
དགེ་བའི་ཚོགས			collection of virtue
དགེ་བའི་ཡོན་ཏན			virtuous quality; quality of virtue
དགེ་བར་བྱ་བ			acting virtuously
དགེ་བས་འཕེལ་བར་བྱེད་པ			increase through virtue
དགེ་བཅུའི་ལས་ཀྱི་ལམ			path of the ten virtuous actions
དགེ་བདུན་དཀོན་མཆོག་རྗེས་སུ་དྲན་པ			recollection of the spiritual community jewel
༅དགེ་བཤེས༏་དགེ་བའི་བཤེས་གཉེན།			[virtuous-friend]; spiritual guide; ge-shay; ge-she [a person who has completed the scholastic phase of monastic training]; geshe
དགེ་བསྙེན			approacher to virtue; layperson with vows; lay practitioner
དགེ་བསྙེན་དང་དགེ་བསྙེན་མ་གཉིས			the two—laymen (upāsaka) and laywomen (upāsikā) with vows
དགེ་བསྙེན་མ			female approacher to virtue; laywoman
དགེ་བྱེད་པ			making virtue
དགེ་ཆོས			virtuous doctrine
དགེ་དང་མི་དགེ་བསྐྱེད			generating virtue and non-virtue
དགེ་ལ་བག་ཡོད			conscientious with regard to virtue
དགེ་ལ་ཡང་དག་པར་སྤྲོ་བ			delighting in virtue; taking enthusiasm in virtue
དགེ་ལེགས			virtue and goodness
དགེ་ལུགས			Ge-luk
དགེ་ལུགས་པ			Ge-luk-pa [school of Tibetan Buddhism founded by Tsong-kha-pa Lo-sang-drak-pa (tsong kha pa blo bzang grag pa)]; Ge-luk-pa order
དགེ་མི་དགེ་གང་དུ་ལུང་དུ་མ་བསྟན་པ			neutral; not indicated/revealed as either virtue or non-virtue
དགེ་རྒན			teacher
དགེ་རྩ			virtuous/wholesome root(s); roots of virtue
དགེ་རྩ་ཐུན་མོང་མ་ཡིན་པ			uncommon root of virtue
དགེ་སྦྱོང			one engaged in virtuous endeavor
དགེ་སྦྱོང་མ་ཡིན			not engaged in virtuous endeavor
དགེ་སློབ			training in virtue; ascetic; novice monk
དགེ་སློབ་མ			female novice
དགེ་སློང			[virtue-beg]; monastic; monk; nun
དགེ་སློང་དང་དགེ་སློང་མ			monk and nun
དགེ་སློང་གི་སྡོམ་པ			monastic's vow
དགེ་སློང་མ			nun
དགེ་སློང་མ་ཡིན			non-monastic
དགེ་སོགས་གསུམ			the three: virtue and so forth
དགེ་ཚུལ			novice; novice monastic
དགོ་བ			antelope
དགོད			set/state/establish/arrange/register/make a record/place [on throne]/put [a signature]; laugh; smile; make laugh/smile
དགོད་པ			set/state/establish/arrange/register/make a record/place [on throne]/put [a signature]; array; affix; make laugh/smile
དགོད་པར་བྱ			set/state/establish/arrange/register/make a record/place [on throne]/put [a signature]; array; affix; smile; laugh; make smile/laugh
དགོད་པར་བྱ			set/state/establish/arrange/register/make a record/place [on throne]/put [a signature]; affix; array; make laugh/smile
དགོད་པར་བྱའོ			set/state/establish/arrange/register/make a record/place [on throne]/put [a signature]; array; affix; smile; laugh; make smile/laugh
དགོན་པ			monastery; forest; hermitage
དགོན་པ་ལ་གནས་པ			forest-dweller; dwelling in monastery
དགོན་པ་ནགས་ཁྲོད་ཆེན་པོ			great forest; hermitage in a great forest
དགོངས་འགྲེལ			commentary on the thought
༅དགོངས་འགྲེལ༏་དགོངས་པ་ངེས་པར་འགྲེལ་པའི་མདོ			[thought-unravel]; Saṃdhinirmocana-sūtra; Sūtra Unraveling the Thought [title of a third-wheel sūtra considered to be definitive by the Mind-Only School]; commentary on the thought
དགོངས་གཞི			basis in [Buddha's] thought; [factual] basis in Buddha's thought
དགོངས་གཞི་དང་དངོས་ལ་གནོད་བྱེད			the basis in [Buddha's] thought and the damage to what is explicitly taught
དགོངས་ཉམས			experiential perspective
དགོངས་པ			consideration; exalted consideration; thought; thought behind it; standpoint; intent; perspective
དགོངས་པ་བཀྲལ་བ			commenting/commentary on the thought; unraveling the thought
དགོངས་པ་བཞི			four thoughts
དགོངས་པ་ཅན			having another thought [behind it]; having a thought behind it
དགོངས་པ་ཅན་གྱི་དོན			meaning that has a thought behind it
དགོངས་པ་དེར་འབབ་པ			thought comes down to that
དགོངས་པ་མཛད་དེ			consider; take under consideration
༅དགོངས་པ་ངེས་པར་འགྲེལ་པའི་མདོ༏་མདོ་སྡེ་དགོངས་འགྲེལ			[thought-unravel-sūtra]; Saṃdhinirmocana-sūtra; Sūtra Unraveling the Thought [title of a third-wheel sūtra considered to be definitive by the Mind-Only School; P774, Vol. 29]
དགོངས་པ་རབ་གསལ			Illumination of the Thought [Dzong-ka-ba's commentary on Chandrakīrti's Madhyamakāvatāra, Illumination of the Thought, Extensive Explanation of (Chandrakīrti's) Supplement to (Nāgārjuna's) 'Treatise on the Middle'" (dbu ma la 'jug pa'i rgya cher bsha
དགོངས་པ་རྟོགས་པ			realization of the thought; realization of the thought behind it
དགོངས་པ་ཤིན་ཏུ་ཟབ			very profound thought
དགོངས་པར་སྣང་བ			appears to be the thought
དགོངས་སུ་གསོལ			please pay heed
དགོངས་ཏེ			thinking of; thinking; in consideration of; intending
དགོངས་ཏེ་བཤད་པ			set forth with a thought behind it
༅དགོངས༏་དགོངས་པ			thought; thinking; thinking of; hidden meaning; intention; notion
དགོས			must; need; purpose; necessity; need to; necessary
དགོས་ཆེད་ཀྱི་སྒྲ			dative case [term of purpose or benefit]
དགོས་པ			purpose; aim; necessity; need; must; should; intention
དགོས་པ་བྱེད་དོ			performs its purpose
དགོས་པ་བྱེད་ནུས་པ			able to perform its purpose
དགོས་པ་ལྟོས་པའི་གྲངས་ངེས			definite enumeration in terms of purpose; definite enumeration relative to purpose
དགོས་པ་མེད་པ			without purpose; without need
དགོས་པ་ཐམས་ཅད་བྱེད་པ			effecting all purposes/aims
དགོས་པ་ཡོངས་སུ་གྲུབ་པ			thorough achievement of the purpose; thoroughly achieve one's purpose
དགོས་པའི་དབང			by the power of necessity; through the force of a purpose
དགྲ			foe; enemy
དགྲ་བཅོམ			Foe Destroyer; Enemy Killer
དགྲ་བཅོམ་འབྲས་གནས			abider in the fruit of Foe Destroyer
དགྲ་བཅོམ་དང་རང་རྒྱལ			Foe Destroyers and Solitary Victor; Foe Destroyers and Solitary Realizers
དགྲ་བཅོམ་པ			Foe Destroyer; Worthy One
དགྲ་བཅོམ་པའི་མཁྱེན་པ			exalted knower of a Foe Destroyer
དགྲ་བཅོམ་རང་རྒྱལ			Foe Destroyers and Solitary Realizers
དགྲ་བཅོམ་རང་རྒྱལ་ཐེག་པ			vehicles of Hearers and Solitary Realizers
དགྲ་བཅོམ་རྒྱན་མེད			Unadorned Foe Destroyer
དགྲ་བཅོམ་ཞུགས་པ			approacher to Foe Destroyer
དགྲ་བོ			enemy; foe
དགྲ་བོའི་འདུ་ཤེས			discrimination of [someone as being] an enemy/foe
དགྲ་བོའི་འདུ་ཤེས་སུ་བྱེད་པ			discriminating [someone as being] an enemy/foe
དགྲ་བྱེད			one acting as an enemy; foe; enemy
དགྲ་བྱེད་མང་བ			having many enemies/foes
དགྲ་རྣམས			enemies; foes
དགྲའི་དབང་དུ་སོང་བ			come under an enemy's power
དགྲམ་པ			arrange; set out; spread out
དགྲོལ			loosen; release; free
དགྲོལ་བ			release; free; looosen
དགྲོལ་བའི་ཕྱིར			in order to release/free; because of releasing
དགུ			nine; all
དགུ་པ			ninth
དགུ་པོ			the nine; all nine
དགུང			(1) sky; space (2) middle
དགུང་ནམ			space; sky; mid-space
དགུང་སེང			vacation; holiday
དགྱེས་པ			to be pleased (hon.); rejoiced
དྷི			DHI, seed syllable of Mañjuśrī
དྷུ་ཏི			dhuti; "central channel"
དཀའ			difficult; hard
དཀའ་འགྲེལ			commentary on the difficult points; difficult points commentary
དཀའ་བ			difficult; hard; hardship
༅དཀའ་བ་སྤྱད་པ༏་དཀའ་སྤྱད༏་དཀའ་སྤྱོད༏་དཀའ་བ་སྤྱོད་པ			asceticism; austerities; performing difficult deeds
༅དཀའ་བ་སྤྱོད་པ༏་དཀའ་སྤྱོད༏་དཀའ་སྤྱད༏་དཀའ་བ་སྤྱད་པ			[difficult-deed] asceticism; austerities; difficult deed; difficult act; performing difficult deeds
དཀའ་བ་ཡིན			is difficult; is hard
དཀའ་བ་ཡུན་རིང་པོས་མི་སྐྱོ་བ			not fatigued/discouraged by lengthy asceticism
དཀའ་གདམས་པ			Ka-dam-pa
དཀའ་ས			[difficult-place] difficult point
༅དཀའ་སྤྱད༏་དཀའ་བ་སྤྱད༏་དཀའ་བ་སྤྱད་པ༏་དཀའ་བ་སྤྱོད་པ			[difficult-deed] asceticism; austerities; difficult deed; difficult act; performing difficult deeds
༅དཀའ་སྤྱོད༏་དཀའ་བ་སྤྱོད་པ༏་དཀའ་སྤྱད༏་དཀའ་བ་སྤྱད་པ			[difficult-deed] performing difficult deeds; asceticism; austerities; difficult deed; difficult act
དཀར་ཆག			table of contents; catalogue
དཀར་ཁུང			passage; window; chimney; a white/wholesome passage/window/opening
དཀར་ནག་གི་ལས			wholesome and unwholesome actions; white and black actions; light and dark actions
དཀར་པོ			white [one of the four primary colors (rtsa ba'i kha dog)]; wholesome; pure
དཀར་པོ་རྣམ་པར་མཐོང་བའི་ས			ground of seeing pure [phenomena]; ground of seeing the wholesome
དཀར་པོའི་ཆོས			wholesome/white phenomenon/practice/attribute
དཀར་པོའི་ཆོས་རྣམས་ཀུན་ཏུ་བཅོམ			completely destroy/overcome wholesome phenomena/practices/attributes
དཀར་པོའི་ཕྱོགས			wholesome quarter/faction/part
དཀར་སྐྱ			whitish; light gray; grayish
དཀར་ཡོལ			cup; chinaware
༅དཀར༏་དཀར་པོ			white; wholesome
དཁྱིལ			center; essence; middle
དཁྱིལ་འཁོར			mandala; maṇḍala; circle; sphere; disk
༅དཁྱིལ་འཁོར་གྱི་ཆོ་ག༏་དཁྱིལ་ཆོག			maṇḍala rite
དཁྱིལ་འཁོར་རྒྱལ་མཆོག			supreme king of maṇḍalas
༅དཁྱིལ་ཆོག༏་དཁྱིལ་འཁོར་གྱི་ཆོ་ག			maṇḍala rite
དཁྱིལ་སྨད			lower half
དཀོན་མཆོག			jewel; supreme rarity
དཀོན་མཆོག་འཇིགས་མེད་དབང་པོ			Kön-chog-jig-may-wang-po (1728-1791)
དཀོན་མཆོག་བརྩེགས་པ			pile of jewels; name of a Mahāyāna sūtra and of a collection consisting of many sūtras of different styles and doctrines [including some of the earliest Mahāyāna sūtras]
༅དཀོན་མཆོག་བསྟན་པའི་སྒྲོན་མེ༏་གུང་ཐང་དཀོན་མཆོག་བསྟན་པའི་སྒྲོན་མེ༏་གུང་ཐང་འཇམ་དཔལ་དབྱངས			Kön-chog-ten-pay-drön-may (1762-1823) [aka. Gung-tang Kön-chog-ten-pay-drön-may and Gung-tang Jam-pel-yang]
དཀོན་མཆོག་གསུམ			[rarity-supreme-three]; Three Jewels
དཀོན་མཆོག་སྤྲིན་གྱི་མདོ			Cloud of Jewels Sūtra [P897, vol. 35]
དཀོན་པ			rare; precious; scarce
དཀོན་པོ			rare; rarity; precious; scarce
༅དཀོན༏་དཀོན་པོ			rare; rarity; precious; scarce
དཀྲི			roll up; wind; wrap up; entangle
དཀྲིས			roll up; wind; wrap up; entangle
དཀྲིས་སམ་བཅིངས་ཏེ			wound up or bound
དཀྲོལ་བ			ring/sound [e.g., a bell]; play musical instrument
དཀྲུག			disturb; agitate; stir up; trouble
དཀྲུགས			disturb; agitate; stir up; trouble
དཀྲུགས་ནས			having disturbed/agitated/troubled/stirred up
དཀྲུགས་པ			disrupt; disturb; agitate; stir up; trouble
དཀུ			waist; side [of the body, above the hip]
དམའ་བ			inferior; low(D1); little; small
དམག			army
དམག་ལྡན་གཟུགས་ཅན་སྙིང་པོ			King Bimbisāra
དམག་མི			soldiers
དམན			limited; inferior; little; low
དམན་པ			lesser; inferior; small; little; low
དམན་པ་དང་འབྲིན་དང་ཁྱད་པར་ཅན			inferior, middling, and special
དམན་པ་ལ་མོས་པ			belief/faith/interest/inclination/zeal/keenness in/toward/for the inferior
དམན་པ་ཉིད			smallness; inferiority; deficiency
དམན་པའི་འགྲོ་བ			inferior transmigration
དམན་པའི་ང་རྒྱལ			pride of inferiority
དམན་པའི་ས་པ			person on a Hīnayāna ground
དམན་པའི་སེམས			inferior mind
༅དམན་པ། འབྲིང། མཆོག			inferior, middling, and superior
དམན་པར་མོས			belief/faith/interest/inclination/zeal/keenness in/toward/for the inferior
དམར			red
དམར་ཁྲིད			bare instruction; naked instruction; essential instruction
དམར་ལམ་པ			reddish
དམར་མཆོད་བྱེད་པ			making bloody sacrifice(TGP 77)
དམར་པ			inferior; low; small; little
དམར་པོ			red
དམར་སེར			[red-yellow]; orange; reddish-yellow
དམིགས			observe; apprehend; be aware of; object of observation (=dmigs pa)
དམིགས་འགྱུར			to observe; apprehend; be aware of
དམིགས་བསལ			exception
དམིགས་ཅན			having observation; having apprehension
དམིགས་མེད			unobservability; boundlessness
དམིགས་མེད་ལ་དམིགས་པའི་བྱམས་པ			love observing the unapprehendable
དམིགས་མེད་ལ་དམིགས་པའི་སྙིང་རྗེ			compassion observing the unapprehendable
དམིགས་པ			object of observation; object of awareness; object; imagination; visualization; apprehension; observed; observed object
དམིགས་པ་བརྗེད་པར་མ་གྱུར			not to forget the object of observation  (T)
དམིགས་པ་བཟང			good object of observation  (T)
དམིགས་པ་ཅན			having an object of observation
དམིགས་པ་ཆེན་པོ་ཉིད			greatness of the object of observation
དམིགས་པ་དག			objects of observation
དམིགས་པ་དང་བཅས་མ་ཡིན			not having an object of observation
དམིགས་པ་དང་བཅས་པ			having an object of observation
དམིགས་པ་དང་བྲལ་བ			free from apprehension
དམིགས་པ་དང་མི་དམིགས			observation and non-observation  (T)
དམིགས་པ་དང་ཡིད་ལ་བྱེད་པ་དང་ཐོབ་པ			observation, mental application, and attainment  (T)
དམིགས་པ་གཉིས་རྙེད་པ			obtain two objects of observation   (T)
དམིགས་པ་གཟུང་བ			apprehend an object of observation; apprehended object of observation
དམིགས་པ་མེད			unobservability; boundlessness; non-observation; non-apprehension
དམིགས་པ་མེད་དང་ལྡན་པ			together with non-observation; having non-apprehension
དམིགས་པ་མེད་པ			unobservable; unobservability; boundlessness; non-observation; non-apprehension; no object of observation
དམིགས་པ་མེད་པ་ལ་གནས་པ			abide in unobservability; abiding in no object of observation
དམིགས་པ་མི་དམིགས་པ			not observation the object of observation  (T)
དམིགས་པ་མི་རུང་བ			unsuitable object of observation  (T)
དམིགས་པ་ནི་སེམས་ཡིན་ཏེ			the object of observation is the mind  (T)
དམིགས་པ་རྣམ་པ་གསུམ་ལ་འཇུག			engage three types of object of observation  (T)
དམིགས་པ་ཤེས་པ			cognition of an object of observation
དམིགས་པ་ཡི་ནི་མཆོག			supreme object of observation  (T)
དམིགས་པ་ཡོངས་སུ་དག་པ			pure object of observation; purify the object of observation
དམིགས་པ་ཡོངས་སུ་ཚོལ་བ			thoroughly investigate/examine/research/seek for the object of observation
དམིགས་པའི་ཆོས			phenomenon that is an object of observation
དམིགས་པའི་དངོས་པོ			real objective thing
དམིགས་པའི་རབ་ཏུ་དབྱེ་བ			division of the object of observation
དམིགས་པའི་རྐྱེན			observed object condition
དམིགས་པའི་རྟེན			basis of the object of observation; support that is the object of observation
དམིགས་པའི་སྒོ་ནས་ཟག་བཅས			contaminated by way of being an object of observation [i.e. when taken as an object of observation, it is suitable to increase the afflictions](Lati)
དམིགས་པའི་ཚུལ་གྱིས			through the mode of the object of observation
དམིགས་པར་འཆད་དོ			divide the object of observation; division of the object of observation; divided object of observation
དམིགས་པར་འགྱུར			observe; apprehend; observation; apprehension
དམིགས་པར་བྱ་བའི་དོན་མེད			meaningless to observe  (T)
དམིགས་པར་བྱས་པའི་ཀུན་བརྟགས་པ			imputation made into an object of observation (T)
དམིགས་པར་བྱེད་དེ			makes into an object of observation
དམིགས་པར་མི་བྱེད་པ			unobservability; boundlessness; does not make into an object of observation; does not observe; does not apprehend
དམིགས་པས་འབྱུང་བ			arising of the object of observation; arise due to the object of observation
དམིགས་རྐྱེན			observed-object condition; object-of-observation condition
དམིགས་རྐྱེན			observed object condition; referential condition (GD:130); observed-object condition; object-of-observation condition
དམིགས་རྐྱེན་བཏགས་པ་བ			imputed observed-object-conditions
དམིགས་རྐྱེན་བཏགས་པ་པ			imputed object-of-observation-condition
དམིགས་རྣམ་སྐྱོང་བའི་སྐབས			occasions  of sustaining objects of observation and subjective aspects
དམིགས་རྟེན			object-of-observation support
དམིགས་སྒོ་ནས			from the point of view of observation/apprehension
དམིགས་སུ་མེད			not observed; not apprehended
དམིགས་སུ་མེད་པ			does not exist as an object of observation; does not exist as observed/apprehended
དམིགས་ཡུལ			object of observation; observed object
དམིགས་ཡུལ་བདེན་བཞི་ལ་འདོམས་པ			guidance concerning the objects of observation which are the four truths
དམུས་ལོང			blind person
དམུས་ལོང་ལོང			blind person(LRC)
དམྱལ			hell
དམྱལ་བ			hell; hell-being
དམྱལ་བ་པ			hell being
དམྱལ་བའི་རྟེན་ཅན་གྱི་སོ་སོའི་སྐྱེ་བོ			ordinary beings with the basis of hell-dwellers; common being having the basis of a hell-being
དངང			be frightened; fear; panic
དངང་བ			tremble; be afraid; panic
དངང་བ་འགྱུར			tremble; be afraid; panic
དངོས			actual; explicit; direct
དངོས			actual [as opposed to imputed, btags pa ba]; actual [as opposed to ancillary, zhar]; explicit [as opposed to implicit, shugs]; direct [as opposed to indirect, rgyud]; real; manifest
དངོས་འབྲས			direct effect
དངོས་འབྲས་མ་དམིགས་པ			nonobservation of a direct effect
དངོས་འགལ			explicitly contradictory
དངོས་བརྒྱད་བདུན་ཅུ			eight categories and seventy topics
དངོས་བསྟན			explicit teaching; actual teaching
དངོས་བཏགས			actual and so-called
དངོས་དབང་གིས་འཇུག་པ			affixed through the force of the object itself; engages [its object] by the power of the thing
དངོས་གནས			actual; in fact
དངོས་གཉེན			actual antidote; direct antidote
དངོས་གཉེན་བར་ཆད་མེད་ལམ			uninterrupted paths that are direct antidotes
དངོས་གྲུབ			feat; accomplishment; yogic accomplishment; actual accomplishment; fact
དངོས་གྲུབ་ཇི་ལྟར་སྒྲུབ་པ			how to achieve feats
དངོས་གཞི			[actual-base]; actual; actual [session of practice]; actual [topic]
དངོས་གཞིའི་སྙོམས་འཇུག			actual absorption; actual meditative absorption
དངོས་ཀྱི་བརྗོད་བྱ			explicit object expressed
དངོས་ཀྱི་བརྗོད་བྱ་དང་རྗོད་བྱེད			explicit object verbalized and means of verbalization
དངོས་ཀྱི་བསྒྲུབ་བྱའི་ཆོས			explicit predicate of the probandum
དངོས་ཀྱི་ལྷན་ཅིག་བྱེད་རྐྱེན			direct cooperative condition
དངོས་ཀྱི་མ་ངེས་པའི་གཏན་ཚིགས			actual indefinite reason
དངོས་ཀྱི་ཉེར་ལེན			direct substantial cause
དངོས་ཀྱི་སྟོང་གཞི			actual basis of emptiness
དངོས་ལ་བདག་གིར་འཛིན་པ			conception/apprehension "mine" with respect to things
དངོས་ལ་གནས་པ			abiding in fact
དངོས་ལ་གནོད་བྱེད			refutation of the explicit teaching; refutation of the explicit [indication]; damage to the explicit [indication]; damage to the explicit [teaching]
དངོས་མེད			thinglessness; non-thing; that which is not a [functioning] thing; non-existent
དངོས་མེད་ཀྱི་ཆོས			phenomenon which is a non-thing; non-[functioning] phenomenon
དངོས་མེད་ངོ་བོ་ཉིད			nature of non-things; nature of non-entities
དངོས་མིང			actual name
དངོས་པོ			category; thing; [effective] thing; functioning thing; effective thing; functioning actuality; actuality
དངོས་པོ་བརྒྱད			eight categories
དངོས་པོ་དང་གཅིག			one with thing
དངོས་པོ་དང་གཅིག་དུ་གྱུར་པའི་དངོས་པོ			thing that is one with thing
དངོས་པོ་གཞན་དང་མ་འདྲེས་པ			not mixed with other things
དངོས་པོ་ལ་གནས་པ			abiding in things; abiding in fact; existing in fact
དངོས་པོ་ལ་ལྷར་མ་སོང་ཡང			despite not having become a deity in actuality/fact
དངོས་པོ་ལས་གཞན་པའི་ཆོས་གང་གི་ཡང་མཚན་ཉིད་མི་བྱེད་པ			does not serve as the definition of any other phenomenon other than thing
དངོས་པོ་མ་མཆིས			non-thing; non-entity
དངོས་པོ་མ་མཆིས་པ			non-thing; non-entity
དངོས་པོ་མ་ཡིན་པ་ལས་ལོག་པ			opposite from non-thing
དངོས་པོ་མཆོག			supreme actuality
དངོས་པོ་མེད			non-thing; non-entity; non-existent; without thing
དངོས་པོ་མེད་པ			without thingness; non-thing; non-entity; non-existent; without thing
དངོས་པོ་མེད་པ་སྟོང་པ་ཉིད			emptiness of non-entities
དངོས་པོ་མེད་པའི་ངོ་བོ་ཉིད			nature of non-things; nataure of non-entities
དངོས་པོ་མེད་པའི་ངོ་བོ་ཉིད་སྟོང་པ་ཉིད			emptiness that is the [ultimate] nature of non-entities
དངོས་པོ་མཐའ			final object; final entity; limits of phenomena
དངོས་པོ་རང་དབང་བ			self-powered thing; independent thing
དངོས་པོ་རང་གི་རྫས་རྒྱུན་དུ་གཙོ་བོར་སྐྱེད་བྱེད			main producer of a thing as a continuation of its own substantial entity
དངོས་པོ་རྣམ་པ་བདུན			seven actualities
དངོས་པོ་སྣང་བ་བསྟན་སྟོབས་ཀྱིས་འཇུག་པ			engages [its object] by the power of the thing's showing itself
དངོས་པོ་ཡིན་པ་ལས་ལོག་པ			opposite from thing
དངོས་པོ་ཡོད་པ་སྨྲ་བ			Proponent of True Existence
དངོས་པོའི་འབྲས་བུ			effect of thing
དངོས་པོའི་བརྒྱུད་འབྲས			indirect effect of thing
དངོས་པོའི་བརྒྱུད་ནས་བསྐྱེད་བྱ			indirectly produced object of thing
དངོས་པོའི་བརྒྱུད་རྒྱུ			thing's indirect cause
དངོས་པོའི་བསྐྱེད་བྱ			produced object of thing; that which is produced by thing
དངོས་པོའི་བྱེ་བྲག			instance of thing; particular of thing
དངོས་པོའི་དངོས་འབྲས			direct effect of thing
དངོས་པོའི་དངོས་རྒྱུ			thing's direct cause
དངོས་པོའི་དངོས་སུ་བསྐྱེད་བྱ			directly produced object of thing
དངོས་པོའི་དོན་ལྡོག			meaning-isolate of thing [i.e., that which is able to perform a function (don byed nus pa)]
དངོས་པོའི་གནས་ལུགས			mode of subsistence/abiding of things
དངོས་པོའི་གནས་ཚུལ			mode of abiding of things; way things abide/exist
དངོས་པོའི་གཤིས			basic disposition of things
དངོས་པོའི་གཞི་ལྡོག			illustration-isolate of thing; illustration simpliciter [e.g., pot]
དངོས་པོའི་ལྡོག་པ			thing's isolate; thing simpliciter [i.e., dngos po]
དངོས་པོའི་ལྡོག་པ་དང་ཡིན་ཁྱབ་མཉམ			mutually inclusive with thing
དངོས་པོའི་ལྷན་ཅིག་བྱེད་རྐྱེན			cooperative condition of thing
དངོས་པོའི་མཐའ་ལ་དམིགས་པ			observing the limits of phenomena
དངོས་པོའི་མཚན་གཞི			illustration of thing [e.g., pot]
དངོས་པོའི་མཚན་ཉིད			definition of thing; defining character of thing [i.e., that which is able to perform a function (don byed nus pa)]
དངོས་པོའི་ཉེར་ལེན			substantial cause of thing
དངོས་པོའི་ཕྱི་ལོགས་སུ་བྱུང་བ			subsequent arising of thing
དངོས་པོའི་རང་བཞིན			inherent existence of things
དངོས་པོའི་རང་བཞིན་བྲལ་པས			free from the inherent existence of things
དངོས་པོའི་རང་བཞིན་མཁས			wise with respect to the nature of things
དངོས་པོའི་རང་ལྡོག			self-isolate of thing [i.e., thing]
དངོས་པོའི་རྫས་ཡོད་ཆོས་གསུམ་ཚང་བ			the triply qualified substantial existent of thing
དངོས་པོའི་རྒྱུ			cause of thing
དངོས་པོའི་རྒྱུ་གྱུར་པའི་གང་ཟག			a person who is a cause of thing
དངོས་པོའི་རྣམ་པ			aspects of things
དངོས་པོའི་སྐྱེད་བྱེད			producer of thing
དངོས་པོའི་སྔ་ལོགས་སུ་བྱུང་བ			previous arising of thing
དངོས་པོའི་སྤྱི་ལྡོག			generality-isolate [i.e. dngos po]
དངོས་པོའི་སྟོབས་ཀྱིས་ཞུགས་པའི་འབྲེལ་བ			relation which operates by the power of the things/facts
དངོས་པོའི་སྟོབས་ཤུགས་ཀྱི་རིགས་པ			reasoning through the forceful power of facts
དངོས་པོའི་སྟོབས་ཤུགས་ཀྱི་རིགས་པ			reasoning through the forceful power of facts
དངོས་པོར་ལྷུང་བ			fallen into [the conception of] true existence
དངོས་པོར་སྨྲ་བ			Proponent of True Existence
དངོས་རྒྱུ			actual cause, direct cause
དངོས་རྟོགས			explicit realization
དངོས་ཤུགས་ལ་རྟོགས་པ			explicit and implicit realization
དངོས་སྨྲ་བ			Proponent of True/Inherent Existence
དངོས་སྟོབས			power of the thing; power of the fact
དངོས་སྟོབས་ཀྱི་རྟགས			sign through the power of the fact
༅དངོས་སྟོབས་རྗེས་དཔག,་དངོས་སྟོབས་ཀྱི་རྗེས་དཔག			inference through the power of the fact; inference by the power of the fact
དངོས་སུ			directly; explicitly; actually
དངོས་སུ་བརྗོད			directly express/verbalize
དངོས་སུ་བསྟན་པ			explicitly taught
དངོས་སུ་བྱུང			explicitly arose
དངོས་སུ་མཛད་པ			explicitly use/do
དངོས་སུ་ཕན་ཚུན་མི་གནས			directly mutually exclusive
དངོས་སུ་རིག			explicitly know/cognize
དངོས་སུ་རྗེས་སུ་བཟུང་ནས			actually being taken care of
དངོས་སུ་རྗོད			directly express/verbalize
དངོས་སུ་རྟོགས་པ			explicitly realize; explicit realization
དངོས་སུ་སྦྱར་བ			explicitly affixed
དངོས་སུ་སྐྱེད་བྱེད			direct producer
དངོས་སུ་སྤོང་བྱེད			means of direct abandonment/dispelling; direct abandoner/dispeller
དངོས་སུ་ཞུས			explicitly ask a question
དངོས་ཡིན་མི་དགོས་པའི་ཕྱིར་ཏེ			because it is not neccessary that they be actual
དངོས་ཡིན་པ			is actual; actually present
དངོས་ཟིན			explicit reading
དངུལ			silver; money
དངུལ་ཁང			bank
དོ			particle indicating the end of a statement
དོད			substitute
དོད་ཐུབ			possible equivalents
དོགས			qualm; fear; doubt
དོགས་དང་བྲལ་བ			free from doubts
དོགས་གཅོད			eliminate qualms(BJ 34.7)
དོགས་པ			qualm; fear; doubt
༅དོགས་པ་ཁོང་བསླང༏་དོགས་པ་ཁོང་སློང			hypothetical qualm
༅དོགས་པ་ཁོང་བསླང། དོགས་པ་ཁོང་སློང			hypothetical qualm
དོགས་པ་སྐྱེ			generate the qualm that ...(BJ 18.3)
དོམ			bear
དོན			meaning; meaningful; meaningfulness; topic; welfare; sake; object; fact; purpose; goal
དོན་འདི་འདྲི་བ			ask about the meaning; question about the meaning
དོན་འགྱུར			translation of the meaning
དོན་འགྱུར་གྱི་ཐེ་ཚོམ			doubt tending toward the fact; doubt tending to the factual
དོན་འགྱུར་ཐེ་ཚོམ			factually concordant doubt
དོན་བདུན་ཅུ			seventy topics
དོན་བསྡུས			condensed meaning; condensation of the meaning
དོན་བསྡུས་པ			condensed meaning; condensation of the meaning
དོན་བྱེད			perform a function
དོན་བྱེད་ནུས་པ			capacity to perform a function
དོན་བྱེད་ནུས་པ་ལས་གཞན་པའི་ཆོས་གང་གི་ཡང་མཚོན་བྱ་མི་བྱེད་པའི་ཆོས			a phenomenon that does not serve as the definiendium of any other phenomenon than able to perform a function
དོན་བྱེད་ནུས་པའི་བཏགས་ཡོད་ཆོས་གསུམ་ཚང་བ			a triply qualified imputed existent that is able to perform a function
དོན་བྱེད་ནུས་པའི་ལྡོག་པ་དང་ཡིན་ཁྱབ་མཉམ			mutually inclusive with isolate of able to perform a function
དོན་བྱེད་ནུས་པའི་མཚོན་བྱ			definiendium of [what is] able to perform a function
དོན་བྱེད་ནུས་པའི་རྫས་ཡོད			substantial existent in the sense of being able to perform a function
དོན་བྱེད་ནུས་སྟོང་གི་ཆོས			empty of being able to perform a function
དོན་བྱེད་པ			perform a function
དོན་བྱེད་པའི་ནུས་སྟོང་པ			empty of capacity to perform functions(N)
དོན་བྱེད་པའི་ཡོན་ཏན			quality of performing functions
དོན་བྱེད་སྣང་ཅན་གྱི་དབང་མངོན་གྱི་ཚད་མ			sense direct perceiver having the aspect of performing a function
དོན་བཟང་པོ			good meaning
དོན་ཆེ་བ་ཉིད			great meaningfulness
དོན་ཆེན་ལེགས་རྟོགས			understand well the great meaning
དོན་ཆེན་ཉིད			great purpose
དོན་ཆེན་པོ			great meaning; greatly meaningful
དོན་ཆེན་པོ་མཐོང་བ་ཡིད་ལ་བྱེད་པ			mental contemplation observing the great meaning
དོན་ཅི་ཞིག་མཐོང་ནས			having seen a certain meaning/object
དོན་དམ			ultimate; ultimate object
དོན་དམ་བདེན་པ			ultimate truth
དོན་དམ་བཏགས་པ་བ			imputed ultimate(N)
དོན་དམ་བྱང་ཆུབ་ཀྱི་སེམས			ultimate mind of enlightenment
དོན་དམ་བྱང་ཆུབ་ཀྱི་སེམས་བསྐྱེད			ultimate mind generation
དོན་དམ་དངོས			actual ultimate(N)
དོན་དམ་དཔྱད་ནས་རྙེད་པའི་རིགས་ཤེས			reasoning consciousness that has found the ultimate upon analysis; rational consciousness that has found the ultimate upon analysis
དོན་དམ་དཔྱོད་བྱེད			analyzers of the ultimate
དོན་དམ་དཔྱོད་བྱེད་ཀྱི་རིགས་པ			reasoning of ultimate analysis(N)
དོན་དམ་དཔྱོད་པའི་རིགས་ཤེས			reasoning consciousness analyzing the ultimate; rational consciousness analyzing the ultimate
དོན་དམ་དཔྱོད་པའི་རིགས་ཤེས			rational consciousness analyzing the ultimate; reasoning consciousness analyzing the ultimate
དོན་དམ་དཔྱོད་པའི་རིགས་ཤེས་ཀྱིས་རྙེད་དོན			object found by a reasoning consciousness analyzing the ultimate
དོན་དམ་དུ་ཡོད་པ			ultimate existence
དོན་དམ་གྱི་དབྱིངས			basic element of the ultimate
དོན་དམ་མཚན			characteristic(s) of the ultimate(BJ 38.1)
དོན་དམ་པ			highest object; ultimate; ultimate object
དོན་དམ་པ་དང་ལྡན་པ་ཡིན་ཏེ			having the ultimate truth
དོན་དམ་པ་ངོ་བོ་མེད་པ			ultimate non-entityness; (T) non-entityness in terms of the ultimate
དོན་དམ་པ་ངོ་བོ་ཉིད་མེད་པ			ultimate-non-nature; ultimate-naturelessness
དོན་དམ་པ་ངོ་བོ་ཉིད་མེད་པ་འཇོག་ཚུལ་གཉིས			two modes of positing the ultimate-non-nature
དོན་དམ་པ་ངོ་བོ་ཉིད་མེད་པ་ཉིད			ultimate-non-nature; ultimate-naturelessness
༅དོན་དམ་པ་ངོ་བོ་ཉིད་མེད་པ་ཉིད༏་དོན་དམ་པ་ངོ་བོ་ཉིད་མེད་པ			ultimate-naturelessness; ultimate-non-nature
དོན་དམ་པ་ངོ་བོ་ཉིད་མེད་ཚུལ་གཉིས			two modes of ultimate-non-nature
དོན་དམ་པ་སྟོང་པ་ཉིད			ultimate emptiness; name of a sūtra, The Ultimate Emptiness(BJ 50.5)
དོན་དམ་པའི་བདེན་པ			truth of the highest object; ultimate truth
དོན་དམ་པའི་བདེན་པའི་ཡུལ་ཅན			having the object of the ultimate truth
དོན་དམ་པའི་ཆོས་མངོན་པ			Ultimate Manifest Knowledge
དོན་དམ་པའི་དཔྱོད་པ			ultimate analysis
དོན་དམ་པའི་ལྷ			ultimate deity
དོན་དམ་པའི་མཚན་ཉིད			characteristic of the ultimate
དོན་དམ་པའི་སེམས་བསྐྱེད་པ			produce the ultimate mind
དོན་དམ་པའི་སེམས་ཙམ			Ultimate Mind-Only
དོན་དམ་པའི་ཚད་མ			ultimate valid cognition(N); ultimate valid cognizers
དོན་དམ་པའི་ཚུལ			mode of the ultimate truth
དོན་དམ་པའི་ཡེ་ཤེས་ཀྱི་ཆེ་བ་ཉིད			greatness of the exalted wisdom of the ultimate
དོན་དམ་པའི་ཡེ་ཤེས་ལ་འཇུག་པ			enter into the exalted wisdom of the ultimate
དོན་དམ་པར			ultimately(D2)
དོན་དམ་པར་དོན་བྱེད་མི་ནུས་པའི་ཆོས			a phenomenon that is not ultimately able to perform a function
དོན་དམ་པར་དོན་བྱེད་ནུས་པ			ultimately able to perform a function
དོན་དམ་པར་དོན་བྱེད་ནུས་པའི་ཆོས			a phenomenon that is ultimately able to perform a function
དོན་དམ་པར་གྲུབ་པ			ultimate establishment; ultimate existence
དོན་དམ་པར་མེད་པ			absence of ultimate existence; not ultimately existent
དོན་དམ་པར་ངོ་བོ་ཉིད་མེད་པ			ultimately natureless; non-natures ultimately [that is, without the nature of existing ultimately or by way of their own character]
དོན་དམ་པར་སྡུག་བསྔལ་བ			ultimate suffering
དོན་དམ་པར་ཡོད་པ			ultimately exist
དོན་དམ་པས་བསྡུས་པ			contained within the ultimate
དོན་དམ་རྣམ་པར་ངེས་པའི་འཁོར་ལོ			wheel of the ultimate, the definitive; wheel ascertaining the ultimate
དོན་དམ་རྟེན་འབྲེལ་ལས་འདས་པའི་ཆོས་ཉིད			ultimate noumenon beyond dependent-arising
དོན་དམ་རྟོགས་པ			realize the ultimate
དོན་དམ་ཤེས་པ			ultimate cognition
དོན་དམ་ཚུལ			ultimate mode
དོན་དམ་ཡང་དག་འཕགས			Paramārtha-samudgata
དོན་དང་ལྡན			connected with the meaning
དོན་དང་མཐུན་པ			concordant with the fact
དོན་དང་སྒྲུབ་པ་དང་ཐོབ་པ་ཡོངས་གྲུབ			object, practice, and attainment thoroughly established natures
དོན་དང་ཡི་གེ			meanings and words
དོན་དོན་དམ་པ			object-ultimate
དོན་དུ			[meaning-for]; for the sake of; for the purpose of
དོན་དུ་ཆེན་པོ			greatly meaningful
དོན་དུ་ཆེན་པོ་བྱེད་པ			greatly meaningful
དོན་དུ་གཉེར			seek; strive to produce
དོན་དུ་གཉེར་བ			seek; strive to produce
དོན་དུ་གཉེར་བ་བྱེད་པ			seek; strive to produce
དོན་དུ་གཉེར་བ་མ་ཡིན			not seek; not strive to produce
དོན་དུ་གཉེར་བར་བྱེད་པ			seek; strive to produce
དོན་དུ་གཉེར་བྱ			what is sought
དོན་དུ་གཉེར་བྱེད			seek; strive to produce
དོན་དུ་གཉེར་བྱེད་པ			seek; strive to produce
དོན་དུ་མི་གནེར་བ			not seek; not strive to produce
དོན་དུ་མི་གཉེར			not seek; not strive to produce
དོན་གཅིག			equivalent; mutually inclusive
དོན་གཅིག་མེད			non-synonymous
དོན་གཅིག་མིང་གི་རྣམ་གྲངས			synonymous equivalent; equivalent and synonymous
དོན་གཅིག་པ			synonymous
དོན་གཉེར			seeking; seek; strive to produce
དོན་གོམས་པ་ཅན			having a familiar object
དོན་གོམས་པ་ཅན་གྱི་དབང་མངོན་གྱི་ཚད་མ			sense direct perceiver having a familiar object
དོན་གྲུབ			Siddhārtha [personal name of the Buddha]
དོན་གསུམ			three welfares [of oneself; others; and both]
དོན་གྱི་འོད་གསལ			actual clear light/ exemplified clear light
དོན་གྱི་དམ་པ			highest truth
དོན་གྱི་དབང			import of the meaning(DK 3.15); by the power of the fact
དོན་གྱི་དབང་འདིའང་མཐོང་ནས			by also seeing the import of the meaning
དོན་གྱི་དབང་དེ་མཐོང་བས			by seeing the import of the meaning
དོན་གྱི་སྡེ་ཚན་དག་གི་མདོ			Collection of Meanings Sūtra
དོན་གྱི་སྡེ་ཚན་མདོ			Collection of Meaning Sūtra(BJ 68.1)
དོན་གྱི་སྡོད་ལུགས			objective mode of subsistence(N)
དོན་གྱི་ཐོབ་ཚོད			measure [that is, level] of meaning gotten at
དོན་གྱིས			[by the meaning]; implicitly(N)
དོན་གྱིས་བསྟན			implicitly explain
དོན་གྱིས་ཞུས			implicitly ask a question
དོན་གྱུར་གྱི་ཐེ་ཚོམ			doubt tending toward the fact
དོན་གཞན			factually other(BJ 80.7)
དོན་གཞན་ལ་དགོངས་པ			thinking of another meaning; in consideration of another meaning
དོན་ལ་ཕྱིན་ཅི་མ་ལོག་པ			non-mistaken with respect to the meaning/object
དོན་ལྡོག			meaning isolate; meaning-isolate; meaning simpliciter
དོན་མ་བྱས་པ			not perform a function; non-functioning
དོན་མ་ལགས་པ			what is not the meaning; non-meaning
དོན་མ་ཡིན་པ			what is not the meaning; non-meaning
དོན་མེད			senseless; meaningless; non-meaning; non-existent object
དོན་མེད་དུ་མི་བཏང་བ			[meaning-not exist-ly-not cast aside]; not waste meaninglessly; not give up meaninglessly
དོན་མེད་པ			meaningless; non-meaning; without [external] objects
དོན་མེད་པ་དང་དོན་ཡོད་པ་ཉིད			meaninglessness and meaningfulness
དོན་མེད་པ་མ་ཡིན			is meaningless
དོན་མེད་པ་ཉིད			meaninglessness
དོན་མེད་པར			meaninglessly
དོན་མེད་པར་མི་འགྱུར			not meaningless  (T)
དོན་མི་འགྱུར་གྱི་ཐེ་ཚོམ			doubt not tending toward the fact; doubt tending to the non-factual
དོན་མི་གྱུར་གྱི་ཐེ་ཚོམ			doubt not tending toward the fact
དོན་མིན			improper meaning
དོན་མངོན་རྟོགས			clear realizer of meaning; clear realization of the meaning
དོན་མཐུན་པ			factually concordant
དོན་མཐུན་པ་ཉིད			factual concordance
དོན་ཕྱིན་ཅི་མ་ལོག་པ			perverse meaning
དོན་རབ་དང			pure meaning; clear meaning
དོན་རང་མཚན་གྱི་བློའི་གཞན་སེལ			other-eliminator that is an awareness that is a factual specifically characterized phenomenon
དོན་རང་མཚན་གྱི་དོན་རང་མཚན་གྱི་གཞན་སེལ			other-eliminator which is a factual specifically characterized phenomenon that is a factual specifically characterized phenomenon
དོན་རང་མཚན་གྱི་གཞན་སེལ			other-eliminator that is a factual specifically characterized phenomenon
དོན་རང་མཚན་གྱི་མེད་དགག་གི་གཞན་སེལ			non-affirming negative other-eliminator that is a factual specifically characterized phenomenon
དོན་རིག			object knower(LG)
དོན་རིག་ཡིད་མངོན			mental direct perceiving object knower(LG)
དོན་རྣམ་པ་དྲུག་པོ			six-fold meaning  (T)
དོན་རྣམ་སྒོམ་པ			meditation on the aspect of an object [e.g., meditating on impermanence]
དོན་སྦྱོར			syllogistic rendering of the meaning
དོན་སྒྲུབ་ཀྱི་རྟགས			sign proving the meaning
དོན་སྨྲ་སྡེ་གཉིས			the two schools which propound [truly existent] objects
དོན་སྤྱི			meaning generality; meaning-generality; generic image; mental image
དོན་སྤྱི་བཟུང་ཡུལ་དུ་བྱེད་པའི་རྟོག་པ			conceptual consciousness that serves as an object for apprehending a meaning generality
དོན་སྤྱི་ཁོ་ན་འཛིན་པའི་རྟོག་པ			conceptual consciousness that only apprehends a meaning generality
དོན་སྤྱི་སྒྲ་སྤྱི་གནས་སུ་ཕྱེ་བའི་དོན་སྤྱི			meaning generality of the division into meaning generality and sound generality  (T)
དོན་སྟོང་ཉིད་དུ་འགྲོ་བ			meaning arrives at emptiness; meaning involves emptiness
དོན་ཐ་དད་པ			different factualities
དོན་ཚོལ་བ			one who investigates/examines/researches/seeks the meaning; investigate/examine/researche/seek the meaning
དོན་ཡོད			meaningful
དོན་ཡོད་གྲུབ་པ			Amoghasiddhi [p.n. of a Buddha]
དོན་ཡོད་པ			meaningful
དོན་ཡོད་པ་དང་མེད་པ			meaningful and meaningless
དོན་ཡོད་པ་དང་མེད་པར་མཐོང			view as meaningful and meaningless
དོན་ཡོད་པ་ཉིད			meaningfulness
དོན་ཟབ་དགོངས་པ་ངེས་པར་འགྲེལ			Gambhīrārtha-saṃdhinirmocana [p.n. of a Bodhisattva in the Saṃdhinirmocana-sūtra, the questioner of the seventh chapter]
དོར			discard; reject; cast out; forsake; cancel
དོར་བ་མེད			non-rejection; not discard; not cast out; not forsake
དོར་བ་མེད་པ			non-rejection; not discard; not cast out; not forsake
དོར་བ་མེད་པ་སྟོང་པ་ཉིད			emptiness of not discarding
དོར་བར་བྱ་བ			should discard
དོར་བྱ			discard; cast out
དཔའ			hero; intrepid person
དཔའ་བར་འགྲོ་བ་ཞེས་བྱ་བའི་ཏིང་ངེ་འཛིན			going-as-a-hero meditative stabilization
དཔའ་བོ			hero; intrepid person; Shūra
དཔའ་བོ་རྡོ་རྗེ			[hero-vajra]; Pa-wo-dor-jay [p.n. of a lama]
དཔའ་རླབས			waves
དཔག			fathom; measure; limit
དཔག་བསམ་གྱི་སྡོང་པོ			[measure-think-of-trunk]; wish-granting tree
དཔག་བསམ་གྱི་ཤིང			[measure-think-of-trunk]; wish-granting tree
དཔག་དུ་མེད་པའི་དུས			limitless time; immeasurable time
དཔག་གཞི			basis of inference
དཔག་མེད			limitless; immeasurable
དཔག་མེད་པར			limitlessly (T)
དཔག་མེད་ཡོན་ཏན་ཚོགས་འཕེལ			limitless increase in the collection of good qualities (T)
དཔག་པ			measure; limit; fathom
དཔག་ཏུ་མེད			limitless; immeasurable
དཔག་ཏུ་མེད་པ			[measure-as-not exist]; limitless; immeasurable
དཔག་ཏུ་མེད་པ་ཉིད			limitlessness; immeasurability
དཔག་ཏུ་མེད་པའི་དངོས་པོ			limitless thing
དཔག་ཏུ་མེད་ཚད་མེད་པ			limitless; immeasurable
དཔག་ཏུ་ཡོད་པ			measurable
དཔལ			glorious; glory; fortune; luck
དཔལ་གྱི་བེའུ			[glory-of-calf] endless knot
དཔལ་གྱི་ཁབ			(Ship 64b.2)
དཔལ་ལྡན			[glory-possessing]; glorious
དཔལ་ལྡན་རྒྱུ་སྐར་གྱི་མཆོད་རྟེན			Glorious Stūpa of the Constellations
དཔེ			example
དཔེ་རི་མོ་མཁན			the example, an artist,  (T)
དཔེ་བྱད			beauty; [80] signs [of a Buddha or cakravartin]
དཔེ་ཆ			book [Tibetan style]
དཔེ་དངོས			actual example[BJ 20.4]
དཔེ་དོན་སྦྱོར་ཚུལ			mode/way of associating the example and the meaning exemplified
དཔེ་གཞན			other example
དཔེ་ཁྲིད			textual instruction
དཔེ་ལ་བརྟེན་གྱི་ཚད་མ			valid cognizer based upon an example
དཔེ་ལ་བརྟེན་ཏེ་རིགས་པས			through reasons depending on examples  (T)
དཔེ་མར་མེ			the example, a butter lamp,  (T)
དཔེ་མེད			without an equivalent (T); unparalleled (SW)
དཔེ་མཁྱུད			fist
དཔེ་ནམ་མཁའ			the example, space,  (T)
དཔེ་ཉི་ཤུ་རྩ་གཉིས			twenty-two examples
དཔེ་ཤིང་གཉིས་ལས་མེ་འབྱུང་བ			the example of fire arising from [rubbing] two sticks  (T)
དཔེ་སྟོན་པ			Exemplifier [either Sautrāntika or a school of Sautrāntika]
དཔེ་ཙམ་གྱིས			by a mere example
དཔེའི་འོད་གསལ			metaphoric clear light
དཔེའི་ཆེ་བ་ཉིད			greatness of the example
དཔེའི་ཆོས			phenomenon that is an example; (T) exemplatory phenomena ?
དཔེའི་དོན			meaning of the example
དཔེའི་ཡེ་ཤེས			metaphoric pristine wisdom
དཔེར་བརྗོད་པ			expressed as an example; stated as an example
དཔེར་མཛད་ནས			having given an example
དཔེར་ན			for example
དཔེར་ན་...་ལྟ་བུའོ			you should see ... for example
དཔྲལ་བ			forehead
དཔུང			army; power; might
དཔུང་བུ			army(S)
དཔུང་བཟང་གིས་ཞུས་པ་ཞེས་བྱ་བའི་རྒྱུད			Questions of Subāhu Tantra
དཔུང་གི་ཚོགས་ཡན་ལག་བཞི་པ			four limbs of an army
དཔུང་གཉེན			defender
དཔྱད			analyze; investigate; examine; cut; cutting; analysis(BJ 10.3); discrimination
དཔྱད་འཇོག			analytical and stabilizing [meditation]
དཔྱད་བཟོད			[able to] withstand/bear analysis
དཔྱད་གསུམ་གྱིས་དག་པ			purified by the three analyses [i.e. free from the three contradictions](BJ 10.4)
དཔྱད་གསུམ་གྱིས་དག་པའི་ལུང			scriptures that are purified by the three analyses [i.e. free from the three contradictions](BJ 10.4)
དཔྱད་མི་བཟོད་པ			cannot withstand/bear analysis
དཔྱད་པ			analyze; investigate; examine; cut; cutting(BJ 11.1); analysis; discrimination
དཔྱད་པའི་ཚེ			searching investigation (GD:520); examine (GD:576)
དཔྱད་རྒྱུ			to be examined/analyzed; that which is to be examined/analyzed
དཔྱད་སྒོམ			[analyze-meditate]; analytical meditation
དཔྱད་སྒོམ་གྱི་སྒོམ་བྱུང་གི་རྟོགས་པ			realizational consciousness that is a state arisen from analytical meditation
དཔྱད་ཤེས			subsequent cognizer; investigating cognition (GD:649); subsequent cognition
དཔྱད་ཤེས་དོན་མཐུན			factually concordant subsequent cognizer
དཔྱིད			spring
དཔྱིད་ཀ			spring
དཔྱིད་ཀྱི་ཐིག་ལེ			the drop of spring(TGP 68)
དཔྱོད			analyze; investigate; examine; cut; cutting; analysis; discrimination(BJ)
དཔྱོད་ལྡན་རྣམས			those having discrimination
དཔྱོད་པ			analysis; analyze; investigate; examine; cut; cutting; discrimination
དཔྱོད་པ་བ			Mīmāṃsa; Analyzers; Ritualists
དཔྱོད་པ་ཅན			Mīmāṃsaka
དཔྱོད་པ་མ་མཆིས			non-discrimination; without analysis; non-investigation
དཔྱོད་པ་པ			Mīmāṃsaka
དཔྱོད་པ་ཙམ			mere analysis; mere discrimination; mere investigation
དཔྱོད་པ་ཡིད་བྱེད			mental contemplation of analysis
དཔྱོད་པའི་ཏིང་ངེ་འཛིན			meditative stabilization of analysis; analytical meditative stabilization
དྲ་བ			web; net; lattice; network
དྲག			fierce; violent; terrible
དྲག་ལྡན			fierce; violent; terrible
དྲག་པའི་ལས			fierce activities
དྲག་པོ			hard; heavy [=sra ba] (Lati); fierce; strong
དྲག་པོའི་ལས			fierce activities
དྲག་ཤུལ			ferocity
དྲག་ཤུལ་སྤྱོད་སྔགས			mantra of fierce deeds
དྲག་ཏུ་ཕྱོར་བ			strongly billowing
དྲན་དང་བརྩོན་འགྲུས་ལ་བརྟེན་པ			in dependence upon mindfulness and effort
དྲན་ཉམས			forgetfulness; (memory-loss)
དྲན་པ			mindfulness; memory; recollection
དྲན་པ་དང་ལྡན་པ			mindful
དྲན་པ་དང་ཤེས་བཞིན			mindfulness and introspection
དྲན་པ་དང་ཤེས་བཞིན་དང་སེམས་པ་དང་བཏང་སྙོམས			mindfulness, introspection, mind, and equanimity
དྲན་པ་དང་ཏིང་ངེ་འཛིན་ལ་སོགས་པའི་ཡོན་ཏན			the qualities of mindfulness, meditative stabilization, and so forth
དྲན་པ་གཅིག་པའི་རྣལ་འབྱོར			yoga of single mindfulness(TGP)
དྲན་པ་གཙོ་བོ			main mindfulness
དྲན་པ་མ་བརྗེད་པར་གྱུར་ན			when one is mindful and non-forgetful
དྲན་པ་ནེར་གཞག			mindful establishment(s)
དྲན་པ་ཉེ་བར་བཞག་པ			mindful establishment; establishment in mindfulness
དྲན་པ་ཉེ་བར་གནས་པ			basis of mindfulness; abide in mindfulness
དྲན་པ་ཉེར་བཞག			mindful establishment
དྲན་པ་ཉེར་གཞག			establishments by way of mindfulness; mindful establishment
དྲན་པ་ཤིན་ཏུ་ཉེ་བར་གནས་པ			well-established mindfulness
དྲན་པའི་དབང་པོ			faculty of mindfulness; power of mindfulness
དྲན་པའི་རྟོག་པ			memory conception; conceptual consciousness which remembers
དྲན་ཤེས			mindfulness; memory consciousness(N)
དྲན་སོགས་ཡོན་ཏན་འཕེལ་བྱེད			impel the qualities of mindfulness and so forth
དྲང			straight; definitive
དྲང་བའི་དོན			requires interpretation; interpretable meaning; interpretable object; requiring interpretation; interpretable
དྲང་བའི་ཕྱིར			in order to lead
དྲང་བའི་ཕྱིར་དུ་གསུངས་པ			spoken for the sake of leading
དྲང་དོན			interpretable meaning; requires interpretation; interpretable object; requiring interpretation; interpretable; meaning requiring interpretation
དྲང་དོན་གྱི་མདོ			sūtra of interpretable meaning(N)
དྲང་ངེས			the interpretable [meaning] and the definitive [meaning]; definitive [sūtra] and [sūtra] requiring interpretation
དྲང་ངེས་རྣམ་འབྱེད			Dzong-ka-ba's Differentiation of the Interpretable and the Definitive [also called The Essence of the Good Explanations (legs bshad snying po)]
དྲང་པོ			straight
དྲང་སོང་སྨྲ་བ			Sage's Propounding (in the area of Varaṇāsi in the Deer Park)
དྲང་སྲོང			sage [one who has straightened body, speech, and mind]; seer [of the Vedas]
དྲང་སྲོང་དང་བཅས་པ་དང་སྐྱེས་པ་དང་བུད་མེད་ཀྱི་ཚོགས་རྣམས			crowds of men and women around the sage
དྲང་སྲོང་ལྷུང་བ་རི་དྭགས་ཀྱི་གནས			Deer Park of the Alighting Sage
དྲང་སྲོང་སྨྲ་བ			Sage's Propounding
དྲང་སྲོང་སྨྲ་བ་རི་དགས་ཀྱི་ནགས			Deer Park of Sage's Propounding(BJ 29.2)
དྲངས			induce; cited; cite; induced; lead; draw; pull; conduct
དྲེད			yellow bear
དྲེགས			haughtiness
དྲེགས་ལྡན་གཙུག་ན			pre-eminent among the haughty(DASI 522.2)
དྲེགས་པ			arrogance; haughtiness; haughty
དྲེལ			(1) familiarization; (2) mule
དྲི			odor; smell
དྲི་འཛིན་དབང་མངོན			sense direct perceiver apprehending scent
དྲི་བ་དང་བྲལ་བ་མེད་པ			not free from defilements; not free from stains
དྲི་བ་དྲིས་པ			asked
དྲི་བ་ཞུ་བྱེད			means of questioning
དྲི་བར་བྱ			ask; question
དྲི་མ			stain; taint; defilement; contamination
དྲི་མ་བྲལ་བ			free from defilements; free from stains
དྲི་མ་ཅན་ངེས་པས			contaminated; defiled; stained
དྲི་མ་དང་བཅས			defiled; contaminated; stained
དྲི་མ་དང་བྲལ་བ			free from stains; free from defilements
དྲི་མ་དང་བྲལ་ནས			free from stains; free from defilements
དྲི་མ་མེད			stainless
དྲི་མ་མེད་པ			stainless; Stainless (second bodhisattva ground)
དྲི་མ་མེད་པའི་ས			stainless ground
དྲི་མ་རྣམ་པར་དག་པ			purify defilements
དྲི་མ་སྤངས་པ			abandon defilements
དྲི་མ་ཞི་བ་གཉིས			the two, defilement and pacification
དྲི་མེད			stainless; undefiled
དྲི་མེད་འོད			Stainless Light [Rigs ldan pad ma dkar po's commentary on the Kālacakra Tantra]
དྲི་མེད་དབྱིངས			stainless realm
དྲི་མེད་གནས			stainless place
དྲི་མེད་ལྡན			connected with non-defilement
དྲི་མེད་མི་རྟོག་བློ་མཆོག			supreme undefiled non-conceptual awareness
དྲི་མེད་མིག			undefiled eye
དྲི་མེད་པ			stainless; undefiled
དྲི་མི་མཉམ་པ			unequal odor
དྲི་མི་ཞིམ་པ			unfragrant odor
དྲི་མཉམ་པ			equal odor
དྲི་ཟ			scent eater; odor eater; the musicians of Indra, ruled by Dhṛtarastra, who live in the region of the air and the heavenly waters; their special duty is to guard the heavenly soma, which the gods obtain through their intervention
དྲི་ཟའ			Fragrance Eater
དྲི་ཟའི་དབྱང་སྙན			pleasant sound of scent-eaters
དྲི་ཟའི་གླུ་དབྱངས			song of scent-eaters
དྲི་ཟའི་གྲོང་ཁྱེར			city of scent-eaters(N); city of Fragrance Eaters
དྲི་ཟར			scent eater; odor eater
དྲི་ཟར་བཅས་པ			scent eater; odor eater
དྲི་ཞིམ			fragrant odor; sweet-smelling
དྲི་ཞིམ་པ			sweet-smelling; fragrant odor
དྲི་ཞིམ་པོ			sweet-smelling
དྲིའི་ཁམས			odor-constituent
དྲིའི་སྐྱེ་མཆེད			odor sense-sphere
དྲིལ			involvement
དྲིལ་བུ			bell
དྲིན			kindness; grace
དྲིན་གཟོ་བ			intention to repay kindness
དྲོ་བར་གྱུར་བ			heat
དྲོ་བར་གྱུར་པ			heat
དྲོད			heat
དྲོད་གཤེར་ལས་སྐྱེ་བ			moisture-born
དྲོད་རྩེ་སྦྱོར			heat peak training; training of the peak of heat
དྲུག			six
དྲུག་ཅུ			sixty
དྲུག་པ			sixth
དྲུག་པོ་ས			sixth ground
དྲུག་སྒྲ			genitive case
དྲུང་འཁོར			lay government official
དྲུང་དུ			near to
དྲུང་དུ་ཉེ་བར་འགྲོ་བར			come near to
དུ			accusative, adverbial accusative, dative, and locative particle: to; in; as; -ly; at; many; plural
དུ་བ			smoke
དུ་བ་སྔོན་ལོང་པོ			blue rising smoke
དུ་བའི་དངོས་རྒྱུ			direct cause of smoke
དུ་བའི་དངོས་སུ་སྐྱེད་བྱེད			direct producer of smoke
དུ་བྱེད་དེ་དག་ནི་སྒྱུ་མ་ལྟ་བུ			those compositional phenomenon are like an illusion
དུ་གཅིག་ཅིག			at a certain time
དུ་ལྡན་ལ་ལ			on a smoky pass(LSR 6b)
དུ་མ			manifold; many; plural; plurality; multitude
དུ་མ་ཉིད			plurality; manifoldness
དུ་མ་ཉིད་མ་ཡིན་པ			non-manifoldness; non-plurality
དུ་མ་རོ་གཅིག་པ			many-one
དུ་མ་ཞིག			many; plural
དུ་མའི་ངོ་བོ			many entities
དུ་ཞིག			many; plural
དུའང			briefly
དུབ་པ			fatigue; to be fatigued; be tired
དུབ་པ་མེད་པ			not fatigued; not tired
དུད་འགྲོ			[bent-go]; animal
དུད་འགྲོ་བྱིང་ན་གནས་པ			animals living in the depths
དུད་འགྲོ་ཁ་འཐོར་བ			animals scattered [about the surface]
དུད་འགྲོའི་རྟེན་ཅན་གྱི་སོ་སོའི་སྐྱེ་བོ			ordinary beings having the basis of animals; common being having the basis of an animal
དུག			poison
དུག་དང་འདྲེས་པ			mixed with poison
དུག་ཐམས་ཅད་རབ་ཏུ་ཞི་བར་བྱེད་པ			completely pacify all poisons
དུལ་བ			discipline; tamed
དུལ་བ་བྱེད་པ			disciplining
དུལ་བའི་ལྷ			Vinītadeva [p.n.]
དུལ་བའི་སེམས			disciplined mind
དུལ་བར་བྱའོ			you should discipline
དུལ་བར་བྱེད་པ			disciplining
དུལ་བར་གྱུར་ནས			having disciplined; taming
དུམ་བུ			section [of a text]
དུང			conch-shell; shell
དུང་དཀར་སེར་པོར་སྣང་བའི་དབང་ཤེས			sense consciousness to which a white conch appears as yellow
དུང་གི་དཀར་པོ			white conch shell
དུས			time; occasion
དུས་འཁོར			Wheel of Time
དུས་བར་པར			at the middle time [i.e. when Buddha taught the Perfection of Wisdom Sūtras](BJ 27.7)
དུས་བརྟན་པའི་རྟག་པ			permanent phenomenon which is stable in time
དུས་བརྟེན་པའི་རྟག་པ			permanent phenomenon that abides all the time
དུས་བཟང་པོ			a good time; right time
དུས་དང་པོར			at the initial time [i.e. when Buddha taught the Hīnayāna sūtras, which imply that everything is established by way of its own character](BJ 27.6)
དུས་དཔག་ཏུ་མེད་པ			immeasurable time
དུས་དཔག་ཏུ་ཡོད་པ་དང་དཔག་ཏུ་མེད་པ			measurable and immeasurable time
དུས་དུས			from time to time; occasionally
དུས་དུས་སུ			from time to time
དུས་གཅིག་ཏུ			simultaneous; at one time
དུས་གསུམ			the three times [past, future, and present]
དུས་གསུམ་དུ་རྣམ་པར་བཞུགས་པ			abiding in the three times
དུས་གསུམ་ལས་ངེས་པར་གྲོལ་བ			definitely released from the three times
དུས་གཞན			other time
དུས་གཞན་ལ་དགོངས་པ			thinking of another time; in consideration of another time
དུས་གཞན་ན			at another time
དུས་གཞན་ན་འགག་པ་ཉིད			be stopped/obstructed/destroyed/ceased/halted at another time
དུས་གཞན་ན་སྦྱར་བ			connected with another time
དུས་གཞན་ཞིག་ན			at some other time
དུས་ཇི་སྲིད་དུ			at what time?
དུས་ཇི་སྲིད་པ			at what time?
དུས་ཀུན			all times
དུས་ཀུན་ཏུ			in all times(BJ 23.4)
དུས་ཀུན་ཏུ་རྟག་པ			permanent in all times(BJ 23.4)
དུས་ཀྱི་བྱེ་བྲག་གིས			by divisions of time
དུས་ཀྱི་སྒོ་ནས			from the viewpoint of time
དུས་ཀྱིས་བྱས་པ			made by time
དུས་ཀྱིས་དཔག་ཏུ་མེད་པ་ཉིད			immeasurability of time
དུས་ལ་མཁས་པ			wise with respect to time
དུས་ལ་སོགས་པའི་དབྱེ་བ			division of time and so forth
དུས་ལའང་ཡེ་ཤེས་མ་བསྒྲིབས་པ			non-obstructed in terms of time or exalted wisdom
དུས་ལས་ཡོལ་བ			delay
དུས་མེ			fire of time  (T)
དུས་མཉམ་དུ			simultaneously(LG 30.2); simultaneous with; at the same time
དུས་མཉམ་དུ་བྱུང་བ			arise simultaneously
དུས་མཉམ་དུ་སྐྱེ་བ			produced simultaneously(LG 30.2)
དུས་མཉམ་པ་ཉིད			simultaneous
དུས་མཐའ			smallest unit of time
དུས་མཐའ་སྐད་ཅིག་མ			smallest moment
དུས་མཐའི་སྐད་ཅིག་མ་གྱུར་པའི་བུམ་པ			pot which is a smallest moment
དུས་ནམ་ཡང			all the time
དུས་ནམ་ཡང་མི་གཡོ			never more
དུས་ནམ་ཞིག་ན			after a while; after some time
དུས་ངང་པོ			bad time
དུས་ཕྱིས			later time
དུས་རབ་ཏུ་དབྱེ་བ་གྲང་མེད་པ			countless divisions of time
དུས་རེ་ཞིག			at some time
དུས་རེ་ཞིག་པ			at some time
དུས་རིང			a long time
དུས་རྣམས་རྟག་ཏུ			permanently
དུས་རྟག་ཏུ			permanently
དུས་ཤེས་པ་ཉིད			cognition of time
དུས་སྔ་ཕྱིའི་ཕུང་པོའི་རྒྱུན			continuum of the aggregates over time
དུས་སུ			from time to time; at [that] time
དུས་ཐ་མར			at the final time [i.e. when Buddha taught the sūtras of the third wheel of doctrine](BJ 27.7)
དུས་ཐམས་ཅད			all times
དུས་ཚིགས			year
༅དབ༹ང་བའི་དད་པ༏་དང་བའི་དད་པ			faith of clarity
དྭ་བ			a white tuber, like a potato, which has a long stalk with a yellow flower at the top
དྭང་ཆ			factor of subjective clarity
དྭངས			clear; pure; sparkling
དྭངས་ཆ			factor of subjective clarity
དྭངས་མ			(1) main; (2) clear
དྭོགས			qualm; doubt(LG)
ཛབ་དབྱངས			recitation of mantra
ཛམ་བུ་བྲི་ཀཥ			the Jambu tree
ཛམ་བུའི་གླིང			this world; the Indian sub-continent
ཨེ་ན་ཡ			antelope
ཨེམ་རྗེ			doctor
གཡའ			dust; rust (?)
གཡའ་དག་པ			pure of dust
གཡག			yak
གཡག་སྟོན་སངས་རྒྱས་དཔལ			Yak-dön-sang-gye-bel (1348-1414 ce.)
གཡཀ་རྒོད			wild yak
གཡང			abyss; gulf
གཡང་ལྦ			lucky goiter
གཡང་ས			abyss; gulf
གཡས			right hand; right side
གཡས་བསྐོར་དུ			clockwise; clockwise motion
༅གཡས་བསྐོར༏་གཡས་ནས་བསྐོར			circumambulate clockwise; circumambulate from the right
གཡས་གཡོན			on either side [lit.: right-left]
༅གཡས་ནས་བསྐོར༏་གཡས་བསྐོར			circumambulate clockwise; circumambulate from the right
གཡས་པ			right hand; right side
གཡས་ཕྱོགས			right hand; right side; right direction
གཡེལ་བ			be idle; cease
གཡེལ་བ་མེད་པ			[be idle-not-exist]; incessantly
གཡེལ་བར་མེད་པ			[be idle-not-exist]; incessantly
གཡེལ་མེད་པ			[be idle-not-exist]; incessantly
གཡེམ			sexual intercourse
གཡེང			to be distracted; to wander (mentally); distraction; be diverted; agitate the mind
གཡེང་བ			to be distracted; to wander (mentally); distraction; be diverted; agitate the mind
གཡེང་བ་མེད་པར་གྱུར་པ			is not distracted
གཡེངས			to be distracted; to wander (mentally); distraction; be diverted; agitate the mind
གཡེངས་པར་བགྱིད			be distracted; wander (mentally); distraction; be diverted; agitate the mind
གཡེར་མ			Guinea pepper
གཡི			lynx
གཡོ			move; fluctuate; waver; remove; dissimulation; deceit
གཡོ་འགུལ			vibrate
གཡོ་བ			move; fluctuate; waver; remove; dissimulation; deceit; moving [quality of wind]
གཡོ་བ་མ་མཆིས་པ			immovable; not moving; non-fluctuating; unwavering; non-deceit; without deceit
གཡོ་བ་མེད			immovable; not moving; non-fluctuating; unwavering; non-deceit; without deceit
གཡོ་བ་མེད་པ			immovable; not moving; non-fluctuating; unwavering; non-deceit; without deceit
གཡོ་བར་བྱེད་པ			move; fluctuate; remove; dissimulate; deceive
གཡོ་མེད			[deceive-not-exist]; without deceit; immovable; not moving; non-fluctuating; unwavering; non-deceit
གཡོ་མེད་པ			[deceive-not-exist]; without deceit; immovable; not moving; non-fluctuating; unwavering; non-deceit
གཡོག་པོ			servant(s)
གཡོགས་པ			covering
གཡོན			left
གཡོན་བསྐོར			counter-clockwise; counter-clockwise motion
༅གཡོན་ནས་བསྐོར༏་གཡོན་བསྐོར			counter-clockwise; counter-clockwise motion
གཡོས			move; fluctuate; stir; waver; remove; dissimulation
གཡུང་དྲུང			swastika; eternal
ག			interrogative particle; all [of a certain number]
ག་དུས			when?; at what time?
ག་ལ			how?; where?
ག་ལ་ཡོད			how could there be?; where is?
ག་ལས་འཇིགས་མེད			Akutobhayā [title of a commentary on Nāgārjuna's Treatise on the Middle, Toh. 3829]
ག་ལེར			slowly; gently
ག་ན			where?
ག་ནས			from where?; from whence?
ག་པར			where?
ག་པུར			camphor
ག་རེ			what?
ག་ཚད			how many?; how much?
ག་ཚོད			how many?; how much?
གད་མོ			laugh; laughter; laughing
གད་མོ་དགོད			laugh; smile; make laugh/smile
གག་པོ			difficult; hard
གལ་ན			If...
གལ་ཏེ			if; in case of
གལ་ཏེ་...་གྱུར			if it would be
གམ			or; and; particle indicating question; near
གནད			essence; important point; pith; essential
གནད་མཐར་གཏུགས་པའི་ཕྲ་བ			final subtle essential(N)
གནད་རྣམས་ཤེས་དགོས			it is necessary to know the essentials ...(LG)
གང			relative and interrogative pronoun: what; who; which
གང་བ			be full; become full
གང་བ་མེད་པ			not full
གང་བར་འགྱུར			will fill
གང་ཅི			which?; why?
གང་ཅིའང་རུང			any and all
གང་དག			what; which; who; some
གང་དྲན་དྲན			whatever you thought; whatever might be imagined
གང་དུ			[what-in]; in which; where; as which
གང་དུ་འདོད་པའི་ཞིང་དུ་འགྲོ་བ			going to the pure land to which one wishes/wants
གང་དུ་དབང་བསྐུར་པའི་དཁྱིལ་འཁོར			the maṇḍala in which initiation is bestowed
གང་དུ་ཡང་མ་སོང་བ			not gone anywhere
གང་གཱའི་ཀླུང			Ganges River
གང་གཱའི་ཀླུང་གི་བྱེ་མ་འདི་སྙེད་དང་མཉམ་པའི་སངས་རྒྱས			Buddhas equal in number to these grains of sand of the Ganges
གང་གཱའི་ཀླུང་གི་བྱེ་མ་སྙེད			as many as the grains of sand of the Ganges
གང་གཱའི་ཀླུང་མཉམ			equal with the Ganges
གང་གང			particular
གང་གི			relative and interrogative pronoun: of which
གང་གི་དོན་དུ			for the sake of which
གང་གི་ཕྱིར			because; for that reason; for the sake of; why?
གང་གི་སླད་དུ			for what reason?; for the sake of what?; for the sake of which
གང་གི་ཚེ			when; at what time
༅གང་གི་ཚེ། དེའི་ཚེ			correlative construction: when
གང་གི་ཡང			any; of any
གང་གིས			interrogative or correlative particle: by what; by whom; by which
གང་གིས་དང་གང་དུ་སྒྲུབ་པ			by whom and where achieved
གང་གིས་སྟོང་ཉིད་ཤེས་པ་དེ			one who knows emptiness
གང་ལ			with respect to which; of what; where; of which; in which/whom
གང་ལ་དགོངས་ནས			in consideration of which; thinking of which
གང་ལ་གང			any...whatsoever
གང་ལ་གང་མེད་པ་དེ་ནི་དེས་སྟོང			the non-existence of something in something is [its] emptiness of that
གང་ལ་རྣམ་པར་མི་རྟོག			non-conceptual/not conceptualizing with respect to which; non-conceptual with respect to anything
གང་ལས			from what?; whence?; why?
གང་ལྟར་ཁས་ལེན་པ་ནི་དཔྱད་པར་བྱའོ			it should be analyzed what sort of assertion should be made
གང་ལྟར་ཡང			in any case
གང་མེད			not full
གང་ཕྱིར			because; for that reason; for the sake of; why?
གང་རུང			any; one among; either one or both; whichever is suitable
གང་ཤར་ཐམས་ཅད			all of whatever appears
གང་སུ་དག			whichever of those
གང་ཚེ			when; at what time
གང་ཚེ་ཚེ			when
གང་ཚུན			up to the point of
གང་ཡང			[what-even]; any; whosoever. With negative: not any; none
གང་ཡང་རུང་བ			any; some; some...or other
གང་ཡང་རུང་བ་ཞིག་མ་ཚང་བ			any incomplete
གང་ཡང་རུང་བའི			of any
གང་ཡིན			what is?; which is
གང་ཡིན་པ			which is; whatever is
གང་ཡིན་པ་དེ་ཐམས་ཅད			all of whatever is...; all whatsoever
གང་ཟག			person; individual
གང་ཟག་བདག་མེད་གི་རང་ལྡོག			self-isolate of a selflessness of persons
གང་ཟག་བདག་མེད་རང་ལྡོག			self-isolated selflessness of the person
གང་ཟག་དམ་པ			excellent person; holy person
གང་ཟག་དང་ཆོས་དག་མི་དམིགས་པའི་ཕྱིར			due to/because of not apprehending persons and [other] phenomena
གང་ཟག་དང་ཆོས་ལ་བདག་མེད་པ			selflessness in persons and [other] phenomena
གང་ཟག་དང་ཆོས་ལ་བདག་མེད་པ་དག་ཡོངས་སུ་ཤེས་པར་བྱ་བའི་ཕྱིར			in order to thoroughly understand selflessness in persons and [other] phenomena
གང་ཟག་དང་ཆོས་མེད་པའི་མཚན་ཉིད་ཡིན་པ			character of non-existence of persons and [other] phenomena
གང་ཟག་གང་གིས་ཡིད་གཏད་པས་མཐོང་ཙམ་ཉིད་ནས་འདི་དང་འདི་འདྲའོ་སྙམ་པའི་བློ་ངང་གི་སྐྱེད་ནུས་པའི་ཆོས			phenomena naturally able to produce an awareness thinking, "This and that are alike," upon merely being seen by whatever person directs the mind [toward them]
གང་ཟག་གདགས་པ			imputation of a person
གང་ཟག་གི་བདག			self of persons
གང་ཟག་གི་བདག་འཛིན་པའི་བློ			awareness apprehending a self of persons
གང་ཟག་གི་བདག་མེད			without a self of persons; selflessness of persons
གང་ཟག་གི་བདག་མེད་དང་ཆོས་ཀྱི་བདག་མེད་ཀྱི་དབང་དུ་བྱས་པའི་ཡོངས་གྲུབ			thoroughly established natures in terms of selflessness of persons and of selflessness of phenomena
གང་ཟག་གི་བདག་མེད་ཀྱི་དབང་དུ་བྱས་པའི་དོན་དམ་པ་ངོ་བོ་ཉིད་མེད་པ			ultimate-non-nature in terms of the selflessness of persons
གང་ཟག་གི་བདག་མེད་ཕྲ་མོ			subtle selflessness of persons
གང་ཟག་གི་བདག་མེད་རགས་པ			coarse selflessness of persons
གང་ཟག་གི་བདག་མེད་རྟོགས་པའི་རྣལ་འབྱོར་གྱི་ས			yogic ground of realizing the selflessness of persons
གང་ཟག་གི་བདག་མེད་སྤྱི་ལྡོག			generality-isolate of the selflessness of persons
གང་ཟག་གི་བསམ་པ་ལ་དགོངས་པ			thinking of a person's attitude; in consideration of a person's thought
གང་ཟག་གི་བྱེ་བྲག			instance of a person
གང་ཟག་གི་ལོངས་སྤྱད་བྱ			objects of use of a person
གང་ཟག་ལ་མི་སྲིད་སྙམ་པ			thinking, "[Such and such] does not occur among persons"
གང་ཟག་མ་ཡིན་པའི་ལྡན་མིན་འདུ་བྱེད			non-person compositional factor
གང་ཟག་མ་ཡིན་པར་གྱུར་པའི་ལྡན་མིན་འདུ་བྱེད			non-associated compositional factors that are not persons; non-associated compositional factor which is not a person
གང་ཟག་མེད་པ			non-existence of persons
གང་ཟག་མི་རྟག་པ་ཉིད་དུ་ཐལ་བར་འགྱུར་བ			it would [absurdly] follow that persons would be just impermanent
གང་ཟག་མངོན་པར་རྟོགས་པ			manifest realization of the person
གང་ཟག་ནི་ནམ་ཡང་མེད་པ་མ་ཡིན་པ			persons are never non-existent
གང་ཟག་རང་རྐྱ་ཐུབ་པའི་རྫས་ཡོད་དུ་མ་གྲུབ་པ			non-establishment of the person as substantially existent in the sense of being self-sufficient
གང་ཟག་རང་རྐྱ་ཐུབ་པའི་རྫས་ཡོད་ཀྱིས་སྟོང་པ			emptiness of a person as being substantially existent in the sense of being self-sufficient
གང་ཟག་རྣམ་པར་བཞག་པ			positing of the person
གང་ཟག་རྣམ་པར་གཞིག་པ			disintegration of the person; destruction of the person
གང་ཟག་རྟག་གཅིག་རང་དབང་ཅན་གྱིས་སྟོང་པ			a person's emptiness of being permanent, unitary, and autonomous
གང་ཟག་སྨྲ་བ			Proponent of a Person
གང་ཟག་ཙམ			mere person
གང་ཟག་ཏུ་འཛིན་པ			apprehend a person; conceive a person
གང་ཟག་ཏུ་སྨྲ་བ			propound a person
གང་ཟག་ཡིན་པར་གྱུར་པའི་ལྡན་མིན་འདུ་བྱེད			non-associated compositional factor which is a person
གང་ཟག་ཡོད་པར་ཁས་བླང་བར་མི་བྱ			persons are not to be asserted as existing
གང་ཟག་ཡོད་པར་སྨྲ་བ			Proponent of a Person
གང་ཟག་ཟླ་མེད་པ			person without equal; matchless person
༅གང་ཟག༏་སྐྱེས་བུ			person
གང་ཞེ་ན			if [someone asks], "What?"; if [someone asks], "Which?"
གང་ཞིག			for one [indicates the first part of a reason]; whoever; which
གངས			snow
གངས་ཅན			that endowed with snow; The Snowy Land [i.e., Tibet]
གངས་ཅན་མཁས་པ			scholar of the Land of Snows [Tibet]
གངས་པ་སེའུ			Gang-pa-say-u [c.1200; a Ka-dam-pa author on epistemology]
གངས་རི་བ			one [person] of the snow mountain
གངས་རི་སྔོན་པོར་སྣང་བའི་དབང་ཤེས			sense consciousness to which a snow mountain appears as blue
གར			[what to]; where; dancing; dance
གར་འདོད་པ			wherever wished
གར་ཡང་ཁྱབ་པ་ནི་ཆུ་ཟླ་ལྟ་བུའོ			pervading everywhere like a moon in water
གཅད			to cut; decided; eliminate; judge; condemn
གཅད་དུ་མེད			not cut; not decided; not eliminated
གཅད་པ			to cut; decided; eliminate; judge; condemn
གཅགས་པ			love; be intimate with; apprehend
གཅན་གཟན			carnivorous animal
གཅན་གཟན་དང་རི་དྭགས			carnivorous animals and deer
གཅན་གཟན་གདུག་པ			carnivorous animals and deer
གཅན་གཟན་གྱི་དགོན་པ			a place with carnivorous animals
གཅན་གཟན་གྱི་དགོན་པའི་ནང་དུ་སོང་ན			go into the midst of a place with carnivorous animals
གཅན་གཟན་ཁྲོ་བོའི་རིགས་དག			fierce carnivorous animals
གཅེར་བུ			naked
གཅེར་བུ་པ			Nirgrantha; Unclothed
གཅེས་འཛིན			self cherishing
གཅེས་པ			cherish; dear; precious
གཅེས་སྤྲས			to value
གཅེས་སྤྲེས			value; esteem; great zeal for; care for; hold dear; exert oneself; extended; increase
གཅི			urine; to urinate
གཅིག			one; same; oneness; unitary; single; singular phenomenon
གཅིག་བཀག་པའི་ཐ་དད			a difference which is a negation of oneness
གཅིག་བུ			unitary
གཅིག་ཅར			simultaneous
གཅིག་ཅར་དུ			simultaneous; simultaneously
གཅིག་ཆར་བ			one who [proceeds] simultaneously(Gön-chok)
གཅིག་ཅིག			at a certain time
གཅིག་དྲིལ			to wrap around; bring together
གཅིག་དུ			this can mean: one or many
གཅིག་གི་གཅིག			one; same
གཅིག་གིས་གཅིག་སྟོང་པའི་སྟོང་ཉིད			emptiness of the one-being-empty-of-the-other
གཅིག་ལ་གཅིག			mutually; one another; each other
གཅིག་ཉིད			oneness; just one; sameness
གཅིག་པ			one; oneness; distinguished by; unitary
གཅིག་པུ			alone; sole; only; lone
གཅིག་ཏུ			this can mean: one or many
གཅིག་ཏུ་བྲལ་སོགས་ཀྱི་རིགས་པ			the reasoning of the lack of being one or many, etc.
གཅིག་ཏུ་བསྡུས་ནས			having condensed/brought together/abridged/summarized as one; together; only; one
གཅིག་ཏུ་ངེས་པ			devoted to; take pleasure in; one aim/end/thing only; exceedingly
གཅིན			urine
གཅོད			severance; cut; decide; judge; condemn; eliminate; progress; excorcism; a form of Tantric meditation started by female siddha Ma gcig lab sgron ma, which involves offering one's body to demons in order to excorcise them
གཅོད་བྱེད			eliminator
གཅོད་པ			cut; decide; judge; condemn; eliminate; progress; excorcism; decided
གདབ			put; sow; plant; set; offer; give; cast
གདགས			impute; designate; hang
གདགས་གཞི			basis of designation; basis of imputation
གདགས་གཞི་གཞན་ལ་བརྟེན་ནས་བཏགས་པའི་བཏགས་ཡོད			imputed existence that one imputes in dependence upon another basis of imputation
གདགས་གཞིའི་གོ་ས་གནོན་པའི་ཚུལ་དུ་ཡོད་པ			existence in the manner of covering its basis of designation
གདགས་གཞིའི་ངོས་ནས་གྲུབ་པ			existence from the side of the basis of designation
གདགས་གཞིའི་ངོས་ནས་གྲུབ་པ			established/establishment from the side of the basis of designation
གདགས་གཞིའི་སྟེང་ནས་གྲུབ་པ			existence right in the basis of designation
གདགས་པ			designation; imputation; hang
གདགས་པ་བྱས			impute; designate
གདགས་པ་རྣམ་པར་བཞག་པ			explanation of designation  (T)
གདགས་པར་བྱ			impute; designate
གདགས་པར་བྱ་བ་མ་ཡིན			should not designate
གདགས་སུ་མ་མཆིས་པ			not impute; not designate
གདགས་སུ་མཆིས་པར་གྱུར			designate; impute
གདགས་སུ་མེད་པ			not impute; not designate
གདགས་ཙམ་དུ་ཡོངས་སུ་ཚོལ་བ			thoroughly investigate/examine/research mere imputations/designations
གདམ			advice; instruction; counsel; preceptual instruction; advisory speech; exhortation
གདམ་ངག			advice; instruction; counsel; preceptual instruction; advisory speech; exhortation
གདམ་ངག་བརྗེད་པ			forgetting the instruction; forgetfulness
གདམས			advise; counsel
གདམས་ངག			guidance; instruction; preceptual instruction; guiding advice
གདམས་ངག་བརྗེད་པ			forgetting the advice/instruction/counsel/preceptual instruction/advisory speech/exhortation; forgetfulness
གདམས་ངག་ནོད་པར་བྱེད་པ			receive advice/instruction/counsel/preceptual instruction/advisory speech/exhortation; one who receives...
གདམས་ངག་པ			preceptual; guiding-advice
གདམས་པ			advise; counsel; advice; instruction; preceptual instruction; advisory speech; exhortation
གདམས་པའི་གདམས་ངག			guidance that guides
གདམས་ཚུལ			mode of guidance
གདན			seat; cushion
གདན་བཅས			seated
གདངས			tone; light
གདེབས			put; sow; plant; set; offer; give; cast
གདོད			beginning; first (in a list)
གདོད་མ			beginning; first (in a list)
གདོད་མ་གཞི་ཡི་ཆོས་ཉིད			original basal noumenon
གདོད་མའི་མགོན་པོ			Original Lord
གདོད་ནས			primoridally
གདོད་ནས་སྤྲས་བྲལ			primordially free from elaborations
གདོད་ནས་སྟོང་ཞིང			primordially empty
གདོགས			impute; designate; hang
གདོམས			advise; counsel
གདོན			verb: cause to come out; expel; recite; take outnoun: evil spirit causing disease; possession [as by a devil]
གདོན་མི་འཚལ་བར			unquestionably; undeniably
གདོན་མི་ཟ་བ			indubitable
གདོན་མི་ཟ་བར			unquestionably; undeniably; definitely(N)
གདོན་མི་ཟ་བར་གྲུབ་པ			Amoghasiddhi (STTS); p.n. of a Buddha
གདོན་པར་བྱའོ			one should expel; one should recite
གདོང			face
གདོང་གི་སྣ་རྩེར་འོད་ཐིག་སྒོམ་པ			meditation on a drop of light at the opening point of the face(TGP 40)
གདུག			poison; misery\n See: dug, poison
གདུག་པ			poisonous; pernicious; pernicious forces; pernicious entities
གདུག་པ་ཅན			poisonous; pernicious
གདུགས			umbrella
གདུལ			discipline
གདུལ་བ			discipline; disciplining
གདུལ་བ་དང་མཐུན་པ			concordant with discipline
གདུལ་བ་ཇི་ལྟ་བ་བཞིན་དུ་འདུལ་བའི་ཐབས་རྟོགས་པ			realize the method of disciplining exactly according to the discipline (T)
གདུལ་བའི་བྱ་བ་ལ་དུས་ཐམས་ཅད་དུ་ཉེ་བར་གནས་པ			closely abiding in disciplined activities at all times  (T)
གདུལ་བའི་ཁམས			realm of discipline
གདུལ་བའི་ལོ་ཏོག་ཡོངས་སུ་སྨིན་པར་བྱེད་པ			cause the harvest of discipline to ripen  (T)
གདུལ་བར་བྱ་བ			trainee
གདུལ་བྱ			trainee; disciple
གདུལ་བྱ་འདུན་པར་བྱེད་པའི་ཆོས་སྟོན་པ			teach the doctrine that causes trainees to aspire
གདུལ་བྱ་གདུལ་བར་དཀའ་བ			discipline those who are difficult to discipline; (T) trainees who are difficult to tame
གདུལ་བྱ་ཇི་ལྟ་བ་བཞིན་དུ་ཆོས་སྟོན་པ			teach doctrines according to the trainee['s capacity]  (T)
གདུལ་བྱའི་ཉེས་སྐྱོན་བསེལ་བའི་ཡོན་ཏན			quality of removing faults and defects from trainees
གདུལ་བྱའི་རྒྱུད་ཀྱི་ཞིང			field of the continuum/line of trainees
གདུང			torment; morification; be tormented; be scorched; desire; long for
གདུང			torment; be tormented; be scorched; desire; long for
གདུང་འདེགས			supporting rafter
གདུང་བ			tormented; mortify
གདུང་བའི་ལས			karma of torment
གདུང་བར་བྱེད་པ			torment; mortify
གདུངས			torment; be tormented; be scorched; desire; long for
གེགས			obstacle; hindrance; impediment; obstruction
གེགས་བྱེད			[hindrance-make]; hindrance; interference; prevention; impediment
གེགས་སུ་གྱུར་པ			[hindrance-as-became]; hindrance; interference; prevention; impediment
གི			(as genitive particle) of; by; in; which. (as non-case particle) and; but; (semi-colon)
གིས			(as instrumental particle) by; by means of; with; because. (as non-case particle corruptly used in place of the non-case usage of genitive particles) but; and; (semi-colon)
གླ་བ			musk deer
གླགས			opportunity; possibility
གླགས་རྙེད་འགྱུར			find a chance; gain an opportunity
གླགས་རྙེད་པར་འགྱུར			find a chance; gain an opportunity
གླལ་བ			yawn
གླང			bull
གླང་ཆེན			elephant
གླང་པོ			elephant
གླང་པོ་ཆེ			elephant
གླང་པོ་ཆེ་འཁྲུལ་པ			illusory elephant
གླང་པོ་ཆེ་དང་རྟའི་ཚོགས་ལ་སོགས་པ་དང་འདྲ་བ			similar to herds of elephants and horses, etc.
གླང་པོ་ཆེ་ལ་སོགས་པ			elephants and so forth
གླང་པོ་ཆེ་ལ་སོགས་པར་མེད་པ			without elephants and so forth
གླང་པོ་ཆེའི་གཟུགས			form of an elephant
གླང་པོ་ཆེའི་སྒྲ་སྐད			sound/bellow of an elephant
གླང་པོ་ཆེན་པོའི་ལྟ་སྟངས			elephant-gaze; gaze of an elephant
གླང་པོ་རིན་པོ་ཆེ			precious elephant
གླང་པོའི་གཟུགས			form of an elephant
གླང་པོའི་རྗེས			foot-print of an elephant
གླང་ཐང་པ			Lang-tang-pa [a Ka-dam-pa Ge-shay reputed for never laughing]
གླངས			take; get; grasp; receive
གླེགས			book
གླེགས་བམ			[boards-what is gathered]; book; volume
གླེགས་བམ་དུ་བྲིས་ནས			written in a book
གླེགས་བམ་དུ་ཆུད་པར			included in book
གླེགས་བུ			page; label
གླེན་པ			stupid
གླེང་བརྗོད			introduction; specific teachings
གླེང་གཞི			introduction
གླེང་གཞིའི་སྡེ			introduction; specific teachings
གླེངས			talk; say; mention; express; propound
གླེངས་པ			talk; say; mention; express; propound
གླིང			continent; island; location [as of a monastery]
གླིང་བཞི			the four continents [of traditional Buddhist cosmology]
གླིང་བཞི་པ			four-continent world-system
གླིང་བཞིའི་མི			humans of the four continents
གླིང་ཁ			park
གླིང་ཕྲན་བརྒྱད			eight small continents [of traditional Buddhist cosmology]
གླིང་ཕྲན་བརྒྱད་ཀྱི་མི			humans of the eight small continents; humans of the eight subcontinents
གློ			side; proximity
གློ་བ་དགའ			take joy (in); delight (in)
གློ་བུར			adventitious; temporary; sudden; circumstantial
གློ་བུར་བ			adventitious; sudden; temporary
གློ་བུར་བྱུང་བ			adventitiously/suddenly arisen
གློ་བུར་དྲི་བྲལ་གྱི་ཆ			factor of freedom from adventitious defilements; factor of being separated from adventious defilements
གློ་བུར་དུ			sudddenly; adventitiously; temporarily
གློ་བུར་དུ་བྱུང་བ			adventitiously/suddenly arisen
གློ་བུར་གྱི་དྲི་མ			adventitious defilement/stain
གློ་བུར་རྣམ་དག་གི་ཆ			factor of adventitious purity
གློ་མཁན་ཆེན་བསོད་ནམས་ལྷུན་གྲུབ			Lo Ken-chen Sö-nam-hlün-drup(GD:ix)
གློད་པ			loosen; relax; release; set free
གློག			lightning
གློག་ལྟ་བུའི་ཏིང་ངེ་འཛིན			lightning-like meditative stabilization
གླུ			song
གླུ་བསེན་མོ			evil female nāga
གླུ་དབྱངས			pleasant song; song
གླུ་དབྱངས་ལྟ་བུའི་སེམས་བསྐྱེད			mind-generation like pleasant song
གླུ་གྱན			mischevious nāgas
གནའ་བ			burrhel sheep
གནའ་ནས			previously; before; early; earlier
གནམ			sky
གནམ་གྲུ			airplane
གནམ་གྲུའི་བབས་ཐང			airport
གནམ་པོ			laughable (?); honest (?)
གནང			give; grant; make
གནང་བ			give; grant; make
གནས			abide; dwell; source; state; situation; remain; last; stay; place; abode; topic; object; retention
གནས་བྲལ			free from abiding
གནས་བརྟན་པ			Sthavira
གནས་བསྐལ			aeon of abiding
གནས་བྱེད			abide; remain
གནས་ཆ			factor of stability
གནས་ཆེན་པོ			great place; great abode
གནས་དང་བཅས་པའི་དབང་པོ་གཟུགས་ཅན་ཉེ་བར་ལེན			impeller of physical sense powers that are functioning
གནས་དང་གནས་མ་ཡིན་པ			appropriate and inappropriate
གནས་དང་གནས་མ་ཡིན་པ་བསྟན་པ་ཤེས་པར་བྱ་བ			one should cognize the teaching of what abides and what does not abide
གནས་དང་ལུས་དང་ལོངས་སྤྱོད			abode, body, and resources
གནས་གཙང་ལྔ			Five Pure Places
གནས་གྱུར་པ			transform
གནས་གཞན་དུ་གྱུར་པ			change the basis
གནས་གཞན་གྱུར་པ་མཐར་ཐུག་པ			final changing of the basis
གནས་ཁང			[dwell-house]; dwelling; place where one is staying
གནས་ལ་བརྟེན་པ་མེད་པ			not depending upon an abode
གནས་ལ་བརྟེན་པར			in dependence upon a basis; depending upon an abode
གནས་ལ་དགའ			delight in an abode
གནས་ལུགས			[abide-system]; mode of subsistence; mode of abiding(N); way of being; mode of existence; way things are; state of things
གནས་ལུགས་མཐར་ཐུག			final mode of subsistence
གནས་ལུགས་ནད་གཞི			actual situation [of the body] which is the basis of disease (the first of the three roots of the "Illustrated Trees of Medicine")
གནས་ལུགས་རྩ་བ			definition of the body (the first of the three roots of the "Illustrated Trees of Medicine")
གནས་མ་བུ་པ			Vatsīputrīya [name of a Buddhist school]
གནས་མ་མཆིས་པ			non-abiding; not remain
གནས་མ་ཡིན་པ			non-abiding; not remaining
གནས་མའི་བུ་པ			Vātsīputrīya [name of a Buddhist school]
གནས་མེད			non-abiding; not remain; not subsisting
གནས་མེད་པ			baseless(N)
གནས་མེད་པར་སྤྱོད་པ			baseless practice
གནས་ནས			having abided; having dwelt; having remained
གནས་ངན			bad state
གནས་ངན་ལེན			assumption of bad states
གནས་ངན་ལེན་གྱི་འཆིང་བ			assumption of bad states
གནས་ངན་ལེན་གྱི་རྟེན་ཐམས་ཅད་འཇིག་པར་བྱེད་པ			destroy all the bases of assumptions of bad states
གནས་པ			abide; dwell; source; state; situation; remain; last; stay; place; abode; topic; object; retention
གནས་པ་ཆ་མཐུན			concordant with abiding
གནས་པ་དང་མཐུན་པར་ཞུགས་ཞིང			engage in accordance with the basis
གནས་པ་དང་ས			abode and ground
གནས་པ་དུས་མཉམ			abiding at the same
གནས་པ་ལས་གཞན་དུ་འགྱུར་བ			becoming other than the basis
གནས་པ་མ་ཡིན་པ			not abide
གནས་པ་མེད			not abiding; not remain
གནས་པ་མེད་པ			not abiding; not remain
གནས་པ་མེད་པའི་ཚུལ་དུ			in the mode of non-abiding
གནས་པ་མེད་པར			not abiding; not remaining
གནས་པ་མེད་པར་སྤྱོད་པ			non-abiding practice; non-abiding performance
གནས་པ་ན་མི་རུང			not suitable as abiding
གནས་པ་ཡང་དག་པར་བླངས་ཏེ			completely adopting the basis
གནས་པའི་བྱེད་རྒྱུ			creative cause of abiding
གནས་པའི་རྒྱུ			cause of abiding
གནས་པའི་ཐབས			method of abiding
གནས་པར་འགྱུར			abide; remain
གནས་པར་འགྱུར་བ			abide; remain
གནས་པར་བྱ			abide; remain
གནས་པར་བྱ་བ			abide; remain
གནས་པར་བྱེད			put; place
གནས་པར་གྱུར་པའོ			abide; remain
གནས་རབ་ཏུ་དབྱེ་བ			differentiate the basis
གནས་རྒྱལ་པོ			Rājagṛiha
གནས་རྒྱལ་པོའི་ཁབ་ཏུ			in the area of Rājagṛiha(BJ 29.6)
གནས་རིགས			abiding lineage
གནས་རྣམས་ཐ་དད			different abodes
གནས་ཤིང			abiding; remaining; subsisting
གནས་སྐབས			state; level; status; period; temporary; condition; opportunity; temporary state; context; situation
གནས་སྐབས་གཞན་དུ་མི་འགྱུར་བ			[its] state does not change into something else
གནས་སྐབས་ཀྱི་བྱང་ཆུབ			temporary enlightenment
གནས་སྐབས་ཀྱི་སེལ་བྱེད			temporary clearer away
གནས་སུ			as a basis; as an abode
གནས་སུ་མ་ཡིན་པ			baseless
གནས་ཚོད			measure of subsistence
གནས་ཚུལ			[abide-way]; mode of subsistence; way of subsistence; way of being; mode of existence; way of things; state of things; mode of abiding
གནས་ཡང་ལག			limb of abiding; limb of subsistence
གནས་ཡངས་བ་ཅན་དུ			in the area of Vaiśali(BJ 30.4)
གནས་ཡོངས་སུ་འགྱུར་བའི་རྒྱུ་ཡིན་པ			being a cause of transforming the basis
གནས་ཡོངས་སུ་གྱུར་པ			change the basis
གནས་ཡོངས་སུ་གྱུར་པའི་མཚན་ཉིད			the character of changing the basis
གནོད			verb: to harm; injure\n noun: harm; injury; damage; vessel(BJ 63.7)
གནོད་འཇོམས			Conquest Over Objections; Damṣṭasena's [Commentary on] the Three Mothers, Conquest Over Objections / Extensive Explanation of the Superior One Hundred Thousand Stanza, Twenty-Five Thousand Stanza, and Eighteen Thousand Stanza Perfection of Wisdom Sūtras (
གནོད་བྱ			object harmed
གནོད་བྱེད			harmer; damage(BJ 32.7); refutation
གནོད་བྱེད་བརྗོད་པ་རྣམས			damages expressed(N)
གནོད་བྱེད་བཟོད་པ			forbearance with respect to harmers
གནོད་བྱེད་ལ་ཅི་མི་སྙམ་པའི་བཟོད་པ			patience/forbearance/tolerance/endurance that does not care about or think about harmers [i.e., one does not engage in any thought about them]
གནོད་དུ་མི་རུང་བ			not suitable to be vessels(BJ 63.7)
གནོད་མེད			harmless; not harmed(BJ 10.8); healthy; unharmed
གནོད་མི་བྱེད			harmless; not harmed
གནོད་པ			harmer; damage, harm
གནོད་པ་བྱེད			harmer; harm; cause harm
གནོད་པ་བྱེད་པ			harmer
གནོད་པ་བྱེད་པ་བཟོད་པ			forbearance with respect to harmers
གནོད་པ་བྱེད་པའི་འདུ་ཤེས			harmful conception
གནོད་པ་ཅན			undermining
གནོད་པ་ཅན་གྱི་རྟགས			undermining sign
གནོད་པ་མེད་ལྟ			non-harmful view
གནོད་པ་མེད་པ			unimpaired
གནོད་པ་ཞི་བ			pacify harmers
གནོད་པར་འགྱུར			harm; injure; damage
གནོད་པར་བྱ་བ			harm; injure; damage
གནོད་པར་བྱེད་པ			harmer; harm; injure; damage
གནོད་པར་མི་བྱེད་དོ			not harm; not injure; not damage
གནོད་པར་སེམས			harmful mind
གནོད་པས་བྱས་པ			cause harm; injure; damage
གནོད་སྦྱིན			demons in the earth, air, or lower heavens
གནོད་སེམས			harmful intent; harmfulness
གནོད་སེམས་ཀྱི་འདུ་ཤེས			conception of harmful intent
གནོད་སེམས་ཀྱི་སེམས་བསྐྱེད་པར་བྱེད			produce a mind of harmful intent
གནོད་སེམས་མེད་པ			without harmful intent
གནོན་པ			to press down; to subdue; to cover
གནོན་པར་འགྱུར་བ			to press down; to subdue; to cover
གནོན་པར་བྱ་བ			to press down; to subdue; to cover
གནོང			ashamed
གཉན			evil spirit; a type of wild sheep which has a huge horn structure; "chronic sore" or "tumor" (refers to a swelling with abrasions)
གཉེན			relative; friend
གཉེན་པོ			antidote; counteragents
གཉེན་པོ་བསྒོམ་པ			cultivate antidote
གཉེན་པོ་བསྐྱེད་པ			production of antidotes
གཉེན་པོ་དང་མ་བྲལ་བ་ཉིད			non-freedom from antidotes
གཉེན་པོ་ལ་ལྡེམ་པོར་དགོངས་པ			indirectly intending an antidote; intending an antidote
གཉེན་པོ་ཉིད			antidotal
གཉེན་པོ་ཕུན་སུམ་ཚོགས་པ་དང་ལྡན་པ			endowed with marvellous antidotes
གཉེན་པོ་ཕྱོགས་ཀྱི་གཞི་ཤེས			knower of bases that is classed as an antidote/ knower of bases classed as an antidote/ knower of bases conjoined with the antidote to apprehension of signs that is classed as an antidote (mtshan ’dzin gyi gnyen pos zin pa’i gnyen po phyogs kyi gzhi shes)
གཉེན་པོ་སྒོམ་པ			cultivate antidotes; cultivation of antidotes
གཉེན་པོ་སྒྲུབ་པ			antidotal achieving
གཉེན་པོ་སྐོར་དགུ			nine cycles of antidotes
གཉེན་པོ་ཡིད་ལ་བྱེད་པ			antidotal mental contemplation
གཉེན་པོ་ཡིད་ལ་བྱེད་པ་བསྒོམ་པ			cultivate antidotal mental contemplation
གཉེན་པོ་ཡིན་པ			antidotal
གཉེན་པོ་ཡོངས་སུ་འགྲིབ་པ			diminishment of antidotes
གཉེན་པོའི་ཆོས			antidotal phenomenon/doctrine
གཉེན་པོའི་དབྱེ་བ			division of antidotes
གཉེན་པོའི་དོན་ལྡན་པ			having an antidotal object
གཉེན་པོའི་མཐའ			antidotal limit; extreme antidote
གཉེན་པོའི་རྣམ་པ་བསྒོམ་པ			cultivate the aspects of antidotes; cultivate the antidotes
གཉེན་པོའི་སྟོབས་ཅན			having antidotal power
གཉེན་པོའི་ཚོགས་སྒྲུབ			achieving through the collection of antidotes
གཉེར			purpose; sake (of)
གཉི་ག			both
གཉི་གའི་ཕྱོགས་དང་མཐུན་པ			concordant with both directions
གཉིད			sleep; sloth
གཉིད་འཐུག་པ			deep sleep
གཉིད་ཆུང་བ			little sleep; torpor
གཉིད་ཀྱི་ལོག			sleep; fall asleep
གཉིད་ཀྱིས་ལོག་པ			[those who are] sleeping
གཉིད་ཀྱིས་མ་ལོག་པ			not sleeping; awake
གཉིད་ལོག			sleep; to sleep
གཉིད་ལོག་པ			to sleep
གཉིད་ལོག་པའི་གནས་སྐབས			state of sleep(N)
གཉིད་མ་ལོག་པའི་གནས་སྐབས			waking state(N)
གཉིས			two
གཉིས་བྲལ			free from duality
གཉིས་དོན			welfare of both [oneself and others]
གཉིས་གྱི་ཚུལ་གྱིས་སྤྱོད་པ			practice by way of dualistic modes
གཉིས་ཀ			both
གཉིས་ཀའི་ཆ			second part
གཉིས་ཀྱི་དོན་བྱེད			performing two functions
གཉིས་ཀྱི་མཚན་ཉིད			character of duality; dualistic character
གཉིས་ལ་བརྟེན་པ			depending on duality
གཉིས་ལ་དམིགས་པ			dual object of observation; observing duality
གཉིས་མེད			non-duality; non-dual; non-dualistic
གཉིས་མེད་ཆོས			non-dual reality
གཉིས་མེད་ཀྱི་བློ			non-dual awareness; non-dual understanding
གཉིས་མེད་པའི་དོན			non-dual object; non-dual meaning
གཉིས་མིན			non-duality; non-dual
གཉིས་པ			second; in texts: second part
གཉིས་པ་ལས་བྱས་པ་ཆུད་ཟོས་པའི་ཉེས་པ་ནི			the second fallacy is that actions done would be wasted(MSI 420.4)
གཉིས་པ་ལྟར་ན			in the second case
གཉིས་པོ			second; two; dual; (T) both (?)
གཉིས་སྣང			dualistic appearance
གཉིས་སྣང་འཁྲུལ་པ			mistaken dualistic appearance
གཉིས་སྣང་གི་རྣམ་པ་ཅན			having the aspect of dualistic appearance
གཉིས་སྣང་གི་སྤྲོས་པ			elaborations of dualistic appearances; dualistic elaborations
གཉིས་སྟོང			empty of duality; emptiness of duality
གཉིས་སྟོང་གི་རྟོགས་པ			realization of the emptiness of duality(Gön-chok)
གཉིས་སུ			as two; dual; duality
གཉིས་སུ་འཛིན་པ་རྣམ་པར་སྤངས་པ			abandon dualistic grasping
གཉིས་སུ་འཁྲུལ་པ			dualistic illusion
གཉིས་སུ་གྲངས་པ			enumeration as two
གཉིས་སུ་མེད			non-dual
གཉིས་སུ་མེད་པ			non-dual; non-duality
གཉིས་སུ་མེད་པ་ཤེས་པ			non-dualistic cognition(N)
གཉིས་སུ་མེད་པའི་དོན			non-dual object; non-dual meaning
གཉིས་སུ་མེད་པའི་མཚན་ཉིད			non-dualistic character; character of non-duality
གཉིས་སུ་མེད་པའི་ཤེས་པ			non-dualistic cognition(N)
གཉིས་སུ་མེད་པའི་སྐད་ཅིག་སྦྱོར			nondual momentary training
གཉིས་སུ་མེད་པའི་ཚུལ་གྱིས			through the non-dualistic mode
གཉིས་སུ་སྣང་བ			dualistic appearance
གཉིས་སུ་སྣང་བ་མེད་པ			non-appearance of duality
གཉིས་སུ་སྣང་བའི་རྒྱུ			cause of dualistic appearance
གཉུག་མ			fundamental; uncontrived; genuine
གཉུག་མ་ལྷན་ཅིག་སྐྱེས་པའི་འོད་གསལ་གྱི་སེམས			fundamental innate mind of clear light
༅གཉུག་མའི་སེམས༏་གཉུག་སེམས			fundamental mind
གཉུག་མའི་ཡིད			fundamental cognition
གཉུག་རླུང			fundamental wind
གཉུག་སེམས			fundamental mind; primordial mind
གོ			understand; opportunity; occasion; armor; (terminating particle indicating the end of a statement). As verb: understand
གོ་འཕང			position; rank; state
གོ་འཕང་བླ་ན་མེད་པ			unsurpassed/highest position/rank/state
གོ་བ			understanding
གོ་བར་བྱེད་པ			cause understanding; communicate; cause to know/comprehend; means of understanding
གོ་བར་སླ			easy to understand
གོ་བར་ཟད			reduced to/exhausted as understanding
གོ་བདེ་བར་བརྗོད			express in an easy to understand form
གོ་བགོས་པ			put on armor
གོ་བྱེད			means of understanding; that which causes understanding; means of communication
གོ་ཆ			armor
གོ་ཆ་བགོ་དགོས་སོ			must/should put on armor
གོ་ཆ་བགོས་ཤིང			put on armor
གོ་ཆ་ཆེན་པོ་བགོས་སོ			put on great armor
གོ་ཆའི་སྒྲུབ་པ			achieving through armor; achieving armor; achievement of armor
གོ་ཆོད			fill the role; fulfill what it means to be; perform the function
གོ་གཅིག			ninety-one; same place
གོ་གྱོན་པ			put on armor; wear armor
གོ་གྱོན་ཏེ			put on armor; wear armor
གོ་མི་ཆོད			does not fulfill the role; does not fulfill the meaning of; does not function as
གོ་རམས་པ་བསོད་ནམས་སེང་གེ			Go-ram-pa Sö-nam-seng-ge [1429-1489]
གོ་རིམ			order; series; arrangement
གོ་རིམ་བཞིན་དུ			in order; in accordance with the order; respectively
༅གོ་རིམ་བཞིན༏་གོ་རིམ་བཞིན་དུ			in order; in accordance with the order; respectively
གོ་རིམ་དུ			gradually
གོ་རིམ་དུ་བྱེད་པ			gradually effecting
གོ་རིམ་པ			[place-series]; order; series; arrangement
༅གོ་རིམས་བཞིན་། གོ་རིམས་བཞིན་དུ			respectively
གོ་ས			place; area; rank; station
གོ་ས་གནོན་ནུས་པ			capacity to occupy/cover an area
གོ་སྒྲུབ			achieving through armor; achieving armor
གོ་སྐབས			chance; opportunity; chance to
གོ་སྐབས་འབྱེད་པར་མི་འགྱུར་བ			not provide an opportunity/chance
གོ་སྐབས་མ་མཆིས་པ			no opportunity; no chance
གོ་སླ			easy to understand
གོལ་བ			deviant; deviating from the proper
གོལ་ས			place where one can go wrong; place of possible error; place of deviance
གོམ			step
གོམ་པ་གཅིག་བོར་བས			with a single step
གོམས			familiarize; become accumstomed to; condition to; familiarization; conditioning
གོམས་འདྲི			conditioning; familiarization; accustoming
གོམས་བྱ་ཡོན་ཏན			quality to be cultivated
གོམས་པ			familiarize; become accumstomed to; condition to; familiarization; conditioning; cultivate
གོམས་པ་ཅན			familiar; conditioned
གོམས་པའི་ལམ			path of familiarization; path of conditioning
གོམས་པར་བྱས་པས			by having familiarized/conditioned
གོང			high; the above; price; value
གོང་བུ			lump; mass
གོང་ཆེན			greatly high
གོང་དུ			above; earlier; upward
གོང་དུ་འགྲོ་བ་དང་ལྡན་པའི་ཕྱིར			because of possessing progress upward
གོང་དུ་བརྗོད་ཟིན			already explained above
གོང་དུ་བཤད་མ་ཐག་པ			explained just above/immediately above
གོང་མ			upper; superior; higher; emperor
གོང་མ་བས་ཆེས་གོང་མ			much higher than the high
གོང་མ་གོང་མའི་ལྟ་བ་གོ་བྱེད་ཀྱི་སྟེགས			platform for causing understanding of views of the higher [schools]
གོང་མ་ས			high ground
གོང་མོ			grouse
གོང་ན			above; earlier; previously; higher
གོང་ན་མ་མཆིས་པ			none higher; unsurpassed
གོང་ན་མེད་པ			none higher; unsurpassed
གོང་ནས་གོང་དུ			from high to higher; progressively higher
གོང་ནས་གོང་དུ་བསྒྲུབ་པ			achieve progressively higher [states]
གོར་གོར			circle
གོར་མ་ཆག་པར			without a doubt
གོས			cloth; clothing; cover
གོས་དམར་བ			red garment/clothing
གོས་ཁྱད་པར་དུ་འཕགས་པ			special clothing; special garment
གོས་ལ་སོགས			clothing/garments and so forth
གོས་ལ་སོགས་པ་...་ཚོལ་བ			seek clothing/garments and so forth
གོས་མེད			[covered-not-being]; not sullied/polluted/covered
གོས་པ			sullied; covered; polluted
གོས་པ་མ་མཆིས་པ			[covered-not-being]; not sullied; not polluted; not covered
གོས་པ་མེད་ཅིང			[covered-not-being]; not sullied; not polluted; not covered
གོས་པ་མེད་པ			[covered-not-being]; not sullied; not polluted; not covered
གོས་པར་འགྱུར			be sullied/covered/polluted
གོས་སོགས			clothing/garments and so forth
གྲགས			renown; renowned; fame; notoriety; established; consensus; consensual renown
གྲགས་ཆེན་བཅོ་བརྒྱད			eighteen [texts] of great renown [a Sa-kya collection](GD:309)
གྲགས་ཆེན་ལྡན			grealty famous; greatly renowned
གྲགས་མཆོག			supreme fame; supreme renown
གྲགས་པ			renown; renowned; fame; notoriety; consensus; consensual renown
གྲགས་པ་ཅན			renowned; famous
གྲགས་པ་རྒྱ་ཆེན			Viśālakīrti [name of a Tathāgata]
གྲགས་པ་ཐོབ་པ			famous; attained fame
གྲགས་པ་ཙམ			merely renowned
གྲགས་པའི་རྒྱུ་ཉིད			cause of fame/renown/notoriety
གྲགས་པའི་རྗེས་དཔག			inference through renown
གྲགས་པའི་རྟགས			sign of renown
གྲགས་ཐོབ			famous; attained fame
གྲང			cold; cool
གྲང་བ			cold; cool
གྲང་བ་དང་ཚ་བ་ལ་སོགས་པའི་སྡུག་བསྔལ			sufferings of cold, heat, and so forth
གྲང་དམྱལ་བ			cold hell-being; being dwelling in a cold hell
གྲང་ངེས			precise/definite enumeration
གྲང་སྲོང			sage; seer
གྲངས			number; enumeration; calculation; computation; reckoning; tally
གྲངས་འགྲོ			go in the count of; reckon as
གྲངས་བཞིན			according to the count/calculation
གྲངས་ཅན			Sāṃkhya [Enumerator]
གྲངས་ཅན་པ			Sāṃkhya; Enumerators
གྲངས་ཀྱིས་མི་ཆོད་པ			[number-by-not-cut-off]; not delimited in number; innumerable; uncountable; countless; immeasurable; incalculable; inestimable; measureless; infinite
གྲངས་ལས་འདས་པ			innumerable
གྲངས་མ་མཆིས			innumerable; uncountable; countless; immeasurable; incalculable; inestimable; measureless; infinite
གྲངས་མེད			[number-not existing]; innumerable; uncountable; countless; immeasurable; incalculable; inestimable; measureless; infinite
གྲངས་མེད་གཉིས་ནི་རྫོགས་པ			two [periods of] countless [eons] finished/completed/fulfilled
གྲངས་མེད་པ			innumerable; uncountable; countless; immeasurable; incalculable; inestimable; measureless; infinite
གྲངས་ངེས			enumeration; definite enumeration; limited number
གྲངས་ངེས			definite/limited in number; numerically limited; all-inclusive; comprehensive; enumeration
གྲངས་པ			counting
གྲངས་པའི་ཏིང་ངེ་འཛིན			meditative stabilization of counting
གྲངས་སུ་འགྲོ			go in the count of; reckon as
གྲངས་སུ་འགྲོ་འགྱུར་རོ			go in the count of; reckon as
གྲངས་སུ་བགྲང་བར་གཏོགས་པ			included in numerical calculation
གྲངས་སུ་མཆིའོ			go in the count of; reckon as
གྲེ་མོ			ghost spirit
གྲེ་པོ་གཉན			mischievous ghost spirit
༅གྲེལ་ཆུང་དོན་གསལ༏་འགྲེལ་པ་དོན་གསལ			[Haribhadra's] Short Commentary: Clear Meaning (spuṭhārtha, 'grel pa don gsal), or Commentary on (Maitreya's) Ornament for Clear Realization, Treatise of Quintessential Instructions on the Perfection of Wisdom" (abhisamayālaṃkāranāmaprajñāpāramitopad
༅གྲེལ་པ་དོན་གསལ༏་འགྲེལ་ཆུང་དོན་གསལ			[Haribhadra's] Clear Meaning Commentary (spuṭhārtha, 'grel pa don gsal), or Commentary on (Maitreya's) Ornament for Clear Realization, Treatise of Quintessential Instructions on the Perfection of Wisdom" (abhisamayālaṃkāranāmaprajñāpāramitopadeśaśāst
གྲིབ			defilement; filth; stain; contamination; stroke
གྲིབ་མ			shadow
གྲིབ་པ			shade
གྲིབ་པ་མེད་པར			undefiled; not filthy; without stain; uncontaminated; without covering
གྲིམས་པ			taut
གྲོ་ག			birch
གྲོག་སྦུ			ant
གྲོགས			accompanier; association; concomitant; friend; companion; assister
གྲོགས་བྱ་བ་ལ་སྐྱོ་བ་མེད་པ			without discouragement concerning accompanying/helping
གྲོགས་བྱས			[companion-done]; helped; aided; assisted
གྲོགས་བྱེད			that which acts as an assister
གྲོགས་བཟང་པོ			good friend/companion
གྲོགས་མཆོག			supreme/good friend; supreme/good friendship
གྲོགས་ངན			bad friend
གྲོགས་པ			friend; companion; accompanier; assister
གྲོགས་པོ			friend; companion; accompanier; assister
གྲོགས་པོ་འདྲ་བ			like a friend/companion/assister
གྲོགས་པོ་དམན་པ་དག་གིས་ཡོངས་བསྐོར་བ			completely surrounded by low friends/companions
གྲོགས་པོ་ལས་བླངས་པ			taken from a friend
གྲོགས་པོར་ངན་པ			bad/false friend
གྲོགས་སྙིང་རྗེ་ཆེན་པོས་ཟིན་ཅིང			affected by great compassion which is its accompanier
གྲོགས་སྟོབས			power of an accompanier/assister
གྲོགས་སུ་གྱུར་པ			friendship; became friend
གྲོགས་ཚུལ་ཁྲིམས་དང་ལྟ་བ་མཐུན་པ			friend/companion with concordant ethics and view
གྲོལ			released; loosened; freed
གྲོལ་བ			release; liberation; freedom; released; loosened
གྲོལ་བ་ཉིད			release; freedom; liberation; loosening
གྲོལ་བ་པོ			releaser; liberator; freer; loosener
གྲོལ་བར་འགྱུར			will release/free/liberate/loosen
གྲོལ་བར་བྱེད			release; liberate; free; loosen
གྲོལ་ནས			having released/loosened/freed
གྲོང			town/village. (as verb) die; one who has died
གྲོང་འཇོམས			Grāmaghātaka; Destroyer of Cities [epithet of Śiva]; destruction of city
གྲོང་འཇུག་གི་རྣལ་འབྱོར			yoga of entering the dead
གྲོང་གི་ནང			inside a town/village
གྲོང་གསེབ་པ			villager
གྲོང་ཁྱེར			city/town
གྲོང་ཁྱེར་བ			city-person
གྲོང་ཚིགས			city; village
གྲུ			boat; ship
གྲུ་བཞི			square; four-cornered
གྲུ་ཆར			fertile rain
གྲུ་གཟིངས			ship; boat
གྲུབ			be established; be accomplished; establish; exist; achieve
གྲུབ་འཇུག་གི་བློ			awareness/mind of complete/total engagement; awareness/mind which engages [its object] in a complete/total manner
གྲུབ་བདེ་གཅིག			one establishement and abiding; same in terms of establishment and abiding
གྲུབ་བདེ་རྫས་གཅིག			one substantial entity of establishment and abiding; one substantiality of establishment and abiding; same substantial entity in terms of establishment and abiding
གྲུབ་དུས			time of accomplishing/achieving/establishing
གྲུབ་མཐའ			tenet; established conclusion; tenet system; system of tenets; system; outlook
གྲུབ་མཐའ་བཞིའི་ལུགས་ཀྱི་ཀུན་རྫོབ་དང་དོན་དམ་པའི་དོན་རྣམ་པར་བཤད་པ་ལེགས་བཤད་དཔྱིད་ཀྱི་དཔལ་མོའི་གླུ་དབྱངས			Explanation of the Conventional and the Ultimate in the Four Systems of Tenets: The Spring Cuckoo's Song of Good Explanations [by Ngag-wang-pal-dan (ngag dbang dpal ldan, b. 1797)]
གྲུབ་མཐའ་དོར་བ			forsake the tenet [by holding a tenet contrary to it]
གྲུབ་མཐའ་ཀུན་ཤེས་ནས་མཐའ་བྲལ་སྒྲུབ་པ་ཞེས་བྱ་བའི་བསྟན་བཅོས་རྣམ་པར་བཤད་པ་ལེགས་བཤད་ཀྱི་རྒྱ་མཚོ			Ocean of Good Explanations: Explanation of  the Treatise "Establishment of Freedom from Extremes through Understanding All Tenets" [by the Translator Tag-tshang Shay-rab-rin-chen (stag tshang lo tsā bā shes rab rin chen; b. 1405)]
གྲུབ་མཐའ་རྩ་བ			The Root Text on Tenets [by Jam-yang-shay-pa which is the basis for his own comentary called Great Exposition of Tenets (grub mtha' chen mo) in its short title]
གྲུབ་མཐའ་སྨྲ་བ			proponent of tenets
གྲུབ་མཐའི་རྣམ་བཞག			presentation of tenets [genre of literature]
གྲུབ་མཐའི་རྣམ་པར་བཞག་པ་རིན་པོ་ཆེའི་ཕྲེང་བ			Precious Garland of Tenets [by Kön-chog-jig-may-wang-po (dkon mchog 'jigs med dbang po; 1728-91)]
གྲུབ་མཐས་བསླད་པ་ལ་ལྟོས་མེད་དུ			without relying on being affected by tenets
གྲུབ་པ			established; perfected; accomplished; completed
གྲུབ་པ			be established; be accomplished; establish; exist; achieve; existent; establishment
གྲུབ་པ་...་ཀྱི་སྔོན་དུ་འགྲོ་བའི་བཀྲ་ཤིས་ཡིན་པ			auspiciousness preceding a feat/yogic achievement
གྲུབ་པ་དང་བདེ་བ			establishment and abiding
༅གྲུབ་པ་དུས་མཉམ། གནས་པ་དུས་མཉམ། འཇིག་པ་དུས་མཉམ།			established simultaneously, abide simultaneously, and disintegrate simultaneously
གྲུབ་པ་ཀུན་ཐོབ་པར་འགྱུར			will attain all feats/yogic achievements
གྲུབ་པའི་མཐའ			tenet; established conclusion; tenet system; system; outlook
གྲུབ་པར་འགྱུར་བ			establish; accomplish; achieve
གྲུབ་པར་བྱ་བ			that which is to be achieved/established/mastered/perfected
གྲུབ་པར་གྱུར་པ་རྟོགས་པ			realize that it has been established/accomplished/achieved/completed
གྲུབ་པར་མཛད			established; taken/treated as established/accomplished/achieved
གྲུབ་ཐབས			means of achievement
གྲུམ་པ			badger
གྲུར་ཞུགས་ལ་བརྟེན་ནས་ལྗོན་ཤིང་འགྲོ་བར་སྣང་བའི་དབང་ཤེས			a sense consciousness to which, in dependence upon having entered into a boat, trees appear to be moving
གྲུར་ཞུགས་པ་ལ་བརྟེན་ནས			in dependence on residing in a boat
གྲྭ་ས་བཞི			the four [Ge-luk-pa] monastic colleges [Se-ra (se rwa); Dre-pung ('bras spungs); Gan-den (dga' ldan); Tra-shi-hlün-po (bkra shis lhun po)]
གྲྭ་ས་གསུམ			the three [Ge-luk-pa] monastic colleges: [Se-ra (se rwa); Dre-pung ('bras spungs); Gan-den (dga' ldan)]
གྲྭ་ཚང			monastic college
གསའ			snow leopard
གསབ			complete; fill out
གསད			killing
གསལ			clear; bright; light; predicate [misspelling of bsal?](BJ)
གསལ་འདེབས			visualize
གསལ་བ			clear; brilliant; instance; manifestation; predicate [misspelling of bsal ba?](BJ); clarifier; clear(D1); clearly
གསལ་བ་མེད་པར་མཉམ་པ			sameness in non-clarity
གསལ་བའི་དབྱེ་བ་མཐའ་ཡས་པ			limitless divisions of instances
གསལ་བའི་མཆོག			supreme clarity
གསལ་བར			clearly(BJ 37.7)
གསལ་བར་བགྱིད་པ			clarify; illuminate
གསལ་བར་བཤད			clearly explained(BJ 38.1)
གསལ་བར་བྱས			clarify; illuminate
གསལ་བར་བྱེད་པ			clarify; illuminate
གསལ་བར་མེད་པ			non-clarity; unclear
གསལ་བཏབ			visualize
གསལ་བྱེད			consonant
གསལ་བྱེད་ཀྱི་རྒྱན			illuminating ornament
གསལ་ཆ			factor of clarity
གསལ་ནས			having clarified
གསལ་རྒྱལ			the king Prasenajit(LCh)
གསལ་རིག			luminous and knowing
གསལ་སྣང			clear appearance
གསལ་ཞིང་རགས་པ			clear and coarse
གསལ་ཞིང་རིག་པ			clear and knowing
གསན			listen; hear
གསན་པ			hear
གསང			secret
༅གསང་འདུས༏་གསང་བ་འདུས་པ་ན			Guhyasamāja; Guhyasamāja [Tantra]
གསང་བ			secret
༅གསང་བ་འདུས་པ༏་གསང་འདུས			Guhyasamāja; Guhyasamāja [Tantra]
གསང་བ་ལ་མཁས་པ			wise in secrets; wise with respect to what is secret
གསང་བ་སྙིང་པོའི་རྒྱུད			Guhyagarbha Tantra
གསང་བའི་ཚིག			secret word; secret mantra
གསང་དབང			secret empowerment
གསང་དབྱིངས			secret expanse
གསང་སྔགས			secret mantra
གསང་སྔགས་ཀྱི་ཐེག་པ			Secret Mantra Vehicle
གསང་སྔགས་པ་བསྒྲུབ་པ			establishment of mantras
གསར			new
གསར་དུ་མི་སླུ་བ			newly incontrovertible; new and incontrovertible
གསར་པ			new
གསར་ཤོག			newspaper
གསེབ			among; within
གསེར			gold; golden
གསེར་འཁོར			gold wheel
གསེར་འཕྲེང			Tsong-kha-pa's Golden Garland of Eloquence (legs bshad gser gyi ’phreng ba) / Extensive Explanation of (Maitreya’s) “Treatise of Quintessential Instructions on the Perfection of Wisdom: Ornament for the Clear Realizations” as Well as Its Commentaries: Golden Garland of Eloquence
གསེར་བཅོ་མ			burnished gold(D1)
གསེར་བཙོ་མ			[gold-purified]; purifies gold; purified gold; refined gold
གསེར་བུམ			golden pot
གསེར་གྱི			golden
གསེར་གྱི་ཁ་དོག་རྣམས			gold colors
གསེར་གྱི་མངལ			Golden Womb
གསེར་གྱི་རྒྱུ་ལས་བྱུང་བ			made of gold
གསེར་ཀྱིས་ཁ་དོག་གོ			gold color; color of gold
གསེར་ལྟ་བུ			like gold
གསེར་ལྟ་བུ་འི་སེམས་བསྐྱེད			mind-generation like gold
གསེར་མདོག			gold hue; color of gold; golden hue
གཤམ			barren; sterile
གཤེ			to scold; abuse; blame  (T)
གཤེ་བ་ལ་སླར་མི་གཤེ་བ			to not abuse in return for abuse (T)
གཤེགས			proceed; go; go away; depart; travel; to come
གཤེགས་པ			go; go away; depart; travel; to come
གཤེར་བ			moistening
གཤིབ			align
གཤིབས			align
གཤིན་རྗེ་དགྲ			Yamāri; (T) enemy of the Lord of Death
གཤིན་རྗེ་གཤེད			Yamāntaka; Yamāri
གཤིན་རྗེ་གཤེད་དམར་ནག་གཟིགས			red and black Yamāris
གཤིས			basic disposition
གཤིས་ཀྱི་གནས་ལུགས			dispositional mode of subsistence
གཤིས་ལུགས			mode of disposition; basic disposition(BJ 22.1)
གཤིས་ལུགས་སུ་གྲུབ་པ			establishment as [an object's own] mode of disposition
གཤོམ་པ			to arrange [as in to arrange offerings]; to prepare
གཤོར			rough
གསིལ			break down; break up (into pieces)
གསོ			fix up; sustain; refresh; feed; nurture; nourish; cure
གསོ་བ			nourished(N); fix up; sustain; refresh; feed; nurture; nourish; cure
གསོ་བ་རིག་པ			science of medicine
གསོ་བར་བྱེད			fix up; sustain; refresh; feed; nurture; nourish; cure
གསོ་བོ			nourished; fix up; sustain; refresh; feed; nurture; cure
གསོ་མཛད་པ			nourished; fix up; sustain; refresh; feed; nurture; cure
གསོ་ཕྱིར			for the sake of refreshing/fixing/sustaining/curing
གསོད་པ			to kill; slay
གསོག			to amass; collect
གསོག་ཏུ་བགྱིད			amass; collect
གསོག་ཡིན་པ			to amass; collect
གསོལ			ask; beg; wear; dress
གསོལ་འདེབས			[ask-plant]; supplication; prayer; entreaty; plant a petition; make a request
གསོལ་བ			to ask; beg; wear; dress; explain
གསོལ་བ་འདེབས			[ask-plant]; supplication; prayer; entreaty; plant a petition; make a request
གསོལ་བ་བཏབ			[ask-plant]; plant a petition; make a request; supplication; prayer; entreaty
གསོལ་བ་གདབ་པ			[ask-plant]; supplication; prayer; entreaty; plant a petition; make a request
གསོལ་ལྕོག			table(hon.)
གསོང་པོ			straightforward; sincere; honest
གསོས			nourish; sustain
གསུམ			three
གསུམ་ཆར			third part
གསུམ་ག			all three; the three
གསུམ་པ			the third
གསུམ་པོ			the three
གསུམ་པོ་ཕན་ཚུན			all three
གསུང			speech; say; speak; mention; talk; exalted speech
གསུང་འབུམ			collected works(N)
གསུང་བ			say; speak; talk; speech
གསུང་བ་པོའི་དགོངས་པ			thought of the speaker (the basis in Buddha's thought)
གསུང་གི་ཕྲིན་ལས			action of speech; speech karma
གསུང་རབ			scriptures; high sayings
གསུང་རབ་འགའ་ཞིག་ཏུ			in some scriptures(PGP 69)
གསུང་རབ་ཀྱི་དགོངས་པ			thought of the scripture
གསུང་རབ་ཀྱི་དྲང་ངེས་འབྱེད་པ			differentiating the interpretable and definitive within the scriptures
གསུང་རབ་ལ་དྲང་ངེས་འབྱེད་པ			differentiating the interpretable and definitive with respect to the scriptures; differentiating the interpretable and definitive within scriptures
གསུང་རྣམ་པ་དྲུག་ཅུ			sixty kinds of speech
གསུངས			said; mentioned; spoken; speak; say; talk; speech
གསུངས་བཅོམ་ལྡན་འདས་ཀྱིས			the Supramundane Victor said:
གསུངས་པ			statement(s)(BJ 21.3); said; mentioned; spoken; speak; say; talk; speech
གསུངས་པ་ལྟར			just as it is said ...
གསུངས་པའི་རྗེས་སུ་སྨྲ་ཞིན			subsequently propound what is said
གཏད			aim; focus
གཏད་སའོ			[aim-place period]; what is identified as the object perceived [in this case by the misconceiver of a self]
གཏད་སོ			[aim-place period]; what is identified as the object perceived [in this case by the misconceiver of a self]
གཏམ			speech; converstion; communication; talk; slogan
གཏམ་ངག			evil talk
གཏམ་ངན			[talk-bad]; bad talk; evil report
གཏན			(1) intensifier: completely; utterly; final; at all; forever; (2) order; system
གཏན་འདུན་གྱི་སྙིང་པོ			the essence of final aspiration
གཏན་དུ			completely; forever
གཏན་དུ་འདོར་བ			discard forever; get rid of
གཏན་དུ་བ			continual
གཏན་གྱི་བདེ་བ			final happiness
གཏན་ལ་འབེབས་པ			settle; delineate; ascertain; revise [e.g., a translation]; finalize [e.g., a translation]
༅གཏན་ལ་འབེབས་པ༏་གཏན་ལ་འབབས་པ			delineate; settle; ascertain; revise/finalize [e.g., a translation]
གཏན་ལ་འཕེབས			settle; delineate; ascertain; revise [e.g., a translation]; finalize [e.g., a translation]
གཏན་ལ་བབ་པར་བསྟན་པའི་སྡེ			discourses which delineate
གཏན་ལ་དབབ			settle; delineate; ascertain; revise [e.g., a translation]; finalize [e.g., a translation]
གཏན་ལ་དབབ་པར་བསྟན་པའི་སྡེ			discourses which delineate
གཏན་ལ་ཕབ			[order-in-come down]; settle; delineate; ascertain; finalize [e.g., translation of a text]; revise [e.g., translation of a text]
གཏན་ལ་ཕབ་པར་བསྟན་པའི་སྡེ			discourses which delineate(S)
གཏན་ལ་ཕེབས་པ			settle; delineate; ascertain; revise [e.g., a translation]; finalize [e.g., a translation]
གཏན་ལ་ཕོབ			settle; delineate; ascertain; revise [e.g., a translation]; finalize [e.g., a translation]
གཏན་མེད			completely non-existence(N); utter non-existence(Gung-thang)
གཏན་མེད་དུ་གསུངས་པར་སོང་ཡང			comes to say
གཏན་མི་གོས་པ་ལ་འབད			strive at not being polluted at all
གཏན་མི་སྲིད			utterly non-existent
གཏན་ནས			utterly
གཏན་ཚིགས			reason
གཏན་ཚིགས་ལྟར་སྣང			quasi-reason; pseudo/quasi/counterfeit reason
གཏན་ཚིགས་རིག་པ			knower of reasons; knowledge of reasons
གཏན་ཡོངས་སུ་མ་གྲུབ་པ			completely non-existent(S)
གཏང			give; treat; cast away; send; let go; give away; let loose; play [an instrument]
གཏང་བ			give; treat; cast away; send; let go; give away; let loose; play [an instrument]
གཏང་བར་བྱ			give; treat; cast away; send; let go; give away; let loose; play [an instrument]
གཏང་སྟེ			having sent; having given away; having let loose; having played
གཏེར			treasure; treasury; store-place
གཏེར་དང་འདྲ་བ			like a treasure
གཏེར་ལྟ་བུའི་སེམས་བསྐྱེད			mind-generation like treasure
གཏེར་མ			[Nying-ma] buried texts
གཏེར་སྟོན			[treasure-reveal] a revealer of concealed texts and practices
གཏི་མུག			obscuration; bewilderment; delusion; ignorance; mental darkness
གཏི་མུག་མེད་པ			non-bewilderment; non-ignorance
གཏི་མུག་ཤས་ཆེར་སྤྱོད་པའི་གཉེན་པོ			antidote for those in whom bewilderment predominates
གཏིང			depth
གཏིང་འཛུགས			[depth-penetrate]; penetrate to the depths; deeply penetrate
གཏིང་བཙུགས			penetrate to the depths; deeply penetrate
གཏིང་དཔག་དཀའ་བ			difficult to fathom the depths
གཏིང་གཟུགས			[depth-penetrate]; penetrate to the depths; deeply penetrate
གཏིང་མཐའ			depth
གཏིང་ནས			[depth-from]; from the depths; from the bottom of the heart
གཏིང་ཚུགས			[depth-penetrate]; penetrate to the depths; deeply penetrate
གཏིང་ཚུགས་པ			[depth-penetrate]; penetrate to the depths; deeply penetrate
གཏོད			to focus; aim
གཏོད་པ			aim; focus
གཏོད་པར་བྱེད་པ			bestowal; aim; focus
གཏོགས			to include
གཏོགས་པ			included; to include
གཏོལ་མེད			dubious; uncertain; no certainty; not known
གཏོང			give; treat; cast away; send; let go; give away; let loose; play [an instrument]
གཏོང་བ			generous; letting go; bestowal; forsaking; give; treat; cast away; send; let go; give away; let loose; play [an instrument]
གཏོང་བ་རྗེས་སུ་དྲན་པ			recollection of generosity
གཏོང་བར་བགྱིད			send; give; treat; cast away; let go; give away; let loose; play [an instrument]; let in
གཏོང་ལེན			[give-take]; giving [happiness] and taking [suffering]; giving [what is good] and taking [what is bad]
གཏོར			scatter; spread over; strew
གཏོར་ནས			having scattered/strewn/spread over
གཙང			clean; pure; cleanliness
གཙང་བ			pure; clean; clear
གཙང་བདེ་རྟག་བདག་ཏུ་མེད་པ			not existing as pure, blissful, permanent, or self(BJ 57.2)
གཙང་བྱས			pure; clean; clear
གཙང་པ			pure; clean; clear
གཙེ་བ			to harm  (T)
གཙོ			main; chief; principal
གཙོ་བོ			main; chief; principal
༅གཙོ་བོར་། གཙོ་བོར་གྱུར་པ			mainly; chiefly; principally
གཙོ་ཆེ			main
གཙོ་སེམས			main mind
གཙུག			crown of the head; top of the head
གཙུག་ལག་ཁང་ཆེན			Mahāvihārin [p.n.]
གཙུག་ན			pre-eminent
གཙུག་ཕུད་ཅན			Śikhin [p.n. of a Bodhisattva in the Buddha-field of Akṣobhya]
གཙུག་ཏོར			crown protrusion
གཙུག་ཏོར་ཅན			Śikhin [p.n. of a Bodhisattva in the Buddha-field of Akṣobhya]
གཙུག་ཏོར་གྱི་འཁོར་ལོ་རྩ་འདབ་བཞི་པ			the wheel of the crown protrusion having the four channel-petals
གཙུགས			plant [past of 'dzugs]
གཏུགས་པ			finalization; touch
གཏུམ་མོ			The Fierce One; inner heat; Fierce Woman
གུ་ཎ་མ་ཏི			Guṇamati [name of a Bodhisattva]
གུ་ཎ་ཤྲཱི			Guṇaśrī [proper name]
གུ་རུ			[Tibetan transliteration of Sanskrit word, guru]; guru; teacher
གུད་དུ			separately; apart
གུད་ན་མེད			[separate-in-not exist]; inseparable; not exist separately
གུང་བྲན			communist
གུང་བསྒྲིགས			arrange; put in order
གུང་མོ			middle finger
༅གུང་ཐང་འཇམ་དཔལ་དབྱངས༏་གུང་ཐང་དཀོན་མཆོག་བསྟན་པའི་སྒྲོན་མེ			Gung-thang Jam-pal-yang [1762-1823; also known as Gung-thang Kön-chog-tan-pay-drön-may]
༅གུང་ཐང་དཀོན་མཆོག་བསྟན་པའི་སྒྲོན་མེ༏་དཀོན་མཆོག་བསྟན་པའི་སྒྲོན་མེ༏་གུང་ཐང་འཇམ་དཔལ་དབྱངས			Gung-thang Kön-chog-tan-pay-drön-may [1762-1823; aka Gung-thang Jam-pal-yang]
གུར་གུམ			saffron
གུར་ཁྱིམ			[tent-home]; abode
གུས			respectfully; respect
གུས་བྱས			having respected
གུས་པ			respect; devotion; humility; be intent on
གུས་པ་བསྐྱེད་པ			generate respect
གུས་པར་བྱ			be respectful toward; exert oneself for; interest onself in; be zealous; be intent upon
གུས་པར་བྱ་བ			that which is to be respected
གུས་པར་བྱ་བ་ཡིད་ལ་བྱེད་པ			taking to mind an object to be respected
གུས་པར་བྱེད་པ			be respectful toward; exert oneself for; interest onself in; be zealous; be intent upon
གུས་པར་མི་བྱེད་པ			disrespect; be indifferent; neglect; not be intent upon
གུས་སྦྱོར			intense application
གྱ་ནོམ་པ			auspiciosuness; fine; auspicious; sublime
གྱ་ནོམ་སྣང			auspicious/sublime appearance
གྱ་ནོམ་སྣང་བ			excellent appearance
གྱ་ནོམས་པ			auspiciousness
གྱེན			upward
གྱེན་དུ			upwards
གྱེན་དུ་འདྲེན་པ			draw upward
གྱེན་དུ་ཕྱོགས			standing upwards; face upward; directed upward
གྱེན་རྒྱུ			upward moving; upward-moving [wind]
གྱེན་རྒྱུའི་རླུང			upward-moving wind
གྱེས			spread out
གྱི			(as genitive particle) of; by; in; which. (as non-case particle) and; but; (semi-colon)
གྱིས			(as instrumental particle) by; by means of; with; because.\n (as non-case particle corruptly used in place of the non-case usage of genitive particles) but; and; (semi-colon).\n (as imperative verb form) do
གྱིས་ཤིག			[imperative form]: do
གྱོ			dissimulation
གྱོ་དུམ			potsherd; sugar
གྱོན			put on; dress; wear
གྱོན་བྱེད			put on; dress; wear
གྱོན་གྱོན་པ			wearing [continuously]
གྱུར			become; change; transform; arise; be
གྱུར་བ			become; change; transform; arise; be
གྱུར་ཅིག			imperative verb: let it be/become/change/transform/arise/be!; may it be!
གྱུར་ལ་...་ཡང་འགྱུར			became and becomes again; having become, it again becomes
གྱུར་པ			serve; is; become; change; transform; arise; be
གཟེར			nail; spike
གཞག			posit; establish
གཞག་པ			posit; establish; established
གཞལ			to comprehend; comprehension; flow to(LRC)
གཞལ་བ			flow to(LRC); comprehend; comprehension
གཞལ་བྱ			object of comprehension
གཞལ་མེད་ཁང			inestimable mansion; mansion
གཞལ་མེད་ཁང་ཆེན			great inestimable mansion
གཞལ་ཡས་ཁང			[measure-lacking-house]; inestimable mansion; fabulous mansion
གཞན			other; another
གཞན་འགྱུར			changeable [mental] factor; changing; changing into something else
གཞན་འཕྲུལ་དབང་བྱེད			Those Who Make Use of Others' Emanations; Land of Controlling Others' Emanations; Heaven of Controlling Others' Emanations
གཞན་བདང			other-powered phenomenon
གཞན་བདེ་བས་བདེ་བ་ཉམས་སུ་མྱོང་བ			experience happiness due to the happiness of others
གཞན་དག			others(LG)
༅གཞན་དག་གིས་གཞིག་པར་བྱ་བ༏་གཞན་གྱིས་གཞིག་ནུས་པ			susceptible to destruction by others
གཞན་དག་ལ་ནི་ཟས་བྱིན་པ			give nourishment to others (T)
གཞན་དག་ལ་སྦྱིན་པ			giving to others (T)
གཞན་དག་ན་རེ			if others say: (BJ 36.2)
གཞན་དབང			[other-power]; other powered (phenomena); other powered nature; having the influence of another; that which is under the influence of what is other; the dependent; other-powered; other-powered [nature]; dependent nature; dependent phenomenon
གཞན་དབང་ཅན			[other-power-possessing]; other powered (phenomena); other powered nature; having the influence of another; that which is under the influence of what is other; the dependent
གཞན་དབང་དུ་འདུ་བ			gathering others into your own power
གཞན་དབང་དུ་གྱུར་པའི་སྒོ་ནས			by way of coming under the influence ...
གཞན་དབང་གི་ཆོས་ཉིད			real nature of other-powered natures; noumenon of other-powered natures
གཞན་དབང་གི་མཚན་ཉིད			other-powered character
༅གཞན་དབང་གི་ངོ་བོ་ཉིད༏་གཞན་དབང་གི་རང་བཞིན			other-powered nature
གཞན་དབང་གི་རང་བཞིན			other-powered natures
གཞན་དབང་གི་སྟེང་གི་ཆོས་ཉིད			real nature that is with its other-powered nature; noumenon that is with its other-powered nature
གཞན་དབང་ལ་ཆོས་བདག་སྒྲོ་བཏགས་པའི་སྒྲོ་འདོགས་ཚུལ			mode of superimposition of the self of phenomena on other-powered natures
གཞན་དོན			other's welfare; another's purpose; another's welfare
གཞན་དོན་གྱི་ཡོན་ཏན			qualities for others’ welfare
གཞན་དོན་རྗེས་དཔག			inference for another
གཞན་དུ			otherwise
གཞན་དུ་འགྱུར་བ			changeable [mental] factor; change; transform; become other
གཞན་དུ་འགྱུར་བ			become other than; transformation; alteration
གཞན་དུ་དྲང་དགོས་པའོ			must be interpreted otherwise; must be interpreted as [something] other [than what is literally taught](BJ 29.5)
གཞན་དུ་གྱུར་པ			change; transform; become other
གཞན་དུ་ན			otherwise
གཞན་དུས་འཁོར			alternative Kālacakra
གཞན་གྲགས			other approved
གཞན་གྲགས་ཀྱི་རྗེས་དཔག			other-approved inference; other-renowned inference
གཞན་གྲགས་ཀྱི་རྟགས			other-approved reason; other-renowned reason
གཞན་གྲགས་ཀྱི་སྦྱོར་བ			other-approved/established/renowned syllogism
གཞན་གྱི་འདུ་ཤེས་དང་བྲལ་བ			free from the conceptions of others
གཞན་གྱི་དབང			other-powered; other-powered phenomenon; other-powered nature
གཞན་གྱི་དབང་གི་མཚན་ཉིད			other-powered character
གཞན་གྱི་དབང་གི་ངོ་བོ་ཉིད			entityness of the other-powered (nature)
གཞན་གྱི་དབང་ནི་ཡོངས་སུ་ཤེས་པར་བྱ་བ་དང་སྤང་བ			other-powered [natures] should be known and abandonned  (T)
གཞན་གྱི་དངོས་པོ			other thing; other-being
གཞན་གྱི་དངོས་པོ་སྟོང་པ་ཉིད			other-entity emptiness (emptiness of other entities)
གཞན་གྱི་དོན			others' welfare (T)
གཞན་གྱི་དོན་དུ			for the sake of others
གཞན་གྱི་དོན་ནི་རང་གི་དོན་ཡིན་པ			others' welfare is one's own welfare (T)
གཞན་གྱི་དོན་ཕྱིར			for the sake of others
གཞན་གྱི་དོན་སྒྲུབ་པ་ཕུན་སུམ་ཚོགས་པ			marvel of accomplishing others' welfare (T)
གཞན་གྱི་གདམས			advice/instruction/counsel/preceptual instruction/advisory speech/exhortation for others; another's advice...
གཞན་གྱི་གཞི			other based; other-base
གཞན་གྱི་ཕྱིར			because of others
གཞན་གྱི་ཕྱོགས་སུན་འབྱིན			disbelieve the other position (T)
གཞན་གྱི་རྒྱུད			other continuum(s)
གཞན་གྱི་རྣམ་པར་རིག་པ			other-cognition
གཞན་གྱི་སྦྱིན་པ་ལ་སོགས་པ			giving to others, etc.
གཞན་གྱི་སྡུག་བསྔལ་སྐྱེ་བས་ཤིན་ཏུ་འཇིགས			very afraid due to the arising of suffering in others
གཞན་གྱི་སྟོབས་ཀྱིས་བྱུང་བ			arise through the power of other [conditions](BJ 33.2)
གཞན་གྱིས་བྱས			done by others
གཞན་གྱིས་གནོད་པ་བྱེ་བ			harmed by others
གཞན་གྱིས་མཆོད་པར་འདོད་པ			asserted as supreme by others ? (T)
གཞན་ལ་གནོད་པ			harm others; harmer of others
གཞན་ལ་གནོད་པར་བྱེད་པ			harmer of others; harming others
གཞན་ལ་ཇི་ཙམ་འབད་ཀྱང			no matter how much one strives otherwise
གཞན་ལ་མི་སྨོད			one who does not deprecate others
གཞན་ལ་ཕན			altruism; helping others
གཞན་ལ་ཕན་པ			altruism; helping others
གཞན་ལ་སྨོད			one who deprecates others
གཞན་ལས་མ་ཐོས་པར			not hearing from another
གཞན་ལས་ངེས་ཀྱི་ཚད་མ			prime cognizer for which ascertainment is induced by another
གཞན་ལས་རྟོགས་པའི་ཕྱིར			due to realization from another
གཞན་ལས་ཐོས་ནས			having heard from another
གཞན་ལུགས			other's systems
གཞན་ལུགས་དགག་པ			refutation of others systems; refutation of others' systems
གཞན་མ་ཡིན			not other; non-other
གཞན་མ་ཡིན་པ			not other; non-other
གཞན་མེད			not other; non-other
གཞན་མིན			not other(BJ 38.1); non-other
གཞན་མུ་སྟེགས་ཅན			other Forder
གཞན་པ			other; another; something else
གཞན་པའི་དོན			meaning of something else
གཞན་ཕན་གྱི་ཐབས			techniques of altruism
གཞན་ཕྱོགས			other quarters
གཞན་རྒྱུད			others' continuums
གཞན་རིག			other-knower
གཞན་རྗེས་སུ་འཛིན་པས་དགའ་བ			joy through taking care of others (T)
གཞན་རྟེན་ཅན			having another basis
གཞན་སྡེ་རྣམས			other schools; other sects
གཞན་སེལ			other exclusion; other-eliminator; exclusion-of-the-other
གཞན་སེམས་ཤེས་པའི་མངོན་ཤེས			clairvoyance of knowing other's minds
གཞན་སྐྱེ			production from other
གཞན་སྟོང			emptiness-of-other; emptiness of the other
གཞན་སྟོང་རྟག་བརྟན་གཡུང་དྲུང་ཐེར་ཟུག			emptiness of the other—permanent, stable, eternal, everlasting
གཞན་ཡང			[other also]; furthermore; moreover; besides
གཞན་ཡང			in addition to; moreover
གཞན་ཡིན			is other; other; another
གཞན་ཞིག			another; some; other
གཞི			base; foundation; locus; phenomenon; basis; ground
གཞི་འབྲས་ངོ་བོ་དབྱེར་མེད			the undifferentiable entity of basis and effect
གཞི་འགའ་ཞིག			some bases(BJ 15.5)
གཞི་ཆོས་ཀྱི་བདག་མེད་ཐོས་བསམ་གྱིས་གཏན་ལ་འབེབས་པ			delineating the selflessness of phenomena by hearing and thinking in the basal state
གཞི་ཆོས་ཉིད			fundamental noumenon
གཞི་དག་པ			pure basis
གཞི་དང་བཅས་པ			with a basis; based; having a basis
གཞི་དེས་ན			on account of that basis; because of that basis
གཞི་དོན་དམ་ཆོས་ཉིད་ཀྱི་སྐུ			basal ultimate body of the noumenon
གཞི་གནས			topic; basis; base
གཞི་གནས་དང་ཡེ་ཤེས་ཡངས་པ་ཐོབ་བྱ			attain calm abiding and extensive wisdom; (T) one should attain calm abiding and extensive wisdom
གཞི་གྲུབ			established base; existent base
གཞི་ཇི་བཞིན་པ			literal basis; actual base
གཞི་ཀ་དག་འོད་གསལ་ཆེན་པོ			basal essentially pure great clear light
གཞི་ཀུན་རྫོབ་པ			conventional base
གཞི་ལ་བཀར་བ			if this is tied down to a basis(BJ 65.1)
གཞི་ལ་མི་མཁས			not wise with respect to the basis; not wise with respect to bases
གཞི་ལྡོག			illustration-isolate; illustration simpliciter
གཞི་མ			basis(N)
གཞི་མཆོག			supreme basis
གཞི་མེད			baseless; groundless
གཞི་མེད་པ			baseless; groundless
གཞི་མེད་པ་ལ་གནས་པ			abide in baselessness; abide in the baseless
གཞི་མཐུན			common locus
གཞི་མཐུན་མི་སྲིད་པའི་ཆོས			(1) it is different; (2) a phenomenon with which a common locus is impossible
གཞི་མཐུན་པ			common locus
གཞི་མཐུན་པར་དམིགས་པ			observed as a common locus
གཞི་རྣམ་ཤེས			mind-basis-of-all
གཞི་རྟེན			basis(Gön-chok)
གཞི་ཤེས			knower of bases; knowledge of bases; exalted knower of bases
གཞི་ཤེས་སྦྱོར་བ			training in knowers of bases
གཞི་ཤེས་སྦྱོར་བའི་ངོ་བོ་ཉིད་བཞི			four essentials of a training in a knower of bases
གཞི་སྣང			basal appearances
གཞི་ཐམས་ཅད			all bases
གཞི་ཡིན་པ			basis; being a basis; is a base; is a basis
གཞིའི་འོད་གསལ			basal clear light; basic clear light
གཞིའི་དེ་ཉིད			suchness of bases
གཞིའི་ལྟ་བ			view of the basal state
གཞིའི་མཚན་མ			cause of the basis
གཞིག			break down
གཞིག་པ			break down; breaking down; destruction
གཞོ			present
གཞོལ			to flow (T)
གཞོལ་བ			inclined to; low-lying; gap
གཞོམ			destruction
གཞོམ་མེད་ཀྱི་སྒྲ			invincible sound
གཞོམ་པ			destruction
གཞོན་ནུ			young
གཞོན་ནུ་བུམ་པའི་སྐུ			encased in a young body
གཞོན་ནུར་གྱུར་པ			is young; young
གཞོན་པ			young
གཞོན་ཤ་ཅན་ཉིད			youthfulness; youthful; youth
གཞོན་ཤ་ཆགས			youthfully tender
གཞུག			1. indicates causative construction; 2. engage; apply; enter into; usher into
གཞུག་པ			cause; engage; enter into; usher into
གཞུག་པ་ལ་ལྡེམ་པོར་དགོངས་པ			indirectly intending entry; intending entry
གཞུག་པ་ལྡེམ་དགོངས			indirect intention of causing entry
གཞུགས་པ་ལ་ལྡེམ་པོར་དགོངས་པ			intending entry [into the teaching]
གཞུང			text; central; government
གཞུང་བརྒྱ་ལྡན			a hundred texts
གཞུང་ཁྲིད			textual instruction
གཞུང་ཁུངས་ཐུབ			reliable source
གཞུང་ལམ			highway
གཞུང་ལུགས			textual system; central text??
གཞུང་པ་པ			textual [Ka-dam-pa]; textual [lineage]; bookish lineage
གཞུང་ཕྱི་མོ			model text(N)
གཟིག			leopard
གཟིགས			see (hon.); perceive; realize; to buy(hon.)
གཟིགས་པ			see(hon.); perceive; realize; to buy(hon.)
གཟིམ་ཁྱི			dog(hon.)
གཟིམ་ཤག			home (hon.)
གཟིམས་ཆུང			house; dwelling
གཟིར་བ			to be tormented
གཟོ			repay; remember; keep in mind
གཟོ་མེད་པར			without repaying; not remembering; not keeping in mind
གཟོད			primordial; original; beginning; first; etc.; and so forth
གཟོད་མ			primordial; original; beginning; first; etc.; and so forth
གཟོད་མ་ནས་ཞི་བ			primordial peace; primordial pacification
གཟོད་ནས་དག་པ			primordial purity
གཟོད་ནས་སྟོང་ཞིང			primordial emptiness
གཟུད་པ			to insert; put in; admit (T)
གཟུགས			form; body; matter; the atomic; visible form
གཟུགས་འདས			past form(BJ 57.2)
གཟུགས་འཛིན་དབང་མངོན			sense direct perceiver apprehending form
གཟུགས་འཛིན་དོན་རིག་ཡིད་མངོན			mental direct perceiving object knower apprehending form(LG)
གཟུགས་འཛིན་ཚད་མ			prime cognition apprehending form
གཟུགས་འཛིན་ཡིད་མངོན			mental direct perception apprehending form
གཟུགས་བརྙན			reflection
གཟུགས་ཅན			having form; form
གཟུགས་ཅན་གྱི་ཁམས			form realm
གཟུགས་ཅན་མ་ཡིན་པ			not having form; non-form
གཟུགས་དང་བ			clear form
གཟུགས་དང་གཟུགས་མེད་པ			form and formless
གཟུགས་དྭང་བ			clear form
གཟུགས་དྭང་པ			clear form
གཟུགས་དྭངས་པ			clear form
གཟུགས་གང་ཅི་ཡང་རུང			whatever form; whatever is a form
གཟུགས་གང་ཡིན་པ་དེ་ནི་མིང་ཙམ་མོ			whatever is a form is mere name; whatever is a form is merely nominal
གཟུགས་གཟུགས་འཛིན་རྟོག་པའི་ཞེན་གཞི་ཡིན་པ			form's being the referent of a conceptual consciousness apprehending a form
གཟུགས་གཟུགས་འཛིན་རྟོག་པའི་ཞེན་གཞིར་རང་གི་མཚན་ཉིད་ཀྱིས་གྲུབ་པ			form's establishment by way of its own character as the referent of a conceptual consciousness apprehending a form
གཟུགས་གཟུགས་འཛིན་རྟོག་པའི་ཞེན་གཞིར་རང་གི་མཚན་ཉིད་ཀྱིས་གྲུབ་པར་སྒྲོ་བཏགས་པའི་ཆ			superimposed factor that a form is established by way of its own character as the referent of a conceptual consciousness apprehending a form
གཟུགས་གཟུགས་འཛིན་རྟོག་པའི་ཞེན་གཞིར་རང་གི་མཚན་ཉིད་ཀྱིས་གྲུབ་པར་སྣང་བ			appearance that a form is established by way of its own character as the referent of a conceptual consciousness apprehending a form
གཟུགས་གཟུགས་ཞེས་པའི་སྒྲའི་འཇུག་གཞི			form's being the basis for affixing the term "form"
གཟུགས་གཟུགས་ཞེས་རྗོད་པའི་སྒྲ་འཇུག་པའི་འཇུག་གཞིར་རང་གི་མཚན་ཉིད་ཀྱིས་གྲུབ་པ			establishment of form by way of its own character as the referent of a term expressing “form”
གཟུགས་ཁམས			form realm
གཟུགས་ཁམས་ཀྱི་ལྷ			god of the Form Realm
གཟུགས་ཀྱི་ཁམས			form-constituent
གཟུགས་ཀྱི་ལྷ			form deity
གཟུགས་ཀྱི་ངོ་བོ་ཉིད་བཤད་པ			explain the entityness of form
གཟུགས་ཀྱི་ཕུང་པོ			form aggregate
གཟུགས་ཀྱི་རྣམ་པར་རིག་པ			ideation of form; form-ideation
གཟུགས་ཀྱི་སྐུ			Form Body
གཟུགས་ཀྱི་སྐུ་ཡོངས་སུ་གྲུབ་པ			thorough establishment of a Form Body
གཟུགས་ཀྱི་སྐྱེ་མཆེད			sense-sphere of form; form sense-sphere
གཟུགས་ཀྱི་སྣང་བ			appearance of form
གཟུགས་ཀྱི་སྟོང་པ་ཉིད་གང་ཡིན་པ་དེ་ནི་གཟུགས་མ་ཡིན་ནོ			whatever is the emptiness of form, that is not form
གཟུགས་ལ་ནི་སྐྱེ་བ་ཡང་མེད་འགག་པ་ཡང་མེད			form is neither produced nor ceased
གཟུགས་ལ་སོགས་པ			form, etc.; forms and so forth
གཟུགས་ལ་སོགས་པ་ཡོད་པ་ཉིད་དུ་བསྟན་པ			form and so forth are indicated as existent
གཟུགས་ལ་སོགས་པ་ཡུལ་ལྔ			the four objects, form, etc.
གཟུགས་ལ་སོགས་ཞེས་བྱ་བའི་གཞི			the bases, "form and so forth"
གཟུགས་མ་ཡིན་པ			formless; non-form
གཟུགས་མང་བ			many forms; in many forms
གཟུགས་མེད			formless; formless [absorption]
གཟུགས་མེད་བསམ་གཏན			formless concentration
གཟུགས་མེད་བཞི			four formless [absorptions]
གཟུགས་མེད་ཁམ			Formless Realm
གཟུགས་མེད་ཁམས			Formless Realm
གཟུགས་མེད་ཁམས་ཀྱི་ལྷ			god of the Formless Realm
གཟུགས་མེད་ཀྱི་སྙོམས་འཇུག			formless absorption
གཟུགས་མེད་མིན			non-formless
གཟུགས་མེད་པ			formless
གཟུགས་མེད་པའི་སྙོམས་འཇུག			formless absorption
གཟུགས་མེད་པའི་སྙོམས་པར་འཇུག་པ			formless absorption
གཟུགས་མེད་པའི་སྲིད་པའི་དགའ་བ			happiness of formless existence
གཟུགས་མོ་བྱི་ཐུར			porcupine
གཟུགས་ན་སྤྱོད་པ			of the realm of form; belong to the sphere of form
གཟུགས་ནི་གཟུགས་ཀྱི་ངོ་བོ་ཉིད་ཀྱིས་སྟོང་ངོ			form is empty of form's entityness
གཟུགས་ཉིད			reflection; image; picture image
གཟུགས་ཉིད་སྟོང་པ་ཉིད་སྟོང་པ་ཉིད་གཟུགས་སོ			form is emptiness, emptiness is form
གཟུགས་ཕུན་སུམ་ཚོགས་པ			perfect form; sublime form
གཟུགས་རྣམ་པར་འབྱེད་པ			differentiation of form; differentiate form; separation of form
གཟུགས་རྟག་གོ			permenent form; form is permanent
གཟུགས་ཤེས་གང་རུང་མ་ཡིན་པའི་དངོས་པོ			a thing that is neither form nor consciousness
གཟུགས་སྐུ			Form Body
གཟུགས་སོགས་ཀྱི་ཆོས་རྣམས་གཟུགས་སོགས་འཛིན་པའི་རྟོག་པ་ལ་ངོ་བོ་དང་ཁྱད་པར་གྱི་ཐ་སྙད་ཀྱི་གཞིར་གཟུགས་སོགས་རང་གི་དངོས་པོའི་གནས་ཚུལ་གྱི་ངོས་ནས་སྣང་བ			phenomena of forms and so forth appear to conceptual consciousnesses apprehending forms and so forth to be the referents of the conventions of entity and attribute from the side of the mode of subsistence of the intrinsic factuality
གཟུགས་སོགས་མིང་བརྡའི་ཡུལ་ཡིན་པའི་ཆ་ལྟ་བུ			factor for instance of forms and so forth being objects of names and terminology
གཟུགས་སོགས་རྟོག་པའི་ཞེན་གཞི་ཡིན་པ			form and so forth being a referent of a conceptual consciousness
གཟུགས་སོགས་རྟོག་པའི་ཞེན་གཞིར་རང་མཚན་གྱིས་གྲུབ་པར་སྒྲོ་བཏགས་པ			superimposed factor of forms and so forth as established by way of their own character as the referents of conceptual consciousnesses
གཟུགས་སོགས་རྟོག་པའི་ཞེན་ཡུལ་ཡིན་པ			form and so forth being a conceived object of a conceptual consciousness
གཟུགས་སུ་བརྐོད་པར་རྐོ་བ			to draw; drawing; to engrave; engraved
གཟུགས་སུ་གྱུར་པའི་ལྡོག་པ་རིགས་གཅིག་པ			forms which are the same isolate type
གཟུགས་སུ་གྱུར་པའི་རྫས་རིགས་གཅིག་པ			forms which are the same type of substantial entity
གཟུགས་སུ་རུང་བ			suitable as form; that which is suitable as form
གཟུགས་ཡོད་པ			form; having form
གཟུང			apprehend; identify(BJ 11.5); hold; bear; grasp
གཟུང་འཛིན			apprehended-object and apprehending-subject; subject and object [lit.: apprehended and apprehender]
གཟུང་འཛིན་གྲངས་མཉམ་པ			Proponent of an Equal Number of Subjects and Objects
གཟུང་འཛིན་རྫས་ཐ་དད་དུ་འཛིན་པ			conception of a difference of substantial entity between apprehended-object and apprehending-subject; apprehension of a difference of substantial entity between apprehended-object and apprehending-subject
གཟུང་འོས་པ			suitable to be apprehended; suitable to be grasped  (T)
གཟུང་བ			apprehended object
གཟུང་བ			apprehended object
གཟུང་བ་འཛིན་པའི་ངོ་བོ			entity of apprehended object and apprehending subject
གཟུང་བ་དག་དང་འཛིན་པ			apprehended object and apprehending subject
གཟུང་བ་དང་འཛིན་པ			apprehended object and apprehending subject
གཟུང་བ་དང་འཛིན་པ་དག་མེད་པའི་མཚན་ཉིད			the non-existent character of apprehended object and apprehending subject
གཟུང་བ་དང་འཛིན་པ་དང་བྲལ་བ			free from apprehended object and apprehending subject
གཟུང་བ་དང་འཛིན་པར་སྣང་བ			appearance as apprehended object and apprehending subject
གཟུང་བ་མ་མཆིས་པ			non-apprehension; non-apprehended object
གཟུང་བ་མེད་པ་དང་འཛིན་པ་མེད་པའི་དོན			meaning without a object or subject; objectless and subjectless meaning ?  (T)
གཟུང་བ་མེད་པར			without an apprehended object
གཟུང་བ་ཕྱི་རོལ་དོན་དུ་འཛིན་པའི་རྟོག་པ་མ་ལུས་པར་སྤངས་པའི་རང་རྒྱལ་གྱི་མཁྱེན་པ			exalted knower of a Solitary Realizer who has abandoned all of the conceptions apprehending objects as external objects
གཟུང་བ་ཡི་རྣམ་པར་གཡེང་བ			distraction of apprehended objects  (T)
གཟུང་བའི་དོན			apprehended object
གཟུང་བའི་མཚན་ཉིད			character of the apprehended object; characteristic of the apprehended object
གཟུང་བའི་རྫས			subtantial existence of the apprehended object; (T) apprehended substance; apprehended substantial entity
གཟུང་བར			apprehended; which is apprehended
གཟུང་བར་འོས་པ			suitable to be apprehended; suitable to be grasped  (T)
གཟུང་བར་དཀའ་བ			difficult to apprehend; difficult to grasp
གཟུང་བར་གྱུར་པ			is apprehended; which is apprehended; which is an apprehended object
གཟུང་བར་སྣང་བ			appearance as an apprehended object; appear as an apprehended object
གཟུང་བྱ			object of apprehension
༅གཟུང་བྱ༏་བཟུང་བྱ			object of apprehension
གཟུང་དང་འཛིན			apprehended object and apprehending subject
གཟུང་དོན			apprehended-object; apprehended object
གཟུང་དུ་མ་མཆིས			non-apprehension; non-grasping; non-identification
གཟུང་དུ་མེད			non-apprehension; non-grasping; non-identification
གཟུང་དུ་མེད་པ			non-apprehension; non-grasping; non-identification
གཟུང་རྣམ			aspect of the apprehended object; that which has the aspect the apprehended
གཟུང་སླ་བ			easy to apprehend; easy to grasp
གཟུང་ཡུལ			object of apprehension
གཟུངས			retention; dhāraṇī; magical formulae
གཟུངས་འཛིན			apprehended-object and apprehending-subject
གཟུངས་ཀྱི་དབང་ཕྱུག་རྒྱལ་པོས་ཞུས་པས་མདོ			The Questions of King Dhāraṇīśvara Sūtra(BJ 38.2)
གཟུངས་ཀྱི་སྒོ			dhāraṇī-door
གཟུངས་ཀྱི་ཚོགས་སྒྲུབ			achieving through the collection of retentions
གཟུངས་སྒོ			dhāraṇī-door
ཧ་ཅང			very
ཧ་ཅང་ཐལ་བ			it would be very absurd(MSI 399.3)
ཧམ			[connective particle:] or; and; but
ཧཾ			[transliteration of Sanskrit word, haṃ, a syllable used in many mantras]
ཧྭ་ཤང			Hwa-shang Mahayana (c. 800 ce)
ཧྱན་ཙང			Hsüan-tsang
ཨི་ནདྲ་བྷུ་ཏི་ཆུང་བ			Lawapa, Kambalapāda, or Shakraputra
ཨིན་དྲ་ནའི་ལ			[transliteration of Sanskrit word, indranīla]; sapphire
ཨིན་དྲ་ནི་ལ			sapphire
ཇ			tea
ཇེ			particle indicating increase
ཇེ་ཆེར			bigger
ཇེ་སྲབ་ཏུ			thinner = weaken
ཇི			what; how
ཇི་བཞིན			[what-like]; just as; like; as
ཇི་བཞིན་དུ			just as; like; as
ཇི་བཞིན་མེད་པ			not like; unlike
ཇི་བཞིན་མིན་པ			not like; unlike
ཇི་བཞིན་ཉིད			thusness
ཇི་ལྟ་བ			mode; law; how; ultimate truth; exactly; mode [of existence]
ཇི་ལྟ་བ་བཞིན			exactly; as it really is
ཇི་ལྟ་བ་བཞིན་དུ			exactly; as it really is; in that way
ཇི་ལྟ་བ་བཞིན་དུ་ཡོད་པ་ཉིད			exactly; as it really is
ཇི་ལྟ་བ་གཟིགས་པའི་ཡེ་ཤེས			exalted knower of the mode
ཇི་ལྟ་བ་ཇི་བཞིན་དུ			exactly; as it really is
ཇི་ལྟ་བ་མཁྱེན་པའི་རྣམ་མཁྱེན			an exalted knower of all aspects that knows the ultimate truth
ཇི་ལྟ་བ་རྟོགས་པའི་མཁྱེན་པ			exalted knowledge realizing the mode of phenomena
ཇི་ལྟ་བར			the mode; law; how; ultimate truth; exactly; mode [of existence]
ཇི་ལྟ་བུ			[what-like]; how; what
ཇི་ལྟ་བུར་གྲུབ་པའི་ཤེས་རབ་ཀྱིས			how it is established (by exalted wisdom)
ཇི་ལྟ་ཇི་ལྟར			accordingly; in accordance with
ཇི་ལྟ་ཞེ་ན			when one asks how?",  (T)"
ཇི་ལྟར			[what-like]; how; just as; what
ཇི་ལྟར་...་འདི་ལྟར			how is it that ...
ཇི་ལྟར་འདི་ལྟར			how is it that ...?(S 1)
ཇི་ལྟར་འདོད་བཞིན			as one wishes
ཇི་ལྟར་འདོད་བཞིན་བསྟན			teach as one wishes
ཇི་ལྟར་འདོད་པ་བཞིན			as one wishes; as he/she wishes
ཇི་ལྟར་འདོད་པ་བཞིན་དུ་གནས			stay wherever he wishes
ཇི་ལྟར་འདོད་པར་སྐྱེ་བ			born according to one's wishes
ཇི་ལྟར་བརྟགས་པ་དེ་ལྟར་མེད			does not exist in the way it is imputed [to exist]
ཇི་ལྟར་བྱུང་བ			history
ཇི་ལྟར་བཞེད་པ་བཞིན			as one wishes
ཇི་ལྟར་བཞེད་པ་བཞིན་དུ			as one wishes
ཇི་ལྟར་ཀུན་བརྟགས་པ་དེ་ལྟར་མེད			that does not exist in the way it is imputed [to exist]
ཇི་ལྟར་ན			how, just as
ཇི་ལྟར་རྟོགས་པའི་ཆོས་རྣམ་པར་བཞག་པ			presentation of phenomena according to how they are realized  (T)
ཇི་ལྟར་སྣང་བ			just as it appears; in the way it appears; as it appears
ཇི་ལྟར་སྣང་བ་འབྱུང་བ			occurs just as it appears; occurs in the way it appears
ཇི་མ་ཇི་བཞིན་པའི			... which is just like
ཇི་སྐད་དུ			as it is said ...
ཇི་སྐད་དུ་...་ཞེས་བཤད་པ			as it is said
ཇི་སྐད་དུ་...་ཞེས་གསུངས་པ			as it is said
ཇི་སྙེད			as much as; as great as; as many as; however much; however many
ཇི་སྙེད་པ			varieties; diversity; the varieties [i.e. cConventional truths
ཇི་སྙེད་པ་གཟིགས་པའི་ཡེ་ཤེས			exalted knower of the varieties
ཇི་སྙེད་པ་མཁྱེན་པའི་རྣམ་མཁྱེན			an exalted knower of all aspects that knows conventional truths
ཇི་སྙེད་པ་རྟོགས་པའི་མཁྱེན་པ			exalted knowledge realizing the varieties of phenomena
ཇི་སྲིད			[what-exist]; as long as
ཇི་སྲིད་དུ			as long as
ཇི་སྲིད་དུ་...་དེ་སྲིད་དུ			as long as ... for that long ...
ཇི་སྲིད་པ			as long as
ཇི་ཙམ			[what-only]; however much; as much as; as great as
ཇི་ཙམ་དུ			for what reason; how is it that
ཇི་ཙམ་གྱིས་ན			for what reason; how is it that(S)
ཇི་ཙམ་ཞིག			how many?
ཇི་ཡང་མེད་པ			nothing whatever exists
ཇིག་རྟེན་གྱི་ཕུན་སུམ་ཚོགས་པ་མི་འདོད་པ			not desiring the marvels of the world  (T)
ཇོ་བོ			lord; master; Elder [i.e., Atiśa]
ཇོ་བོ་རྗེ			Elder [i.e., Atiśa]
ཇོ་ནང་པ			Jo-nang-pa
ཀ་འཁོར་བ			[beginning of alphabet-cycle]; beginningless cyclic existence; cycling from the beginning; cycling from the first letter of the alphabet, ka
ཀ་བ			pillar; column; pole; post
ཀ་བུམ་གཉིས			the two—pillar and pot
༅ཀ་བུམ༏་ཀ་བ་དང་བུམ་པ			pillar and pot, pillar-and-pot
ཀཱ་ལ་ཙ་ཀྲ			Kālacakra [transliteration of the Sanskrit]; Wheel of Time
ཀ་མ་ལ་ཤཱི་ལ			Kamalaśīla
༅ཀ་ནས་དག་པ༏་ཀ་དག			[beginning-pure]; essential purity; pure from the beginning; pure from ka, the first letter of the alphabet
ཀཱ་ཡ			body [transliteration of the Sanskrit kāya]
ཀའི་ཉེ་བའི་ཉོན་མོངས་པ			secondary afflictive emotions
ཀར་ས་པ་ན			kārṣapaṇa coin
ཀེང་རུས			skeleton
ཀེང་རུས་ཀྱི་གཟུགས་བརྙན་ཡིད་ལ་བྱེད་པ			taking to mind the image of a skeleton
ཁ			mouth; opening; face; area; verb + kha or ka = about to (do something)
ཁ་འབྱེ			to blossom
ཁ་འབྱེད			open; blossom
ཁ་འབྱེས			open; blossom
ཁ་འཐོར་བ			scattered
ཁ་བ			bitter
ཁ་བའི་རོ			bitter taste
ཁ་བྱེ			[mouth-open]; to blossom
ཁ་བྱེ་བ			to blossom
ཁ་ཆེ			Kaṣmīr is dot under correct? slash in next item; Moslems; Kashmiri
ཁ་ཆེ་བྱེ་བྲག་སྨྲ་བ			Kaśmīri Vaibhāṣika; Kaṣmīri Proponent(s) of the Great Exposition
ཁ་ཅིག			someone; some; a certain [person]
ཁ་ཅིག་ན་རེ			someone; some; a certain [person]
ཁ་ཅིག་ཏུ			in some
ཁ་དོག			color
ཁ་དོག་དང་དྲི་དང་རོ་དང་རེག་བྱ			color, odor, taste, and tangible object
ཁ་དོག་དུ་མ			many colors; many colored; multi-colored
ཁ་དོག་གཅིག་ཏུ			as one color; in one color
ཁ་དོག་གི་གཟུགས			color-form; form that is a color
ཁ་དོག་ཁོ་རང			color itself
ཁ་དོག་ལ་སོགས་པ་རྣམ་པར་འགྱུར་བ			changes/transformations in color and so forth
ཁ་དོག་ཕུན་སུམ་ཚོགས་པ			excellent color; fulfilment of color
ཁ་དོག་སེར་པོ			yellow color
ཁ་དོག་སྣ་ཚོགས་པ			variegated in color; having various colors
ཁ་དོག་སྔོན་པོ			blue color; color blue
ཁ་དོག་ཡིན་ན			if [something] is a color; whatever is a color
ཁ་ལག			food
ཁ་མ			one who is about [to do something]
ཁ་ན་མ་ཐོ་བ			unseemliness; fault; blemish; blame
ཁ་ན་མ་ཐོ་བ་དང་བཅས་པ			involving unseemliness; faulty
ཁ་ན་མ་ཐོ་བ་མེད་པ			without unseemliness; faultless; not involving unseemliness
ཁ་ན་མ་ཐོ་བ་མེད་པའི་ལས་ཅན་ཡིན་པ			having acitivities that are without unseemliness/fault
ཁ་ན་མ་ཐོ་བ་མི་མངའ་བ			without unseemliness; faultless; not involving unseemliness
ཁ་ན་མ་ཐོ་བ་ཕྲ་རབ་ཙམ			even/just a slight unseemliness/fault
ཁ་ན་མ་ཐོ་མེད་ཡུལ			objects without unseemliness; areas without unseemliness
ཁ་ནང			inwards; internal; inside
ཁ་ནང་བསྟན			facing inwards; directed inwards
ཁ་ནང་དུ་བསྟན་པ			facing inwards; directed inwards
ཁ་ནང་ལྟའི་ཆ			factor directed inwards
ཁ་ནང་ལྟས་ཀྱི་འགྲོས			type which is directed inwards
ཁ་ཕྱིར			outwards; directed outwards
ཁ་ཕྱིར་བསྟན			facing outwards; directed outwards
ཁ་ཕྱིར་བསྟན་པ			directed outwards; facing outwards
ཁ་ཕྱིར་ལྟའི་ཆ			factor directed outwards
ཁ་ཕྱིར་ལྟས་ཀྱི་འགྲོས			type which is directed outwards
ཁ་ས			yesterday
ཁ་སྦྱོར			face to face in [sexual] union
ཁ་སྦྱོར་གྱི་ལུས			bodies [of god and goddess] face to face [in sexual union]
ཁ་ཤ			spotted deer
ཁ་ཤགས			dispute; argue; use rough language
ཁ་སྐོང་བ			fill out [as in replacing a missing syllable in a line of poetry with an extra syllable]
ཁ་སྤོས			move over
ཁ་ཏོན			recitation
ཁ་ཏོན་བྱང་བར་བྱས			learned recitation
ཁ་ཏོན་བྱེད་པ			perform recitation
ཁ་ཏོན་དུ			in recitation
ཁ་ཏོན་དུ་བྱ			recite
ཁ་ཏོན་དུའང་བྱེད			do also in recitation
ཁ་ཚོན་ཆོད་པ			limited; decided
ཁ་ཚོན་གཅོད			make a decision; limit
ཁ་ཚོན་གཅོད་དཀའ་བས་དཔྱོད་པའི་སྒོ་ཙམ་བཀོད་དོ			Since it is difficult to make a decision, [I] have stated just the beginnings of analysis
ཁ་ཟས			food; fare; foodstuff; provisions
ཁ་ཟས་ཆུང་ངུ་འཚལ་བར་འགྱུར			seek a litte food
ཁ་ཟས་ཞིམ་པོ			delicious food
ཁ་ཞེ་མི་མཐུན་པ			discordance of mouth and heart(TGP-77)
ཁད་པ			verb + la + khad pa = on the verge of (verb)
ཁམ་གྱི་ཟས			morsels of food [i.e., ordinary food]; morsel food
ཁམས			Kham (place in eastern Tibet); constituent; basic constituent; realm; element; disposition; type; constitution [as in health]
ཁམས་བཅོ་བརྒྱད			eighteen constituents
ཁམས་བརྟས་བྱེད			that which increases/improves the  constituents; that which improves health
ཁམས་བརྟས་པ			increase the  constituents; improve the constituents; improve health
ཁམས་དང་སྐྱེ་མཆེད			constituents and sense spheres; [eighteen] constituents and [twelve] sense spheres
ཁམས་དྲུག			six constituents
ཁམས་དུ་མ			manifold constituents
ཁམས་གཉིས་རྟས་པ			increase/improve the two constituents; improve health
ཁམས་གོང་མ			upper realm
ཁམས་གསུམ			the three realms [i.e., desire realm ('dod khams, kāmadhātu), form realm (gzugs khams, rūpadhātu), and formless realm (gzugs med khams, arūpyadhātu)]
ཁམས་གསུམ་འདུས་བྱས			compounded phenomena of the three realms
ཁམས་གསུམ་དག་ལ			in the three realms
ཁམས་གསུམ་ལ་བཅིངས་པར་གྱུར་པ			bound in the three realms
ཁམས་གསུམ་མ་ལུས་པ་ལས			from the entirety of the three realms
ཁམས་གསུམ་པའི་ཉོན་མོངས་པ་སྤོང་བ			abandon the afflictions/afflictive emotions of the three realms
ཁམས་གསུམ་པོ			all three realms
ཁམས་གསུམ་ས་དགུ			three realms and nine levels
ཁམས་གསུམ་ཐམས་ཅད་ཀྱི་དབང་པོ			lord of all three realms
ཁམས་གཞན			other constituents
ཁམས་ལ་མཁས			skill in the constituents
ཁམས་རྒྱས་པ			increase the constitution [as in increasing health]
ཁམས་རྟས་པ			increase/improve the two constituents; improve health
ཁམས་རྟས་པར་བྱེད་པ			increase the  constituents; improve the constituents; improve health
ཁམས་སྣ་ཚོགས་པ			various constituents
ཁམས་ཐ་དད་པ			various constituents
ཁང			house; building; dwelling; abode; domicile; habitation; structure; edifice; institute
ཁང་ཁྱིམ			[house-home]; house; home; residence
ཁང་པ			house; building; dwelling; abode; domicile; habitation; structure; edifice; institute
ཁས་འཆེ་བ			claim
ཁས་བླང			[by-mouth-take]; assert; accept; promise
ཁས་བླང་བར་བྱ་བ			that which is to be asserted/accepted/promised
ཁས་བླངས			[by-mouth-take]; assert; accept; promise
ཁས་བླངས་པ			[by-mouth-take]; assert; accept; promise
ཁས་ལེན			[by-mouth-take]; assert; accept; promise\n as noun: assertion; acceptance; promise
ཁས་ལེན་བྱེད			make assertion/acceptance/promise
ཁས་ལེན་པ			[by-mouth-take]; assert; accept; promise\n as noun: assertion; acceptance; promise
ཁས་ལེན་པ་མེད་ཅིང			without assertion/acceptance/promise
ཁས་མི་ལེན			[by-mouth-not-take]; not assert; not accept; not promise
ཁས་མི་ལེན་པ			[by-mouth-not-take]; nonassertion; not assert; not accept; not promise
ཁེབས			covering; veil; lid; affliction
ཁེབས་པ			covering; veil; lid; affliction
ཁེགས			negate; refute; cease; stop
ཁེགས་པ			negate; refute; cease; stop
ཁེམ་པ			a brief period
ཁེམ་པ་གཅིག་ལས་མེད་པ་མིན་ཏེ			it is not the case that it is not be more than one brief period(TGP-64)
ཁེང་པོ			stale
ཁེངས་པ			haughtiness; arrogance; puffed up
ཁེངས་པ་དང་བྲལ་བ			free of haughtiness; free of arrogance; free of being puffed up
ཁེངས་པ་མེད་པ			without haugtiness; without arrogance; without being puffed up
ཁོ			he; she; it
ཁོ་བོ			I
ཁོ་བོས་བྲིས་པ་ལས་ཤེས་པར་བྱའོ			These are to be known through/from my own writings
ཁོ་བོས་བཤད་པར་བྱ			I will explain [this]
ཁོ་བོས་སྔོན་པོ་མཐོང་ངམ་མ་མཐོང་སྙམ་པའི་ཐེ་ཚོམ་འདྲེན་པར་བྱེད་པའི་སྔོན་འཛིན་དབང་པོ་མངོན་སུམ			a sense direct perception apprehending blue which induces a doubting consciousness that thinks, "Was blue seen or not?"
ཁོ་ཅག			we
ཁོ་ལག			limb
ཁོ་ན			only; just; sole
ཁོ་ན་རེ་...་ཟེར་ན			if someone says...
ཁོ་ན་ཞེས་བྱ་བའི་སྒྲས་ངེས་པར་གཟུང་བ			delimited by the term "only"
ཁོ་ནར			only
ཁོག་པ			the inside; the trunk (of the body); the container
ཁོལ་ཕྱུང			extract; excerpt [from a text]
ཁོམ			condition of leisure; leisure
ཁོམ་པ			condition of leisure; leisure
ཁོམས			familiar; familiarize; condition to; familiarization
ཁོམས་པའི་ལམ			path of familiarization
ཁོན			enmity
ཁོན་མེད			non-enmity
ཁོང			he (hon.); she (hon.)
ཁོང་དུ་ཆུད			[inside-to-enter]; understand; internalize; realize; penetrate
ཁོང་དུ་ཆུད་ཅིང			[inside-to-enter]; understand; internalize; realize; penetrate
ཁོང་དུ་ཆུད་པ			[inside-to-enter]; understand; internalize; realize; penetrate
ཁོང་དུ་ཆུད་པ་མ་ཡིན			[inside-to-enter-not]; not understand; not understand fully; not penetrate; not realize; not internalize
ཁོང་དུ་ཆུད་པར་འདོད་པ			wish/desrie/want to understand/penetrate
ཁོང་དུ་ཆུད་པར་འགྱུར			[inside-to-enter]; understand; internalize; realize; penetrate
ཁོང་དུ་ཆུད་པར་བགྱི་བ			[inside-to-enter-do]; understand; internalize; realize; penetrate
ཁོང་དུ་ཆུད་པར་བྱ་བ			that which is to be understood/penetrated
ཁོང་དུ་ཆུད་པར་བྱ་སྟེ			that which is to be understood/penetrated; should be understood/penetrated
ཁོང་དུ་ཆུད་པར་བྱའོ			it should be understood/penetrated
ཁོང་དུ་ཆུད་པར་བྱེད་ལ			cause to understand/penetrate
ཁོང་དུ་ཆུད་པར་བྱེད་པ			penetrate; understand; means of penetration; means of understanding
ཁོང་དུ་ཆུད་པར་དཀའ་བ			hard to understand/penetrate/internalize/realize
ཁོང་དུ་མ་ཆུད་པ			not understand/penetrate/realize/understand
ཁོང་དུ་སོང་བ			gone within
ཁོང་ཁྲོ			anger
ཁོང་ཁྲོ་བ			anger
ཁོང་ཁྲོ་བ་མེད་པ			not angry; non-anger; without anger
ཁོང་ཁྲོ་བར་འགྱུར			become angry
ཁོང་ཁྲོ་དང་ཡལ་བར་འདོར་དང་ང་རྒྱལ			anger, neglect, and pride
ཁོང་ན་འཛིན་པར་བྱེད			hold within
ཁོང་ནས			from within
ཁོངས་སུ			in middle; within
ཁོངས་སུ་གཏོགས			included within
༅ཁོར་བ་ལས་ངེས་པར་འབྱུང་བ༏་ངེས་འབྱུང			definite emergence/deliverance/leaving from cyclic existence
ཁོར་ཡུག			surrounding area
ཁོར་ཡུག་ཏུ			in the surrounding area
ཁྲ			sparrow hawk
ཁྲ་བོ			mottled; variegated
ཁྲ་མ			type of grain; quick "60 day" barley
ཁྲག			blood
ཁྲག་འཐུང			drinking blood
ཁྲག་དང་ཁུ་བ་དང་རླུང			blood, semen, and wind
ཁྲག་ལྦ			blood goiter
ཁྲེགས			hardness
ཁྲེགས་ཆོད			break-through
ཁྲེལ			embarassment; shame; bashfulness
ཁྲེལ་དང་ལྡན			endowed with a sense of embarassment/shame
ཁྲེལ་མེད			nonembarrassment; unabashedness
ཁྲེལ་མེད་པ			non-embarassment
ཁྲེལ་ཡོད་པ			embarrasment
ཁྲེལ་ཡོད་པ་དང་ངོ་ཚ			embarassment and shame; sense of embarassment and sense of shame
ཁྲི			throne; ten thousand
ཁྲི་སྲོང་ལྡེ་བཙན			Tri-song-day-tsen (king of Tibet, r. 755-797)
ཁྲིད			lead; lead through; guide \n as noun: leader; instruction
ཁྲིད་པ			lead; lead through; guide \n as noun: leader; instruction
ཁྲིད་ཡིག			[lead-letter]; manual of instruction(s)
ཁྲིམས			law; rule; ethics
ཁྲིམས་འཆལ			deviant ethics; non-ethical; immoral; ethically disordered
ཁྲིམས་ལྡན			endowed with ethics
ཁྲོ			belligerence
ཁྲོ་བ			belligerence; wrathful; fierce
ཁྲོ་བ་བཟོད་པ			withstand/bear/forbear/endure/tolerate belligerence/wrath
ཁྲོ་བ་ཅན			belligerent; wrathful
ཁྲོ་བ་ཟིལ་གནོན			overwhlem belligerence; overwhelm wrathfulness
ཁྲོ་བོ			wrathful
ཁྲོ་གཉེར			frown
ཁྲོམ			marketplace; market [in outdoor area]
ཁྲོས་མ་ནག་མོ			Fierce Black Goddess
ཁྲོས་པ			enraged; angered; wrathful; belligerent; hatred
ཁྲུང་ཁྲུང			crane
ཁྲུས			bathing; ablution; wash; cleanse; ablute; become clean; be washed
ཁྲུས་བྱེད་པ			[wash-perform]; perform ablution; wash; ablute
ཁུ་བ			regenerative fluid; semen
ཁུ་བྱུག			cuckoo
ཁུ་ཁྲག			[semen-blood]; semen and blood; initial embryo
ཁུ་ཚུར			fist
ཁུག་སྣ			mist
ཁུམ			listen; hear; understand; realize
ཁུམས			listen; hear; understand; realize
ཁུང			darkness; obscurity; gloom
ཁུང་བུ			[hole-small]; small hole
ཁུངས			source; source quote
ཁུར			burden; load
ཁུར་འདོར་བ			forsake a burden/load
ཁུར་བོར་བ			leave/pur down a burden
ཁུར་ཁྱེར་བ			carry a burden/load
ཁུར་མང			dandelion
ཁུར་མི་ཁྱེར་བ			not carry a burden/load
ཁྭ་ཏ			magpie
ཁྱབ			entail; pervade; fill; embrace; cover over
ཁྱབ་འབྲེལ			related pervasion
ཁྱབ་འཇུག			Viṣṇu
ཁྱབ་འཇུག་པ			Vaiṣṇava; follower of Viṣṇu
ཁྱབ་བདག			[pervade-master]; pervasive sovereign
ཁྱབ་བྱ			object pervaded; that which is pervaded
ཁྱབ་བྱེད			pervader
ཁྱབ་བྱེད་དང་འགལ་བའི་རང་བཞིན			nature contradictory with a pervader
ཁྱབ་བྱེད་དུ་འཇུག་པའི་རང་གི་རིགས་ཡོད་པ་ཅན་གྱི་ཆོས			phenomenon which has a type engaging it as a pervader
ཁྱབ་བྱེད་ཀྱི་རླུང			pervasive wind
ཁྱབ་བྱེད་མ་དམིགས་པ			nonobservation of a pervader
ཁྱབ་ཆེ་བའི་སྐྱོན			fallacy of a entailment/pervasion that is too extensive
ཁྱབ་ཆེ་ཆུང			greater or smaller/entailment pervasion; extent of entailment/pervasion
ཁྱབ་ཆེས་བ			overly broad; too broad; too inclusive
ཁྱབ་ཆུངས་པ			too little pervasion; insufficinet entailment; too limited; too narrow
ཁྱབ་མཐའ			boundaries of entailment/pervasion
ཁྱབ་པ			pervasion; are necessarily; encompassable (as in opposite of bsam mi khyab pa); entail; pervasive; entailment; fill; pervade; penetrate; cover over
ཁྱབ་པ་འདུ་བྱེད་ཀྱི་སྡུག་བསྔལ			pervasive suffering of conditioning; suffering of pervasive conditioning; pervasive suffering of composition
ཁྱབ་པ་ཁས			[you] have asserted entailment/pervasion; the entailment/pervasion has been asserted
ཁྱབ་པ་ཁས་བླངས་པ་རེད			[you] have asserted entailment/pervasion; the entailment/pervasion has been asserted
ཁྱབ་པ་མ་བྱུང			the pervasion/entailment does not exist; there is no pervasion/entailment
ཁྱབ་པ་ཕྱིན་ཅི་ལོག			perverse forward pervasion; perverse entailment/pervasion; mistaken entailment/pervasion
ཁྱབ་པ་རྣལ་མ			normative entailment/pervasion; natural entailment/pervasion; correct/entailment/pervasion
ཁྱབ་པའི་དམིགས་པ			pervasive object of observation
ཁྱབ་པར་བྱས་ནས			having pervaded/filled/penetrated/covered over
ཁྱབ་པར་བྱེད			pervade/fill/penetrate/cover over
ཁྱབ་སྟེ			there is entailment/pervasion [because...]
ཁྱད			distinguishing feature; feature; distinctive feature; attribute; particular; distinction
ཁྱད་འཕགས			superior; exalted; enhanced; distinguished
ཁྱད་བར་ལ་ཀུན་བཏགས་པའི་ཀུན་བཏགས་སུ་གྱུར་པའི་ངོ་བོ་ཉིད་ལ་ཀུན་བཏགས་པ			imputation of just the entity that is an imputation of attribute
ཁྱད་ཆོས			distinguishing feature; feature; distinctive feature; attribute; particular; distinction; quality
ཁྱད་ཆོས་བརྗོད་པའི་སྒྲ			term expressing an attribute
ཁྱད་ཆོས་གཅིག་པུ			unique distinguishing feature
ཁྱད་དུ་འཕགས་པས			is distinguished; is elevated; is superior to
ཁྱད་དུ་བསད			despise; not care about
ཁྱད་དུ་གསོད་པ			despise; contemn
ཁྱད་གཞི			[attribute-basis]; substratum; basis of qualities
ཁྱད་གཞི་བརྗོད་པའི་སྒྲ			term expressing a substratum
ཁྱད་གཞི་ཁྱད་ཆོས་སྦྱར་བ			aassociate substratum and attribute; predication
ཁྱད་གཞིར་བཟུང་བ			taking [such and such] as substrata
ཁྱད་མེད			without difference/distinction
ཁྱད་པར			attribute; differentiation; feature; qualification; particular; distinction; distinguishing feature; distinctive feature; in particular; particularly; difference
ཁྱད་པར་འདོགས་པ་ཡོངས་སུ་ཚོལ་བ			thorough investigation/examination/research of the designation of attributes
ཁྱད་པར་འགྲོ			enhance; become distinguished/distinctive
ཁྱད་པར་འཕགས			superior; exalted; enhanced; distinguished; more distinguished
ཁྱད་པར་འཕགས་པ			superior; exalted; enhanced; distinguished; more distinguished
ཁྱད་པར་ཅན			[particular-possessing]; special; distinctive; extraordinary
ཁྱད་པར་ཅན			special
ཁྱད་པར་ཅན་གྱི་སྣང་བས			by means of a special appearance
ཁྱད་པར་ཆ་མཐུན			concordant with enhancement
ཁྱད་པར་དག་པ			free of qualification
ཁྱད་པར་དག་པ་པའི་རང་བཞིན་གྱི་རྟགས་ཡང་དག			correct nature sign free of qualification
ཁྱད་པར་དུ			in particular; especially
ཁྱད་པར་དུ་འགྲོ			enhance; become distinguished
ཁྱད་པར་དུ་འགྲོ་བ			enhance; become distinguished
ཁྱད་པར་དུ་འགྱུར་བ			become distinctive
ཁྱད་པར་དུ་འཕགས			superior; exalted; enhanced; distinguished; more distinguished; elevated
ཁྱད་པར་དུ་འཕགས་པ			superior; exalted; enhanced; distinguished; more distinguished; elevated
ཁྱད་པར་དུ་བྱས			qualified (by)
ཁྱད་པར་དུ་བྱས་པ			qualified/enhanced [by]
ཁྱད་པར་དུ་རྟོགས་པ			special realization
ཁྱད་པར་གདགས་པ་ཡོངས་སུ་ཚོལ་བ			thorough investigation/examination/research of the designation of attributes
ཁྱད་པར་གྱི་ཆོས			attribute; feature; qualification; particular; distinction; distinguishing feature; distinctive feature
ཁྱད་པར་གྱི་དགའ་བ			special joy
ཁྱད་པར་གྱི་རྒྱུ་མེད་པ			without a distinguishing cause
ཁྱད་པར་གྱི་ཚུལ་ཅན			having a distinctive mode
ཁྱད་པར་གཞན་སྤོངས			eliminate other features/distinctions/characteristics
ཁྱད་པར་ལ་ཀུན་བཏགས་པའི་ཀུན་བཏགས་སུ་གྱུར་པའི་བྱེ་བྲག་ལ་ཀུན་བཏགས་པ			imputation of a particular that is an imputation of attribute
ཁྱད་པར་ལ་རྣམ་པར་རྟོག་པ			conceptualization of differences/features/distinctiveness
ཁྱད་པར་ལམ			elevating path
ཁྱད་པར་ལྟོས་པ་པ			involving a qualification
ཁྱད་པར་ལྟོས་པ་པའི་རང་བཞིན་གྱི་རྟགས་ཡང་དག			correct nature sign involving a qualification
ཁྱད་པར་མེད			without difference; without distinction
ཁྱད་པར་མེད་པ་ཉིད			non-difference; non-distinction
ཁྱད་པར་མེད་པར			without difference; without distinction
ཁྱད་པར་མི་འདྲ་བ་ཕྱེ			distinguish the different features
ཁྱད་པར་མཚན་ཉིད			differentiating characteristic
ཁྱད་པར་ཕྱི་མ་ཕྱི་མ			latter features/distinctions/differences
ཁྱད་པར་རྟོགས་པ			special realization
ཁྱད་པར་སྦྱར་བ			affix a qualification
ཁྱད་པར་ཞུགས་པ			differentiator as superior
ཁྱད་པོར་ལྟོས་པ			involving a qualification
ཁྱད་ཞུགས			superior; more distinguished; superiority
ཁྱད་ཞུགས་པར་བྱེད་པ			enhance; make more distinguished; make superior
ཁྱམས			courtyard; hall
ཁྱེའུ			boy; youth; children
ཁྱེད			you (hon.)
ཁྱེད་རང			you (hon.)
ཁྱེད་རང་ཚོ			you (hon. pl.)
ཁྱེར་འཁོས			ability to bear; capacity to do so
ཁྱེར་བ			carry; bear; bring
ཁྱི			dog
ཁྱི་མ			western channel at the heart
ཁྱིམ			home; house
ཁྱིམ་བྱ			house bird
ཁྱིམ་དུ			at home
ཁྱིམ་མེད་པ			homelessness; homeless
ཁྱིམ་པ			householder
ཁྱིམ་པ་དང་རབ་ཏུ་བྱུང་བ			householders and those who have left the household (i.e., monastics)
ཁྱིམ་པར་གྱུར			became a householder; householder
ཁྱོད			you; it
ཁྱོད་ཆོས་དང་ཐ་དད་གང་ཞིག་དེ་ལྡོག་སྟོབས་ཀྱིས་ཁྱོད་ལྡོག་དགོས			(1) it is different from phenomenon and (2) it must cease through the power of that ceasing
ཁྱོད་དེ་དང་ཐ་དད་གང་ཞིག་ཁྱོད་དེ་ལས་བྱུང་བ			(1) it is different from that and (2) it has arisen from that
ཁྱོད་དེ་དང་ཐ་དད་གང་ཞིག་དེ་དང་བདག་ཉིད་གཅིག་པའི་སྒོ་ནས་འབྲེལ་བ་གྲུབ་པ			(1) it is different from that and (2) relation is established from the viewpoint of being one nature/essence with that
ཁྱོད་དོན་དམ་པ་ཡང་ཡིན་ཆོས་བདག་མེད་པས་རབ་ཏུ་ཕྱེ་བ			(1) it is ultimate and (2) it is thoroughly distinguished by [being] the selflessness of phenomena
ཁྱོད་ཀྱི་ཡིན་པ་མེད་པ			being it does not exist; its occurrence does not exist
ཁྱོད་ཀྱི་ཡིན་པ་མེད་པ་ཡང་ཡིན་བློའི་ཡུལ་དུ་བྱ་རུང་བ་ཡང་ཡིན་པའི་གཞི་མཐུན་པར་དམིགས་པ			that observed as a common locus which is (1) something of which being it does not exist and (2) also is suitable as an object of an awareness
ཁྱོད་ཀྱི་ཡིན་པ་ཡོད་པ			being it exists; its occurrence exists
ཁྱོད་ཀྱི་ཡིན་པ་ཡོད་པ་ཡང་ཡིན་བློའི་ཡུལ་དུ་བྱ་རུང་བ་ཡང་ཡིན་པའི་གཞི་མཐུན་པར་དམིགས་པ			that observed as a common locus which is (1) something of which being it exists and (2) also is suitable as an object of an awareness
ཁྱོད་ཀྱིས			by you; you
ཁྱོད་མིང་དང་བརྡས་བཞག་པ་ཙམ་ཡིན་གྱི་རང་གི་མཚན་ཉིད་ཀྱིས་མ་གྲུབ་པ			they [i.e., imputational natures] are only posited by names and terminology and are not established by way of their own character
༅ཁྱོད་ཐ་དད་ཀྱང་ཡིན། གཞི་མཐུན་མི་སྲིད་པའི་ཆོས			phenomena (1) that are different and (2) a common locus is impossible
ཁྱོད་ཐ་སྙད་ཀྱི་དབང་གིས་བཞག་པ་མ་ཡིན་པར་རང་གི་མཚན་ཉིད་ཀྱིས་གྲུབ་པའི་དངོས་པོ			they are things established by way of their own character without being posited through the force of verbal conventions
ཁྱུ་མཆོག			supreme bull; king bull [used also to refer to a leader of humans]
ཁྱུ་མཆོག་ཏུ་འགྱུར་བ			supreme bull; king bull [used also to refer to a leader of humans]
ཁྱུང་རིན་ཆེན་གྲགས			Kyung-rin-chen-drag [c.1150 - 1200; a disciple of Cha-pa Chö-kyi-seng-ge (phya pa chos kyi seng ge)]
ཀླ་ཀློ			barbarian
ཀླ་ཀློ་སྐྱེ་བོ			barbarian person
ཀླད་པ			brain
ཀླན་ཀ			critical; censure; fault; finding fault; objection
ཀླན་ཀ་འཇུག་རུང			suitable for the assessment of censure
ཀླན་ཀ་ཡོངས་སུ་སྤང་བར་བྱ་བའི་ཕྱིར			in order to thoroughly overcome objections
ཀླན་ཀའི་རྩོད་པ			critical dispute
ཀླན་ཀའི་སྐབས་མཆིས་པ			provides an opportunity for assessment of censure; provides an opportunity for finding fault
ཀློག			read out loud; read out
ཀློག་པ			read; read out
ཀློག་ཏུ་གཞུག་པར			cause to read out
ཀློང			expanse; sphere
ཀློང་ཆེན			great expanse; great sphere
༅ཀློང་ཆེན་པ༏་ཀློང་ཆེན་པ་དྲི་མེད་འོད་ཟེར			Long-chen-pa (1308-1363, a central Nying-ma [rnying ma] scholar-yogi)
ཀླུ			nāga; dragon; snake
ཀླུ་བདུད			nāga demon; nāga spirit
ཀླུ་བཙན			nāga emperior; violent nāga spirit; king spirit
ཀླུ་སྒྲུབ			Nāgārjuna [expounder of the Mādhyamika school]
ཀླུ་སྲིན			serpent spirit; serpent vermin spirit
ཀླུའི་དབང་པོའི་སྒྲ			roar of the nāga lord
ཀླུའི་རྒྱལ་པོ་མ་དྲོས་པས་ཞུས་པའི་མདོ			Questions of Anavatapta, King of the Nāgas, Sūtra [P823, vol. 33]
ཀླུའི་རྒྱལ་པོ་རྒྱ་མཚོས་ཞུས་པའི་མདོ			Questions of Sāgara, King of the Nāgas, Sūtra [P820, vol. 33]
ཀླུབས་པ			wear; adorn
ཀླུང			river
ཀླུང་གི་རྒྱུན			current of a river; continuum of a river; river
ཀླུང་ལ་རྣག			pus-river
ཀོ			still again; still
ཀོ་གྲུ			leather boat
ཀོང་སྤྲུལ་བོལ་གྲོས་མཐའ་ཡས			Kong-trül Lo-drö-ta-yay [author of "the Encyclopedia" (theg pa'i sgo kun...)] complete
༅ཀྲི་ཡ༏་ཀྲི་ཡཱ			transliteration of Sanskrit kriyā [action; Action Tantra]
༅ཀྲི་ཡཱ༏་ཀྲི་ཡ			transliteration of Sanskrit kriyā [action; Action Tantra]
ཀུན			all; complete; entire; whole; total; entirety; thorough
ཀུན་འབྱུང			source; origination
༅ཀུན་འབྱུང་བ༏་ཀུན་འབྱུང			source; origin; origination
༅ཀུན་འབྱུང་བའི་བདེན་པ༏་ཀུན་འབྱུང་བདེན་པ༏་ཀུན་འབྱུང་གི་བདེན་པ			true sources/origins; truth of sources/origins [the second of the four noble truths]
ཀུན་འབྱུང་བའི་དོན་རྣམ་པ་གསུམ			three aspects of the meaning of soure/origin/origination
ཀུན་འབྱུང་བདེན་པ			true origins; true origin
༅ཀུན་འབྱུང་བདེན་པ༏་ཀུན་འབྱུང་གི་བདེན་པ			true sources/origins; truth of sources/origins [the second of the four noble truths]
ཀུན་འབྱུང་ཆོས་བཟོད			doctrinal forbearance with respect to origins of sufferings
ཀུན་འབྱུང་ཆོས་ཤེས			doctrinal knowledge with respect to origins of sufferings
༅ཀུན་འབྱུང་གི་བདེན་པ༏་ཀུན་འབྱུང་བདེན་པ			true sources/origins; truth of sources/origins [the second of the four noble truths]
ཀུན་འབྱུང་རྗེས་བཟོད			subsequent forbearance with respect to origins of sufferings
ཀུན་འབྱུང་རྗེས་ཤེས			subsequent knowledge with respect to origins of sufferings
ཀུན་འདྲི			question
ཀུན་འདུས			[all-assemble]; compendium; composite
ཀུན་འཛིན			thoroughly holding onto; miserliness
ཀུན་འཛིན་པའི་རྒྱུ			cause of thoroughly holding onto; cause of miserliness
ཀུན་འགྲོ་བདག་ཉིད			that which has an omnipresent nature
ཀུན་འགྲོ་ལྔ			the 5 omnipresent [mental factors]; the 5 omnipresent [mental] factors
༅ཀུན་འགྲོ༏་ཀུན་ཏུ་འགྲོ་བ			omnipresent; all-pervading; omnipresent factor; omnipresent mental factor
ཀུན་འགྲོའི་རྒྱུ			omnipresent cause
ཀུན་བརྟགས			imputational [nature]; imputation; artificial; acquired; imputational factor; thoroughly [mentally] constructed; imagined; imaginary; imputed; thoroughly imputed; imputational
ཀུན་བརྟགས་ཀྱི་མིག་ངོས་འཛིན་སྐབས			occasion of identifying the imputational eye
ཀུན་བརྟགས་པ			imputational [nature]; imputation; artificial; acquired; imputational factor; thoroughly [mentally] constructed; imagined; imaginary; imputed; thoroughly imputed; imputational
ཀུན་བརྟགས་པ་ལ་སོགས་པའི་ངོ་བོ་ཉིད་གསུམ			the three natures—imputational and so forth [i.e., other-powered and thoroughly established]
ཀུན་བརྟགས་པའི་བདག་མེད			non-existence of the imputed self
ཀུན་བརྟགས་པའི་ཆོས་མེད་པ			non-existence of imputational phenomena; non-existence of imputed phenomena
ཀུན་བརྟགས་པའི་ཆོས་ཐམས་ཅད			all imputational phenomena; all imaginary phenomena
ཀུན་བརྟགས་པའི་གང་ཟག་མེད་པ			non-existence of the imputed person
ཀུན་བརྟགས་པའི་གཟུགས			imputational form
ཀུན་བརྟགས་པའི་མཚན་ཉིད			imputational character; imaginary character
ཀུན་བརྟགས་པའི་མཚན་ཉིད་ཀྱི་གནས			foundations of imputational characters
ཀུན་བརྟགས་པའི་ངོ་བོ་ཉིད			imputational nature; imaginary nature
ཀུན་བསྡུམས་པ			putting all together; bring together; make agree; conciliate
ཀུན་བསྡུས་པ			summary; compendium
ཀུན་བཏགས			artificial; imputational factor; imputational; imaginary; thoroughly imputed; imputed; imagined; acquired; thoroughly [mentally] constructed; artificial [intellectually acquired]; imputational [nature]
ཀུན་བཏགས་བདེན་མེད་ཡིན་པས་དེ་འདྲའི་དོགས་པ་སྐྱེ་དོན་མེད			no sensible way for such a qualm to occur with respect to imputational natures since they are not truly established
ཀུན་བཏགས་ཀྱི་མཚན་ཉིད			imputational character; imaginary character
ཀུན་བཏགས་ཀྱི་ངོ་བོ་ཉིད			imputational nature; imaginary nature
༅ཀུན་བཏགས་ཀྱི་རང་བཞིན༏་ཀུན་བཏགས་ཀྱི་ངོ་བོ་ཉིད			imputational nature; imaginary nature
ཀུན་བཏགས་པའི་ཆོས			imputed phenomenon; imaginary phenomenon
ཀུན་བཏགས་པའི་མ་རིག་པ			artificial ignorance; acquired ignorance; imputed ignorance
ཀུན་བཏགས་པའི་མཚན་ཉིད			imputational character; imaginary character
ཀུན་བཏགས་པའི་རང་བཞིན			imputational nature; imaginary nature
ཀུན་བཏགས་སྤང་བྱ			artificial object of abandonment
ཀུན་བཏུས			group; collect; summary; compendium; [Asaṅga's] Summary [of Manifest Knowledge]
༅ཀུན་བཟང༏་ཀུན་ཏུ་བཟང་པོ			thoroughly good; Samantabhadra [name of Bodhisattva; in Nying-ma, name of primordial being]
ཀུན་ཆུབ་པར་བྱ་བ			understand all; realize all
ཀུན་ཆུབ་པར་བྱེད			understand all; realize all
ཀུན་ད			kunda [transliteration of Sanskrit word for jasmine]; jasmine
ཀུན་དགའ་ར་བ			pleasure grove
ཀུན་དགའ་ར་བ་ཕུན་སུམ་ཚོགས་པ			excellent garden; marvelous garden; perfect garden
ཀུན་དགའ་སྙིང་པོ			Ānandagarbha
ཀུན་དགའི་སྒྲ			sound of joy
ཀུན་དཀྲིས			thorough entanglement
༅ཀུན་དཀྲིས༏་དཀུན་ནས་དཀྲིས་པ་ན			thorough entanglement; entanglement
ཀུན་དུ			in all ways; [with negative] in any way
ཀུན་གཏོང			give away all
ཀུན་གཏོང་བ			giving away all
ཀུན་གྱི་དོན་འགྲུབ་བྱེད			accomplishing/achieving/establishing the welfare of all
ཀུན་གཞི			basis-of-all
༅ཀུན་གཞི་རྣམ་པར་ཤེས་པ༏་ཀུན་གཞི་རྣམ་ཤེས			mind-basis-of-all
༅ཀུན་གཞི་རྣམ་ཤེས༏་ཀུན་གཞི་རྣམ་པར་ཤེས་པ			mind-basis-of-all
ཀུན་ལ			to all; in all places; in every way; at all times
ཀུན་ལས			from all; in all ways
ཀུན་ལས་འདས			passed beyond all; completely transcended; passed beyond; is beyond all
ཀུན་ལས་བཏུས་པ			group; collect; summary; compendium; abbreviated title of Asaṅga's Summary of Manifest Knowledge (abhidharmasamuccaya)
ཀུན་མཁྱེན			omniscient; all-knowing; omniscient one; all-knowing one; omniscience; omniscient consciousness
ཀུན་མཁྱེན་བུ་རམ་ཤིང་པ			The Omniscient Sugar-Cane One
ཀུན་མཁྱེན་ཉིད			omniscience; all-knowingness
ཀུན་ནས			[all-from]; completely; thoroughly; complete; in every way
ཀུན་ནས་བསླང་བ			motivate; ask; beg; collect; gather; raise; cause to rise; inspire; excite; arouse; urge on
ཀུན་ནས་བྱུང་བ་མ་མཆིས་པ			no arising; non-arising
༅ཀུན་ནས་དཀྲིས་པ༏་ཀུན་དཀྲིས			entanglement; thorough entanglement
ཀུན་ནས་ལྡང་བ			rise up; get up; flow; suffice
ཀུན་ནས་མཛེས་པ			beautiful in every way
ཀུན་ནས་མི་ལྡང་བ			rise up; get up; flow; suffice
ཀུན་ནས་མནར			thoroughly harm/torture/torment
ཀུན་ནས་མནར་སེམས་བྱེད་དེ			have harmful intent
ཀུན་ནས་མནར་སེམས་ཀྱི་སེམས			attitude of harmful intent
༅ཀུན་ནས་ཉོན་མོངས་ཅན༏་ཀུན་ནས་ཉོན་མོངས་པ་ཅན			that which has thoroughly affliction; that which is thoroughly afflicted
ཀུན་ནས་ཉོན་མོངས་གཉེན་པོ			antidote to thorough afflictions
ཀུན་ནས་ཉོན་མོངས་གཟུང་རྟོག			conception of thoroughly afflicted objects
ཀུན་ནས་ཉོན་མོངས་ཀྱི་ཆོས			thoroughly afflicted phenomena
ཀུན་ནས་ཉོན་མོངས་ཀྱི་དམིགས་པ			object of observation of a thorough affliction
ཀུན་ནས་ཉོན་མོངས་མེད་རྣམ་དག			unafflicted purity
ཀུན་ནས་ཉོན་མོངས་པ་བསལ			eradicate/remove/clear away/eliminate/avoid/exclude affliction
ཀུན་ནས་ཉོན་མོངས་པ་བསྟན་པ			indicating thorough affliction
༅ཀུན་ནས་ཉོན་མོངས་པ་ཅན༏་ཀུན་ནས་ཉོན་མོངས་ཅན			that which has thoroughly affliction; that which is thoroughly afflicted
ཀུན་ནས་ཉོན་མོངས་པ་དང་རྣམ་པར་བྱང་བ			the afflicted and the pure; afflictions and purifications
ཀུན་ནས་ཉོན་མོངས་པ་དང་རྣམ་པར་བྱང་བ་དག			spheres of the afflicted and the purified; the afflicted and the purified
ཀུན་ནས་ཉོན་མོངས་པ་དང་རྣམ་པར་བྱང་བ་མི་ལྟ་བ			not viewing the afflicted and the purified
ཀུན་ནས་ཉོན་མོངས་པ་དང་རྣམ་པར་བྱང་བ་ཐ་དད་པར་ང་རྒྱལ་མེད་པ			without the pride/conceit [thinking] that the afflicted and the purified are different
ཀུན་ནས་ཉོན་མོངས་པ་དང་རྣམ་པར་བྱང་བ་ཡང་དག་པར་སྟོན་པ			teaching the afflicted and the purified; teaching on afflictions and purifications
ཀུན་ནས་ཉོན་མོངས་པ་དང་རྣམ་པར་བྱང་བ་ཡོངས་སུ་ཚོལ་བ			thorough investigation/examination/research of the afflicted and the purified
ཀུན་ནས་ཉོན་མོངས་པ་དང་རྣམ་པར་བྱང་བའི་མཚན་ཉིད			characters of the afflicted and the purified
ཀུན་ནས་ཉོན་མོངས་པ་དང་རྣམ་པར་དག་པ་མ་ཡིན་པའི་དོན			object/meaning that is neither afflicted nor purified
ཀུན་ནས་ཉོན་མོངས་པ་ལས་ལྡོག་པས			due to turning away from afflictions
ཀུན་ནས་ཉོན་མོངས་པ་མ་ཡིན་པ			non-affliction
ཀུན་ནས་ཉོན་མོངས་པ་མེད་པ			without affliction; non-afflicted
ཀུན་ནས་ཉོན་མོངས་པ་མེད་པའི་ཡན་ལག			unafflicted branch; branch of the unafflicted
ཀུན་ནས་ཉོན་མོངས་པ་མེད་པར་མོས་པ			belief/interest/zeal in/being keen for the absence of afflictions
ཀུན་ནས་ཉོན་མོངས་པ་མེད་པར་སྒྲུབ་པའི་རྣམ་པ			aspect of achieving non-affliction; aspect of achieving the absence of afflictions
ཀུན་ནས་ཉོན་མོངས་པ་མེད་པར་ཡོངས་སུ་ལོངས་སྤྱོད་པ			unafflicted thorough enjoyment; partaking without affliction
ཀུན་ནས་ཉོན་མོངས་པ་རྗེས་སུ་བསྲུང་བ			protect/guard/keep/maintain/preserve/safeguard against thorough afflictions
ཀུན་ནས་ཉོན་མོངས་པ་སྤང་བར་བྱ་བ			afflicted objects to be abandoned
ཀུན་ནས་ཉོན་མོངས་པ་སྤངས་པ			state of having abandoned afflictions
ཀུན་ནས་ཉོན་མོངས་པ་ཡང་མེད			without affliction
༅ཀུན་ནས་ཉོན་མོངས་པ༏་ཀུན་ནས་ཉོན་མོངས			thoroughly afflicted
ཀུན་ནས་ཉོན་མོངས་པའི་ཆོས			thoroughly afflicted phenomenon
ཀུན་ནས་ཉོན་མོངས་པའི་མཚན་ཉིད			character of the afflicted
ཀུན་ནས་ཉོན་མོངས་པའི་ནད་ཀྱི་གཉེན་པོ			antidote to the disease of the afflictions
ཀུན་ནས་ཉོན་མོངས་པའི་ཕྱོགས			sphere of the afflicted; afflicted quarter; class of thorough afflictions
ཀུན་ནས་ཉོན་མོངས་པའི་ཕྱོགས་འགག་པ			ceasing the sphere of the afflicted; ceasing the afflicted quarter; ceasing the class of thorough afflictions
ཀུན་ནས་ཉོན་མོངས་པའི་རྒྱུ			cause of thorough affliction
ཀུན་ནས་ཉོན་མོངས་པར་འགྱུར་པ			will be afflicted
ཀུན་ནས་ཉོན་མོངས་ཤིན་ཏུ་གྲོལ			complete freedom from afflictions; complete release from the afflictions
༅ཀུན་ནས་ཉོན་མོངས༏་ཀུན་ནས་ཉོན་མོངས་པ			thoroughly afflicted; thorough affliction
ཀུན་ནས་སློང			motivate; ask; beg; collect; gather; raise; cause to rise; inspire; excite; arouse; urge on
ཀུན་ནས་སློང་བ་པོ			one who asks/begs/collects/gathers/raises/inspires/excites/arouses/causes to rise/urges on
༅ཀུན་ནས་སློང་བ༏་ཀུན་སློང			motivation; ask; beg; collect; gather; raise; cause to rise; inspire; excite; arouse; urge on
ཀུན་ནས་སློང་བའི་ཐབས			means of raising up/motivating/urging on
ཀུན་ནས་སློང་བར་མི་བགྱིད་པ			does not ask/beg/collect/gather/raise/inspire/excite/arouse/cause to rise/urge on
ཀུན་ནས་སྣང་བ			thoroughly illuminate/appear/shine
ཀུན་ནས་ཞི			thoroughly pacify
ཀུན་ཉོན་མོངས་རྣམ་པར་བྱང			purify thorough afflictions
༅ཀུན་ཉོན་མོངས༏་ཀུན་ནས་ཉོན་མོངས་པ			thoroughly afflicted; afflictive emotion; thorough affliction; affliction
ཀུན་རྫོབ			concealer; conventionality; fraudulence; relative [truth]; conventional; concealing [consciousness]; convention
༅ཀུན་རྫོབ་བདེན་པ༏་ཀུན་རྫོབ་ཀྱི་བདེན་པ			conventional truth; obscurational truth; truth-for-a-concealer; concealer-truth; relative truth; truth-for-an-obscured-mind; obscured truth; truth-for-an-obscured-awareness; truth for a conventional [mind]
ཀུན་རྫོབ་བྱང་ཆུབ་ཀྱི་སེམས			conventional mind of enlightenment; conventional mind [directed] toward enlightenment
ཀུན་རྫོབ་དང་དོན་དམ་པ			conventional and ultimate
ཀུན་རྫོབ་ཀྱི་བདེན་པ་ཉིད			conventional truth itself; concealer-truth itself
ཀུན་རྫོབ་ཀྱི་རྟོག་པ			conventional conception; conventional conceptual consciousness; conceptual consciousness of a conventionality
ཀུན་རྫོབ་ལ་ལྟོས་པའི་ཞི་མཐའ			extreme of peace relative to the conventional
ཀུན་རྫོབ་ལས་བཟློག་པ་དོན་དམ་པའི་ངོ་བོ་ཉིད			emptiness that is the ultimate nature which is the opposite of conventionalities
ཀུན་རྫོབ་ཉིད			just a conventionality
ཀུན་རྫོབ་པའི་ཆོས་ཅན			conventional subjects
ཀུན་རྫོབ་སེམས་བསྐྱེད			conventional mind generation; conventional mind-generation
ཀུན་རྫོབ་ཙམ			mere conventionalities
ཀུན་རྫོབ་ཏུ			conventionally
ཀུན་རྫོབ་ཏུ་བརྗོད			expressed as conventionalities; conventionally express/verbalize
ཀུན་རྫོབ་ཏུ་ཡོད་པ			conventionally exist/existence/existent
༅ཀུན་རྫོབ༏་ཐ་སྙད			convention
༅ཀུན་རྫོབ། ཐ་སྙད			convention
ཀུན་རྫོགས			thorough fulfillment/completion/finishing
༅ཀུན་རྟོག༏་ཀུན་ཏུ་རྟོག་པ			ideation; comprehensive imagination; comprehensive construction
ཀུན་རྟོགས་པ			thoroughly realize; realize all
ཀུན་སྦྱོང་བ			thorough purification/cleansing/washing/practicing/training/cleaning
༅ཀུན་སྦྱོར༏་ཀུན་ཏུ་སྦྱོར་བ			thorough enwrapment
ཀུན་ཤེས			knower of all
ཀུན་ཤེས་ཉིད			knowledge of all
ཀུན་ཤེས་པ་དང་ལྡན་པ			endowed with all-knowingness
༅ཀུན་ཤེས་པ༏་ཀུན་ཤེས			all-knowingness
༅ཀུན་ཤེས༏་ཀུན་ཤེས་པ			all-knowingness
ཀུན་སློང			motivation
ཀུན་སློང་བ་དང་བཅས་པའི་ངག་གིས			through speech together with motivation
༅ཀུན་སོང༏་ཀུན་ཏུ་སོང༏་ཀུན་ཏུ་སོང་བ			gone everywhere; omnipresent; all-pervasive
ཀུན་སྤྱོད			behavior; habit; life-style
ཀུན་ཚོལ་བ			thorough investigation/examination/search
ཀུན་ཏུ			in all ways; everywhere; always; at all times; in every way; entirely; thoroughly; completely; wholly; totally
ཀུན་ཏུ་འབྱིན			issue forth
༅ཀུན་ཏུ་འབྱུང་བ༏་ཀུན་འབྱུང			origination; origin; arising; source
ཀུན་ཏུ་འདྲེན་པ			thoroughly lead
ཀུན་ཏུ་འདྲེས་པ			thoroughly mixed/conflated/blended
ཀུན་ཏུ་འཛིན་པ			thorough grasping; thorough apprehension
ཀུན་ཏུ་འཇོམས་པ			thoroughly conquered; thoroughly destroyed; thoroughly wrecked
ཀུན་ཏུ་འཇུག			engagement in all
ཀུན་ཏུ་འཁྲུགས་པ			thoroughly disturbed
ཀུན་ཏུ་འོད			Completely Radiant
ཀུན་ཏུ་བཅོམ་དཀར་པོའི་ཆོས་རྣམས			all-conquering wholesome doctrines/practices
ཀུན་ཏུ་བསག			thoroughly accumulate/collect
ཀུན་ཏུ་བསགས			thoroughly accumulate/collect
ཀུན་ཏུ་བསགས་པ			thoroughly accumulated/collected
ཀུན་ཏུ་བསྐྱེད་པ			production; arising; generation; engendering
ཀུན་ཏུ་བསྐྱོད			thoroughly move; completely cause to go
ཀུན་ཏུ་བསྲུང་བར་བྱེད་པ			thoroughly protect/guard/keep/safeguard/maintain/preserve [e.g., vows and pledges]
ཀུན་ཏུ་བསྟན་པ			thoroughly teach; thoroughly show; thoroughly demonstrate; thoroughly reveal; thoroughly disclose
ཀུན་ཏུ་བཙལ			thoroughly seek/ search/ examine/ analyze/ investigate
༅ཀུན་ཏུ་བཟང་པོ༏་ཀུན་བཟང			Samantabhadra [p.n. of a Bodhisattva]; thoroughly good; the thoroughly good [basic reality]
ཀུན་ཏུ་བཟོད			patience/forbearance/tolerance/endurance in all [situations]; thoroughly patient, etc.
ཀུན་ཏུ་ཆད་པ་དགེ་བའི་རྩ་བ			roots of virtue completely severed/annihilated
ཀུན་ཏུ་དངང་བར་འགྱུར་བ			become thoroughly terrified/fearful/panicked; is terrified/fearful/panicked
ཀུན་ཏུ་གསོག			thoroughly accumulate/collect
ཀུན་ཏུ་གསོགས			thoroughly accumulate/collect
ཀུན་ཏུ་ཁེབས་པར་མཛད་ནས			having completely covered
ཀུན་ཏུ་རྒྱུ་བ			wanderer; moving; wandering
ཀུན་ཏུ་རྒྱུ་སྟེ			move; wander; go
༅ཀུན་ཏུ་རྨོངས་པ༏་ཀུན་རྨོངས༏་ཀུན་རྨོངས་པ			thorough obscuration; ignorance; delusion
ཀུན་ཏུ་རྨོངས་པའི་ས་བོན			seeds of obscuration
ཀུན་ཏུ་རྟོག་པ			conceptuality; thorough conceptualization; imputed; imputational; imaginary; thoroughly [mentally] constructed; imagined
ཀུན་ཏུ་རྟོག་པ་ལས་བྱུང			arisen from conceptuality; arisen from conceptualization; arisen from imputation
ཀུན་ཏུ་རྟོག་པ་ཙམ			imputation-only; conceptualization-only
ཀུན་ཏུ་རྟོགས་པ			thorough realization; thoroughly realize
ཀུན་ཏུ་རྟོགས་པར་བྱ་བ			is to be thoroughly realized; that which is to be thoroughly realized
ཀུན་ཏུ་སྦྱར			thoroughly join together; unite; practice; apply; affix; entanglement; thorough enwrapment
ཀུན་ཏུ་སྦྱོར་བ			thoroughly join together; unite; practice; apply; affix; entanglement; thorough enwrapment
ཀུན་ཏུ་སྦྱོར་བར་བྱེད			thoroughly join together; unite; practice; apply; affix; entanglement; thorough enwrapment
ཀུན་ཏུ་སྡུད་པ			combined; comprised; combination; summary; thorough inclusion; thorough withdrawal; assembling; attraction; comprising; collection; are summed up in
ཀུན་ཏུ་ཤེས			thoroughly know/understand/comprehend
ཀུན་ཏུ་ཤེས་པ			thoroughly know/understand/comprehend
ཀུན་ཏུ་ཤེས་པར་བྱ་བ			that which is to be thoroughly known/understood/comprehended
ཀུན་ཏུ་ཤེས་པར་བྱེད			thoroughly know/understand/comprehend
ཀུན་ཏུ་སྐྲག			thoroughly fear; be terrified; be frightened
ཀུན་ཏུ་སྐྱེད་པར་བྱེད			thoroughly produce; thoroughly generate; thoroughly engender
ཀུན་ཏུ་སྐྱོ་བ			thoroughly despondent; thoroughly sad; thoroughly depressed; pathetic; thoroughly disgusted
ཀུན་ཏུ་སྣང			appears; is beheld; appear bright; thoroughly illuminate
ཀུན་ཏུ་སྣང་བ			thorough illumination
ཀུན་ཏུ་སྣང་བར་བྱས་ནས			having appeared everywhere; having illuminated everywhere
༅ཀུན་ཏུ་སོང༏་ཀུན་སོང༏་ཀུན་ཏུ་སོང་བ			[all-to-go]; all-pervasive; omnipresent; go everywhere
ཀུན་ཏུ་སྤྱོད			thoroughly enjoy; thoroughly make use of; thoroughly partake of
༅ཀུན་ཏུ་སྤྱོད་པ༏་ཀུན་སྤྱོད			enjoyment; usage; behavior; life-style; partaking
ཀུན་ཏུ་སྟོན་པ			thoroughly teach; thoroughly show; thoroughly demonstrate; thoroughly reveal; thoroughly disclose
ཀུན་ཏུ་ཚིམ་པ་སྐྱེ			generate thorough satisfaction
ཀུན་ཏུ་ཞུམ			become thoroughly slack/weak/timid/cowardly
ཀུན་ཏུ་ཞུམ་པ			become thoroughly slack/weak/timid/cowardly
ཀུན་ཏུ་ཞུམ་པར་འགྱུར			become thoroughly slack/weak/timid/cowardly
ཀྱང			but; even; also; however; nevertheless; although
ཀྱེ			[vocative; form of address] O!; hey!
ཀྱེ་མ			alas!
ཀྱེ་མའོ			alas!
ཀྱེ་རྒྱལ་བའི་སྲས་དག་འདི་ལྟ་སྟེ			O Conqueror Children, it is thus:
ཀྱེའི་རྡོ་རྗེ་ཞེས་བྱ་བ་རྒྱུད་ཀྱི་རྒྱལ་པོ			Hevajranāmatantrarāja [title of a Highest Yoga Tantra, P10, vol. 1]
ཀྱི			[as genitive particle] of; by; in; which\n [as non-case particle] and; but; (semi-colon)
ཀྱིས			[as instrumental particle] by; by means of; with; because; through\n [as non-case particle corruptly used in place of the non-case usage of genitive particles] but; and; (semi-colon)
ལ			(1) [accusative, adverbial accusative, dative, and locative particle:] to; as; -ly; in; at; conjunction: and; but; (2) mountain pass
ལ་འུར			quickly
ལ་བརྟེན་ནས			in dependence upon ...
ལ་བཟླ་བ			conclusiveness
ལ་གནས			abide in
ལ་གནས་ནས			having abided in
ལ་ལ			some; several
ལ་ཕུག			the leaves of a big white radish
ལ་སོགས་པ			etc.; and so forth
ལ་ཟློ་བ			[non-conceptual] immersion; total immersion
ལག་ཆ			tool(s)
ལག་མཐིལ			the palm of the hand
ལག་ན་རྡོ་རྗེ			Vajrapāṇi [p.n. of a Tantric deity]  (T)
ལག་ངར			forearm(VM)
ལག་པ			hand; arm; arms
ལག་པ་གཉིས			both hands; both arms
ལག་པའི་མཐིལ			the palm of the hand
ལག་རྗེས			imprint
ལགས			[polite affix to names and titles; term of address or reference]; be; is
ལམ			path; path consciousness; way; road; course;[connective particle:] and; or
ལམ་བདེན			true path; true path(N); truth of the path; true paths
ལམ་བདེན་པ			true paths
ལམ་བདེན་སྟེང་གི་རྣམ་པ་བདུན			seven aspects in terms of true paths
ལམ་བསྒོམ་པ			cultivate/meditate on a path
ལམ་བསྒོམས་པ			cultivate/meditate on a path
ལམ་ཆད་པ			cut off the path
ལམ་ཆོས་བཟོད			doctrinal forbearance with respect to the path
ལམ་ཆོས་ཤེས			doctrinal knowledge with respect to the path
ལམ་གཅོད་པ			cut off the path
ལམ་གསུམ			three paths
ལམ་གྱི་འོད་གསལ			the path clear light
ལམ་གྱི་བདེན			true paths; truth of the path
ལམ་གྱི་བདེན་པ			true path; true paths; truth of the path
ལམ་གྱི་བྱེ་བྲག			particulars of the path
ལམ་གྱི་དམ་པ			excellent path; highest path
ལམ་གྱི་དགག་བྱ			object of negation by the path(N)
ལམ་གྱི་དམིགས་པ་ཡིན་པ			is an object of observation of the path
ལམ་གྱི་དམིགས་པའི་སྟོང་པ་ཉིད			emptiness that is the object observed by the path
ལམ་གྱི་རང་བཞིན			nature of the path; inherent existence of the path
ལམ་གྱི་རྒྱུན་བཅད			severing/cutting the continuum of the path
ལམ་གྱི་རྣམ་པ་ཤེས་པ་ཉིད			knowledge of the path; cognition of the path
ལམ་གྱི་རྣམ་པ་ཐམས་ཅད			all types of paths
ལམ་གྱི་སྒྲིབ་པ			obstructions of the path
ལམ་གྱི་སྐུ་གསུམ			the three path bodies
ལམ་གྱི་ཚོགས་སྒྲུབ			achieving through the collection of the [Great Vehicle] paths [of seeing and meditation]
ལམ་གྱི་ཡན་ལག			branch(es) of the path
ལམ་གྱི་ཡན་ལག་རྣམ་པར་བརྒྱད			eight branches of the path
ལམ་གྱིས			suddenly; momentarily; immediately
ལམ་ཀ			one on the/a path
ལམ་ཁ			road
ལམ་ལོག་པར་མཆིས་པ			mistaken path; is a mistaken path
ལམ་ལོག་པར་ཞུགས་པ			enter on a mistaken path
ལམ་མ་ཡིན་པ			non-path
ལམ་མིན			non-path; not a path
ལམ་མྱུར་བའི་ཁྱད་པར			the feature of greater speed in the path
ལམ་པོ་ཆེ			great path; great road
ལམ་པོ་ཆེ་ལྟ་བུའི་སེམས་བསྐྱེད			mind-generation like highway
ལམ་རྒྱུན་མི་གཅོད་པ			not severed/cut the continuum of the path
ལམ་རིམ			stages of the path(N)
ལམ་རྗེས་བཟོད			subsequent forbearance with respect to the path
ལམ་རྗེས་ཤེས			subsequent knowledge with respect to the path; subsequent cognizer of the path(Gön-chok)
ལམ་རྣམ་པ་གཉིས			two kinds of paths
ལམ་སྒྲོན			Atāśa's Lamp for the Path to Enlightenment
ལམ་ཤེར་ཕྱིན			path perfection of wisdom mārgamūtaprajñāpāramitā
ལམ་ཤེས			knower of paths; path consciousness
ལམ་ཤེས་ཀྱི་ཡན་ལག			limbs of knowers of paths
ལམ་ཤེས་ཉིད			knower of paths; path consciousness; knowledge of paths
ལམ་ཤེས་པ་དང་ཡོངས་སུ་བྱང་བ་ཤེས་པ			path consciousness and completely purified consciousness
ལམ་ཤེས་སྦྱོར་བ			training in a knower of paths
ལམ་ཤེས་སྦྱོར་བའི་ངོ་བོ་ཉིད་ལྔ			five essentials of a training in a knower of paths
ལམ་ཤེས་སྦྱོར་བའི་ཤེས་མཚན			knowledge characteristic of a training in a knower of paths
ལམ་སྤྱད་པ			practice the path
ལམ་སྟེ			suddenly; momentarily; immediately
ལམ་ཐུན་མོང			common path; shared path
ལམ་ཞུགས			one who has entered the path
ལན			answer; repayment; reply; times; time
ལན་འདེབས			give an answer; answers given
ལན་འདེབས་པ			answer; give an answer; answer given
ལན་བཏབ			answers given(BJ 41.4)
ལན་བྱ་བའི་ཕྱིར			because of answering; in order to answer
ལན་བྱེད			reply; answer
ལན་ཅིག			one time
ལན་ཅིག་མ་ཡིན			not just once
ལན་ཅིག་མ་ཡིན་པ			not just once
ལན་དོན་དུ་གཉེར་བ			seek an answer
ལན་དུ་ཕན་འདོགས་པ			refute; solution; avoid; repel; exclude
ལན་དུ་ཕན་འདོགས་ཡིན			refute; solution; avoid; repel; exclude
ལན་གཅིག་ཕྱིར་འོང			Once Returner
ལན་གདབ་པ			give an answer; answers given
ལན་མང་དུ་བྱེད་པ་དང་ལྡན་པ			do many times; perform many times
ལན་མང་པོ			many times
ལན་མཛད			give an answer(BJ 34.7)
ལན་མངོན་པར་མི་འདོད་པ			not wish to directly answer
ལན་ཚ			salt
ལན་ཚ་བ			salty(D1)
ལན་ཚྭ་བ			salty
ལན་ཏུ་སྟོན་པས			in answer [to this question], the Teacher said: ...(Jang 278)
ལང			cow
ལང་འཚོ			youth
ལང་གི་རྗེས			cow's footprint
ལང་ཀར་གཤེགས་པ			The Descent into Laṅkā Sūtra, P. 775, vol. 29
ལང་ཀར་གཤེགས་པའི་མདོ			The Descent into Laṅkā Sūtra, P. 775, vol. 29
ལང་ཚོ			youth
ལས			action; karma
ལས			action; act; deed; predisposition (established by a deed); work; [ablative particle:] from; by reason of; having [done something]; activities
ལས་འབྲས			effects of actions; effect(s) of action(s); action(s) and effect(s)
ལས་འདས་པ			pass beyond; transcend
ལས་བདག་གིར་བྱ་བ			one's object of action
ལས་བརྩམས་ཏེ			beginning with
ལས་བརྩམས་ཞིང			beginning with
ལས་བྱས་པ			perform actions; do
ལས་བྱེད			perform actions; do
ལས་བྱེད་པ			perform actions; do
ལས་བྱེད་པའི་མི			agent; doer
ལས་བྱུང་བ			arisen from; arises from; occurs due to; practice (of)
ལས་ཅན			having action/karma; active
ལས་དང་ངོ་བོ་ཉིད་ཀྱིས			through action and entity; by way of action and entity
ལས་དང་པོ་བ			[deed-first-done]; a beginner; novice
ལས་དང་པོ་བ་ཙམ་གྱི་ཡིད་བྱེད			mental contemplation of a mere beginner
ལས་དང་པོ་པ			[deed-first-done]; beginner
ལས་དང་པོ་པ་ཙམ་གྱི་ཡིད་བྱེད			mental contemplation of a mere beginner
ལས་དང་པོ་པའི་རྣལ་འབྱོར་པ			yogi who is a beginner
ལས་གསུམ་རྣམ་པར་དག			purity of the three actions; three pure actions (T)
ལས་གཞན་མི་བྱེད			not become other than; non-transformation; non-alteration
ལས་ཀ			work
ལས་ཁུངས			office
ལས་ཀྱང་ཡོད་ལས་ཀྱི་རྣམ་པར་སྨིན་པ་ཡང་ཡོད་ཀྱི			even though actions exist, the fruitions of actions also exist
ལས་ཀྱི་དབང་གིས			by the power of actions/karma
ལས་ཀྱི་དབང་གིས་འདོད་པའི་གནས་སུ་སྐྱེ་བ			arise as abiding of desire through the power of actions/karma
ལས་ཀྱི་དབྱེ་བ			divisions of action/karma; karmic distinctions
ལས་ཀྱི་དོར			discarding of action/karma; casting out of action/karma
ལས་ཀྱི་གནས			abode/place of action/karma
ལས་ཀྱི་ཁྱད་པར			attribute of action; feature of action
ལས་ཀྱི་ལམ			path of action
ལས་ཀྱི་མཐའ			extreme of action; limit of action
ལས་ཀྱི་ཕྱག་རྒྱ			action seal
ལས་ཀྱི་རྣམ་པར་སྨིན་པ			fruition of actions/karma; ripening of actions/karma
ལས་ཀྱི་རྣམ་པར་སྨིན་པ་མཚུངས་པ			similar fruition of karma
ལས་ཀྱི་སྒྲིབ་པ			obstructions of actions; karmic obstructions
ལས་ཀྱི་སྙིང་པོ་ཅན			having the essence of action
ལས་ཀྱིས་བྱས་པ			made by action/karma; produced by action/karma
ལས་ལ་དབང་བ			power over action  (T)
ལས་ལམ			path of actions(N)
ལས་ལྡོག་ཅིང			reversed from; opposite from; desist from
ལས་ལོག་པ			opposite from
ལས་མཚན་ཉིད་སྒྲུབ་དགོས			must achieve the characteristic of action  (T)
ལས་ནི་ངོ་བོ་སྣ་ཚོགས་པ			action has various entities  (T)
ལས་ཉིད་པ			activeness; karmic
ལས་ཕུན་སུམ་ཚོགས་པ			perfect action; marvellous action; complete action
ལས་ཕྱིར་ཟློག			turn one's back on ...; turn away from ...
ལས་རྒྱ			Action Seal
ལས་རྒྱལ་མཆོག			supreme king of actions
ལས་རིང་དུ་གྱུར་པ			is far from
ལས་རྣམ་གསུམ་པོ			three types of action/karma
ལས་རྣམ་པ་དྲུག་གི་དོན			meaning of the six types of action  (T)
ལས་སྒྲིབ			karmic obstruction
ལས་སླ་པོ			easy
ལས་སྣང་དག་པ			pure karma and perception
ལས་སུ་བྱ་བ			object
ལས་སུ་བྱ་བའི་སྒྲ			accusative case
ལས་སུ་རུང			be serviceable; become serviceable
ལས་སུ་རུང་བ			be serviceable; become serviceable
ལས་སུ་རུང་བ་ཉིད			serviceability
ལས་སུ་རུང་ནས			... having become serviceable ...
ལས་ཚོགས			collections of activities
ལས་ཡང་དག་པར་འདས་པ			pass completely beyond; completely transcend
ལས་ཡོངས་སུ་སྦྱོང་བ			thoroughly purify actions/karma
ལས་ཞིག་པའི་ཞིག་པ			the state of disintegration which is an action's having disintegrated
ལྦ་བ			goiter
ལྕ་བ			a leaf called "ja-wa"
ལྕགས			iron
ལྕགས་ཀྱི་རི			iron mountains
ལྕགས་ཀྱི་ཤལ་མ་ལ			iron hell-trees
ལྕགས་ཀྱི་ཤིང་ཤལ་མ་ལི			Iron Grater
ལྕགས་མདའ་ལྕགས་གཞུ			steel bow and steel arrow (an epithet of Tsong-kha-pa's Essence of Eloquence, legs bshad snying po)
ལྕགས་རི			fence
ལྕགས་སྒྲོག			shackle
ལྕམ་པ			a plant with a big red flower
ལྕང་མ			tree
ལྕང་སྐྱ་རོལ་པའི་རྡོ་རྗེ			Jang-kya-rol-pay-dor-jay (1717-1786), a prolific Mongolian Ge-lug-pa scholar
ལྕེ			tongue
ལྕེ་ཤེས			tongue-consciousness; tongue consciousness
ལྕེ་ཤེས་ཀྱི་མྱོང་བྱ			apprehended object of a tongue-consciousness(D1)\n (T)object experienced by a tongue-consciousness
ལྕེའི་དབང་པོ			tongue sense; tongue sense-power
ལྕེའི་རྣམ་པར་ཤེས་པ			tongue-consciousness; tongue consciousness
ལྕེའི་རྣམ་ཤེས			tongue consciousness
ལྕི་བ			heaviness; heavy;\n teacher; weighty; deep
ལྕིད			heavy
ལྡན			possessing; having; possessor; endowed with
ལྡན་མིན			nonassociated
ལྡན་མིན་འདུ་བྱེད			nonassociated compositional factor; non-associated compositional factor
ལྡན་མིན་འདུ་བྱེད་དུ་གྱུར་པའི་ལྡོག་པ་རིགས་གཅིག་པ			non-associated compositional factors which are the same isolate type
ལྡན་མིན་འདུ་བྱེད་དུ་གྱུར་པའི་རྫས་རིགས་གཅིག་པ			non-associated compositional factors which are the same type of substantial entity
ལྡན་པ			possessing; having; possessor; endowed with; conjunction; association
ལྡན་པར			possessing; having
ལྡན་པར་འགྱུར་ཏེ			become connected with
ལྡན་པས			possessing; having
ལྡང			rise up; get up; flow; suffice
ལྡང་འཇུག་གནས་གསུམ་གྱི་གདངས			the tones of the three; exhalation, inhalation, and retention
ལྡང་བ			rise up; get up; flow; suffice
ལྡང་བ་མ་མཆིས་པ			not rise up/get up/flow/suffice
ལྡང་བའི་ཐབས			method of rising/getting up
ལྡེ			god; deity
ལྡེ་མིག			key
ལྡེའུ་མིག			key
ལྡེམ་དགོངས			indirect intention
ལྡེམ་དགོངས་བཞི			four indirect intentions
ལྡེམ་པོ་དག་གིས			by way of intentional speech
ལྡེམ་པོ་ངག			parable; allegory; hidden intention; object; meaning; deceive
༅ལྡེམ་པོར་དགོངས་པ། ལྡེམ་དགོངས			intention; hidden intention; indirect intention
ལྡིར			to bulge(D2)
ལྡོག			reverse; cease; turn around; isolate; eliminate; reversed
ལྡོག་ཆ			isolate factor
ལྡོག་ཆ་ནས			in isolation
ལྡོག་ཆས་ཕྱེ་བ			differentiated by way of conceptually isolatable factors
ལྡོག་ཆས་ཕྱེ་བ་ཙམ་མ་གཏོགས			except for being merely distinguished by the isolate factor ...(PGP 70)
ལྡོག་ཆོས			isolate phenomenon
ལྡོག་ཆོས་དང་པོ་གསུམ			first three isolate phenomena
ལྡོག་ཆོས་ཕུང་སུམ་ཙམ་པོ་བ			isolate phenomenon that is a mere third possibility; isolate-phenomenon-of-the-third-type
ལྡོག་ཆོས་ཕུང་སུམ་ཙམ་པོ་བའི་རྗེས་མཐུན			concordance with an isolate phenomenon that is a mere third possibility; similitude-of-isolate-phenomenon-of-the-third-type
ལྡོག་ཁྱབ			counterpervasion; reverse pervasion;
ལྡོག་ཁྱབ་ཕྱིན་ཅི་ལོག			perverse reverse pervasion/entailment
ལྡོག་ཁྱབ་རྣལ་མ			proper/correct reverse pervasion/entailment
ལྡོག་པ			isolate; conceptually isolatable phenomenon
ལྡོག་པ་རིགས་གཅིག			one isolate type
ལྡོག་པ་རིགས་གཅིག་པ			same isolate type
ལྡོག་པ་རིགས་མི་འདྲ་བ			dissimilar isolate types
ལྡོག་པ་རིགས་མཐུན་པ			concordant isolate type(LG 30.3)
ལྡོག་པ་ཐ་དད			different isolates
ལྡོག་པའི་ཕྱིར་དུ			in order to eliminate(LG)
ལྡོག་པར་འགྱུར་རབ་ཏུ་བསྐོར་བར་འགྱུར་རོ			turn away from; change; eliminate; reverse; isolate
ལྡོག་པར་འགྱུར་རོ			turn away from; change; eliminate; reverse; isolate
ལེ་ལོ			laziness
ལེ་ལོ་ཅན			one who is lazy; lazy
ལེ་ལོ་མེད་པ			non-laziness; not lazy
ལེ་ལོའི་སྒྲིབ་པ			obstruction of laziness
ལེའུ			chapter
ལེའུ་གཞུང་ཚད			number of chapters
ལེའུ་སྟེ་དང་པོ			first chapter
ལེའུར་བཅད་པ			chapter; section
ལེགས			good; well; beautiful; proper
ལེགས་འཁྲུངས			well-born
ལེགས་བཅོས་མ་བྱས			well-fabricated
ལེགས་བརྩོན			good endeavor; proper endeavor; strive well; suitable
ལེགས་བཤད			eloquence; well explained; good explanation
ལེགས་བཤད་གསེར་གྱི་ཕྲེང་བ			Dzong-ka-ba's Golden Rosary of Good Explanation, P. 6150, vol. 154
ལེགས་བཤད་པ			good explanation(s); well explained
ལེགས་བཤད་སྙིང་པོ			Dzong-ka-ba's Essence of the Good Explanations
ལེགས་ཆོས			good doctrine; beautiful doctrine
ལེགས་གྲུབ་ཀྱི་རྒྱུད			Susiddhi Tantra
ལེགས་ལྡན་འབྱེད			Bhāvaviveka; Bhāva [p.n. of the philosopher who founded the Svātrantika-Mādhyamika school]
ལེགས་ལྡན་ཆུང་བ			Bhāvaviveka the Lesser [p.n.]
ལེགས་མཚོ			good ocean; beautiful ocean
ལེགས་པ			beautiful; eloquent; good; well; proper; excellent; efficient?
ལེགས་པ་དྲུག་དང་ལྡན་པ			one who possesses the six goodnesses
ལེགས་པའི་བློ་གྲོས			good intelligence; Eminent; Good Intelligence (ninth bodhisattva ground)
ལེགས་པར			well; good; proper(ly); beautiful(ly)
ལེགས་པར་འབྱེས་པ			beautifully defined
ལེགས་པར་འདོམས			good advice; advise well; counsel well; good counsel
ལེགས་པར་བཅོས་ལེགས་བྱས			well-fabricated
ལེགས་པར་བརྒྱན་པ			well-adorned; beautifully adorned
ལེགས་པར་བརྗོད་པ			well-expressed
ལེགས་པར་བརྟགས			well analyzed; well invesigated; properly designated
ལེགས་པར་བསམས་པ			well-thought; good thought; proper thought
ལེགས་པར་བཤད			well explained; good explanation(s)
ལེགས་པར་བཤད་པ			well explained; good explanation(s)
ལེགས་པར་བཤམས			good layout; proper layout; well arranged
ལེགས་པར་བསླབས་པ			well-learned; learn well
ལེགས་པར་བསྔགས་པ			well-praised; properly praised
ལེགས་པར་བསྟན་པ			well-taught; good teaching; proper teaching; well/properly indicated
ལེགས་པར་བྱ་བ			well done
ལེགས་པར་བྱས་པ			well-done
ལེགས་པར་བཟུང			well apprehended; well-grasped
ལེགས་པར་གནས			abide well; abide properly; good place
ལེགས་པར་གྲུབ			well-established; properly established
ལེགས་པར་གྲུབ་པ			well-established; properly established; well established; well confirmed
ལེགས་པར་གསུངས་པ			well said; well spoken; good speech; good talk
ལེགས་པར་མཉམ་པར་བཞག་པ			proper meditative equipoise; good meditative equipoise
ལེགས་པར་ཕྱེ་བ			differentiate well(BJ 30.5)
ལེགས་པར་ཕྱེ་བའི་ཆོས་འཁོར			wheel of doctrine of good differentiations
ལེགས་པར་རྫོགས་པ			well perfected/completed/fulfilled/terminated
ལེགས་པར་རྣམ་པར་ཕྱེ་བ་དང་ལྡན་པ			possessed of good differentiation
ལེགས་པར་རྣམ་པར་ཕྱེ་བའི་ཆོས་འཁོར			a wheel of doctrine of good differentiation(BJ 30.5)
ལེགས་པར་རྣམ་པར་རྟོགས་པ			understand well; well-understood; well-realized
ལེགས་པར་རྙེད་པ			well found; properly found; well gained; properly gained; properly obtained
ལེགས་པར་རྟོགས་པར			well-realized; well-understood
ལེགས་པར་རྟོགས་པར་བྱེད་པ			well-realized; well-understood
ལེགས་པར་སྦྱངས་པ			well purified/washed/practiced/trained/cleansed/cleaned
ལེགས་པར་ཤེས			well cognized; know well; proper knowledge; good consciousness
ལེགས་པར་སྐྱེས་པ			well-born; well-produced
ལེགས་པར་སྨིན་པར་བྱེད་པ			properly bring to fruition; well-ripened
ལེགས་པར་སྨྲ་བ			well-propounded; propound well/properly; good proponent
ལེགས་པར་སྤྱོད་པ			good deeds; good performance; practice well
ལེགས་པར་སྟོན་པ			well-taught; good teaching; proper teaching; well/properly indicated
ལེགས་པར་སྟོན་པ་ཉིད			well-taught; good teaching; proper teaching; well/properly indicated
ལེགས་པར་ཐོས			hear well; hear properly
ལེགས་པར་ཚུལ་བཞིན			properly; correctly
ལེགས་པར་ཡིད་ལ་བྱ་བ་བྱས་པ་ཡིན་ཏེ			well mentally contemplated; good/proper mental contemplation
ལེགས་པར་ཡོངས་སུ་གཏད་པ			good aim; proper aim
ལེགས་པར་ཟིན་པ			well apprehended; well-grasped
ལེགས་ཕྱེ			good distinction
ལེགས་སམ་སྙམ་སྟེ			I think that [X] is good(LG)
ལེགས་སོ			good!; well-done!
ལེགས་སོ་ལེགས་སོ			good, good!; well-done!
ལེགས་སོ་ཞེས་བྱ་བ་བྱིན			give [approval]: "Good!"
ལེགས་སུ་གྲུབ			well-established; properly established
ལེན			take; obtain; appropriate; appropriating; accept; grasping
ལེན་དང་སྤོང་བ			appropriating and abandoning
ལེན་གྱི་འཆིང་བ			assumption
ལེན་པ			grasping; take; obtain; appropriate; appropriating; accept
ལེན་པ་དང་སྤོང་བ			appropriating and abandoning
ལེན་པ་མེད་པ			non-appropriation; non-appropriating; non-grasping; not taking
ལེན་པ་མེད་པར་ཟག་པ་རྣམས་ལས			from contaminations without appropriation
ལེན་པ་པོ			appropriator; grasper
ལེན་པའི་རྣམ་པར་ཤེས་པ			appropriating consciousness
ལེན་པར་བགྱིད་པ			appropriate; grasp; take; obtain; accept
ལེན་པར་བྱེད			appropriate; grasp; take; obtain; accept
ལྷ			deity; god; divinity; goddess
ལྷ་བླ་མ་རྗེས་སུ་དྲན་པ			recollection of deities and gurus
ལྷ་དང་མི			gods and men; gods and humans
ལྷ་དབང			sovereign of gods
ལྷ་དབང་བློ			Devendrabuddhi; Devendrabuddhi (a student of Dharmakīrti)
ལྷ་དྲན་ཐེབས་གཅིག			one session of being mindful of the deity
ལྷ་དྲུག་གི་སྒོ་ནས་རང་ལྷར་བསྐྱེད་པ			generating oneself as a deity by way of the six deities
ལྷ་ལྷ			clear; distinct; vibrant
ལྷ་མ་ཡིན			[god-not-be]; demigod
ལྷ་མ་ཡིན་པའི་རྟེན་ཅན་གྱི་སོ་སོའི་སྐྱེ་བོ			ordinary beings with the basis of demi-gods; common being having the basis of a demigod
ལྷ་མེད་པ			non-theistic
ལྷ་མིན			demigod
ལྷ་མོ			goddess; queen; golden
ལྷ་ས			Lhasa; capital of Tibet
ལྷ་ས་བ			Lhasan; person from Lhasa
ལྷ་སྐུ་སྒོམ་པ			meditation on the divine body
ལྷ་སྲུང			god-protector spirit
ལྷ་ཡི			divine; of god
ལྷའི			divine; of god(s)
ལྷའི་བསྙེན་པ			divine approximation
ལྷའི་བུའི་བདུད			god-child demon
ལྷའི་མིག			divine eye
ལྷའི་ང་རྒྱལ			divine pride; pride of being a/the deity
ལྷའི་ངར་རྒྱལ			divine pride; pride of being a/the deity
ལྷའི་རྣལ་འབྱོར			deity yoga
ལྷའི་རྟེན་ཅན་གྱི་སོ་སོའི་སྐྱེ་བོ			common being having the basis of a god
ལྷག			[an intensifier:] special; surpassing; exceeding; beyond; more; surpassing; superior; unusual; remaining; greater than
ལྷག་བཅས་ལྷག་མེད་མྱང་འདས			nirvāṇas with and without remainder
ལྷག་བཅས་མྱང་འདས			nirvāṇa with remainder; nirvana with remainder
ལྷག་བསམ			special pure attitude; unusual attitude
ལྷག་བསམ་དག་པ			special pure thought; special pure attitude
ལྷག་བསམ་དག་པའི་སེམས་བསྐྱེད			mind-generation of special pure thought
ལྷག་བསམ་པ་དག་པ			pure unusual attitude
ལྷག་ཆགས་པ་མེད་པ			no special attachment
ལྷག་ཅིག་རྗེས་སུ་འཇུག་པ			functions together with(S 36)
ལྷག་གཅས་མྱང་འདས			nirvana with remainder
ལྷག་ལྡན			with remainder
ལྷག་ལྡན་གྱི་མ་ངེས་པའི་གཏན་ཚིགས			indefinite reason having remainder
ལྷག་མ			remainder; remaining; remnant
ལྷག་མ་དང་བཅས་པ			having a remainder; with remainder
ལྷག་མ་གང་ཡང་རུང་བ			any of the remaining ...
ལྷག་མ་གང་ཡང་ཡིན་པ་དེ			what is left over(BJ 61.3)
ལྷག་མ་ལུས་པ			remainder left over(N)
ལྷག་མ་མ་ལུས་པ			without remainder; completely(N)
ལྷག་མ་མེད་པ			without remainder; completely
ལྷག་མེད་མྱང་འདས			nirvāṇa without remainder; nirvana without remainder; remainderless nirvana
ལྷག་མིན			without remainder
ལྷག་མོས			special imagination/belief/faith/interest/inclination towards/zeal/keenness
ལྷག་མཐོང			[exceeding-see]; special insight
ལྷག་མཐོང་གི་ཚོགས་སྒྲུབ			achieving through the collection of special insight
ལྷག་མཐོང་ལྡན་གྱུར་པ			one with special insight; one who has special insight
ལྷག་པ			higher; special; surpassing; exceeding; beyond; more; superior; unusual; Wednesday [short for gza' lhag pa]
ལྷག་པ་མེད་པ			without remainder; not special; not unusual
ལྷག་པ་ཤེས་རབ་ཀྱི་བསླབ་པ			trainings in higher wisdom
ལྷག་པ་ཚུལ་ཁྲིམས			higher ethics
ལྷག་པ་ཡི་ས			higher level/ground; superior level
ལྷག་པའི་བསམ་དག་པ			(one who has) the pure unusual attitude
ལྷག་པའི་བསམ་པ			unusual attitude
ལྷག་པའི་བསམ་པ་དག་པ			(one who has) the pure unusual attitude
ལྷག་པའི་བསམ་པ་དག་པའི་ས			level/ground of the pure unusual attitude
ལྷག་པའི་བསམ་པ་རྣམ་པར་དག་པའི་ས			level/ground of the pure unusual attitude
ལྷག་པའི་བསམ་པ་ཞན་པ			weak with respect to the unusual attitude
ལྷག་པའི་ཁྲིམས་སོགས་སློབ་པ་ལ་སྦྱོར་བ			application at training in higher ethics and so forth
ལྷག་པའི་ལྷ			special deity
ལྷག་པའི་མོས་པ			special imagination/belief/faith/interest/inclination towards/zeal/keenness
ལྷག་པའི་ང་རྒྱལ			exceeding pride
ལྷག་པའི་ང་རྒྱལ་ཅན			very proud; unusually conceited
ལྷག་པའི་སེམས			higher meditative stabilization; higher thought; unusual mind
ལྷག་པའི་ཤེས་རབ			higher wisdom
ལྷག་པའི་ཏིང་ངེ་འཛིན			higher meditative stabilization(N)
ལྷག་པའི་ཚུལ་ཁྲིམས			higher ethics
ལྷག་པར			specially [as an adverb]; unusual(ly); superior
ལྷག་པར་འཚེ་བ་མེད			special non-harmfulness; especially non-harmful
ལྷག་པར་ཆགས་པ			unusually attached to
ལྷག་པར་ཆགས་པ་དང་ལྡན			having unusual attachment for
ལྷག་པར་དགའ་བ			unusually happy
ལྷག་པར་དམིགས་པ			special object of observation; superior observation
ལྷག་པར་མོས་པ			surpassingly intent
ལྷག་པར་ཞེན་པ			especially determined; special adherence
ལྷམ་གོག			shoes
ལྷམ་མེ			blazing
ལྷམ་མེ་བརྗིད			blazing brightly(DASI 522.2)
ལྷམ་མེའོ			blazing
ལྷམ་པ			polygon; square
ལྷན་ཅིག			together
ལྷན་ཅིག་བྱེད་འབྲས			cooperative effect
ལྷན་ཅིག་བྱེད་རྐྱེན			cooperative condition
ལྷན་ཅིག་བྱེད་རྐྱེན			cooperative condition
ལྷན་ཅིག་བྱུང			co-arisen; arise together
ལྷན་ཅིག་བྱུང་བའི་རྒྱུ			co-arisen cause
ལྷན་ཅིག་དམིགས་ངེས			simultaneous certification; simultaneous observation
ལྷན་ཅིག་གནས་པ			abide together
ལྷན་ཅིག་གནས་པར་འགྱུར་བ			abide together
ལྷན་ཅིག་མི་གནས་འགལ			not abiding together; contradictory in the sense of not abiding together
ལྷན་ཅིག་སྐྱེས་པ			[together-with-born]; innate; inborn; natural
ལྷན་ཅིག་སྐྱེས་པའི་གནས་ངན་ལེན			innate bad states; (T) taking up bad innate states
ལྷན་ཅིག་ཏུ			together; together with
ལྷན་གཅིག			together; together with; all together
ལྷན་གཅིག་མི་གནས་འགལ			contradictories not abiding together
ལྷན་རྐྱེས་ཀྱི་དགའ་བ			innate joy
ལྷན་སྐྱེས			[together-with-born]; innate; inborn; natural
ལྷན་སྐྱེས་ཀྱི་དྲི			natural odor
ལྷན་སྐྱེས་ཀྱི་རྩ་བའི་ཁ་དོག			natural primary color
ལྷང་ལྷང			clear sound; distinct sound
ལྷར་བཅས			theistic
ལྷར་བཅས་པ			theistic
ལྷས་སྦྱིན			Devadatta
༅ལྷོ་འཛམ་བུ་གླིང༏་འཛམ་གླིང			the southern continent of Jambudvīpa; the Indian subcontinent; the world
ལྷོད			loosen
ལྷོད་ལྷོད			relaxed
ལྷོད་པ			loosen; loose
ལྷུག་པ			pour out
ལྷུག་པར			amply; liberally; abundantly
ལྷུམས			womb
ལྷུམས་སུ་ཞུགས་པ			entering the womb
ལྷུན			aggregate
ལྷུན་གྲུབ་པ			spontaneity; spontaneously
ལྷུན་གྲུབ་པར་བཟོད་པ་འཐོབ			spontaneously attain forbearance
ལྷུན་གྲུབ་ཏུ			spontaneously
ལྷུན་གྲུབ་ཏུ་འཇུག་པ			spontaneously engaging; spontaneous engagement
༅ལྷུན་གྲུབ༏་ལྷུན་གྱིས་གྲུབ་པ			spontaneity; spontaneously
ལྷུན་གྱིས་གྲུབ་པ			spontaneity; spontaneously; spontaneously established
ལྷུན་གྱིས་གྲུབ་པ་གློ་བུར་རྣམ་དག་གི་ཡོན་ཏན			spontaneously accomplished qualities of purity from adventitious [defilements]
ལྷུན་གྱིས་གྲུབ་པར་བཟོད་པ་འཐོབ			spontaneously attain forbearance
ལྷུན་པོ			Meru; Mt. Meru [the mountain said to be at the center of the universe in traditional Buddhist cosmology](D1); a large mountain(D1)
ལྷུང་བ			fall
ལྷུང་བྱེད			cause to fall
ལྷུང་བཟེད			begging bowl; alms bowl
ལྷུར			be intent on something; take responsibility
ལྷུར་ལེན			be intent on something; take responsibility
ལྷུར་ལེན་པ			be intent on something; take responsibility
ལྷུར་མཛད་པས			my intense work (hon.); take responsibility
ལི་ཡུལ			Khotan
ལིང་ངེ་བ			concrete
ལིང་པོ			concrete
ལྗགས			tongue
ལྗགས་ཀློག་གནང			read [hon.]
ལྗན་ལྗིན			defilement; filth; dirt
ལྗང་ཁུ			green
ལྗོན་ཤིང			tree
ལྐོག			obscure; hidden
ལྐོག་གྱུར			hidden phenomenon; hidden; subliminal
ལྐོག་མ			throat; adam's apple??
ལྐོག་ཏུ་མ་གྱུར་པའི་ཆོས			non-hidden phenomenon; non-obscure phenomenon
ལྐུག་པ			dumb; stupid; imbecile; idiot
ལྔ			five
ལྔ་པ			the fifth (T)
ལྔ་པོ			all five (T)
ལྔ་སྡེ་བཟང་པོ			the first five disciples of the Buddha [the five ascetics: Kauṇḍinya, Aśvajit, Vaśpa, and Mahānaman]
ལོ			year; [particle indicating the end of a statement]; leaf; petal (=lo ma)
ལོ་འདབ			leaf
ལོ་གཅིག			one year; a year
ལོ་གསར་མེ་ཏོག			the "new year flower" (lo gsar me tog); a red leaved plant about two feet high also called (mon sne dmar po)
ལོ་ལེགས			good harvest
ལོ་མ			leaf
ལོ་མ་འདོར་ལེན			discarding and appropriating leaves
ལོ་ཏོག			harvest
ལོག			reverse; opposite; wrong; mistaken; unreal; overcome; to return; turn from; return; turn around; be turned upside down; dispose of; ceasing
ལོག་ལྟ			wrong view
ལོག་ཉིད			reversal; wrongness; opposition; returning
ལོག་པ			reverse; opposite; wrong; unreal; overcome; to return; turn from; return; turn around; be turned upside down; dispose of; ceasing; mistaken
ལོག་པ་ངེས་པར་སེལ་བ			definitely eliminate/eradicate/remove/clear away/avoid/exclude error
ལོག་པ་ཉིད			error; wrongness; oppositeness; reversal
ལོག་པ་ཉིད་དུ་ངེས་པ			determined wrongly; definitely in error
ལོག་པའི་ཀུན་རྫོབ			unreal/incorrect conventionality
ལོག་པའི་ཀུན་རྫོབ་བདེན་པ			unreal/incorrect concealer-truth; unreal/incorrect conventional truth
ལོག་པའི་ལམ་ལ་རབ་ཏུ་གནས་པ			thoroughly abiding in a wrongful path
ལོག་པའི་ནན་ཏན			wrongly progress
ལོག་པའི་ང་རྒྱལ			erroneous pride
ལོག་པའི་རྟོག་པ			mistaken conceptions
ལོག་པའི་ཤེས་པ			wrong consciousness
ལོག་པའི་ཚིག			mistaken words
ལོག་པར			wrong; wrongly; mistaken; mistakenly
ལོག་པར་འཛིན་དུ་འཇུག་པ			engage in misapprehension; engage in mistaken apprehension
ལོག་པར་འཛིན་པ			misapprehension(BJ 40.5); mistaken apprehension
ལོག་པར་བསམས་པའི་དོན			object of a mistaken thought
ལོག་པར་བསྒྲུབ			wrongly established; mistakenly established
ལོག་པར་བྱས་པ			done wrongly; made wrongly
ལོག་པར་བཟུང་བར་མི་བྱ			mistakenly apprehend; misapprehend; mistakenly grasp
ལོག་པར་གྱུར་པ			is wrong; is mistaken
ལོག་པར་ལྟ			wrong view
ལོག་པར་ལྟ་བ			wrong view
ལོག་པར་མངོན་པར་ཞེན་པ			mistakenly determined; mistaken adherence; wrong conception
ལོག་པར་མོས་པ			mistaken/wrong/perverse belief/faith/interest/inclination towards/zeal/keenness; believe mistakenly/wrongly/perversely
ལོག་པར་ཉམས་སུ་མྱོང་བ			mistakenly experience; wrongly experience
ལོག་པར་རིག་པ			mistaken awareness; mistaken knowledge
ལོག་པར་རྟོག་པ			wrong idea; wrongly think; mistaken thought; mistaken conceptual consciousness
ལོག་པར་རྟོགས་པ་གསལ་བ			clearing up wrong ideas; eliminating wrong ideas(LG)
ལོག་པར་སྦྱོར			wrongly endeavor/connect/join/apply
ལོག་པར་སྒྲུབ་པ			wrongly established; mistakenly established
ལོག་པར་སྒྲུབ་པའི་དེ་ཁོ་ན			wrongly established suchness; mistakenly established suchness
ལོག་པར་སྣང་བ			wrong appearance; mistaken appearance; appear mistakenly
ལོག་པར་ཡང་དག་ཤེས་པ			misconceive; mistaken consciousness
ལོག་པར་ཞུགས་པ			wrong perspective; wrongly perspected; those who are wrongly perspected; mistakenly engage in; wrongly enter into
ལོག་ཕྱོགས			opposite class
ལོག་རྟོག			wrong conception; misconception; wrong view; perverse conception
ལོག་རྟོག་པ			mistaken conceptual consciousness; mistaken thought
ལོག་རྟོག་སེལ་བའི་མཚན་ཉིད			definition which eliminates wrong ideas
ལོག་སྒྲུབ			wrong achieving
ལོག་ཤེས			mistaken consciousness; wrong consciousness; wrong/mistaken perception; erroneous consciousnesses
ལོག་སུ་འགྲོ			wrongly go
ལོག་སུ་རྗེས་སུ་འབབ			wronlgy descend/flow/fall down/move downward
ལོག་ཞུགས			wrong perspective; wrongly perspected; those who are wrongly perspected(BJ 57.4); mistakenly engage in; wrongly enter into
ལོགས་སུ			separately
ལོགས་སུ་བཀྲལ			differentiate
ལོན་པ			take up; mature; developed; to pass [of time]; to reach; taken up; reached at; arrived at
ལོང			duration; spare time
ལོང་བུ			ankle
ལོང་ཁྲིད			a guide; "leader of the blind"
ལོང་པོ			rising
ལོངས			enjoyment; duration; spare time; take; appropriate; obtain; accept; enjoy
ལོངས་པར་སྤྱོད			resources; enjoyments; usables; enjoyment
ལོངས་རྫོགས			enjoyment; complete enjoyment/resources
ལོངས་སྐུ			Enjoyment Body; Complete Enjoyment Body
ལོངས་སྤྱོད			resources; enjoyments; usables; enjoyment
ལོངས་སྤྱོད་འཕེལ་བར་བྱེད་པ			increase resources/enjoyments
ལོངས་སྤྱོད་བག་ཡོད			conscientiousness with respect to resources/enjoyments
ལོངས་སྤྱོད་བྱ			objects of use
ལོངས་སྤྱོད་ཅན			having resourses
ལོངས་སྤྱོད་ཆགས			attachment to resources/enjoyments
ལོངས་སྤྱོད་ཆེན་པོའི་རིགས་སུ་སྐྱེ་བ			arising in a lineage/family with great resources
ལོངས་སྤྱོད་དག་ལ་མ་ཆགས་པ			not attached to resources/enjoyments
ལོངས་སྤྱོད་ཀུན་རྫོགས			complete/perfect enjoyment; complete/perfect resources
ལོངས་སྤྱོད་ཀུན་ཏུ་སྟོན་པ			teach/ indicate resources  (T)
ལོངས་སྤྱོད་ཀྱི་རྒྱུ་མཚན			cause of resources/enjoyment
ལོངས་སྤྱོད་ཀྱིས་ཕམ			conquered by enjoyments; conquered due to resources ?  (T)
ལོངས་སྤྱོད་ལ་ཆགས་པ			attached to resources/enjoyments
ལོངས་སྤྱོད་ལ་ཀུན་ཏུ་འཛིན་པ་མེད་པ			non-apprehension/grasping for resources/enjoyments
ལོངས་སྤྱོད་ལ་མི་ལྡན			without resources/enjoyments
ལོངས་སྤྱོད་ལ་མི་ལྟ་བ			not viewing resources  (T)
ལོངས་སྤྱོད་མ་ཆགས་བློ			mind that is not attached to resources/enjoyments
ལོངས་སྤྱོད་ཉིད			resources; enjoyment
ལོངས་སྤྱོད་པ			resources; enjoyments; usables
ལོངས་སྤྱོད་ཕུན་སུམ་ཚོགས་པ			complete resources/enjoyments; marvellous resources/enjoyments
ལོངས་སྤྱོད་རྫོགས་པ			complete/perfect enjoyment; complete/perfect resources
ལོངས་སྤྱོད་རྫོགས་པའི་སྐུ			Complete Enjoyment Body; Enjoyment Body
ལོངས་སྤྱོད་རྣམས་ལ་མ་ཆགས་པ			not attached to resources/enjoyments
ལོངས་སྤྱོད་རྣམས་ལ་མངོན་པར་མི་དགའོ			not delighting in resources/enjoyments
ལོངས་སྤྱོད་སྨིན་པར་བྱེད			ripen resources/enjoyments; bring resources/enjoyments to maturation
ལྤགས			skin; hide; bark; name of a river
ལྟ			verb: view; look; see; readnoun: view; false view
ལྟ་བ			view; [bad] view; viewing consciousness; viewer; look; see; read
ལྟ་བ			view; [bad] view
ལྟ་བ་དགའ་བ			take happiness in views; happy view
ལྟ་བ་དྲང་པོར			right view
ལྟ་བ་དྲང་པོར་བྱས་པ			make [one's] views correct
ལྟ་བ་ལ་དགའ་བ			delight in views
ལྟ་བ་མཆོག་འཛིན			misapprehension of a view as supreme; conception of a [bad] view as supreme; misapprehension of the supreme
ལྟ་བ་མཆོག་ཏུ་འཛིན			conception of a [bad] view as supreme
ལྟ་བ་མེད			not view; not look; without views
ལྟ་བ་མེད་པ			not view; not look; without views
ལྟ་བ་མེད་པ་ཡིན			not view; not look; without views
ལྟ་བ་མཐུན་པ			concordant view; concordance with views
ལྟ་བ་ངན་པ			bad view
ལྟ་བ་ཉོན་མོངས་ཅན			afflicted view
ལྟ་བ་ཕྲ་རྟོགས			realize the subtle view
ལྟ་བ་ཕུན་སུམ་ཚོགས་པ			marvellous views; correct views
ལྟ་བ་རྣམ་པ			aspects of views; various views
ལྟ་བ་རྣམ་པར་དག་པ			pure views
ལྟ་བ་རྣམ་པར་སྤྱོད་པ			enjoy views; practice views
ལྟ་བའི་གཉེན་པོ			antidote to views; antidotal view
ལྟ་བའི་གཉེན་པོའི་ཡེ་ཤེས་ཐོབ་པ			obtain the exalted wisdom that is the antidote to views
ལྟ་བའི་མཚན་མ་སེལ་བ			eliminate/eradicate/remove/clear away/avoid/exclude the signs of views
ལྟ་བའི་ཉེས་པ			faults of views; faulty views
ལྟ་བའི་རྣམ་པ			aspects of views; various views
ལྟ་བའི་ཐིབས་པོ			the jungle of views(C)
ལྟ་བར་བྱ			should be viewed as
ལྟ་བར་བྱའོ			you should/will view
ལྟ་བར་བྱེད			view; look
ལྟ་བར་གྱུར་པ			view; look
ལྟ་བར་སོང་བ			move toward views; go toward views
ལྟ་བུ			the likes of; such as; for instance; like
ལྟ་བུ་ཉིད			similarity
ལྟ་ཅི་སྨོས			what is the use to mention
ལྟ་དང་བཅས་པའི་སེམས་ཀྱིས			mind that has views
ལྟ་དང་བྲལ་བ			free from views
ལྟ་ཁྲིད་མུན་སེལ་སྒྲོན་མེ			Kay-drup's Manual of Instructions on the View: Lamp Eliminating the Darkness [Toh. 5499]
ལྟ་ལ་ཅི་སྨོས			how much more; how much less; what need is there to ...
ལྟ་ལ་སྨོས			how much more; how much less; what need is there to ...
ལྟ་ངན་མེད			no bad views
ལྟ་ཤེས་པའི་མི			person who knows how to view
ལྟ་སྨོས་ཀྱང་ཅི			how much more; how much less; what need is there to ...
ལྟ་སྨོས་ཀྱང་ཅི་དགོས			[look-say-even-what-purpose]; what is the need to consider?; what is the use of considering?
ལྟ་ཞོག			[look-set aside]; set aside consideration; no use to consider
ལྟམ་པ			polygon(D1)
ལྟར			like; thus; in accordance with
ལྟར་གྱི			in accordance with
ལྟར་ན			in that case
ལྟར་སྣང			pseudo; quasi; counterfeit; bogus
ལྟས			directed; sign; omen
ལྟེ་བ			navel; center
ལྟོ			food; belly
ལྟོ་འཕྱེ་ཆེན་པོ			large-bellied demons shaped like boas said to be the lords of the soil
ལྟོ་བ			belly
ལྟོ་ཆས			food
ལྟོ་ལྡིར			bulbous(D2)
ལྟོ་ལྡིར་བ			bulbous
ལྟོ་ལྡིར་ཞབས་ཤུམ་ཆུ་སྐྱོར་གྱི་དོན་བྱེད་ནུས་པ			bulbous, flat-bottomed, able to perform the function of holding water(D2)
ལྟོ་ལྡིར་ཞབས་ཞུམ་ཆུ་སྐྱོར་གྱི་དོན་བྱེད་ནུས་པ་བུམ་པ་ཡིན་པར་མི་ཤེས་པའི་སྐྱེས་བུའི་རྒྱུད་ཀྱི་བུམ་པ་ཞེས་པའི་སྒྲ་ཙམ་ལ་བརྟེན་ནས་སྐྱེས་བུའི་བུམ་འཛིན་རྟོག་པ			a conceptual consciousness--in the continuum of a person who does not know that a bulbous flat-based thing that is able to perform the function of holding is a pot--which, generated in dependence on merely the sound pot," apprehends pot"
ལྟོས			verb: rely; rely on; to view; to looknoun: view; false view
ལྟོས་གཞི			basis of relation
ལྟོས་མེད་དུ			without depending; independently
ལྟོས་མེད་ཀྱི་རྟགས			sign of non-viewing
ལྟོས་ནས			[looking-from]; with respect to; having relied; having depended; having viewed
ལྟོས་ནས་གྲུབ་པ			existence in reliance; relative existence; existing in reliance
ལྟོས་པ			dependence; relation; depend upon; rely upon; depend; relate; relative (to); rely (on)
ལྟོས་པའི་རིགས་པ			analysis of dependence; reasoning of dependence
ལྟུང			verb: fall; commit an infraction\n noun: sin; moral fall; infraction
ལྟུང་འགྱུར			fall; sin; commit an infraction
ལྟུང་བ			verb: to fall, sin; commit an infraction\n noun: fall; infraction; sin
ལྟུང་བ་བྱ་བ་མེད་པ			not commit infractions
ལྟུང་བ་ཕྲ་མོ			subtle infraction
ལྟུང་བ་ཐུན་མོངས་མ་ཡིན་པ			uncommon infraction
ལྟུང་བའི་རྩ་བ			root infraction
ལྟུང་བར་འགྱུར			fall; commit an infraction
ལྟུང་བར་འགྱུར་ཡིན			fall; commit an infraction
ལཱུ་ཨི་བ			Lūhipāda [p.n.]
ལཱུ་ཨི་པ			Lūhipāda [p.n.]
ལུག			sheep
ལུགས			system; mode; way
ལུགས་འབྱུང			forward process
ལུགས་འགོད་པ			present/state a system
ལུགས་དང་ལྡན་པ			systematic; having the mode
ལུགས་དང་མི་མཐུན་པ			discordant process; not concordant with the mode/system
ལུགས་དང་མཐུན་པ			concordant process; concordant with the mode/system
ལུགས་ལྡོག			reverse process
ལུགས་མི་མཐུན་ལ			discordant process; not concordant with the mode/system
ལུགས་མཐོང			concordant process
ལུང			scripture; oral transmission; passage; precept; injunction; spiritual instruction
ལུང་འབོག་པ			advice; instruction
ལུང་བསྟན			prophesy; prophesied(BJ 8.3); taught in scripture; scriptural teaching
ལུང་བསྟན་དུ་ཡོད་པ			exist as prophesied
ལུང་བསྟན་གསོལ			prophesy
ལུང་བསྟན་མ་ཐོབ			unprophesied; not obtain a prophesy
ལུང་བསྟན་ངེས་པ			definitely prophesied; definite prophesy
ལུང་བསྟན་པ			prophesy; prophesied(BJ 8.3); taught in scripture; scriptural teaching
ལུང་བསྟན་པ་ཆེན་པོ			great prophesy; great scriptural teaching
ལུང་བསྟན་པས་ལུང་སྟོན་པ			prophesied by prophesy; prophesied by scripture
ལུང་བསྟན་ཡིན			is prophesied; is a prophesy
ལུང་ཅུང་ཟད་ལ་རྟེན་པ			depending a little on scripture
ལུང་དཔོག་པར་བྱ			expound; explain
ལུང་དུ་བསྟན་པ			prophesy; prophesied; taught in scripture; scriptural teaching
ལུང་དུ་བསྟན་པའི་སྡེ			prophesy; prophesied; taught in scripture; scriptural teaching
ལུང་དུ་མ་བསྟན་པ			neutral; not indicated in scripture [i.e., neither virtuous nor non-virtuous]; not prophesied
ལུང་དུ་མ་བསྟན་པའི་དངོས་པོ			thing that is not indicated in scripture
ལུང་དུ་མེད་པ			not exist in scripture; not prophesied
ལུང་གི་ཆོས			the verbal doctrine
ལུང་གི་རྗེ་སུ་འབྲང་པ			Followers of Scripture
ལུང་གི་རྗེས་འབྲངས			Following Scripture
ལུང་གི་སྒོ་ནས་ཀྱང་རུང་བ་མ་ཡིན			is also not suitable from the viewpoint of scripture
ལུང་གི་ཚད་མ			prime cognizer [based on] scripture [accepted by Candrakīrti but not by Dharmakīrti]
ལུང་ལ་རྟེན་པ			in dependence upon scripture
ལུང་ལས			from scripture
ལུང་ལས་གྲགས་པ་ཙམ			merely renowned from scripture; merely renowned in scripture(LG)
ལུང་མ་བསྟན			not indicated in scripture; not prophesied; neutral
ལུང་མ་བསྟན་པ			not indicated in scripture; not prophesied
ལུང་ནོད་པར་ཡང་བྱེད			expound; explain
ལུང་སྟོན་པ			scriptural teaching; prophesy; prophesied
ལུང་སྟོན་པར་འགྱུར			prophesy; prophesied
ལུང་ཡང་བསྟན་ཏོ			prophesy; prophesied; scriptural teaching
ལུས			body
ལུས་འཕགས			Videha
ལུས་འཕགས་པོ			Pūrvavideha
ལུས་ཅན			embodied being; the embodied
ལུས་དང་ལྡན			having a body; bodily; physical
ལུས་དང་ལོངས་སྤྱོད			body and resources
ལུས་དང་ངག			body and speech
ལུས་དང་ངག་དང་ཡིད་ཀྱི་ལས་ཡང་དག་པར་ཀུན་ཏུ་སྤྱོད་པ			thoroughly practice action/karma of body, speech, and mind
ལུས་དང་ངག་གི་ལས			action/karma of body and speech
ལུས་དང་ངག་ནི་ཞི་བ			pacify body and speech
ལུས་དང་ངག་སེམས་རང་བཞིན་གྱི་ལས་རྣམས			actions/karma of the nature of body, speech, and mind
ལུས་དང་ངག་ཡང་དག་པར་སྡོམ་པ			vow of body and speech
ལུས་དང་ནི་སྲོག་ལ་མི་ལྟ			not view body nor life
ལུས་དང་སེམས			body and mind
ལུས་དང་སེམས་ཀྱི་སྡུག་བསྔལ			suffering of body and mind; physical and mental suffering
ལུས་དང་སྲོག			body and life
ལུས་དབེན			physical isolation; isolation of body
ལུས་དྲན་པ་ཉེ་བར་བཞག་པ			establishment in mindfulness of body
ལུས་ཀྱི་དབང་པོ			body sense-power; physical sense power; body sense power
ལུས་ཀྱི་གནས་ངན་ལེན			disfunctional physical state
ལུས་ཀྱི་ཁྱད་པར			physical attributes; bodily attributes
ལུས་ཀྱི་ནད			physical illness
ལུས་ཀྱི་ཉེས་པར་སྤྱོད་པ་རྣམ་པ་གསུམ			the three types of faulty physical practices
ལུས་ཀྱི་རྗེས་སུ་ལྟ			contemplation of the body
ལུས་ཀྱི་རྣམ་འགྱུར			physical manifestation
ལུས་ཀྱི་རྣམ་པ			physical aspect; bodily aspect
ལུས་ཀྱི་རྣམ་པར་ཤེས་པ			body consciousness; (main) body consciousness
ལུས་ཀྱི་རྣམ་ཤེས			body consciousness
ལུས་ཀྱི་སྐྱོན་ཡང་དག་པར་སེལ་བ			completely eliminate/eradicate/remove/clear away/avoid/exclude bodily faults
ལུས་ཀྱིས་ནི་གནས་ངན་ལེན་རབ་ཏུ་སྟོན			teach the bad physical states
ལུས་ལ་དམིགས་པ			observe the body  (T)
ལུས་ལ་གཏོགས་པ			included in the body
ལུས་ལ་སོགས་པ			body, etc.
ལུས་ལ་སོགས་པའི་ཆོས་ལ་བདག་མེད་པ			selflessness in phenomena, body and so forth
ལུས་ལས་གནས་ངན་ལེན་པ			bad physical states; bad bodily states
ལུས་ལྕི་བར			physical heaviness; bodily heaviness
ལུས་མེད་བདག་པོ			Bodiless Lord
ལུས་མེད་པ			bodiless; non-physical; without a body
ལུས་མི་སྣང			non-appearing body; invisible body
ལུས་མངོན་སུམ་བྱེད			direct bodily perception; physical direct perceiver
ལུས་མངོན་སུམ་དུ་གྱུར་པ			direct bodily perception; physical direct perceiver
ལུས་མཚན་དཔེས			a body adorned with the major and minor marks [of a Buddha]
ལུས་པ			left over; remain behind; [with negative:] without any left; entirely; wholly; all
ལུས་པ་མེད་པ			without any left; entirely; wholly; all
ལུས་ཕུན་སུམ་ཚོགས་པ			perfect body; marvellous body; physical marvels
ལུས་པོ			left over; remain behind; [with negative:] without any left; entirely; wholly; all
ལུས་རྙེད་པ			obtain a body; gain a body
ལུས་རྟེན			physical basis; physical life support
ལུས་སེམས་ཤིན་སྦྱངས་ཀྱི་བདེ་བ			bliss of physical and mental pliancy
ལུས་སྒྲིབ			bodily obstructions
ལུས་ཤེས			body consciousness; bodily cognition
ལུས་ཤེས་ཀྱི་རེག་བྱ			tangible object of a body consciousness
ལུས་སུ་གཏོགས་པ་རྗེས་སུ་དྲན་པ			subsequent mindfulness of what is included in the body
ལུས་སུ་སྣང་བ			appear as a body; physical appearance
ལུས་ཡོངས་སུ་གྲུབ་པ			thoroughly established body
ལུས་ཞིག་ནས			from destruction of the body; having destroyed the body
མ			(1) mother ; (2) particle indicating negative: not; non-; un-
མ་འབྲེལ			not related; unjoined; not connected
མ་འདྲེས			unmixed; unshared
མ་འདྲེས་པ			unmixed; unshared
མ་འདྲེས་པ་ལ་དམིགས་པ			unmixed object of observation; unshared object of observation
མ་འདྲེས་པའི་ཆོས་བཅོ་བརྒྱད			eighteen unshared qualities
མ་འདྲེས་པའི་ཡོན་ཏན			ushared qualities; unmixed qualities
མ་འདྲིས			unacquainted; unknown
མ་འདྲིས་པ			unknown; unacquainted
མ་འགགས་པ			not stopped/obstructed/destroyed/ceased/halted/impeded
མ་འགོང་བ			not overpowered
མ་འཁྲུགས་ཞིང			not disturbed; not angry
མ་འཁྲུལ			non-mistaken(BR)
མ་འཁྲུལ་བ			non-mistaken; nonmistaken
མ་འཁྲུལ་བའི་རིག་པ			non-mistaken awareness
མ་འཁྲུལ་བའི་ཤེས་པ			non-mistaken consciousness
མ་འཁྲུལ་པ			non-mistaken
མ་འོངས་དུས			[not-come]; future; not yet come; yet to come
མ་འོངས་པ			[not-come]; future; not yet come; yet to come; futureness
མ་འོངས་པའི་དུས			future time; the future
མ་འཕྲད			not meeting; not connecting; non-connection
མ་འཚལ་བ			not seek; not sought for; unwanted; not ask
མ་བགྱིས་པ			not made; not done
མ་བྲལ་བ			not free from
མ་བྲལ་བར			not free from
མ་བརྗེད			non-forgetfulness
མ་བརྗེད་པ			non-forgetfulness
མ་བརྟགས་པ			non-analyzed; non-imputed; non-investigated; not designated
མ་བརྟེན			not depending upon
མ་བསགས་པ			non-accumulated; not accumulate; non-composite
མ་བསྒོམས་ན			if not meditated/cultivated
མ་བསྒོམས་པ			non-meditation; non-cultivation
མ་བསྒྲིབས་པ			unobstructed; undefiled
མ་བསྒྲུབས་པ			not achieved; not attained; not accomplished
མ་བསྐྱེད་པ			not generated; not produced
མ་བསླབས་པར			unlearned; without learning
མ་བསླངས			not not ask/beg/collect/gather/raise/inspire/excite/arouse/cause to rise/urge on
མ་བསྟན			not teach; non-teaching; not indicate; non-indication
མ་བཏང་བ			not give away; not send; not let go
མ་བཏུད			not bow; not pay reverence; not pay homage
མ་བྱས་པ			not made; not created; not done
མ་བྱས་པའི་ཆོས			unmade phenomenon; uncreated phenomenon
མ་བྱིན་ལེན			stealing; taking what is not given
མ་བྱིན་པར་ལེན་པ			stealing; taking what is not given
མ་བྱིན་པར་ལེན་པར་མི་བྱེད			not stealing; does not take what is not given
མ་བྱོན			not come; not arrived; not attained; without having attained
མ་བྱུང་བ			non-arisen; not come forth; not appear
མ་བཟུང			not apprehend; not grasp; not hold; not conceive; not seize
མ་ཆད་པ			not cut off; not annihilated
མ་ཆགས			non-attachment; unattached
མ་ཆགས་ལ་སོགས			non-attachment, etc.
མ་ཆགས་པ			non-attachment; unattached
མ་དད་པ			non-faith
མ་དད་པ་ཡིད་ལ་བྱེད་པ			mental contemplation of non-faith
མ་དག			impure; not pure; not purified; impurity
མ་དག་མིན			non-impurity; not impure
མ་དག་པ			impure; not pure; not purified; impurity
མ་དག་པ་དང་དག་པ་ཡིད་ལ་བྱེད་པ			mental contemplation of impurity and purity; impure and pure mental contemplation
མ་དག་པ་དང་དག་པའི་གནས			abide in impurity and purity; impure and pure place/abode
མ་དམིགས་པ			not observed
མ་དམིགས་པའི་གཏན་ཚིགས			a correct non-observation sign; reason of non-observation (GD:278)
མ་དམིགས་པའི་རྟགས			nonobservation sign
མ་དམིགས་པའི་རྟགས་ཡང་དག			a correct non-observation sign
མ་དྲངས་པར			without citing(BJ 68.1)
མ་དྲོས་མཚོ			[name of a lake]
མ་གཡོས་པ			unmoving; unwavering; unfluctuating
མ་གཅིག་ལབ་སྒྲོན་མ			Female Tibetan siddhā who founded gcod meditation, which involves offering one's body to demons
མ་གིར			down there
མ་གོས་པ			unsullied; unpolluted
མ་གྲོལ་བ			not released
མ་གྲོལ་བ་དང་གྲོལ་བ			release of what was not released
མ་གྲོལ་གྲོལ་བ			release of what was not released
མ་གྲུབ			not established
མ་གྲུབ་ན			if the reason is not established ...
མ་གྲུབ་པ			not established
མ་གྲུབ་པའི་གཏན་ཚིགས			nonestablished reason; unestablished [reason]
མ་གཏོགས			[not-include]; not including; not included within; not included among; except
མ་གཏོགས་པ			[not-include]; not including; not included within; not included among; except
མ་གཏོགས་པར			[not-include]; not including; not included within; not included among; except
མ་གཏོགས་པར་དེ་མ་ཡིན་པ			not including; not included within; not included among; except
མ་གཏོགས་པར་གཞན			other than; not including; not included within; not included among; except
མ་གུས			non-humility; non-respect
མ་གུས་པ			non-humility; non-respect
མ་གཟིགས			not see; not seen; not view
མ་གཟིགས་པ			not see; not seen; not view
མ་ཧཱ			[transliteration of Sanskrit word—mahā] great
མ་ཧེ			water buffalo
མ་ཁེངས་པ			non-haughtiness; non-arrogance
མ་ཁྱབ			no pervasion; no entailment
མ་ཁྱབ་པའི་སྐྱོན			fallacy of non-pervasion
མ་ལ་སོགས་པ་དང་ཆོས་མཐུན་པ			concordant phenomena, mother and so forth
མ་ལངས་པ			without rising
མ་ལོག་པ			non-mistaken; non-reversed
མ་ལོག་པ་དེ་བཞིན་ཉིད			non-mistaken suchness
མ་ལུས			[not-remain]; none remaining; complete; entirely; without residue; all; all of; no exception; without exception
མ་ལུས་མིན			not entirely; not all of
མ་ལུས་པ			[not-remain]; without exception; none remaining; complete; entirely; without residue; all; all of; no exception
མ་ལུས་པར			[not-remain]; none remaining; complete; entirely; without residue; all; no exception; without exception
མ་ལུས་པར་ཁེགས་པ			the refutation without residue(MSI 430)
མ་ལུས་པར་མཛད			entirely removed
མ་ལུས་པར་སྤངས་པ			complete abandonment
མ་ལུས་པར་སྤོང་བ			complete abandonment
མ་ལུས་ཤིང་ལུས་པ་མེད་པ			all without remainder; entire without remainder
མ་ལུས་ཤིང་ལུས་པ་མེད་པར			entirely without remainder
མ་མཆིས་པ			is not; non-; not
མ་མཆིས་པ་ཡང་དག་པ་ཉིད			non-beingness
མ་མཁྱེན་པ			not known; unknown.
མ་མངལ་དུ་འགྲོ་བ			entry into a womb; descent into the womb
མ་མངལ་དུ་འཇུག་པ			entry into a womb; descent into the womb
མ་མོ་བྱང་སྨན			ma-mo-jang-men (Female spirits responsible for spirit created infectious bile disorders)
མ་མོས			non-belief/imagination/faith/interest/inclination/prefer/zeal/imagine
མ་མོས་པ			non-belief/imagination/faith/interest/inclination/prefer/zeal/imagine
མ་མཐའ			[low-limit]; lowest point; the least; low limit; at the least
མ་མཐའི་མཚམས			lowest point
མ་མཐོང			unseen; not see; not seen; not perceive
མ་མཐོང་བ			unseen; not see; not seen; not perceive
མ་མཐོང་ན			when not seeing; unseen; not seeing
མ་ངེས			indefinite; not ascertained; non-ascertainment
མ་ངེས་པ			indefinite; not ascertained; non-ascertainment
མ་ངེས་པའི་གཏན་ཚིགས			indefinite reason; unascertained (GD:276)
མ་ནིང			eunuch; lacking “normative” maleness
མ་ནོར་བ			[not-mistake]; non-mistaken; unerring; without error; without mistake
མ་ནོར་བའི་དེ་བཞིན་ཉིད			non-mistaken suchness
མ་ནོར་བར			unerringly
མ་ཉམས			non-degenerated; undefiled; unspoiled
མ་ཉམས་པ			non-degenerated; undefiled; unspoiled
མ་པང་བུ་འཇུག			child set on mother's lap
མ་ཕེབས་པ			not gone
མ་ཕྱེ་བ			non-distinction; non-differentiation
མ་ཕྱིན་པར			not gone; not having gone
མ་རབས			[low-class]; low class; vulgar
མ་རངས			disagreement; disparagement
མ་རྫོགས			incomplete; not complete; not perfected; unfinished
མ་རྫོགས་པ			incomplete; not complete; not perfected; unfinished
མ་རྒད			emerald
མ་རྒལ་བ			not cross over
མ་རྒྱལ་བ			unconquered
མ་རིག་པ			[not-know]; ignorance
མ་རིག་པ་བསླད་པ་མ་ཞུགས			not polluted/affected/distorted by ignorance
མ་རིག་པའི་ཀུན་སྦྱོར			thorough enwrapment of ignorance
མ་རིག་པས་བསླད་པ			polluted by ignorance
མ་རྨོངས			non-obscuration; non-delusion
མ་རྨོངས་པ			non-obscuration; non-delusion
མ་རྙེད་པ			loss; not finding; not gain; not gaining
མ་རྟོགས			not realizing; not cognizing; not understanding
མ་རྟོགས་པ			not realize; not cognize; not understand
མ་རྟོགས་རྟོགས			realize what was unrealized
མ་རུང་འགྱུར			unsuitable
མ་རུང་བར་བྱས			unsuitably done  (T)
མ་རུངས་པ			pernicious force; pernicious entity; pernicious being; hateful; hateful entity; hateful being
མ་རུངས་པ་ཐམས་ཅད་འདུལ་བ་ཤཱཀྱ་ཐུབ་པ			[p.n. of a Buddha]
མ་སྦྱངས			not practiced/washed/purified/trained
མ་ཤ			soybean
མ་ཤེས་པ			not conscious of; not cognized
མ་སྐོར་བ			not turned (before)(BJ 29.4)
མ་སྐྱེས་པ			uncreated phenomenon; not produced(N); unproduced; non-creation(D1); non-produced
མ་སྐྱེས་པའི་ཆོས			an unproduced phenomenon; uncreated phenomenon
མ་སྨད་པ			not low; not lower
མ་སྨིན			not ripened; not matured
མ་སྙན་གྲགས			disgrace
མ་སྤངས་ན			non-abandoning; when not abandoning
མ་སྤངས་པ			non-abandoning; non-abandonment
མ་སྤྲོས་པའི་བདག་ཉིད			nature of non-elaboration; non-elaborated essence
མ་སྤྱད་པ			not practice; not enjoy; not make use of; non-practice
མ་ཐག་པ			just after [verb + ma thag pa]
མ་ཐག་ཏུ			immediately/right/just after; immediately/right/just before [depending on context]
མ་ཐོབ			not obtain; not attain
མ་ཐོབ་ཉམས་པ			degenerate non-attainment   (T)
མ་ཐོབ་པ			not obtain; not attain
མ་ཐོགས་པ			non-obstructive; not an obstacle
མ་ཐོས་པར་སྤོང་བ			abandon without attainment  (T)
མ་ཚན་བ			not complete; not full
མ་ཚང			not complete; not full
མ་ཚང་བ་མེད་པ			not incomplete
མ་ཚར་བར་དུ			until this is completed
མ་ཚར་བར་ལ			until this is completed
མ་ཚོགས་པ			non-collection; uncollected; not assembled
མ་ཡིན			is not; not being
མ་ཡིན་དགག			affirming negative; affirming negative phenomenon; affirming negation; nominally bound negation (GD:371); exclusion (GD:371)
མ་ཡིན་དགག་དང་མེད་དགག			affirming negative and non-affirming negative
མ་ཡིན་དགག་གི་གཞན་སེལ			other-eliminator/other-elimination that is an affirming negative
༅མ་ཡིན་དགག་གི་གཞན་སེལ་ཡང་ཡིན། དོན་དམ་པར་དོན་བྱེད་ནུས་པ་ཡང་ཡིན་པའི་གཞི་མཐུན་པར་དམིགས་པ			an observed common locus between being an affirming negative other-eliminator and being ultimately able to perform a function
མ་ཡིན་ཀུན་རྟོག			unreal imputation
མ་ཡིན་ནོ་ཞེས་ཟེར་ན			if [someone] should say "it is not" ... (T)
མ་ཡིན་པ་དེ			the not-being  (T)
མ་ཡིན་པ་ལས་ལོག་པ			opposite from not being; opposite from non-; non-non
མ་ཡིན་པར་གྱུར་པའི་རྟག་པ			something which a permanent phenomenon is not
མ་ཟད			[not-exhausted]; not only; not just; not cut (off)
མ་ཞེན			nonattachment; non-determination; non-adherence; non-conception
མ་ཞེན་པ			non-determination; non-adherence; non-conception
མ་ཞི			not pacified; not peaceful; non-pacification
མ་ཞི་བ			not pacified; not peaceful; non-pacification
མ་ཞུགས་ནས			prior to entering
མ་ཞུགས་པ			not enter into; not engage in
མ་ཞུམ་པ			non-discouragement; non-slackness
མ་ཞུམ་པའི་ལུས་དང་ངག་དང་ཡིད་ཀྱི་ལས་ཀྱི་མཐའ་དང་ལྡན་པ			having non-discouragement/non-slackness of body, speech, and mind
མ་ཟིན་པའི་འབྱུང་བ་ལས་གྱུར་པའི་སེམས་ཅན་དུ་མི་སྟོན་པའི་སྒྲ་མི་སྙན་པ			unpleasant inarticulate sound caused by elements not conjoined with consciousness
མ་ཟིན་པའི་འབྱུང་བ་ལས་གྱུར་པའི་སེམས་ཅན་དུ་མི་སྟོན་པའི་སྒྲ་སྙན་པ			pleasant inarticulate sound caused by elements not conjoined with consciousness
མ་ཟིན་པའི་འབྱུང་བ་ལས་གྱུར་པའི་སེམས་ཅན་དུ་སྟོན་པའི་སྒྲ་མི་སྙན་པ			unpleasant articulate sound caused by elements not conjoined with consciousness
མ་ཟིན་པའི་འབྱུང་བ་ལས་གྱུར་པའི་སེམས་ཅན་དུ་སྟོན་པའི་སྒྲ་སྙན་པ			pleasant articulate sound caused by elements not conjoined with consciousness
མ་ཟིན་པའི་འབྱུང་བ་ལས་གྱུར་པའི་སྒྲ			sound arisen from elements not conjoined with consciousness
མམ			and; or; particle indicating question
མན་ཆད			below; thereon
མཎ་ཌ་ལ			[transliteration of Sanskrit word—maṇḍala = dkhyil 'khor] mystic circle
མན་ངག			quintessential instruction; precept; religious advice; instruction; instructions; direct speech
མན་ངག་གི་རྒྱུད			Oral Tradition Tantra [the third of the Four (Medical) Tantras]
མན་ཤེལ			crystal
མང			many
མང་བ			powers [especially the group of ten powers that accrue to a Bodhisattva of the tenth ground (sa, bhūmi)]; sovereignty
མང་བ			many; much
མང་བཀུར་བ			Saṃnitīya; Sammitīyā school
མང་དྲག་ན			if there is too much
མང་དུ་གནས་པ			many abodes; person with many abodes
མང་དུ་གནས་པར་འགྱུར			many abodes
མང་དུ་སྟོན་པ			many teachings
མང་ཉུང			number of; much or little
མང་པོ			many; much
མང་པོ་རྣམ་པ			many aspects; many kinds
མང་པོའི་སྒོ			many doors
མང་པོས་བཀུར་བའི་སྡེ་པ			Saṃṃitīyā school
མང་སྟོན་པ			Mahāśāsaka
མང་ཐོས			learned one
མང་ཐོས་པ			Bahuśrutīya
མཉཛུ་གྷོ་ཥ			Mañjughoṣha
མར			(1) butter; ghee; (2) as (one's) mother
མར་ཆེན			cook
མར་གྱི་བུམ་པ			ghee-pot; butter-pot
མར་གྱི་སྙིང་ཁུ			fat/scum of ghee
མར་ལ་མར			ghee; clarified butter
མར་ལ་མར་གྱི་སྙིང་ཁུ			fat/scum of ghee
མར་མེ			[butter-fire]; butter lamp; lamp
མར་མེ་ཅན			Dīpavatī [name of a town]
མར་མེ་མཛད			Dīpaṅkara [p.n.of a Buddha]
མར་མེའི་དཔེ			the example of a lamp
མར་ཤེས			cognize as mother
མར་ཤེས་པ			cognize as mother
མཆན་བུ			annotations(N)
མཆེ་བ			eye-teeth; fangs(VM)
མཆེ་པའི་སྡེ			Damṣṭasena
མཆེད་པ			increase
མཆེད་པ་དམར་ལམ་པའི་སེམས			the mind of radiant red increase
མཆེར་པ			spleen
མཆི			go; come
མཆི་བ			go; come
མཆི་མ			tears; tear
མཆིལ			spit
མཆིལ་མ			spit
མཆིམས་ཁྲོ་ཆག			Chim, the Translator Tro, and the Translator Chak
མཆིས			to be; be there; exist (=yod); to go; to come
མཆིས་པ			be; be there; exist; go; come
མཆིས་པ་མ་ལགས་པ			not be; not exist
མཆིས་པའི་ཚེ			when it was
མཆོད			offering; offer
མཆོད་འོད			worthy of worship; Worthy One
མཆོད་འོས			worthy one; Arhat; the founder of Jainism
མཆོད་བརྗོད			expression of worship
མཆོད་བརྗོད་པ			expression of worship
མཆོད་བྱེད			offer; worship; revere
མཆོད་ཉིད			offering
མཆོད་པ			offering; offer; revere; honor; please through offering; worship
མཆོད་པ་བྱ་བར་འོས་པར་འགྱུར			worthy of offerings; worthy of reverence; worthy one
མཆོད་པ་བྱེད་པ			offers; revere
མཆོད་པ་དང་ལྡན་པའི་ཐེག་པ་ཆེན་པོའི་ཆོས			great vehicle doctrines connected with offerings
མཆོད་པ་དབུལ་བ			offer offerings; offer worship
མཆོད་པ་ལ་སོགས་པ་རྙེད			obtain offerings and so forth
མཆོད་པ་ལེགས་པར་བཤམས			layout of offerings
མཆོད་པ་སྔོན་དུ་བྱས་ཏེ			previously offered
མཆོད་པ་ཡང་བྱེད			offer; revere
མཆོད་པའི་ཆོ་ག			rite of offering; rules for offering
མཆོད་པར་བརྗོད་པའི་ངག			a statement of speech expressing worship
མཆོད་པར་བརྗོད་པའི་ཡུལ			object of expression of worship(Lati)
མཆོད་པར་བྱ་བ			having offered; offering; worshipped
མཆོད་པར་བྱེད་པ			offer; worship
མཆོད་རྟེན			reliquary; basis for worship
མཆོད་རྟེན་དུ་གྱུར་པར་བྱས་པ			reliquary; build a reliquary
མཆོད་སྦྱིན			sacrifice; Yajñadatta [p.n.]
མཆོག			supreme. best; superior
མཆོག་འགྲུབ			achievement of the supreme [i.e. Buddhahood]
མཆོག་དང་ལྡན་པ			endowed with the highest
མཆོག་དང་པོ་དམ་པ			supreme; highest; best
མཆོག་དགའ			supreme joy
མཆོག་དམན			value; superiority and inferiority
མཆོག་གི་འདྲ་བ			like the best
མཆོག་གི་ཆོས་ལ་ཞུགས་པ			enter into the supreme doctrine
མཆོག་གི་དག་པར་མཆོག་ཏུ་འཛིན་པ			thoroughly apprehend the supreme purity
མཆོག་གི་དོན			supreme meaning; supreme object
མཆོག་གི་དོན་ཆོས་ལ་བདག་མེད་པ			the supreme meaning/object, the selflessness of persons
མཆོག་གི་སེམས་ཅན			supreme sentient being
མཆོག་གི་སྤྲུལ་སྐུ			Supreme Emanation Body
མཆོག་གྱུར			supreme; best; superior
མཆོག་གྱུར་ལུས			superior body
མཆོག་གྱུར་པ			supreme; best; superior
མཆོག་ལ			supreme; best; superior
མཆོག་ལ་སྐྱབས་སུ་འགྲོ་བ			go for refuge to the supreme
མཆོག་ཉིད			supremacy; superiority
མཆོག་རབ			supreme; best; highest
མཆོག་ཏུ			supremely; greatly; thoroughly; completely
མཆོག་ཏུ་འཛིན་པ			judgement; misconstrue; seize; remember; consideration
མཆོག་ཏུ་འགྱུར་བ			supreme; highest
མཆོག་ཏུ་བརྟན་པ་ཡིན			supremely stable; thoroughly firm
མཆོག་ཏུ་བཟུང			very attached
མཆོག་ཏུ་དགའ་བ			supremely happy
མཆོག་ཏུ་གྱུར			supreme; highest
མཆོན་པར་བྱེད་པ			characterize
མཆོང			jump
མཆོངས			jump
མཆུ་སྒྲོས			lip
མདའ་འཕངས་པ			shoot an arrow
མདངས			tone; complexion; radiance
མདོ			sūtra; discourse; short sentence; axiom; scripture
མདོ་བཞིན་དུ			in accordance with the sūtra
མདོ་དང་ཆོས་མངོན་འདུལ་བ			Discourses, Higher Knowledge, and Discipline
མདོ་དང་སྦྱོར་བ			putting this together with a sūtra; associating this with a sūtra
མདོ་དེས་བསྟན་ཚུལ་ལ་བརྟེན་ནས་ཀུན་བཏགས་ལ་དེ་འདྲའི་དོགས་པ་སྐྱེད་དཀའ་བ			more difficult in dependence upon the sūtra's mode of teaching to generate such a qualm with respect to imputational natures
མདོ་ལ་སོགས་པའི་ཆོས			doctrines of sūtras and so forth
མདོ་མཛད་པ			probably: Sautrāntika; possibly: Buddha [literally: Sūtra-maker; Sūtra-takers](LG)
མདོ་སྡེ			sets of discourses
མདོ་སྡེ་དང་འདུལ་བ་དང་ཆོས་མངོན་པ			Discourses, Discipline, and Higher Knowledge
མདོ་སྡེ་དང་དབྱངས་ཀྱིས་བསྙད་པའི་སྡེ་ལ་སོགས་པ			discourses and discourses in prose and verse, etc.
མདོ་སྡེ་དགོངས་འགྲེལ			Saṃdhinirmocana-sūtra; Sūtra Unraveling the Thought; P774, Vol. 29]
མདོ་སྡེ་ཀུན་གྱི་མཆོག			supreme of all sūtras
མདོ་སྡེ་ལ་འཇུག			engage in the sūtras; enter into the sūtras
མདོ་སྡེ་ལ་སོགས་པ			sūtras and so forth
མདོ་སྡེ་ལས་བརྒྱ་བ			The Sūtra of the Many Kinds of Actions (Toh. 340; P. 1007) (BJ 11.2)
མདོ་སྡེ་པ			Sautrāntika; Sūtra School; Follower of Sūtra
མདོ་སྡེ་རྒྱན			Maitreya's Ornament for the Great Vehicle Sūtras [P5521, Vol. 108]
མདོ་སྡེ་སྨྲ་བ			Proponent of Sūtra [=Sautrāntika?]
མདོ་སྡེ་སྤྱོད་པའི་དབུ་མ་རང་བརྒྱུད་པ			Sūtra Middle Way Autonomy School
མདོ་སྡེ་སྤྱོད་པའི་དབུ་མ་རང་རྒྱུད་པ			Sūtra Autonomy Middle Way School
མདོ་སྡེའི་དོན			meaning of a sūtra
མདོ་སྡེའི་རྒྱན			Maitreya's Ornament for the Great Vehicle Sūtras [P5521, Vol. 108]
མདོ་སྡེའི་སྡེ་སྣོད			scriptural collection of sets of discourses
མདོ་ཏིང་ངེ་འཛིན་རྒྱལ་པོ			King of Meditative Stabilizations Sūtra
མདོ་ཙམ			briefly
མདོ་ཡི་སྡེ་ལ་སོགས་པའི་ཆོས			doctrines of sūtras and so forth
མདོའི་སྡེ			sets of discourses
མདོའི་སྡེ་ལ་སོགས་པའི་ཆོས			doctrines of sūtras and so forth
མདོའི་ཚིག			sūtra passage(BJ 52.4)
མདོག			hue; color
མདོག་ཏུ་རུང་བ			suitable as hue
མདོམས་ཀྱི་སྦ་བ			secret organ [of the genitals]
མདོངས			appearance; the form of the face; white spot; blaze; star on the forehead of a horse or cow
མདོར			in brief
མདོར་བསྡུ			short form; condensation
མདོར་བསྡུ་བ			short form; condensation
མདོར་བསྡུ་ན			in brief
མདོར་བསྡུས			[brief-into-gathered]; brief form; condensation; condensed
མདོར་བསྡུས་ན			in brief
མདོར་བསྡུས་ཏེ་བསྟན་པ			brief indication
མདོར་བསྟན			brief indication
མདོར་བསྟན་པ			brief explanation
མདོར་བསྟན་པ་ཡིན			briefly explain
མདོར་ན			in brief
མདོར་སྡུད			short form condensation
མདུད			knot
མདུད་པ			knot
མདུན			front; fore part; in front
མདུན་བསྐྱེད			generation in front
མདུན་དུ			in front [of]; in the presence [of]
མདུན་དུ་ཡེ་ཤེས་པ་སྤྱན་དྲངས་ནས			having invited the Wisdom Being in front(TGP 5)
མཛའ			close; friendly; friend
མཛའ་བ			friendly; dear; beloved; friend
མཛའ་བ་དང་མི་མཛའ་བ་དང་ལྡན་པ			having friends and non-friends
མཛའ་བཤེས			friend
མཛའ་བཤེས་ཆེན་པོ			great friend
མཛའ་ཆེན			great friend; very friendly
མཛའ་པོ			close; friendly; friend
མཛད			verb: do; use; honorific for byed; honorific form of address\n noun: action; act; deed
མཛད་བྱེད་པ			do; act; perform; use
མཛད་པ			verb: make; bring about; do; use(BJ 34.1); honorific for byed pa; honorific form of address\n noun: action; act; deed
མཛད་པ་གཅིག་པ			one deed; one action (T)
མཛད་པ་ལྷུན་གྲུབ			spontaneous deeds
མཛེས			beautiful; handsome; fine
མཛེས་བྱེད་ཀྱི་རྒྱན			beautifying ornament
མཛེས་པ			beautiful; handsome; fine
མཛེས་པ་བཟང་པོ			beautiful; handsome; fine
མཛེས་པར་བྱེད་པ			beautify; make beautiful
མཛེས་སྡུག་རབ་རྫོགས་པ			full beauty
མཛོ			dzö (a cross-breed of male yak and female cow)
མཛོ་རྒོད			wild cross-breed of male yak and female cow with wide thick horns
མཛོད			verb: do; act; perform\n noun: storehouse; deed; treasury\n adj.: beautiful; handsome; fine
མཛོད་ལྟ་བུའི་སེམས་བསྐྱེད			mind-generation like treasury
མཛོད་སྤུ			hair-tuft; hair-treasure (VM)
མཛོད་སྤུས			hair-tuft; hair-treasure (VM)
མཛུབ་ཆུང			little finger
མཛུབ་མོ			index finger
མེ			fire
མེ་འབར་བའི་འོབས			whirlwind of fire
མེ་འབྲེལ་པ			connection with fire; connected with fire
མེ་ཆར			flint
མེ་དང་འདྲ			similar to fire; like fire
མེ་དང་ཕྲད་པ			meet with fire
མེ་གནས་ཀྱི་བསམ་གཏན			concentration of abiding in fire
མེ་ལྕེ			tongue of flame  (T)
མེ་ལོང			mirror
མེ་ལོང་གི་དཁྱིལ་འཁོར			round mirror
མེ་ལོང་ལྟ་བུ			mirror-like
མེ་ལོང་ལྟ་བུའི་ཡེ་ཤེས			mirror-like wisdom
མེ་ལྟ་བུའི་སེམས་བསྐྱེད			mind-generation like fire
མེ་མར			fire
མེ་མདའ			gun
མེ་མདག			fire; live coals
མེ་ཤེལ			sunlight; sunstone
མེ་ཏོག			flower
མེ་ཏོག་བཀྲམ་པ			Avakīrṇakusuma [p.n. of a future Buddha]
མེ་ཏོག་གང་ལ་ཕོག་པ			on which the flower hits ...
མེ་ཏོག་གཏོར་ན			Avakīrṇakusuma [p.n. of a future Buddha]; when/if flowers are strewn
མེ་ཏོག་ལྡན			having a flower
མེའི་འོབས			whirlwind of fire  (T)
མེའི་དཔེ			example of fire
མེའི་ཁམས			fire-constituent; realm of fire
མེད			does not exist; not exist; not be
མེད་དགག			non-affirming negation; non-affirming negative; non-affirming negative phenomenon
མེད་དགག་གི་གཞན་སེལ			other-eliminator that is a non-affirming negative
མེད་དུ་མི་རུང་བ			indispensible(N)
མེད་མཐ			nihilism
མེད་མིན			not non-existent(BJ 38.1)
མེད་མཐའ			[non-existence-limit]; the extreme of non-existence
མེད་ན་མི་འབྱུང			indispensable
མེད་པ			non-existence; non-existent; does not exist; not exist; not be; without
མེད་པ་དང་འདྲ་བ་ཡིན			is similar to non-existence
མེད་པ་གཞལ་སྣང་ཅན་བཟུང་ཡུལ་དུ་བྱེད་པའི་རྟོག་མེད་འཁྲུལ་ཤེས			non-conceptual mistaken consciousness that takes a clearly appearing non-existent as its apprehended object
མེད་པ་ལ་འཛིན་པ			apprehend what is non-existent
མེད་པ་ལ་ཀུན་བརྟགས་པ			inputation with respect to what is non-existent
མེད་པ་ལ་ཡོད་པར་འཛིན་པ			apprehend the non-existent as existent
མེད་པ་མ་ཡིན			not non-existent(N)
མེད་པ་མིན			not non-existent
མེད་པ་ཉིད			non-existence
མེད་པ་ཉིད་དུ་མི་འདོད			does not assert/desire non-existence (T)
མེད་པ་ཉིད་ཡིན་པ			is non-existent; non-existent
མེད་པ་པ			Nihilist(N)
མེད་པ་སྤངས་པ			abandon non-existence
མེད་པ་ཡང་དག་པ་ཉིད			non-existence
མེད་པ་ཡང་མ་ཡིན			and is not non-existent
མེད་པའང་མིན			and is not non-existent
མེད་པའི་དོན			non-existent object/meaning; meaning of non-existence  (T)
མེད་པའི་མཐའ			extreme of non-existence(N)
མེད་པའི་སྟོང་པ་ཉིད			non-existent emptiness; emptiness of the non-existent
མེད་པར			non-existent; as non-existent
མེད་པར་གྱུར			is non-existent
མེད་པར་ལྟ་བ			view of nihilism(N)
མེད་པར་མི་འགྱུར			is not non-existent
མེད་པར་མི་རུང			not suitable as non-existent
མེད་པར་རྣམ་པར་རྟོག་པ			conceive as non-existent
མེད་པར་སྨྲ་བ			nihilism; nihilist(N)
མེད་རྒྱུའི་ཀུན་བཏགས			non-existent imputational nature
མེད་རྒྱུའི་ངོ་བོ			non-existent nature; nature that is non-existent
མེད་ཐབས་མེད་པའི་ཕྱིར			because there is no way without a method ...
མེས་འཇིག་པ་འི་བསྐལ་པ			(aeon of) disintegration by fire
མེས་བསྲོས་པ			tormented by fire
མེས་བཙོ			cooking [lit.: refining by fire](BR)
མགོ			head; top; beginning
མགོ་དང་རྐང་ལག			head, legs, and arms; head, feet, and hands
མགོ་གཅིག་ཏུ			certain; for sure
མགོ་གཅོད་པ			cut off the head; decapitate
མགོ་མཇུག			beginning and end
མགོ་ནག			[head-black] laity; lay person
༅མགོ་སྨོས་པས་གོ་བ། ་མགོ་སྨོས་པས་གོ་བ་མ་ཡིན་པ			understands through mentioning the beginning and does not understand through mentioning the beginning; those who...
མགོ་ཚུགས			begin; start
མགོན			protector; benefactor
མགོན་བཅས་པ			having a protector
མགོན་བགྱིད་པ			act as a protector
མགོན་མེད་པ			protectorless
མགོན་པོ			protector; benefactor
མགྲིན་པ			neck; throat (hon.)
མགྲོན་བུ			shell [cowries, that is, small shells used as dice]
མགུ			please; make happy; gladden
མགུ་བ			please; make happy; gladden
མགུ་བར་འགྱུར་བ			will please/make happy/gladden
མགུ་བར་བྱས་པ			pleased; made happy; gladdened
མགུ་བར་བྱས་ཏེ			having pleased/made happy/gladdened
མགུ་བར་བྱས་ཏེ་འཛུད་དོ			having pleased enter; enter pleasingly
མགུ་བར་བྱེད་པ			please; make happy; gladden
མགུ་བྱ			that which is to be pleased
མགུལ་བ			neck
མགྱོགས་པོར			fast; quickly; soon
མི			(1) negative particle: not; non-; is not; (2) human; person
མི་འབྲེལ་བ			unrelated; unrelated phenomena
མི་འབྱུང			non-arising; not arise; not come forth; not emerge
མི་འབྱུང་བ			non-arising; not arise; not come forth; not emerge
མི་འཆད་པ			not cut off; unexplained
མི་འཆི་བ			non-death; not deat
མི་འདའ་བར་བྱ་བ			should not be transgressed; should not be passed over  (T)
མི་འདོད			non-desire; not desire
མི་འདོད་པ			non-desire; not desire
མི་འདོད་པའི་ཐལ་འགྱུར			unwanted consequence
མི་འདོགས			not impute; non-imputed
མི་འདྲ			different; dissimilar(BJ 45.7); not alike
མི་འདྲ་བ			dissimilar; different; being specific, i.e., individual (GD:119); not alike
མི་འདྲ་བར་སྐྱེ་བ			produced differently; dissimilar production
མི་འདྲར་འགྲོ			going differently
མི་འཛིན			non-apprehension; (do) not conceive; non-conception
མི་འཛིན་པ			non-apprehension; (do) not conceive(BJ 30.2); non-conception
མི་འགལ་བ			non-contradictory(N)
མི་འགོ			not understand; non-understanding
མི་འགོ་བ			not understand; non-understanding
མི་འགུལ			non-vacillating; not vibrating
མི་འགྱོད་པ			non-regretful
མི་འགྱུར			immutable
མི་འགྱུར་བ			immutable
མི་འགྱུར་བའི་བདེ་ཆེན			the immutable great bliss
མི་འགྱུར་བའི་ཆོས་ཅན			immutable subject
མི་འགྱུར་བའི་སེམས			immutable mind
མི་འགྱུར་རོ			immutable
མི་འཇིག་པ			non-disintegrating(D2)
མི་འཇིག་པའི་ཆོས			non-disintegrating phenomenon
མི་འཇིགས			non-fear; fearless
མི་འཇིགས་པ			fearlessness
མི་འཇིགས་པ་བཞི			four fearlessnesses
མི་འཇིགས་པ་སྦྱིན་པ			bestowing protection(VM)
མི་འཇུག			non-engagement; non-entry; does not apply(BJ 53.2)
མི་འཁྲུགས			undisturbed; imperturbable; Akṣobhya [p.n. of a Buddha]
མི་འཁྲུགས་ཆོས་ཅན			undisturbed subject
མི་འཁྲུགས་པ			undisturbed; imperturbable; Akṣobhya [p.n. of a Buddha]
མི་འཁྲུལ་བ			non-mistaken(N)
མི་འོག་པ			not below; not under; unstained
མི་འཕོ་བ			non-development; not move; non-transmigration; not pass (from)
མི་འཕྲོ་བ			non-scattering; not spread; not diffuse
མི་འཕྲོག་པའི་དྭང་པའི་དད་པ			faith which is a non-captivated clarity
མི་འཕྲོགས་པ			not deprive; not rob; not run away with
མི་འཐད			incorrect; unfeasible; not feasible
མི་འཐུགས་པའི་བརྩོན་གྲུས			non-disturbed effort; undisturbed effort
མི་འཚེ			non-harm; non-harming
མི་བདེ་བ			unhappiness; difficult
མི་བདེན་པར			non-truthful; false; falsely
མི་བཀྲ་བ			non-various; not shining; not beautiful
མི་བརྫུན་པ			non-counterfeit; not false; non-falsity
མི་བརྗེད			not forgetting; non-forgetfulness(DK 5.9)
མི་བརྗེད་པ			non-forgetfulness; not forgetting
མི་བརྗོད			not state; non-statement; not indicate; non-indication
མི་བརྗོད་པ			not state; non-statement; not indicate; non-indication
མི་བརླང་པ			not rough
མི་བརྟན་པ			unstable; infirm
མི་བརྟེན་དུ་མི་རུང་ངོ			not suitable as independent
མི་བརྟེན་པ			independent; non-dependence; non-reliance
མི་བརྩོན་པ			non-endeavor; non-effort; non-exertion; non-striving
མི་བསྒོམ་པར་བྱེད			not practice meditation; not cultivate
མི་བསྒྱུར་བ			not transform; unchanging; not affect; not control
མི་བསྐྱེད་པ			non-produced; not generated; unproduced; non-production
མི་བསྐྱོད་པ			undisturbed; imperturbable; Akṣobhya [p.n. of a Buddha]
མི་བསྐྱུད་པ			non-loss; non-forgetfulness
མི་བསླུ			[not-deceive]; incontrovertible; ineluctible; undeceived; inevitable
མི་བསླུ་བ			[not-deceive]; incontrovertible; ineluctible; undeceived; inevitable
མི་བསྔགས་པ			not praise; non-praise
མི་བཏང་བ			not give away; not let go; not give; not send
མི་བྱེད་པ			not made; not done
མི་བྱེད་པའི་སྡོམ་པ་ཐོབ་པ			attain the unmade vow  (T)
མི་བཟད			frightful; awful; horrible
མི་བཟད་པ			inexhaustibility; frightful; awful; horrible
མི་བཟང			not good; not right; not nice
མི་བཟོད			not allowable; unendurable; non-forbearance/patience/tolerance/endurance
མི་བཟོད་ངོ་ཚ			unbearable shame
མི་བཟོད་པ			not allowable; unendurable; non-forbearance/patience/tolerance/endurance
མི་ཆགས			non-attachment; non-desire
མི་ཆེ་བ			Not Great
མི་ཆོད་པ			not cut off
མི་ཆོག			not sufficient
མི་ཅོར་སྨྲ་བ			proponent of foolishness
མི་དག་པ			impure
མི་དག་པའི་ཀུན་རྫོབ			impure conventionality
མི་དལ			non-leisure; no leisure
མི་དབེན་པར་བགྱིད་པ			make/become non-isolated
མི་དགའ			unhappy; non-joyous
མི་དགའ་བ			unhappy; non-joyous
མི་དགའ་བ་ཡིད་ལ་བྱེད་པ			non-joyful mental contemplation; mental contemplation of unhappiness
མི་དགེ			non-virtuous; non-virtue
མི་དགེ་བ			non-virtuous; non-virtue
མི་དགེ་བའི་བཅུའི་ལས་ཀྱི་ལམ			the path of ten non-virtues
མི་དགེ་བའི་ཆོས			non-virtuous phenomena; non-virtuous qualities/doctrines
མི་དགེ་བའི་ཆོས་ཉམས་པར་བྱེད་པ			abandon non-virtuous phenonena/qualities/doctrines
མི་དགེ་བའི་གྲོགས་པོ			non-virtuous friend
མི་དགོས			not necessary; need not; no need to(BJ 35.4)
མི་དགོས་པ			not necessary; need not; no need to
མི་དམའ་བ			not low; non-inferiority
མི་དམན་པ་ཉིད			non-inferiority
མི་དམིགས			not observed(BJ 50.6); non-observation
མི་དམིགས་ཉིད			non-observation
མི་དམིགས་པ			not observed; non-observation
མི་དམིགས་པ་སྟོང་པ་ཉིད			non-observed emptiness
མི་དམིགས་པའི་ཚུལ་གྱིས			through the mode of non-observation
མི་དམིགས་པར་སྤྱོད་པ			non-observed activity; non-observed performance
མི་དངངས་པ			non-oppression
མི་གཡེང་བ			non-distraction; not distraction; not wander (mentally)
མི་གཡོ			immovable; not move; unfluctuating; unwavering
མི་གཡོ་བ			nonfluctuation; immovable; unshakeable; not move; unfluctuating; unwavering; Acala [p.n. of a wrathful deity]; Immovable (eighth bodhisattva ground)
མི་གཡོ་བ་རབ་ཏུ་གནས			thoroughly abide in the immovable
མི་གཡོ་བའི་གནས་སྐབས			state of immovability
མི་གཡོ་ཞིང་ཤིན་ཏུ་བརྟན་པ			immovable and stable
མི་གདུང་བ			Without Pain
མི་གནས			non-abiding; not abide; non-place; non-abode; no abode.
མི་གནས་པ			non-abiding(Gön-chok); not abide; non-place; non-abode; no abode
མི་གནས་པ་ཉིད			non-abidingness
མི་གནས་པའི་མྱ་ངན་ལས་འདས་པ			non-abiding nirvāṇa
མི་གནས་པའི་མྱང་འདས			non-abiding nirvāṇa; non-abiding nirvana
མི་གནས་ཞི་བར་ཞུགས་པ			enter into non-abiding peace
མི་གནོད་པ			non-harm; not harm; non-injury; non-vessel
མི་གནོད་པར			non-harm; not harmful; non-injurious
མི་གནོད་པར་འགྲོ་བར་བྱ			non-harm; not harm; non-injury; non-vessel
མི་གོང			not high
མི་གོས་པ			unsullied; uncovered; unpolluted
མི་གོས་པར་འགྱུར			unsullied; uncovered; unpolluted
མི་གསལ་བ			unclear
མི་གཏོགས་པ			not included; unincluded
མི་གཏོང			not give/send/cast away
མི་གཙང			[not-clean]; unclean; excrement; filth; the unclean
མི་གཙང་བ			[not-clean]; unclean; excrement; filth; the unclean
མི་གཙང་བ་དང་སྡུག་བསྔལ་བ་དང་མི་རྟག་པ་དང་བདག་མེད་པའི་འདུ་ཤེས			conception of the unclean, suffering, impermanence, and selflessness
མི་གུས			non-humility; disrespect
མི་ཁོམ			non-leisure
མི་ཁོམ་པ			non-leisure
མི་ཁོམ་པར་གྱུར་པ			non-leisure
མི་ལྕོག་མེད			not-unable
མི་ལྕོགས་མེད			not unable
མི་ལྡན			not having; not possessing
མི་ལྡན			non-endowed
མི་ལྡན་པ			not having; not possessing
མི་ལྡོག			not reversed; irreversible
མི་ལྡོག་ཉིད			irreversibility
མི་ལྡོག་པ			irreversible; not reversed
མི་ལྡོག་པ་ཉིད			irreversibility
མི་ལྡོག་པར			irreversible; not reversed
མི་ལེན་པ			not take; non-obtainment; non-appropriated; not accept
མི་ལྟ་བ			unseen; not see; not view; non-view; non-seeing
མི་ལྟ་བར་བརྩོན་འགྲུས			unseen effort
མི་ལྟོས་པ			independence; non-dependence; non-relation; unrelated
མི་ལྟུང་བ			non-infraction; not fall; not sin
མི་ལུས་རིན་པོ་ཆེ			precious human body
མི་མ			non-men; not men
མི་མ་ཡིན་པ			non-men; not men; non-human
མི་མ་ཡིན་པར་གྱུར་པ			non-men; not men
མི་མཛའ་བ			unfriendly; enemy; foe
མི་མཇེད			obdurate
མི་མཇེད་པ			obdurate
མི་མཁས			not wise; unwise
མི་མཁས་པ			not wise; unwise
མི་མཁྱེན་པ			not known; not know
མི་མངའ			does not have [honorific for, not possess](BJ 69.3)
མི་མངོན			non-manifest; not actual
མི་མཉམ			non-sameness; not the same
མི་མཉམ་དང་མཉམ་པ			non-similar and similar; similar to what is dissimilar
མི་མཉམ་པ			non-sameness; not the same
མི་མཉམ་པ་དང་མཉམ་པ			non-similar and similar; similar to what is dissimilar
མི་མཉེས་པར་བྱེད་པར་འགྱུར་རོ			displease; not pleased
མི་མོངས			non-afflicted; unafflicted
མི་མོས་པ			non-belief/imagination/faith/interest/inclination/prefer/zeal/imagine
མི་མཐོང			unseen; not see; not perceive
མི་མཐོང་བ			unseen; not see; not perceive
མི་མཐུན			unfavorable; discordant; different; dissimilar; conflicting(BJ 9.5)
མི་མཐུན་དཔེ			dissimilar example
མི་མཐུན་མཚན་ཉིད			discordant character
མི་མཐུན་པ			different; dissimilar; discordant; conflicting; incompatible
མི་མཐུན་པ་མེད་པ			non-discordant; non-conflicting; non-different
མི་མཐུན་པའི་མཚན་ཉིད			discordant character
མི་མཐུན་པའི་ཕྱོགས			discordances
མི་མཐུན་པའི་ཕྱོགས་འདུལ་བ			discipline the discordances
མི་མཐུན་པའི་ཕྱོགས་འཕེལ་བ			increase of the discordances; increase the discordances
མི་མཐུན་པའི་ཕྱོགས་དང་བྲལ་བ་ཉིད			freedom from the discordances
མི་མཐུན་པའི་ཕྱོགས་ཀྱི་ཆོས་དང་མ་འདྲེས་པ			unmixed phenomena/qualities of the discordances
མི་མཐུན་པའི་ཕྱོགས་ཀྱི་གཉེན་པོ			antidotes to the discordances(S 29)
མི་མཐུན་པའི་ཕྱོགས་ཀྱི་གཉེན་པོ་ཡིན་པ			antidotes to the discordances
མི་མཐུན་པའི་ཕྱོགས་ཀྱི་ངོ་བོ་ཉིད			entityness of the discordances
མི་མཐུན་པའི་ཕྱོགས་ཀྱི་ས་བོན་དང་བྲལ་བ			free from the seeds of the discordances
མི་མཐུན་པའི་ཕྱོགས་ལ་ཆགས་པ			attachment to the discordances
མི་མཐུན་པའི་ཕྱོགས་ངེས་པར་གྲོལ་བ			definite liberation from the discordances
མི་མཐུན་པའི་ཕྱོགས་ཉམས་པ			abandon the discordances; abandonment of the discordances
མི་མཐུན་པའི་ཕྱོགས་རྣམ་པར་འཚེ་བ་སྤངས་པ			abandon the harm of the discordances
མི་མཐུན་པའི་ཕྱོགས་རྣམ་པར་སུན་འབྱིན་པ			the discordance of disbelief
མི་མཐུན་པའི་ཕྱོགས་རྣམས་དང་མ་འདྲེས་པ			unmixed discordances
མི་མཐུན་པའི་ཕྱོགས་སྤང་བ			abandon the discordances
མི་མཐུན་པའི་ཕྱོགས་སྤངས་པ			abandon the discordances
མི་མཐུན་པའི་ཕྱོགས་ཞི་བ			pacify the discordances; pacification of the discordances
མི་མཐུན་པའི་རྒྱུ			discordant cause; cause of discordance
མི་མཐུན་པར			discordant; discordantly; different; dissimilar
མི་མཐུན་པར་གནས་པ			abide discordantly
མི་མཐུན་པར་མཛོད་པ			discordant; discordant act; different; dissimilar
མི་མཐུན་ཕྱོགས			discordant class; classed as discordant; discordances; dissimilar class
མི་མཐུན་ཕྱོགས་ཀྱི་གཞི་ཤེས			knower of bases classed as discordant /knower of bases bound by the apprehension of signs that is classed as discordant (mtshan ’dzin gyis bcings pa’i mi mthun phyogs kyi gzhi shes)
མི་མཐུན་ཕྱོགས་ནི་སྤོང་བྱེད			abandoner of the discordances; abandoning the discordances
མི་མཐུན་ཕྱོགས་སྤངས			abandon the discordances
མི་མཐུན་སྤངས			abandon the discordances
མི་ངོམས་ཉིད			non-satisfaction; unsatisfied; non-satiation; insatiable
མི་ངོམས་པ			non-satisfaction; unsatisfied; non-satiation; insatiable
མི་ནུས་པ			unable; not able; cannot
མི་ཉམས			unspoiled; undefiled; uncorrupted; undegenerated
མི་ཉམས་པ			nondegeneration; unspoiled; undefiled; uncorrupted; undegenerated
མི་ཉམས་པའི་བསམ་གཏན་དང་ཏིང་ངེ་འཛིན་ཐོབ་པ			obtain an uncorrupted concentration and meditative stabilization
མི་ཕམ			unconquered; an epithet of Maitreya; name of a Nying-ma lama
མི་ཕམ་བླ་མ			Guru Ajita
མི་ཕམ་བླ་མའི་ཞལ་ལུང			Sacred Word of Guru Ajita
མི་ཕམ་བཤེས་གཉེན			Ajita-mitra
མི་ཕམ་རྒྱ་མཚོ			Mi-pham-gya-tso [p.n. of a Nying-ma lama]
མི་ཕན་པ			non-benefit; disservice; not help
མི་ཕྱེད			[not-divide]; undivided
མི་ཕྱེད་པ			[not-divide]; indivisibility; indivisible; undivided
མི་རེག་པར			not contacting; non-contact
མི་རྒྱུ་བ			the immobile; the inanimate [i.e. that which does not move about]
མི་རིག་པ			ignorant; ignorance; non-awareness; unaware
མི་རིགས			(1) unreasonable; not reasonable; not definite(LG)(2) race (of humans)
མི་རིགས་པ			(1) unreasonable(N); not reasonable; not definite(2) race (of humans)
མི་རྟག			impermanent; impermanence; impermanent phenomenon/thing
མི་རྟག་པ			impermanent; impermanent phenomenon; impermanence; impermanent thing
མི་རྟག་པ་དང་སྡུག་བསྣལ་བ་དང་སྟོང་པ་དང་བདག་མེད་པ་ཉིད			impermanence, suffering, emptiness, and selflessness
མི་རྟག་པ་ཉིད			impermanence
མི་རྟག་པ་ཉིད་རྣམ་པ་གསུམ			three aspects/types of impermanence
མི་རྟེན་པ			not depending (upon); no basis; non-support
མི་རྟོག			non-conceptual; non-conceptuality; no conceptuality
མི་རྟོག་བློ			non-conceptual awareness
མི་རྟོག་བྱང་ཆུབ			non-conceptual enlightenment
མི་རྟོག་པ			non-conceptual; non-conceptuality(N)
མི་རྟོག་པ་ཉིད			non-conceptuality
མི་རྟོག་རྣམ་པར་མི་རྟོག་པ			non-conceptual non-conceptuality
མི་རྟོག་ཡེ་ཤེས			non-conceptual exalted wisdom
མི་རྟོག་ཡེ་ཤེས་ནི་སྐྱེས			produce non-conceptual exalted wisdom
མི་རྟོག་ཡེ་ཤེས་སྟོབས			force of non-conceptual exalted wisdom
མི་རྟོགས			not realize; not cognize; not understand; non-conceptual; non-conceptuality
མི་རྩུབ་པ			not rough; non-roughness
མི་རུང			unsuitable
མི་རུང་བ			unsuitable(N)
མི་སྦྱོར་བ			non-joining; non-connection; disconnection; non-application
མི་སྡུག་པ			ugliness; unpleasant
མི་སྡུག་པའི་རྣམ་པ་བསྒོམས་པ			meditate on the aspect(s) of ugliness
མི་ཤེས			uncognized; not conscious; unconscious; non-consciousness
མི་ཤེས་པ			uncognized; not conscious; unconscious; non-consciousness; ignorance; nescience
མི་ཤིགས་པ			indestructible
མི་ཤིགས་པ་ཉིད			indestructibility
མི་སྐྲག			non-fear; not frightened
མི་སྐྲག་པའི་རྒྱུ་ཉིད			cause of non-fear
མི་སྐྲག་པའི་ཡིད			non-fearful mind
མི་སྐྲག་པར་བྱ་བ			object of non-fear; will not be fearful
མི་སྐྱེ			not produced; unproduced; non-production
མི་སྐྱེ་བ			not produced; unproduced; non-production
མི་སྐྱེ་བ་ཆོས་ཉིད			unproduced reality
མི་སྐྱེ་བ་ལ་བཟོད་པ			forbearance/patience/tolerance/endurance with respect to non-production
མི་སྐྱེ་བ་ཡི་བཟོད་པ་ཉིད			forbearance/patience/tolerance/endurance with respect to non-production
མི་སྐྱེ་བའི་ཆོས་ལ་བཟོད་པ			forbearance/patience/tolerance/endurance with respect to the doctrine of non-production
མི་སྐྱེ་བའི་ཆོས་ལ་བཟོད་པ་ཐོབ་པ			attain forbearance/patience/tolerance/endurance with respect to the doctrine of non-production
མི་སྐྱེ་བའི་ཆོས་ལ་བཟོད་པ་ཡོངས་སུ་ཚོལ་བ			thoroughly seek/investigate/examine/research forbearance/patience/tolerance/endurance with respect to the doctrine of non-production
མི་སྐྱེ་བའི་མཐར			extreme of non-production; non-production-limit
མི་སྐྱེ་བཟོད་པ་ཐོབ་ཉིད			attainment of forbearance/patience/tolerance/endurance with respect to non-production
མི་སྐྱེའི་ཆོས་ལ་ནི་བཟོད་པ་ཐོབ་པ			attain forbearance with respect to the doctrine of non-production
མི་སྐྱེད་པ			non-produced; not generated
མི་སྐྱེས་པ			non-produced; non-created; unproduced
མི་སྐྱོ་བ			non-aversion; non-agitation; non-depression
མི་སྐྱོ་བར་བྱ་བ			object of non-aversion; will not be averse
མི་སློབ			no more learning; non-learner
མི་སློབ་ལམ			path of no more learning
མི་སློབ་པ			no more learning; non-learner
མི་སློབ་པའི་འབྲས་བུ			fruit of a non-learner; (T) fruit of no more learning
མི་སླུ			[not-deceive]; incontrovertible; ineluctible; undeceived; inevitable
མི་སླུ་བ			[not-deceive]; incontrovertible; ineluctible; undeceived; inevitable; reliability (GD:659); non-deceptive
མི་སླུ་བའི་རིག་པ			incontrovertible knower(BR)
མི་སྨྲ་བ			non-propounding; not propound
མི་སྨྲ་ན			when not propounding
མི་སྣང			non-appearing; non-appearance; not appear
མི་སྣང་བ			non-appearing; non-appearance; not appear
མི་སྣང་བ་མ་དམིགས་པའི་རྟགས			nonobservation sign of the nonappearing
མི་སྣང་བ་ཉིད			non-appearance
མི་སྙམ་པ			not think; non-consideration; not imagine
མི་སྙམ་པས་བཟོད་པ			patience/forbearance/endurance/tolerance through not thinking [about it]
མི་སྙན			unpleasant; non-fame; non-glory
མི་སྙན་པ			unpleasant; non-fame; non-glory
མི་སྙན་པར			unpleasantly
མི་སྙན་པར་བརྗོད་པར་འགྱུར			states unpleasantly; unpleasant expression
མི་སྤོང་བ			non-abandonment; not abandon
མི་སྤྱོད་པ			non-performance; non-practice; not enjoy
མི་སྲིད་པ			not not occur(BJ 20.7); impossible
མི་སྲིད་པའི་སྐྱོན			fallacy of non-occurrence
མི་སྟོན་པའི་ཕྱིར་རོ			because of not teaching; non-teaching; non-indication
མི་སྟོང་མིན			non-empty
མི་སྟོང་པ་ཡང་མ་ཡིན			non-empty
མི་སྟོང་པའི་སྟོང་པ་ཉིད			non-empty emptiness
མི་ཐོགས			non-obstructive; non-obstacle
མི་ཐུབ			unsubdueable; not subdued
མི་ཐུལ་བ			unsubdueable; not subdued
མི་ཐུལ་བར་འགྱུར་རོ			unsubdueable; not subdued
མི་ཐུལ་ཏོ			unsubdueable; not subdued
མི་ཚུགས་པ			non-established; not established
མི་ཡི་འཇིག་རྟེན			world of men; world of mortals
མི་ཟད			[not-exhaust]; not only; inexhaustible
མི་ཟད་པ			[not-exhaust]; not only; inexhaustible
མི་ཟད་པ་ཉིད་འབྱུང་བ་དང་སྦྱར་བ			joined with the arising of inexhaustibility  (T)
མི་ཟད་པའི་ཚིག་སྡུད			participial construction
མི་ཟད་པར་བྱེད			inexhaustibly do/make  (T)
མི་ཞིག་པོ			non-disintegrated; not destroyed; not perish
མི་ཞིམ་པ			non-fragrant; low; inferior; lesser
མི་ཞིམ་པའི་དྲི་མི་མཉམ་པ			unequal unfragrant odor
མི་ཞིམ་པའི་དྲི་མཉམ་པ			equal unfragrant odor
མི་ཞིམ་པའི་ལྷན་སྐྱེས་ཀྱི་དྲི			unfragrant natural odor
མི་ཞིམ་པའི་སྦྱར་བྱུང་གི་དྲི			unfragrant manufactured odor
མི་ཞུམ			non-depression; non-slackness; non-discouragement
མི་ཟིན་པའི་འབྱུང་བ་ལས་གྱུར་པའི་སྒྲ			sound arisen from elements not conjoined with consciousness
མི་ཟློས་པ			not repeat again
མིའམ་ཅི			a mythical being with a human body and the head of a horse or vice versa (Monier-Williams) (T)
མིའི་ལུས་དང་ལྡན			having a human body
མིའི་རྟེན་ཅན་གྱི་སོ་སོའི་སྐྱེ་བོ			ordinary beings with the basis of men; common being having the basis of a human
མིག			eye
མིག་འབྱེད			opener of the eye; open the eye
མིག་འཕྲུལ			magic
མིག་བྱེད			eye activity; functioning of the eye(LG)
མིག་དང་གཟུགས་རྣམས་ནས་ཡིད་དང་ཆོས་རྣམས་ཞེས་བྱ་བའི་བར་དུ			from eye and form up to mind and phenomena  (T)
མིག་དབང			eye sense power
མིག་དམར			Tuesday
མིག་གཡེང			undistracted; not wander (mentally)
མིག་གི་འདུས་ཏེ་རེག་པའི་རྐྱེན་ལས་འབྱུང་བ			arisen from the condition of eye-contact
མིག་གི་བྱེད			eye activity(LG)
མིག་གི་བྱེད་པ་འདས་པ་དེའི་ཚེ			when this eye activity is past(LG)
མིག་གི་བྱེད་པ་དང་ལྡན་པའི་ཚེ			at the time of having eye activity(LG)
མིག་གི་དབང་པོ			eye sense power
མིག་གི་དབང་པོའི་སྤྱོད་ཡུལ་དུ་སྣང་བར་གྱུར་ཏོ			appear within the range of the eye sense power
མིག་གི་ཁམས			eye-constituent
མིག་གི་རྣམ་པར་ཤེས་པ			eye (main) consciousness
༅མིག་གི་རྣམ་པར་ཤེས་པ༏་མིག་གི་རྣམ་ཤེས			eye consciousness
མིག་གི་རྣམ་ཤེས			eye (main) consciousness
མིག་གི་སྐྱེ་མཆེད			eye-source
མིག་ལ་སོགས་པ			eye, etc.
མིག་ལམ་དུ་སྣང་བ་ཡིན་ཏེ			appears in the path of the eye
མིག་ལམ་དུ་སྣང་བར་གྱུར་ཏོ			appears in the path of the eye
མིག་ལམ་དུའང་གདའ་ལགས་སོ			appears in the path of the eye
མིག་རབ་རིབ			faulty vision
མིག་ཤེལ			eyeglasses
མིག་ཤེས			eye consciousness; eye cognition
མིག་ཤེས་ཀྱི་བཟུང་བྱ			apprehended object of an eye-consciousness
མིག་སླུ་བར་བྱེད་པ			eye-deception; deceive the eyes
མིག་ཡོར			image; reflection
མིན			is not; non-; not
མིན་འགྲོ			probably not
མིན་འགྲོའམ			maybe
མིན་གྱུར			what something is not
མིན་ལོག			opposite-from-not-being-something
མིན་པ			is not; non-; not
མིན་པ་འདྲ			it does not seem
མིང			name; designation; term (GD:419)
མིང་འཛིན་པ			grasping a name; apprehension of a name
མིང་འཇུག་པའི་གཞི			basis of affixing names
མིང་བརྡ་ཙམ་གྱིས་བཞག་པ			posited by only names and terminology
མིང་བརྡའ			name and terminology
མིང་བརྡའ་ཙམ་གྱིས་བཞག་པ			posited by only name and terminology
མིང་བརྡས་བཞག་ཙམ			only posited by name and terminology
མིང་བསྟན་པ			indicate his/her name; state his/her name
མིང་བཏགས་པ་ཙམ			mere imputation of a name; mere nominal imputation
མིང་དང་འདུ་ཤེས་དང་འདོགས་པ་དང་རྗེས་སུ་ཐ་སྙད་འདོགས་པ་བྱེད་པ			impute name, conception, imputation, and conventionalities
མིང་དང་བརྡས་བཞག་པ			posited by names and terminology [e.g. imputations as entity and attribute](BJ 25.4)
མིང་དང་གཟུགས			name and form
མིང་དང་རྟོག་པས་བཏགས་ཙམ			merely posited by names and thought(N)
མིང་དང་ཚིག་དང་ཡི་གེའི་གྲངས			enumeration of names, words, and letters
མིང་དང་ཚིག་ཏུ་བཏགས་པ			imputed as names and words
མིང་དོན་འབྲེལ་བའི་རྟོག་པ			conceptual consciousnesses associating name and meaning
མིང་དོན་འབྲེལ་བར་དྲན་པའི་རྟོག་པ			conceptual consciousness mindful of associating name and object
མིང་དུ			named; nominal; as name
མིང་དུ་བརྡར་བཏགས་པ་གང་ཡིན			whatever is a designation as nominal terminology(BJ 70.1)
མིང་དུ་བཏགས			nominally designate(S 1)
མིང་དུ་བཏགས་པ་ཙམ			just nominally imputed
མིང་དུ་བྱ་བ			named; called; reckoned as
མིང་དུ་གདགས་སུ་ཡོད་པ			exist as nominally imputed/designated
མིང་དུ་ཀུན་ཏུ་རྟོག་པ			imputation as name; nominal imputation
མིང་དུ་མངོན་པར་ཞེན་པ			adherence to the name  (T)
མིང་གི་བརྡས			nominal terminology(S)
མིང་གི་བརྗོད་པ			nominal expression
མིང་གི་བྱིན་གྱི་རླབས			empowerment of names; nominal empowerment
མིང་གི་གཞི་ལས			from the nominal basis; empowerment of names; nominal empowerment
མིང་གི་ལྷག་མ་ཙམ་དུ་མེད་པ			without even a nominal remainder
མིང་གི་རྣམ་གྲངས			synonymous; synonym
མིང་གི་ཚོགས			group of stems
མིང་གི་ཚོགས་དང་ཚིག་གི་ཚོགས་དང་ཡི་གེའི་ཚོགས་རྣམས་ལ་ནི			groups of stems, groups of words, and groups of letters
མིང་གིས			by names
མིང་གིས་བཏགས་པ			nominally imputed(N)
མིང་གིས་བཞག་པ			nominal positing(N)
མིང་གཞི			name basis
མིང་གཟུགས			name and form
མིང་ཇི་ལྟ་བ་དེ་བཞིན་དུ་དོན་དུ་མངོན་པར་ཞེན་པའི་རྣམ་པར་རྟོག་པ			conception which adheres to the literal meaning of the names (T)
མིང་ལ་བརྟེན་པ			in dependence upon names
མིང་ལ་དམིགས་པ			observation of a name  (T)
མིང་མ་མཆིས་པ			nameless
མིང་མ་མཆིས་ཤིང་ལུས་མ་མཆིས་པ			nameless and bodyless
མིང་མེད			ring finger
མིང་ནི་གང་དང་གང་གིས་སུ			in whatever phenomenon, expressed by whatever name(BJ 66.3)
མིང་ཉིད་ཐོབ་པར་འགྱུར			obtain a name
མིང་ཕར་བརྗོད་པ			the expression of names out there(BJ 54.7)
མིང་ཙམ			mere name; merely nominal(N)
མིང་ཙམ་དུ་ཡོད་པ			mere nominal existence
མིང་ཡོངས་སུ་ཚོལ་བ			thoroughly seek/investigate/examine/research names
མིར་འགྱུར་བ			be a man; man
མིར་གྱུར་པ			be a man; man
མཇལ			meet; have an audience with [present tense stem]
མཇུག			end
མཇུག་བསྡུ་བ			final summary
མཇུག་ཐོགས			immediately after; immediately subsequent to
མཇུག་ཐོགས་ཁོ་ནར			only immediately after; only immediately subsequent to
མཇུག་ཐོགས་སུ་འཇུག་པ			engaging immediately after
མཇུག་ཏུ			at the end
མཁའ			space; sky
མཁའ་འགྲོ			[sky-goer]; ḍāka [realized beings who in male form provide help to Tantric meditators]; male sky-travellers; male sky-goers
མཁའ་འགྲོ་མ			[sky-goer-female]; ḍākiṇī [realized beings who in female form provide help to Tantric meditators]; female sky-travellers; female sky-goers
མཁའ་ཁྱབ་མཁའ་ཡི་རྡོ་རྗེ་ཅན			that endowed with the space-vajra pervading space
མཁའ་ལ			in the sky/space; through the sky/space
མཁན			[marker for agent]
མཁན་པོ			preceptor; abbot; professor; scholar
མཁན་པོ་འདྲ་བ			like a preceptor/abbot/professor
མཁར་གྱི་རྒྱལ་པོ			king of a fort; comander of a fort
མཁས			wise; skilled; be skillful; scholar
༅མཁས་གྲུབ༏་མཁས་གྲུབ་རྗེ་དགེ་ལེགས་དཔལ་བཟང་པོ			Khay-drub [1385-1438; one of Tsong-kha-pa's two main students and 3rd abbot of Gan-dan (dga' ldan) monastery]
མཁས་པ			adjective: skillful; wise; skilled; proficient\n noun: scholar; the wise; wise person
མཁས་པ་དང་ལྡན་པ			endowed with skilfulness; endowed with wisdom
མཁས་པ་ལ་འབྱུང་བའི་དོགས་པའི་གནས			topic of qualm arising in scholars/the wise
མཁས་པ་རྣམ་པ་བཅུ			ten aspects of skill/wisdom
མཁས་པ་རྣམས་ཀྱི་ལས་རྣམ་གསུམ་པོ			three aspects of activites of the skilful
མཁས་པ་རྣམས་ཀྱིས་ཚུལ་བཞིན་བརྟགས་ན			if/when the wise analyze properly
༅མཁས་པའི་དམིགས་པ༏་མཁས་པར་བྱེད་པའི་དམིགས་པ			object of observation for [developing] skill
མཁས་པའི་རང་བཞིན་ཅན			having the nature of a wise person/scholar
མཁས་པར			proficiently; skillfully
མཁས་པར་བྱ་བ			object/topic of scholarship/skill
མཁས་པར་བྱས་ནས			having become skilled/proficient
མཁས་པར་བྱེད་པའི་དམིགས་པ			objects that make one skillful
མཁས་པར་ལྡན			endowed with skill/wisdom
མཁས་ཤིང་ཐབས་ཤེས་པ་ཡིན			wise/skilful and knowing methods/techniques
མཁོ་བ			necessary; important
མཁྲེགས་པོ			solid; hard
མཁྲིས་ལྦ			bile goiter
མཁྲིས་པ			bile
༅མཁྲིས༏་མཁྲིས་པ			bile
མཁུར་ཚོས			cheeks
མཁྱེན			exalted wisdom; know; wisdom (hon.); knowledge; cognize; cognition
མཁྱེན་བཞིན་དུ			while knowing
མཁྱེན་གསུམ			three exalted knowers (exalted-knower-of-all-aspects, knower of paths, and knower of bases)
མཁྱེན་གསུམ་བསྡུས་སྒོམ་གྱི་སྦྱོར་བའི་རྣམ་པ			aspect of training involved in meditatively cultivating collectively the three exalted knowers
མཁྱེན་གསུམ་གྱི་རྣམ་པ			aspect of the three exalted knowers
མཁྱེན་ནས			having known/cognized/realized
མཁྱེན་པ			exalted knower; exalted knowledge
མཁྱེན་པའི་གཏེར			treasure of exalted knowledge
མཁྱེན་པའི་ཡོན་ཏན			quality of exalted knowledge
མཁྱེན་རབ			supreme knowledge
མཁྱུད			fist; keep; hold; retain; conceal
མནན			to press down; to subdue; to cover
མནར་བ			suffer; harm; torture; torment
མནར་བར་འགྱུར			suffer; harm; torture; torment
མནར་མེད			Most Tortuous; Most Torturous (Hell)
མནར་མེད་པ			Most Tortuous Hell; denizen of the Most Tortuous Hell
མངའ			possess; own; have control over; have [in mind]
མངའ་བ			possess; own; have control over; have [in mind]
མངའ་བདག			lord; sovereign; owner; having dominion
མངའ་ཆེན་པོ			great dominion
མངའ་ཐང			power; control
མངལ			womb
མངལ་དུ་འགྲོ་བ			go/descend into the womb
མངལ་དུ་འཇུག་པ			entry/descent into the womb
མངལ་ལས་སྐྱེས་པ			born from a womb; womb-born
མངལ་ནས་སྐྱེ་བ			born from a womb
མངར་བ			sweet
མངོན			protrude; actualize; manifest
མངོན་འདོད			desire; attachment; wish
མངོན་འདོད་ཀྱི་དད་པ			faith of wishing [to attain]
མངོན་འདོད་ཀྱི་རྟོག་པ			wishing conception
མངོན་བརྗོད་ཀྱི་བག་ཆགས			predispositions of verbalization
མངོན་བྱང་ལྔ			the five clarifications; (T) the five manifest enlightenments ?
༅མངོན་བྱང༏་མངོན་པར་རྫོགས་པར་བྱང་ཆུབ			clarification; full enlightenment
མངོན་དགའ་ཞིང			manifestly liking/delighting; being manifestly happy
༅མངོན་དགའ,་མངོན་པར་དགའ་བ			great joy
མངོན་དུ			manifest; actual
མངོན་དུ་བགྱིད་པ			actualize; manifest
མངོན་དུ་བསྙེན་པ་བྱེད་པ			perform prior approximation
མངོན་དུ་བྱ			actualize; manifest
མངོན་དུ་བྱ་བ			manifest; actualize
མངོན་དུ་བྱས་ནས			having manifested; having actualized
མངོན་དུ་བྱས་པ			actualization; actualized; manifest
མངོན་དུ་གྱུར་པ			verb: make manifest; make evident; actualize\n adj: manifest; evident\n the manifest [name of the sixth ground of Bodhisattva Superiors (byang sems 'phags pa'i sa, ārya-bodhisattva-bhūmi); for others, see: byang sems 'phags pa'i sa]; Manifest (sixth
མངོན་དུ་གྱུར་པའི་ཚུལ་གྱིས			in a manifest manner
མངོན་དུ་མཛད			(hon.) actualize; manifest
མངོན་དུ་ཕྱོགས་པ			manifestly regard; approach; oriented; Approaching [the name of the sixth Bodhisattva ground]; directed toward
མངོན་གྱུར			manifest; manifest phenonenon; manifest object; approaching
མངོན་གྱུར་དུ་སྐྱེ་བ			manifest generation
༅མངོན་མཐོ,་མངོན་པར་མཐོ་བ			[manifestly-high]; high status; sublime state; high type
མངོན་པ			collection of manifest knowledge; be evident; be; Manifest Knowledge
མངོན་པ་གོང་འོག་གཉིས			the two, the lower and upper Manifest Knowledges
མངོན་པ་ཀུན་བཏུས			Summary of Manifest Knowledge [abhidharma-samuccaya, by Asaṅga (thogs med), P5550, vol. 112]
མངོན་པའི་ཆོས			Manifest Knowledge
མངོན་པའི་མཚན་མ་སྔར			previous manifest indication/sign
མངོན་པའི་ང་རྒྱལ			manifest pride; pride of conceit
མངོན་པའི་ང་རྒྱལ་ཅན			having manifest pride; manifestly proud; thoroughly conceited; one with the pride of conceit
མངོན་པའི་ང་རྒྱལ་ཅན་དུ་ལྟུང་བར			fallen into manifest pride/conceit
མངོན་པའི་སྡེ་སྣོད			scriptural collections of manifest knowledge; scriptural collection of manifest knowledge
མངོན་པར			manifestly
མངོན་པར་འབྱུང			manifestly arise; manifestly emerge; emerge from
མངོན་པར་འབྱུང་བ			manifestly arise; manifestly emerge; emerge from
མངོན་པར་འབྱུང་བར་འགྱུར			manifestly arise; manifestly emerge; emerge from
མངོན་པར་འཆར་བའི་ཚེ			time of manifestly appearing/dawning; when manifestly appearing/dawning
མངོན་པར་འདུ་བྱ་བ			composition
མངོན་པར་འདུ་བྱ་བ་མེད་པ			non-composition
མངོན་པར་འདུ་བྱ་བ་མེད་པ			non-composition
མངོན་པར་འདུ་བྱ་བ་མེད་པར་འཇུག་པ			engage in non-composition
མངོན་པར་འདུ་བྱེད			compose
མངོན་པར་འདུ་བྱེད་པ			manifestly constructs; compose; means of composition
མངོན་པར་འདུ་བྱེད་པ་མེད་པ			non-composition
མངོན་པར་འདུ་བྱེད་པ་མེད་པའི་མཚན་ཉིད			character of non-composition
མངོན་པར་འདུ་མཛད་པ			compose; actualize; manifest
མངོན་པར་འདུ་མཛད་པ་མི་མངའ་བ			non-composed; non-actualized; non-manifest
མངོན་པར་འདུ་མི་བྱེད			non-composition; non-compose
མངོན་པར་འདུས་པར་བྱས་པ			composed
མངོན་པར་འགྲུབ			become manifest
མངོན་པར་འཕགས་པ			superior; elevated; risen up
མངོན་པར་འཕགས་པར་འགྱུར་བ			become superior/elevated/risen up
མངོན་པར་འཕགས་ཏེ			superior; elevated; risen up
མངོན་པར་བརྗོད			manifestly express/verbalize
མངོན་པར་བརྗོད་པ			express; manifestly express/verbalize
མངོན་པར་བརྩོན			manifest effort; endeavor; manifest endeavor
མངོན་པར་བརྩོན་བྱེད			make manifest effort; endeavor; manifest endeavor
མངོན་པར་བརྩོན་གྱུར			manifest effort; endeavor; manifest endeavor
མངོན་པར་བརྩོན་པ			manifest effort; endeavor; manifest endeavor
མངོན་པར་བསགས་པ			collected
མངོན་པར་བསྡུས་པ			condensed; brought together; abridged; summarized
མངོན་པར་བསྒྲུབ་ཅིང			manifestly establish/achieve/accomplish
མངོན་པར་བསྒྲུབ་པ			manifestly establish/achieve/accomplish
མངོན་པར་བསྒྲུབ་པར་བྱའོ			should/will manifestly establish
མངོན་པར་བསྒྲུབ་པར་བྱེད			manifestly establish
མངོན་པར་བཤད་པ			explain; manifestly explain
མངོན་པར་བསྟོད			manifestly/strongly/thoroughly praise/laud
མངོན་པར་བསྟོད་པ			manifestly/strongly/thoroughly praise/laud
མངོན་པར་བྱེད་པ			manifest; actualize
མངོན་པར་ཆགས་པ			manifest attachment
མངོན་པར་དགའ་བ			manifestly rejoice
མངོན་པར་དགའ་བ་ཡིད་ལ་བྱེད་པ			mental engagement of manifest joy
༅མངོན་པར་དགའ་བ,་མངོན་དགའ			manifest joy; great joy
མངོན་པར་དགའ་བའི་བསམ་པ			thought of manifest joy
མངོན་པར་དགའ་བའི་ཆེ་བའི་བདག་ཉིད			essence of great manifest joy
མངོན་པར་དགའ་བའི་ཡིད་ལ་བྱེད་པ			mental engagement of manifest joy
མངོན་པར་དགའ་བར་འགྱུར			become manifestly joyful
མངོན་པར་དམིགས་པ་མེད་པ			non-observation; non-apprehension
མངོན་པར་གཏོར			scatter; spread over; strew
མངོན་པར་མ་ཆགས་པ			non-attached; non-attachment; manifestly non-attached
མངོན་པར་མ་གྲུབ་པར			not manifestly established
མངོན་པར་མ་ཞེན་པ			non-conception; non-adherence; non-attached
མངོན་པར་མི་བརྩོན་ཞིང			not endeavoring; not making effort
མངོན་པར་མི་ཤེས་པ			non-clairvoyant; without clairvoyance
མངོན་པར་མཐོ་བ			high status [within cyclic existence]
མངོན་པར་རབ་ཏུ་གཏོར			scatter; spread over; strew
མངོན་པར་རྫོགས་པ			perfect; complete; manifestly complete/perfected
མངོན་པར་རྫོགས་པར་བྱང་ཆུབ			complete perfect enlightenment
མངོན་པར་རྫོགས་པར་བྱང་ཆུབ་པ			completely perfectly enlightened
མངོན་པར་རྫོགས་པར་བྱང་ཆུབ་པ་དང་མྱ་ངན་ལས་འདས་པ་ཆེན་པོ་ཀུན་ཏུ་སྟོན་པ			thorougly teach complete perfect enlightenment and the great passing beyond sorrow
མངོན་པར་རྫོགས་པར་བྱང་ཆུབ་པ་དང་ཡོངས་སུ་མྱ་ངན་ལས་འདའ་བ་སྟོན་པར་འཇུག་པ			enter into the teaching of the complete perfect enlightenment and the thorough passing beyond sorrow
མངོན་པར་རྫོགས་པར་བྱང་ཆུབ་པ་དང་ཡོངས་སུ་མྱ་ངན་ལས་འདས་པ་ཡང་དག་པར་སྟོན་པ			throughly teach complete perfect enlightenment and the thorough passing beyond sorrow
མངོན་པར་རྫོགས་པར་བྱང་ཆུབ་པར་འགྱུར			become completely, perfectly enlightened
མངོན་པར་རྫོགས་པར་རྟོགས་པ			perfect/complete realization
མངོན་པར་རྫོགས་པར་སངས་རྒྱས			completely and perfectly enlightened/buddified; complete perfect Buddha
མངོན་པར་རྫོགས་པར་སངས་རྒྱས་པ			completely and perfectly enlightened/buddified
མངོན་པར་རྟོག་པ			manfiest conceptuality; conceptual consciousness
མངོན་པར་རྟོགས་པ			clear realization
མངོན་པར་རྟོགས་པའི་དུས			time of clear realization
མངོན་པར་རྟོགས་པའི་རྒྱན			Maitreya's Ornament for Clear Realization [abhisamayālaṃkāra, P5184, vol. 88]
མངོན་པར་སྒྲུབ			manifestly establish/achieve/accomplish
མངོན་པར་སྒྲུབ་པ			manifestly establish/achieve/accomplish
མངོན་པར་སྒྲུབ་པ་ལ་མཁས་པ			skilled in manifestly establishing/achieving/accomplishing
མངོན་པར་སྒྲུབ་པར་བྱེད་པ			manifestly establish/achieve/accomplish; means of manifestly establishing/achieving/accomplishing
མངོན་པར་ཤེས			clairvoyance
མངོན་པར་ཤེས་པ			clairvoyance
མངོན་པར་ཤེས་པ་དྲུག			the six clairvoyances
མངོན་པར་ཤེས་པ་ལ་སོགས་པ་ཡོན་ཏན			the qualities of clairvoyances and so forth
མངོན་པར་ཤེས་པ་ལྷག་མ་གསུམ			the three remaining clairvoyances (T)
མངོན་པར་ཤེས་པའི་སྤྱོད་པ			practice clairvoyance
མངོན་པར་ཤེས་པར་གྱུར་པས			through being clairvoyant
མངོན་པར་ཤེས་པས་རྣམ་པར་བརྩེ་བ			playing with the superknowledges(C)
མངོན་པར་སྤེལ་ཞིང			increase; augment
མངོན་པར་སྤྲོ་ཤིང་སྐྱོ་བར་མེད་པ			enthusiastic and without discouragement
མངོན་པར་སྤྲུལ			emanate
མངོན་པར་སྤྲུལ་པ			emanate
མངོན་པར་སྟོན			manifestly indicate/teach/show/demonstrate/set forth
མངོན་པར་སྟོན་པ			manifestly indicate/teach/show/demonstrate/set forth
མངོན་པར་ཐོབ་བྱེད			manifestly attain/obtain
མངོན་པར་ཡིད་ཆེས་པར་འགྱུར་བ་འབྱུང་ལ་ལྟ་མཆིས་ལགས་སམ			manifestly believe; strongly believe
མངོན་པར་ཞེན་པ			manifest conception; strong adherence(N)
མངོན་པར་ཞུགས			enter; manifestly enter
༅མངོན་ཕྱོགས,་མངོན་དུ་ཕྱོགས་པ			approach
མངོན་རྫོགས			thoroughly complete; completely
མངོན་རྟོགས			clear realization/clear realizer
མངོན་རྟོགས་རྒྱན			Maitreya's Ornament for Clear Realization [abhisamayālaṃkāra, P5148, vol. 88]
༅མངོན་རྟོགས༏་མངོན་པར་རྟོགས་པ			clear realization; clear realizer
མངོན་ཤེས			clairvoyance
མངོན་ཤེས་དྲུག			six clairvoyances
༅མངོན་ཤེས,་མངོན་པར་ཤེས་པ			clairvoyance
མངོན་སྤྱོད			violent activities; fierce activities
མངོན་སུམ			direct perception; direct perceiver; obvious object
མངོན་སུམ་འཁྲུལ་རྒྱུ་ཅན			direct perception serving as a cause of error
མངོན་སུམ་བཅད་ཤེས			direct subsequent cognizer
མངོན་སུམ་བྱ་བ			manifestation; actualization
མངོན་སུམ་བྱས་ནས			having manifested; actualizing
མངོན་སུམ་དུ			directly; manifestly; evidently
མངོན་སུམ་དུ་འཇུག་ལྡན་གཉིས་ཀ			both enter and arise from manifestly
མངོན་སུམ་དུ་བགྱིད			actualization; make manifest
མངོན་སུམ་དུ་བགྱིད་པ			actualize; make manifest
མངོན་སུམ་དུ་བྱ་བ			manifestation; actualization
མངོན་སུམ་དུ་བྱས་ནས			manifesting; actualizing
མངོན་སུམ་དུ་བྱས་པ			manifestation; actualization
མངོན་སུམ་དུ་བྱེད་ཅིང			manifest; actual
མངོན་སུམ་དུ་བྱེད་པ			manifestation; actualization
མངོན་སུམ་དུ་གྱུར			manifest
མངོན་སུམ་དུ་གྱུར་པ			manifest
མངོན་སུམ་དུ་མ་མཛད་པ			non-manifest; not actual
མངོན་སུམ་དུ་མཛད་པ			manifestation
མངོན་སུམ་དུ་མཐོང་བ			directly see
མངོན་སུམ་དུ་རྟོགས་པ			realize directly; cognize directly; direct realization
མངོན་སུམ་གྱི་ངེས་ངོར			to/for the ascertainment factor of a direct perception
མངོན་སུམ་གྱི་སྣང་ཡུལ			appearing object of direct perception; appearing object of a direct perceiver
མངོན་སུམ་གྱི་སྣང་ཡུལ་དུ་རང་ངོས་ནས་གྲུབ་པ			establishment from its own side as an appearing object of a direct perception
མངོན་སུམ་གྱི་སྤྱོད་ཡུལ			object in the sphere of direct perception; sphere of direct perception(LG)
མངོན་སུམ་གྱི་ཚད་མ			direct prime cognizer; direct valid cognition; sense direct perception; direct prime cognition
མངོན་སུམ་གྱི་ཚད་མས་དངོས་སུ་རྟོགས་པར་བྱ་བ			an explicit object of cognition by a direct perceiver;(T) an object explicitly realized by direct valid cognition
མངོན་སུམ་གྱིས་དྲངས་པའི་རྟོག་པ་བཅད་ཤེས			conceptual subsequent cognizer that remembers because of direct perception; (T) conceptual subsequent cognizer that is induced by direct perception
མངོན་སུམ་གྱིས་རྟོགས་པ			realize with direct perception
མངོན་སུམ་ལ་སྣང་བ་གང་ཞིག་སོ་སོར་མི་སྣང་བ			(1) appearing to direct perception; and (2) not appearing as separate
མངོན་སུམ་ལྟར་སྣང			pseudo/quasi/counterfeit direct perception/ perceiver
མངོན་སུམ་མ་ཡིན་པ			non-manifest; not actual
མངོན་སུམ་མ་ཡིན་པའི་ཆོས			non-obvious phenomenon
༅མངོན་སུམ་མཛད,་མངོན་སུམ་དུ་མཛད			manifest
མངོན་སུམ་མི་བྱེད			nonmanifestation; non-manifest; not actual
མངོན་སུམ་ཡིད་མ་གཏད			not aiming the mind directly (?) (T)
༅མངོན་ཞེན,་མངོན་པར་ཞེན་པ			exaggerated adherence; manifest conception; strong adherence
མངོར་བ			sweet(D1)
མནོད་པ			to cause to receive
མནོས			to cause to receive
མཉམ			equal; equality; similar; alike; same
མཉམ་བཞག			meditative equipoise
མཉམ་བཞག་ནམ་མཁའ་ལྟ་བུ			space-like meditative equipoise
མཉམ་བཞག་རྣམ་མཁའ་ལྟ་བུ			spacelike meditative equipoise
མཉམ་བཞག་སྣང་བཅས			meditative equipoise with appearance
མཉམ་བཞག་སྣང་མེད			meditative equipoise without appearance
མཉམ་བཞག་ཙམ་པོ་བ			mere meditative equipoise
མཉམ་བཞག་ཡེ་ཤེས			pristine wisdom of meditative equipoise; exalted wisdom of meditative equipoise
མཉམ་བཞག་ཡིན་པ			in meditative equipoise
མཉམ་དུ			equally; together
མཉམ་དུ་འབྱུང་བ			arise together
མཉམ་དུ་གསུངས			equally said (that ...)
མཉམ་གནས་ཀྱི་རླུང			fire-dwelling wind
མཉམ་གཞག			meditative equipoise; contemplative equipoise
མཉམ་གཞག་ཡེ་ཤེས			exalted wisdom of meditative equipoise
མཉམ་མེད			unequalled(N)
མཉམ་ཉིད			equality; sameness
མཉམ་པ			equal; similar; alike; same
མཉམ་པ་དང་མི་མཉམ་པས			equal and unequal; similar and dissimilar
མཉམ་པ་དང་མཉམ་པས			exactly equal
མཉམ་པ་མེད་པ			unequalled; dissimilar
མཉམ་པ་ཉིད			equality; sameness; similarity
མཉམ་པ་ཉིད་དུ་འགྱུར་བ			become equal
མཉམ་པ་ཉིད་དུ་འཇུག་པ			enter into equality
མཉམ་པ་ཉིད་དུ་ལྟ་བ			viewing sameness; view of equality
མཉམ་པ་ཉིད་དུ་ལྟ་བ་ཡིད་ལ་བྱེད་པ			mental contemplation in terms of viewing equality
མཉམ་པ་ཉིད་ཀྱི་བསམ་པ			thought of equality
མཉམ་པ་ཉིད་ཀྱི་རྣམ་པ་སྒོམ་པ			cultivate the aspect of equality
མཉམ་པ་ཉིད་ཀྱི་ཡེ་ཤེས			exalted wisdom of equality
མཉམ་པ་ཉིད་ལ་དགོངས་པ			thinking of sameness; in consideration of sameness; thinking of equality
མཉམ་པའི་སེམས་ཉིད			equal mind; (T) equal mindedness (?)
མཉམ་པར			equally
མཉམ་པར་འཇོག			[equal-ly-set]; setting in equipoise; compose mind for meditation
མཉམ་པར་འཇོག་པ			[equal-ly-set]; setting in equipoise; compose mind for meditation
མཉམ་པར་འཇོག་པར་བྱེད			setting in equipoise
མཉམ་པར་འཇུག་ཅིང			entering into equality
མཉམ་པར་བཞག			meditative equipoise(Gön-chok); compose the mind for meditation
མཉམ་པར་བཞག་པ			meditative equipoise(Gön-chok); compose the mind for meditation
མཉམ་པར་བཞག་པ་མ་ཡིན་པ			not in meditative equipoise
མཉམ་པར་བཞག་པར			meditative equipoise
མཉམ་པར་བཞག་པར་འཇོག་པ			setting in meditative equipoise
མཉམ་པར་གཞག་པ			meditative equipoise; compose the mind for meditation
མཉམ་པར་མ་བཞག			not in meditative equipoise
མཉམ་པར་མ་བཞག་པ			not in meditative equipoise
མཉམ་པར་མ་གཞག			not in meditative equipoise
མཉམ་པར་ཐོབ་ན			obtain equality
མཉམ་པར་ཞོག			meditative equipoise; compose the mind for meditation
མཉམ་པར་ཟུང་དུ་འཇུག་པ			meditate; engage in meditation
མཉམ་པས			measures
མཉམ་རྫོགས			equal and complete
མཉམ་སྦྱོར			union
མཉན			(1) listen (equivalent to nyan pa); (2) boat
མཉན་དུ་འོངས			come to listen
མཉན་པ			(1) boatman; (2) listen
མཉན་པ་དང་དད་པར་བྱ			listen and believe
མཉན་ཐོས་ཀྱི་སྒོམ་ལམ་ཆུང་ངུའི་ཆུང་ངུ་ནས་ཆེན་པོའི་ཆེན་པོའི་ཆེན་པོའི་བར་དགུ			the nine ranging from the small of the small up to the great of the great of a Hearer path of meditation
མཉེས་པ			honor; to please; delight; be pleased; delighted
མཉེས་པར་བྱས་པ			please; delight
མཉེས་པར་བྱེད			please; delight
མཉེས་པར་བྱེད་པར་འགྱུར			please; delight
མཉེས་པར་དཀའ			difficult to please
མཉེས་པོ			interesting
མོ			(1) female; woman; wife; feminine particle; she; (2) particle indicating the end of a statement
མོ་གཤམ་གྱི་བུ			son of a barren woman; child of a barren woman
མོ་ཁབ			needle
མོ་མོག			momo
མོ་ཊ			car
མོའུ་གལ་གྱི་བུ			Maudgalyāyana [p.n. of one of the Buddha's main disciples]
མོད			[verb + mod] indeed; although; but; though
མོག་མོག་པོ			lusterless
མོག་མོག་པོར་བྱེད			make lusterless
མོན་ལམ་ཆེན་མོ			Great Prayer Festival
མོན་སྣེ་དམར་པོ			a red leaved plant about two feet high, commonly called the "new year flower" (lo gsar me tog)
མོས			belief; imagination; faith; interest; inclined towards; prefer; zeal; imagine; keen for
མོས་མིན			non-belief/faith/interest/inclination towards/zeal/keenness
མོས་པ			belief; interest; imagination; faith; inclined towards; prefer; zeal; imagine; keen for; devoted
མོས་པ་འཐོབ་པ			obtain belief
མོས་པ་ཆེ			great belief/faith/interest/inclination towards/zeal
མོས་པ་དང་ལྡན་པ			faithful; having belief/faith/interest/inclination towards/zeal/keenness
མོས་པ་ལས་བྱུང་བའི་ཡིད་བྱེད			mental contemplation arisen from belief
མོས་པ་མང་བ་ཉིད			much belief/faith/interest/inclination towards/zeal/keenness; greatness of belief/faith/interest/inclination towards/zeal/keenness
མོས་པ་ཉིད			belief/faith/interest/inclination towards/zeal/keenness
མོས་པ་རྒྱ་ཆེ་བ			extensive belief/faith/interest/inclination towards/zeal
མོས་པ་རྒྱ་ཆེན་པོ			extensive belief/faith/interest/inclination towards/zeal
མོས་པ་རྒྱས་པ			extensive/increased belief/faith/interest/inclination towards/zeal
མོས་པ་རྣམ་པར་འཕེལ་བྱེད་པ			cause belief to increase (T)
༅མོས་པ་སྒོམ་ལམ་། མོས་པའི་སྒོམ་ལམ			[Great Vehicle] path of meditation of belief
མོས་པ་སྤྱོད་པའི་སེམས་བསྐྱེད			mind-generation of engagement through belief
མོས་པ་ཡིད་བྱེད			mental contemplation of belief
མོས་པ་ཡིད་ལ་བྱེད་པ			mental contemplation of belief(Lati)
མོས་པའི་འབྲས་བུ་ཡོངས་སུ་བསྡུ་བ			collect the fruits of belief
མོས་པའི་བར་དུ་གཅོད་པ			interruption of belief  (T)
མོས་པའི་བསོད་ནམས་ཀྱི་ཁྱད་པར			feature of the merit of belief  (T)
མོས་པའི་གོ་རིམ་པ			stages of belief/faith/interest/inclination towards/zeal/keenness; that which has stages of belief/faith/interest/inclination towards/zeal/keenness
མོས་པའི་ཕན་ཡོན			benefit of belief/faith/interest/inclination towards/zeal/keenness
མོས་པའི་སྐབས			occasion of belief/faith/interest/inclination towards/zeal/keenness
མོས་པའི་སྤྱོད་པའི་ས			ground of engagement through belief
མོས་པའི་སྟོབས་བསྐྱེད་པ			generate the power of belief
མོས་པར་འགྱུར			believe; belief
མོས་པར་བྱ་བ			object of belief/faith/interest/inclination towards/zeal/keenness; will/should believe
མོས་པར་བྱའོ			should/will believe/have belief/faith/interest/inclination towards/zeal/keenness
མོས་པར་དཀའོ			difficult to believe
མོས་པས་སྤྱོད་པ			engagement through belief
མོས་པས་སྤྱོད་པ་ལ་གནས་པའི་བྱང་ཆུབ་སེམས་དཔའ			the Bodhisattva's ground of engagement through belief
མོས་པས་སྤྱོད་པའི་ས			ground of engagement through belief
མོས་པས་ཐོབ་པ			attain/obtain through belief
མོས་སྤྱོད			engagement through belief
མོས་སྤྱོད་ཀྱི་སས་བསྡུས་པའི་བྱང་སེམས་ཀྱི་མཁྱེན་པ			exalted knower of a Bodhisattva that is included within the ground of engagement through belief
མོས་སྤྱོད་པའི་ས			ground of engagement through belief
མཐའ			extreme; limit; end; alternative; possibility(N)
མཐའ་འདས			passing beyond extremes
མཐའ་བྲལ			free from extremes
མཐའ་དག			[end-s]; all; entire
མཐའ་དག་དོན་རྟོགས			realize the entire meaning
མཐའ་དག་པ			all; entire
མཐའ་དག་ཚང་བ			full complement
མཐའ་དཔྱད			analysis of the scope; investigation of the limits [of pervasion]; final analysis (textbook)
མཐའ་དཔྱོད			decisive analysis commentary; decisive analysis; final analysis (textbook)
མཐའ་གཅིག་ཏུ་ཞེན་པ			conceiving one-pointedly; determining one-pointedly
མཐའ་གཅོད་རིན་པོ་ཆེའི་མྱུ་གུ			Precious Sprouts, a Final Analysis [of Guhyasamaja]
མཐའ་གཉིས			the two extremes [of eternalism (śāśvata-vāda) and annihilationism (uccheda-vāda)]
མཐའ་གཉིས་ལ་སྦྱོར་བའི་གཉེན་པོ			antidote to connection with the two extremes
མཐའ་གཉིས་མི་རྟོག་པ			not conceive the two extremes
མཐའ་གཉིས་སྤངས་པ			abandon the two extremes
མཐའ་ཀླས་པ			limitless
མཐའ་ལས			from the extremes
མཐའ་ལས་འདས			passed beyond extremes; limitless
མཐའ་ལས་འདས་པ་སྟོང་པ་ཉིད			limitless emptiness
མཐའ་ལུས་པ			all; entire
མཐའ་མ			final; end
མཐའ་རྟེན			supplemental
མཐའ་སྐོར			[end-round]; all round
མཐའ་སྤངས་པ			abandon extremes
མཐའ་ཐུག་པ			final
མཐའ་ཐུག་པར			final; finally
མཐའ་ཐུག་པར་གནས་པར			final state; final abode
མཐའ་ཡས			[end-lacking]; infinite; limitless
མཐའ་ཡས་མུ་མེད་ལ་མཐར་ཐུག			p.n. of a Buddha
མཐའ་ཡས་པ			limitless; limitless(N); endless; infinite
མཐའ་ཡས་པ་ཉིད་པ			limitlessness
མཐའི་སྒོམ་པ			meditation on the extremes
མཐར			end; extreme
མཐར་འབྱིན་པར་བྱེད			complete
མཐར་འཛིན་པའི་ལྟ་བ			view holding to an extreme
མཐར་འཛིན་པར་ལྟ་བ			view holding to an extreme
མཐར་བྱས་པ			finish; complete; perfect
མཐར་དབྱུང			will complete [future tense of complete]
མཐར་གྱིས་བསྒོམས་པ			meditatively cultivate serially
མཐར་གྱིས་གནས་པའི་སྙོམས་འཇུག			serial absorption
མཐར་གྱིས་པ			serial
མཐར་གྱིས་པའི་བྱ་བ			serial activity
མཐར་གྱིས་སྦྱོར་བ			serial training
མཐར་གྱིས་སྙོམས་འཇུག་དགུའི་བདག་ཉིད			entities of the nine serial absorptions
མཐར་མཛད			[to end-do]; end; finish; put an end to
མཐར་མཛོད			end; finish; put an end to
མཐར་མི་བྱེད་པ			not complete; not finish
མཐར་ཕྱིན			bring to completion; finish
མཐར་ཕྱིན་པ			[to-end-go]; brought to completion; finish; complete; perfect; reach to the limit
མཐར་ཕྱིན་པར་བགྱིས་པ			finish; complete; perfect
མཐར་ཐུག			[end-to-meet] final; complete
མཐར་ཐུག་གི་མཁྱེན་པ			final exalted knower
མཐར་ཐུག་གི་སེམས་ཙམ			final mind-only
མཐར་ཐུག་པ			[end-to-meet]; final; finality(N); complete; completed
མཐར་ཐུག་པའི་ལམ			final path
མཐར་ཐུག་པར་བྱ་བ			become final; finalize
མཐར་ཐུག་ཐེག་པ			final vehicle
མཐེ་བོང			thumb(VM)
མཐེའུ་ཆུང			little finger(VM)
མཐེབ			thumb(VM)
མཐེག་ཆེན་གྱི་སྒྲུབ་པ			Great Vehicle achiever
མཐིལ			palm
མཐོ			high; elevated
མཐོ་བ			high
མཐོ་བརྩེགས			[high-pile]; piled on top of; pile on top of
༅མཐོ་བཙམས༏་མཐོ་མཚམས			malevolence; evil intent
མཐོ་གླིང			To-ling Monastery (in the central Himalayas near Mount Kailash)
མཐོ་མེད་པ			not high
མཐོ་པོ			high; tall
མཐོ་རིས			[high-region]; high estate [lives of humans and gods]; heaven(s); areas of high status; high states
མཐོ་རིས་ཀྱི་ཕུན་ཚོགས			wonderful features of high states
མཐོ་རིས་ཀྱི་ཡོན་ཏན་བདུན			seven good qualities of exalted status
མཐོ་རིས་སུ་སྐྱེ་བའི་རྒྱུ			cause of rebirth in a high state/heaven
མཐོ་རིས་སུ་སྐྱེ་བར་བྱེད་པ			be born in a lifetime of high status
མཐོན			come out; depart
མཐོན་དམན			high and low
མཐོན་ཀ་ཆེན་པོ			a blue gem of great value; celestial gem
མཐོན་མཐིང			dark blue sapphire
མཐོན་པོ			high level (?)
མཐོང			to see; to perceive
མཐོང་བ			to perceive; to see; perception; seeing
མཐོང་བ་དང་ཐོས་པ་དང་བྱེ་བྲག་ཕྱེད་པ་དང་རྣམ་པར་ཤེས་པ་དང			seen, heard, distinguished, and cognized
མཐོང་བ་ལ་སོགས			views and so forth
མཐོང་བ་མ་ལགས་པ			not seeing
མཐོང་བ་མེད་པ			not seen; not perceived
མཐོང་བ་པོ་ནས་རྣམ་པར་ཤེས་པ་པོའི་བར			ranging from one who sees up to one who cognizes  (T)
མཐོང་བ་རབ་དག			very pure seeing
མཐོང་བ་ཙམ་གྱིས			from just seeing
མཐོང་བ་ཡི་ཆོས་ལ་ཞི			pacified in this lifetime
མཐོང་བའི་ཆོས			seen phenomena; phenomena that are seen
མཐོང་བའི་དབང་གིས			by the power of seeing
མཐོང་བའི་ལམ			path of seeing
མཐོང་བའི་རྣམ་པ་བསྒོམ་པ			meditate on the aspects of what is seen
མཐོང་བའི་ས			ground of seeing
མཐོང་བའི་སྤངས་བྱ			object of abandonment of seeing
མཐོང་བར་འགྱུར་རོ			see; perceive; will see
མཐོང་བར་དཀའ			difficult to see
མཐོང་བར་དཀའ་བ			difficult to see
མཐོང་བར་ཉེ་བར་འགྲོ			come to be seen
མཐོང་བར་ཉེ་བར་འགྲོའོ			comes to be seen
མཐོང་བས་སྤང་བར་བྱ་བའི་ཉོན་མོངས་པ			afflictions that are the objects of abandonment by seeing
མཐོང་བས་སྤང་བྱའི་ཉོན་མོངས			afflictions that are the objects of abandonment by seeing
མཐོང་བྱེད			seen
མཐོང་བཞིན་དུ			in accordance with what is seen
མཐོང་ཆོས་ལ			in this lifetime
མཐོང་དཀའི་ཐུབ་པ			subduer of what is difficult to see
མཐོང་ཀ་ཆེན་པོ			a blue gem of great value; celestial gem
མཐོང་ལམ			path of seeing
མཐོང་ལམ་བར་ཆད་མེད་ལམ			uninterrupted path of seeing
མཐོང་ལམ་བར་ཆད་མེད་ལམ་སྐད་ཅིག་གཉིས་པ			the second moment of an uninterrupted path of a path of seeing
མཐོང་ལམ་པའི་རྒྱུད་ཀྱི་མཁྱེན་པ			exalted knower in the continuum of a person on the path of seeing
མཐོང་ལམ་རྩེ་སྦྱོར			path-of-seeing peak training/ peak training of the path of seeing
མཐོང་མ་མ་ལགས་པ			not seeing
མཐོང་མ་ཐག་ཏུ			immediately/right/just after seeing
མཐོང་ནས			having seen; having perceived
མཐོང་ཉིད་ལས			from just seeing(LG)
མཐོང་རྒྱ་ཆེ་ཆུང			greater and lesser vision
མཐོང་སྟེ			seeing; perceiving
མཐོང་ཞེས་བྱ			seeing
མཐུ			power; force
མཐུ་འགྲུབ་པ			achieve power
མཐུ་ཅན			powerful
མཐུ་ཆེ			great power
མཐུ་ཆེ་བ			great power
མཐུ་ཆེན་ལྡན་པ			great power
མཐུ་ཆེན་པོ			great power
མཐུ་ཆུང་བ			little power; weak
མཐུ་ཆུང་ངུ			little power; weak
མཐུ་དང་ལྡན་པ			powerful
མཐུ་ལ་མོས་པ			belief/faith/interest/inclined towards/zeal in power
མཐུ་མེད་པ			powerless
མཐུ་ཕུལ་དུ་བྱུང་བ			increase the majesty of power
མཐུ་ཕུལ་དུ་བྱུང་བ་གོང་ནས་གོང་དུ་འཕེལ་བ་ཐོབ་པའི་ཁྱད་པར			the feature of increasing the majesty of power higher and higher(PGP 78)
མཐུ་རྣམ་པ་བཞི			four aspects of power
མཐུ་སྟོབས			powerful; power
མཐུ་ཐོབ་པ			obtain power
མཐུ་ཐོབ་པ་ཡིད་ལ་བྱེད་པ			mental concentration on obtaining power
མཐུ་ཐོབ་པ་ཡོངས་སུ་སྨིན་པ			ripenning of the attainment of power  (T)
མཐུ་ཡི་མཚན་ཉིད་རྣམ་པར་དབྱེ་བ			divide the characteristic of power
མཐུའི་ཁྱད་པར་དང་ལྡན་པ			having the distinction of power
མཐུའི་སྐབས			occasion of power
མཐུད			series
མཐུད་པའི་ཤེས་པའི་རྒྱུན			continuum of consciousness which is a series
མཐུན			concordance; favorable; concordant; agree; accord with; agreement; harmony (as in harmonies with enlightenment བྱང་ཆུབ་ཕྱོགས་མཐུན་)
མཐུན་བྱ			session
མཐུན་དཔེ			similar example
མཐུན་དཔེ་ཡང་དག			correct similar example
མཐུན་མོང་པའི་མ་ངེས་པའི་གཏན་ཚིགས			common indefinite reason
མཐུན་པ			condordant; concordant
མཐུན་པ་ཉིད			concordance
མཐུན་པ་ཡི་ནི་ཆོས་སྤྱོད་དོ			practice concordant doctrines
མཐུན་པའི་ཆོས			concordant doctrines; concordant phenomena
མཐུན་པའི་དོན་དམ			concordant ultimate(N)
མཐུན་པའི་ལམ་སྤྱད་པ			practice a concordant path
མཐུན་པའི་ཡང་དག			correct similar example
མཐུན་པའི་ཡུལ་དུ་གནས་པ			abide in a concordant object
མཐུན་པའི་ཡུལ་ན་གནས			staying in an agreeable place
མཐུན་པའི་ཡུལ་ན་གནས་པ			staying in an agreeable place
མཐུན་པར་འཁོར་རོ			concordant circling
༅མཐུན་པར་བྱས་པ་ཡིན༏་དང་མཐུན་པར་བྱས་པ་ཡིན			is concordant; make concordant (with)
མཐུན་ཕྱོགས			similar class
མཐུན་ཕྱོགས་ལ་ཡོད་པ			existing in the similar class
མཐུན་རྐྱེན			[concordant-cause]; favorable condition; concordant condition; concordant circumstances; conducive conditions
མཐུན་སྤྱོད			concordant practice
མཐུན་ཚིག			concordant words
མཐུས			power
མཚམས			intermediate space; border; juncture; limit; gap between lives; intermediate directions
མཚམས་མེད་ལྔ			five heinous crimes
མཚམས་མེད་པ			heinous crime; borderless
མཚམས་སྦྱར			transition(BJ 16.2)
མཚམས་སྦྱར་བ			transition
མཚམས་སྦྱར་བ་མ་ལགས་པ			non-transition
མཚམས་སྦྱོར་བ			transition
མཚམས་སྦྱོར་བ་མ་མཆིས་པ			non-transition
མཚན			name; characteristic(s)(BJ 38.1); night; sign; mark; symptom; sexual sign; marked with
མཚན་བཅས			involving constructs
མཚན་བཅས་ཀྱི་འདུ་ཤེས			discrimination having signs
མཚན་བཅས་ཀྱི་རྣལ་འབྱོར			yoga with signs
མཚན་དང་དཔེ་བྱད			[32] marks and [80] signs [of a Buddha or cakravartin]
མཚན་དང་དཔེ་བྱད་བཟང་པོ			[32] marks and [80] signs [of a Buddha or cakravartin]
མཚན་དོན་དང་མཐུན་པ			a name which is concordant with the meaning (T)
མཚན་དཔེ			major and minor marks [of a Buddha]
མཚན་དཔེས་སྤྲས་པའི་རྟག་བརྟན་གྱི་སྙིང་པོ			a permanent, stable essence that is adorned with the major and minor marks(BJ 35.7)
མཚན་གཉིས་པ			androgyne; androgynous
མཚན་གསོལ་བ			give a name
མཚན་གྱི་རྒྱུ			cause of a name; cause of naming
མཚན་གཞི			illustration; instance
མཚན་མ			sign; mark; dualism; wrong perception; character
མཚན་མ་དང་བཅས་པའི་ཞི་གནས			calm abiding with signs
མཚན་མ་དང་བྲལ་བ			free from signs
མཚན་མ་མཆིས་པ			signless
མཚན་མ་མེད			signless; signlessness
མཚན་མ་མེད་པ			signless; signlessness(N)
མཚན་མ་མེད་པ་ལ་རྩོལ་བའི་འདུ་ཤེས			discrimination which strives for signlessness  (T)
མཚན་མ་མེད་པ་མངོན་དུ་བྱ་བ			direct realization of signlessness
མཚན་མ་མེད་པའི་དབྱིངས			signless realm
མཚན་མ་མེད་པའི་གཞི			signless basis; basis of signlessness
མཚན་མ་མེད་པའི་ལྷག་མཐོང			special insight without signs
མཚན་མ་མེད་པའི་རྣལ་འབྱོར			yoga without signs
མཚན་མ་མེད་པའི་ཤེས་པ			signless consciousness; cognition of signlessness
མཚན་མ་མེད་པའི་ཏིང་ངེ་འཛིན			signless meditative stabilization
མཚན་མ་མེད་པའི་ཞི་གནས			calm abiding without signs
མཚན་མ་མེད་པར་གཅིག་ཏུ་ངེས་པའི་ལམ			path which singlely ascertains signlessness ? (T)
མཚན་མ་མེད་པར་གནས་པ			signless abode; abide in signlessness
མཚན་མ་ཉིད་མཚན་མ་མེད་པར་མཐོང			see the sign as a signless  (T)
མཚན་མ་རྣམ་པར་མི་རྟོག་པ			non-conceptual sign
མཚན་མའི་འདུ་ཤེས			conception of a sign
མཚན་མའི་གནས			abode of signs
མཚན་མའི་ལྷ			sign deity
མཚན་མའི་རྣམ་པར་གཡེང་བ			distraction of signs
མཚན་མའི་སྤྱོད་ཡུལ			realm of signs
མཚན་མར་འཛིན་པ			apprehension of signs(N); conception of signs
མཚན་མར་བྱས་ནས			having made a sign ? (T)
མཚན་མེད་འདུ་བྱེད་དང་བཅས་པར་གནས་པ			abide in signlessness with discrimination  (T)
མཚན་མེད་གནས་པ			signless abode
མཚན་མེད་ཀྱི་རྣལ་འབྱོར			yoga without signs; yoga of signlessness
མཚན་མེད་རྩོལ་བཅས་ཀྱི་འདུ་ཤེས			signless discrimination having exertion
༅མཚན་མེད༏་མཚན་མ་མེད་པ			signless; signlessness
མཚན་མོ			night
མཚན་མཚོན			definition and definiendum(D2)
མཚན་ཉིད			definition; characteristic; character; mark; attribute; sign; case; defining characteristics
མཚན་ཉིད་འཛིན་པ			apprehending character (T)
མཚན་ཉིད་བཞི			four characteristics; four characters
མཚན་ཉིད་དང་ལྡན་པ			fully qualified
མཚན་ཉིད་དང་མི་འགལ་བ			not contradictory with the character
མཚན་ཉིད་དང་མཚོན་བྱ			definition and definiendium
མཚན་ཉིད་གཅིག་པ			one characteristic; one character
མཚན་ཉིད་གསུམ			three characters
མཚན་ཉིད་ཀྱི་དེ་བཞིན་ཉིད			reality of characteristics
མཚན་ཉིད་ཀྱི་ཐེག་པ			Definition Vehicle
མཚན་ཉིད་ལ་ལྡེམ་པོར་དགོངས་པ			indirectly intending the characters; intending the characters
མཚན་ཉིད་མཆོག			supreme character; supreme characteristic
མཚན་ཉིད་མེད་པ			non-character; unmarked; characterless
མཚན་ཉིད་མེད་པའི་སྐད་ཅིག་སྦྱོར			characterless momentary training
མཚན་ཉིད་མི་འདྲ			different characteristics (T)
མཚན་ཉིད་ངོ་བ་ཉིད་མེད་པ			character-non-nature
མཚན་ཉིད་ངོ་བོ་ཉིད་མེད་པ			natureless in terms of character; character-non-nature; character-naturelessness
མཚན་ཉིད་ངོ་བོ་ཉིད་མེད་པ་ཉིད			character-non-nature; natureless in terms of character
མཚན་ཉིད་ནི་ཡོད་ཀྱང་ཇི་ལྟར་ཀུན་ཏུ་བརྟགས་པ་བཞིན་དུ་མེད་པ			the characteristic does not exist as it is imputed to exist (T)
མཚན་ཉིད་པ			that which has all the characteristics; real; actual; fully qualified(LG)
མཚན་ཉིད་རབ་ཏུ་རིག་པ			thorough knowledge of the character
མཚན་ཉིད་རབ་ཏུ་རིག་པའི་ཡིད་བྱེད			mental contemplation of thorough knowledge of the character
མཚན་ཉིད་ཤེས་པ			knowledge of the character/characteristic  (T)
མཚན་ཉིད་སོ་སོར་རིག་པ			individual knowledge of the character
མཚན་ཉིད་སོ་སོར་རིག་པ་ཡིད་བྱེད			individual mental contemplation of the knowledge of characteristics(Lati)
མཚན་ཉིད་སོ་སོར་རིག་པའི་ཡིད་བྱེད			mental contemplation of individual knowledge of the character; mental contemplation which is knowledge of the individual character
མཚན་ཉིད་སོ་སོར་ཡིད་བྱེད			individual mental contemplation of the character
མཚན་ཉིད་ཡོངས་སུ་ཆད་པའི་ཀུན་བརྟགས			imputations of which the character is thoroughly cut off(BJ 25.4)
མཚན་ཉིད་ཡོངས་སུ་ཆད་པའི་ཀུན་བཏགས			imputational natures whose character is thoroughly nihil
མཚན་ཉིད་ཡོངས་སུ་ཆེད་པའི་ཀུན་བཏགས			non-existent imaginary
མཚན་ཉིད་ཟབ་པ			profound character
མཚན་ཕུན་སུམ་ཚོགས་པ			marvellous characteristic(s)
མཚན་ཕྱེད			midnight
མཚན་སྨོས་པ་ཙམ			merely mention the name  (T)
མཚན་སོ་གཉིས་དཔེ་བྱད་བརྒྱད་ཅུ			thirty-two marks and eighty signs [of a Buddha or cakravartin]
མཚང་འདྲུ			expose one's faults; irritate; strife; fight
མཚང་བྲུ			strife; fight(C); expose one's faults; irritate
མཚར			fantastic
མཚེ			pond
མཚེའུ			pond
མཚེའུ་འཁྲུགས			agitated pond
མཚོ			lake
མཚོ་ལྟ་བུའི་སེམས་བསྐྱེད			mind-generation like ocean
མཚོ་སྐྱེས			[lake-born]; lotus
མཚོ་སྨན			Tso-men (a lake spirit)
མཚོན			define; make known; illustrate; show; exhibit; exemplify
མཚོན་བྱ			definiendum
མཚོན་བྱེད			characterize; characterizing; illustrator
མཚོན་དོན			exemplicatory meaning(BJ 14.4)
མཚོན་ལ་སོགས་པ			weapons and so forth
མཚོན་པར་བྱེད			characterize; illustrate(s); define; make known; exemplify
མཚོན་པར་བྱེད་པ			characterize(BJ 37.6); illustrate(s)(BJ 39.2); define; make known; exemplify
མཚོན་སྦྱོར			application of connection
མཚུན			pha ma'i mtshun 'thor byed pa = dispersing offerings that are made to ancestors(TGP 77)
མཚུང			similar; alike(N)
མཚུང་ལྡན			similar association
མཚུངས			similar; like; equal
མཚུངས་ལྡན			parallel association; having/possessing association; associational
མཚུངས་ལྡན་གྱི་རྒྱུ			associational cause
མཚུངས་ལྡན་པ			having/possessing association; associational
མཚུངས་མ་མེད			unequalled; dissimilar; unlike
མཚུངས་མེད			unequalled; dissimilar; unlike
མཚུངས་པ			similar; like; equal
མཚུངས་པ་དེ་མ་ཐག་པའི་རྐྱེན			similar immediately preceeding condition
མཚུངས་པ་དེ་མ་ཐག་རྐྱེན			similar immediately preceeding condition
མཚུངས་པ་མ་མཆིས་པ			unequalled; dissimilar; unlike
མཚུངས་པ་མེད་པ			unequalled(N); dissimilar; unlike
མཚུངས་པ་ཉིད			similarity; sameness
མཚུངས་པར			similar; like; equally
མཚུངས་པར་བྱ་བ			equalize
མཚུངས་པར་ལྡན			having/possessing association; associational
མཚུངས་པར་ལྡན་པ			having/possessing association; associational
མུ			possibility; possibilities; alternative; permutation
མུ་བཞི			four possibilities
མུ་ཅོར			foolishness
མུ་ཅོར་མི་སྨྲ་བ			not propound foolishness
མུ་གེ			contagion
མུ་གསུམ			three possibilities/permutations
མུ་གཞི			four possibilities; tetralemna; four permutations
མུ་མེད			[end-not exist]; limitless; boundless; endless
མུ་མེད་པ			[end-not exist]; limitless; boundless; endless
མུ་མེད་པ་ཐུག་པ་མེད་པ			endless and boundless
མུ་སྟེག་ཅན			Forder [a non-Buddhist]
མུ་སྟེགས			Forder [a non-Buddhist]
མུ་སྟེགས་ཅན་བློ་གྲོས་ངན་པའི་ལྟ་བ			view of a Forder of bad intelligence
མུ་སྟེགས་ཅན་དང་ཐུན་མོངས་མ་ཡིན་པ			concordant with Forders
མུ་སྟེགས་ཅན་གྱི་མཐའ			extreme [view] of a Forder; Forder-limit
མུ་སྟེགས་ཅན་གྱི་ཐར་པ			liberation of a Forder
མུ་སྟེགས་ཅན་གཞན			other Forders
མུ་སྟེགས་ཅན་རྣམས་ཀྱི་བསྟན་བཅོས			Forder treatises
མུ་སྟེགས་ཅན་ཐར་པ་ལ་ཀུན་ཏུ་ཞུགས་པ			enter into a Forder's liberation
༅མུ་སྟེགས་ཅན༏་མུ་སྟེགས་པ			Forder [a non-Buddhist]; [non-Buddhist] Forders
མུ་སྟེགས་གཅེར་བུ་པ			Tīrthika Nirgrantha(N)
མུ་སྟེགས་པ			Forder(N)
མུ་ཏིག			pearl
མུ་ཟེ			match
མུ་ཟི			match; sulphur(D1)
མུན་ཁུང			darkness; obscurity; gloom
མུན་ནག			black darkness(D1)
མུན་པ			darkness; obscurity; gloom
མུན་པ་མ་མཆིས་པ			non-darkness
མུན་པ་མེད			non-darkness
མུན་པ་སེལ་བ			elimination/removal/eradication/avoidance/exclusion/clearing away of darkness
མུན་པས་བསྒྲིབས་པ			obscured by darkness
མུན་སྤྲུལ་གང་ཅིའང་རུང་སྨྲ་བ			those who propound any and all creations of darkness
མྱ་ངན			suffering; sorrow
མྱ་ངན་འདའ་བ			liberation; liberated
མྱ་ངན་འདས			nirvāṇa; liberation; liberated
མྱ་ངན་འདས་ལ་འཁོར་ཞི་རོ་གཅིག་པ			in nirvāṇa the world and peace are of one taste (T)
མྱ་ངན་འདས་པ་སྟོན་པ			teach nirvāṇa
མྱ་ངན་ལས་འདའ་བ			nirvāṇa; liberation
མྱ་ངན་ལས་འདའ་བའི་འདུ་ཤེས			conception of nirvāṇa
མྱ་ངན་ལས་འདའ་བའི་དོན་དུ་རབ་ཏུ་སྦྱོར་བ			practice for the sake of nirvāṇa
མྱ་ངན་ལས་འདས་ཆེན་པོའི་མཐར་ཕྱིན་ནོ			at the end which is great nirvāṇa
མྱ་ངན་ལས་འདས་པ			[sorrow-from-passed]; nirvāṇa; liberation; nirvana
མྱ་ངན་ལས་འདས་པ་ཆེན་པོ་ཀུན་ཏུ་སྟོན་པ			teach the great nirvāṇa
མྱ་ངན་ལས་འདས་པ་དང་འཁོར་བ་དག་ལ་མི་གནས་པའི་ཕྱིར			due to not abiding in either nirvāṇa or cyclic existence
མྱ་ངན་ལས་འདས་པ་དང་ལྡན་པའི་སེམས་བསྐྱེད་པ			generate a mind that is connected with nirvāṇa
མྱ་ངན་ལས་འདས་པ་ལ་ལྷག་པར་དགའ་བ			special joy with respect to nirvāṇa
མྱ་ངན་ལས་འདས་པ་ལ་མི་གནས་པ			not abide in nirvāṇa
མྱ་ངན་ལས་འདས་པ་ལ་ཡིད་གནས་སོ			mental abiding in nirvāṇa  (T)
མྱ་ངན་ལས་འདས་པ་མངོན་དུ་ཕྱོགས་པའི་ཆོས			phenomena of the approach to nirvāṇa  (T)
མྱ་ངན་ལས་འདས་པ་ནི་ཞི་བའོ			nirvāṇa is peaceful
མྱ་ངན་ལས་འདས་པ་ཞི་བ་ཡིན་པ			nirvāṇa is peaceful
མྱ་ངན་ལས་འདས་པ་ཞི་ཞིང་དགེ་བ			nirvāṇa is peaceful and auspicious
མྱ་ངན་ལས་འདས་པའི་བདེ་བ			the bliss of nirvāṇa
མྱ་ངན་ལས་འདས་པའི་བསམ་པ			thought of nirvāṇa
མྱ་ངན་ལས་འདས་པའི་ཆེ་བ་ཉིད			greatness of nirvāṇa
མྱ་ངན་ལས་འདས་པའི་ཆེད			intent on nirvāṇa; for the sake of nirvāṇa  (T)
མྱ་ངན་ལས་འདས་པར་འདོད་པ			wish for nirvāṇa; desire for nirvāṇa
མྱ་ངན་མི་འདའ			non-liberation
མྱ་ངན་སྡུག་བསྔལ་ཆོས			phenomena of sorrow and suffering
མྱང			to taste; to experience
མྱང་འདས			nirvana
མྱང་བ			to taste; to experience
མྱངས			to taste; to experience
མྱོང			to taste; experience; undergo; enjoy; feel
མྱོང་བ			to taste; experience; undergo; enjoy; presentational apprehension [being an awareness of an object presented to the consciousness either directly or indirectly by reasoning, language or example] (Nyāya, GD:648); experienced
མྱོང་བ་མ་ཡིན			non-experience; not experienced; cannot be experienced
མྱོང་བ་མེད་པ			unexperienced
མྱོང་བ་རྒྱུ་མཐུན་གྱི་འབྲས་བུ			experientially causally concordant effect
མྱོང་བ་ཐོན་པ			develop experience
མྱོང་བར་འགྱུར			to taste; experience; undergo; enjoy
མྱོང་ཁྲིད			instruction from experience
མྱོངས			to taste; experience; undergo; enjoy
མྱུ་གུ			sprout
མྱུར			quickly
མྱུར་བ			quick; fast; speed; hurry; pass quickly; quickly
མྱུར་བ་མྱུར་བ			very quickly
མྱུར་དུ			quickly
མྱུར་དུ་རྟོགས			understand quickly
ནཡ་གྲོ་དྷ			fig tree; Nyagrodha
ན			(1) to; in; as; at [accusative, dative, locative particle]; (2) if; when [non-case usages]; (3) be sick; be ill; in pain [for the verb, na ba]
ན་བ			be sick; ill; in pain
ན་བ་ཚ་ཅན			pain; ache; illness; sickness
ན་བར་བྱེད་པ			sicken
ན་བཟའ			clothing; dress; clothes
ན་ལེ་ཤམ			pepper
ན་མོ			[transliteration of sanskrit word for name]; obeisance; homage
ན་རེ			non-case particle preceding a statement of opinion: someone
ན་ཚ			[pain-hot]; pain; ache; illness; sickness
ན་ཡང			whereas(BJ 19.6)
ནའང			even it; even if
ནད			disease; illness; sickness
ནད་བཅས་པར			diseased; ill
ནད་མི་འབྱུང			non-arising of illness
ནད་ཉུང་བ			little illness
ནད་པ			diseased; ill; sick person; patient
ནད་པའི་ཚོགས་ཀྱི			collection of diseases
ནད་རབ་ཏུ་ཞི་བར་བྱེད་པ			thorough pacification of illness
ནག			darkness; black
ནག་པོ			black
ནག་པོའི་རང་བཞིན་ཅན			having a dark nature
ནགས			forest
ནགས་ཁྲོད			woods; forest
ནགས་ཀྱི་ཚལ			[forest-of-grove]; forest
ནགས་ཚལ			forest; grove
ནམ			or; and; when; time
ནམ་འཆི་མི་ངེས་པ			uncertainty of the time of death(N)
ནམ་གྲོལ་ལམ			path of release
ནམ་མཁའ			space; sky
ནམ་མཁའ			space
ནམ་མཁའ་ཀུན་སོང			going everywhere in space
ནམ་མཁའ་ལ			in space; in the sky
ནམ་མཁའ་ལ་སོགས་པ་འདུས་མ་བྱས			non-produced phenomena, space and so forth
ནམ་མཁའ་ལྟ་བུ			space-like
ནམ་མཁའ་ལྟ་བུའི་མཉམ་བཞག			space-like equipoise
ནམ་མཁའ་ལྟར་ཆགས་པ་མེད་པའི་མཚན་ཉིད			space-like character of non-attachment
ནམ་མཁའ་མཛོད			Gaganagañja [p.n. of a Bodhisattva]
ནམ་མཁའ་མཐའ་ཡས			limitless space [first of the four formless absorptions]
ནམ་མཁའ་མཐའ་ཡས་སྐྱེ་མཆེད			sense-field of limitless space
ནམ་མཁའ་མཐོང			see space
ནམ་མཁའི་བདག་པོ			spatial over-self
ནམ་མཁའི་ཆོས			phenomena of space
ནམ་མཁའི་དང་མཉམ་པ			sameness of space
ནམ་མཁའི་ཁམས་དེ་དང			realm of space
ནམ་མཁའི་ལྡིང			Garuḍa
ནམ་མཁའི་མཛོད			Gagana-garbha [p.n. of a Bodhisattva]
ནམ་མཁར			in the sky; in space
ནམ་མཁར་གནས་པ			abide in space
ནམ་ཡང			ever; with negative: never
ནམ་ཡང་མི་སྐྱེ་བ			not arise again
ནམ་ཞིག			at the time; when
ནན་གྱིས			certainly
ནན་ཏན			earnest; ardent
ནན་ཏན་དུ			earnestly; ardently
ནང			in; internal; inside; interior; house
ནང་དང་ཕྱི			inner and outer
ནང་དབྱིངས			internal expanse
ནང་དུ			internally; within
ནང་དུ་འཛིན་པ			holding inside
ནང་དུ་གནས་པ			abide inside
ནང་དུ་ལྡོག་པ			reverse inside; (T) reverse internally
ནང་དུ་རབ་གནས			abide internally
ནང་གི			internal
ནང་གི་འབྱོར་བ་ལྔ			five inner fortunes
ནང་གི་འདུ་བྱེད་རྣམས་སྐད་ཅིག་མ་ཉིད			momentariness of internal produced phenomena
ནང་གི་བེམ་པོ			internal matter
ནང་གི་གཟུགས			internal form
ནང་གི་རྣམ་པར་གཡེང་བ			internal distraction ?  (T)
ནང་གི་སྐྱེ་མཆེད་དྲུག			six internal sources; internal sense-spheres
ནང་གི་སྐྱེ་མཆེད་རྣམས			internal sources
ནང་ལ་རབ་ཏུ་གནས་པ			abide within
ནང་ནས			[inside-from]; from among; from inside
ནང་པ			Buddhist; Insider
ནང་པ་སངས་རྒྱས་པའི་ཆོས			Buddhist religion; Buddhist doctrine
ནང་རབ་ཏུ་དྭང་བ			internal clarity
ནང་རིག་པ			internal awareness
ནང་སྟོང་ཉིད			emptiness of the internal
ནང་སྟོང་པ་ཉིད			inner emptiness
ནང་ཚན			inner divisions; set(Gön-chok)
ནས			(1) ablative particle: from; than; (2) barley
ནས་...་བར			ranging from ... to ...
ནས་བཟུང			ranging from
ནེ་ལ			kite
ནེ་ཙོ			parrot
ང			I
ང་དང་ངའི་ཞེས་བྱ་བ			I and mine; "I and my"
ང་རང་གཉིས			we two
ང་རྒྱལ			[I-victor]; pride; I-principle
ང་རྒྱལ་ཅན			prideful; conceited
ང་རྒྱལ་དང་བཅས་པ			prideful; proud; conceited
ང་རྒྱལ་དུ་འགྱུར་བ			prideful; proud; conceited
ང་རྒྱལ་གྱི་ཟིལ་གྱིས་ནོན་ཅིང			overwhelmed by the vibrance of pride/conceit
ང་རྒྱལ་ལས་ཀྱང་ང་རྒྱལ			pride beyond pride
ང་རྒྱལ་མེད་པ			without pride/conceit
ང་རྒྱལ་ཕྲ་བ			subtle pride/conceit
ང་རོ			roar
ང་ཙམ			mere-I; only I
ང་ཚོ			we
ང་ཡི་བ			mine
ང་ཡིར་འཛིན་པ			conceive/apprehend as mine
ངའི			my; mine
ངའི་མིག			my eye
ངའོ་སྙམ་པ			the thought "I"
ངའོ་སྙམ་པའི་ང་རྒྱལ			pride of thinking "I"
ངད			strong aroma
ངག			speech
ངག་འཆལ			senseless chatter
ངག་དབང་བློ་བཟང་རྒྱ་མཚོ			Ngag-wang-lo-sang-gya-tsho [1617-1682, The Fifth Dalai Lama]
ངག་དབང་དཔལ་ལྡན			Ngag-wang-pal-dan [also called Pal-dan-chö-jay (dpal ldan chos rje) b. 1797]
ངག་དབེན			verbal isolation; isolation of speech
ངག་གི་དངོས་པོ			verbal thing
ངག་གི་སྒྲ			sounds of speech
ངག་གི་ཐ་སྙད			verbal convention
ངག་ཀྱལ			senseless speech/talk
ངག་སྨྲ			speak
ངག་སྙན་པ			pleasant speech/talk
ངག་ཚད་མ			valid speech
ངལ			fatigue; weariness; tiredness
ངལ་བ			fatigue; weariness; tiredness
ངལ་བ་མང			with much weariness
ངམ			or; and; particle indicating question
ངན			bad
ངན་འགྲོ			[bad-go]; bad transmigration; bad condition
ངན་འགྲོའི་སྐྱེ་བ་འགོག་པའི་སོ་སོར་བཏགས་མིན་གྱི་འགོག་པ			non-analytical cessation which is a cessation of birth in a bad transmigration
ངན་འགྲོར་འགྲོ་བ			go to a bad transmigration
ངན་འགྲོར་ལྟུང་བ			fall into a bad transmigration
ངན་བདུད			evil devil
ངན་བདུད་ཀྱི་ཕོ་ཉ			messenger of an evil devil
ངན་དུ་བརྗོད་པར་བྱེད			condemn
ངན་པ			bad; excrement
ངན་པའི་ཝ་སྐྱེས			bad wolf
ངན་སོང			[bad-went]; bad state; bad transmigration; bad condition
ངན་སོང་དུ་ལྷུང			fall into a bad transmigration
ངན་སོང་དུ་སྐྱེ་བར་འགྱུར་བ			will be born in a bad transmigration
ངན་སོང་གསུམ			the three bad transmigrations
ངན་སོང་པ			bad transmigration; one who is in a bad transmigration
ངང			situation; within; nature; condition; state; sphere
ངང་གིས་བྱུང་བ་ཡོད་ན་ཡང			even if it did occur naturally
ངང་ནས			from within the state; from within
ངང་པའི་རྒྱལ་པོ			king of the geese
ངང་སྐྱ			grey teal
ངང་ཚུལ			state; natural state; condition; inner mode
ངར			intensity; to me
ངར་འཛིན			the conception as/of I; conception of [an inherently existent] I
ངར་འཛིན་གྱི་གཞི			basis of the conception/apprehension of I
ངར་འཛིན་གྱི་ཡུལ			object of the conception/apprehension of a [truly existent] I
ངར་འཛིན་པ			conception/apprehension of I
ངར་འཛིན་པ་དང་ང་ཡིར་འཛིན་པ			conception/apprehension of I and conception/apprehension of mine
ངས			by me
ངེས			ascertain; ascertainment; certain
ངེས་འབྱེད			definite descrimination
ངེས་འབྱེད་ཆ་མཐུན			concordance with a portion of definite discrimination; concordant with definite differentiation; partial concordance with definite differentiation / discrimination
ངེས་འབྱེད་ཡན་ལག			limb of definite discrimination; [four] limbs of definite differentiation/discrimination; branch of definite differentiation/discrimination
ངེས་འབྱིན			deliverance
༅ངེས་འབྱིན,་ངེས་པར་འབྱིན་པ			deliverance; salvation; rescue
ངེས་འབྱུང			[definitely-emerge]; thought definitely to leave cyclic existence; definite emergence [from cyclic existence]; renunciation; thought definitely to leave [cyclic existence]
ངེས་འབྱུང་བློ			attitude of intending to leave [cyclic existence]
ངེས་འབྱུང་མེད			non-emergence; non-renunciation
ངེས་འབྱུང་སྒྲུབ་པ			definitely issuative achieving; achieving definite emergence
ངེས་འབྱུང་ཡན་ལག			branch of definite emergence
ངེས་འཛིན			definite apprehension; definitely apprehend/grasp/conceive
ངེས་བཟུང			emphasis
ངེས་བཟུང་བ			distinguish
ངེས་ཆ			ascertainment factor
ངེས་དབང་གིས་འཇུག			engage by the power of ascertainment
ངེས་དོན་གྱི་མདོ			sūtra of definitive meaning
༅ངེས་དོན,་ངེས་པའི་དོན			definitive meaning; definitive; definitive object
ངེས་གཟུང་བ			definitely apprehend/grasp/conceive
༅ངེས་ལེགས,་ངེས་པར་ལེགས་པ			definite goodness [of liberation from cyclic existence and/or omniscience]; summum bonum; highest boon; the definitely good
ངེས་ངོ			[ascertainment-face]; ascertainment factor
ངེས་ངོར			to/for the ascertainment factor
ངེས་པ			verb: ascertain; determine; restrictnoun: ascertainment; certaintyadj.: determined; ascertained; definite; definiteness; limited; certain
ངེས་པ་འདྲེན་པ			induce ascertainment/certainty
ངེས་པ་མེད			non-restriction; no ascertainment/certainty
ངེས་པ་རྙེད་པ			gain/find ascertainment/certainty
ངེས་པའི་དོན			definitive; definitive meaning; definitive object
ངེས་པའི་དོན་གྱི་མདོ་སྡེ་མ་ཐོས་པ			not hearing sūtras of definitive meaning
༅ངེས་པའི་ཚིག,་ངེས་ཚིག			creative etymology; contextual etymology
ངེས་པར			definitely; definite; certainly
ངེས་པར་འབྱེད་པ			definite differentiation
ངེས་པར་འབྱེད་པ་འགྲོ་བ			go to definite differentiation
ངེས་པར་འབྱེད་པའི་ཤེས་རབ			exalted wisdom of definite differentiation
ངེས་པར་འབྱིན་པ			issue forth; deliverance
ངེས་པར་འབྱུང			definitely emerge/arise
ངེས་པར་འབྱུང་བ			definite emergence [from cyclic existence]; renunciation
ངེས་པར་འབྱུང་བ་དང་བཅས་པ			together with renunciation; together with definite emergence [from cyclic existence]
ངེས་པར་འབྱུང་བ་མེད་པ			non-renunciation; non-emergence
༅ངེས་པར་འབྱུང་བ༏་ངེས་འབྱུང			definite emergence [from cyclic existence]; renunciation
ངེས་པར་འབྱུང་བར་འགྱུར་ཏེ			will definitely emerge; will renounce
ངེས་པར་འཛིན			definitely apprehend/grasp/conceive
ངེས་པར་འཛིན་པ			definitely apprehend/grasp/conceive
ངེས་པར་འགྲེལ་པ			unravel; commentary; elucidation; explanation
ངེས་པར་འགྱུར་བ			become definite; certain
ངེས་པར་འཇུག་པར་བྱེད་པ			definitely engage in
ངེས་པར་འཐོབ་པ			definitely obtain/gain/attain
ངེས་པར་བརྗོད			definitely express/verbalize
ངེས་པར་བསྟེན			definitely rely upon/make use of/stay close to/adhere to
ངེས་པར་བྱེད			ascertain; determine
ངེས་པར་བྱེད་པ			ascertain; determine; means of ascertaining/determining
ངེས་པར་བྱུང			definitely arose/emerged
ངེས་པར་བྱུང་བ			definitely arose/emerged
ངེས་པར་གཞོལ་བ			definitely flowing
ངེས་པར་གཟུང་བ			definitely apprehend/grasp/conceive
ངེས་པར་ལེགས་པ			definite goodness [of liberation from cyclic existence and/or omniscience]; summum bonum; highest boon; the definitely good
ངེས་པར་མི་འབྱུང			non-emergence; non-renunciation
ངེས་པར་རྟོགས་བྱ			definitely realize; that which is definitely realized
ངེས་པར་རྟོགས་པ			definitely realize; definite realization
ངེས་པར་རྟོགས་པར་བྱའོ			will/should definitely realize
ངེས་པར་སྦྱོར			definite joining/application/endeavor
ངེས་པར་ཤེས་པར་བྱའོ			should/will definitely ascertain
ངེས་པར་སྐྱེས་པ			definitely produced
ངེས་པར་སྟོན་པར་བྱེད་པ			definitely teach/indicate
ངེས་པར་ཐོབ་པར་བྱེད་པ			definitely obtain/gain/attain; definite means of attainment
ངེས་ཤེས			ascertaining consciousness; determinative consciousness
ངེས་ཚིག			creative etymology; contextual etymology
༅ངེས་ཚིག,་ངེས་པའི་ཚིག			contextual etymology; creative etymology
ངོ			face; perspective; (particle indicating the end of a statement)
ངོ་བོ			entity; nature
ངོ་བོ་བདེན་གཉིས་ལ་འདོམས་པ			guidance concerning the entities, the two truths [ultimate truths and obscurational truths]
ངོ་བོ་དང་ཁྱད་བར་དུ་ཀུན་བཏགས་པས་སྟོང་པའི་སྟོང་པ་ཉིད			emptiness of factors imputed in the manner of entity and attribute
ངོ་བོ་དང་ཁྱད་པར			entity and attribute
ངོ་བོ་དང་ཁྱད་པར་དུ་ཀུན་བརྟགས་པའི་ཀུན་བརྟགས			imputations that are imputations of entity and attributes
ངོ་བོ་དང་ཁྱད་པར་ལ་ཀུན་བརྟགས་པའི་ཀུན་བརྟགས་དེ་རང་གི་མཚན་ཉིད་ཀྱིས་མ་གྲུབ་པ			non-establishment—of factors imputed in the manner of entity and attribute—by way of their own character
ངོ་བོ་དང་ཁྱད་པར་ལ་ཀུན་བཏགས་པའི་ཀུན་བཏགས			imputational factors imputed in the manner of entity and attribute
ངོ་བོ་དབྱེར་མེད			undifferentiable entity
ངོ་བོ་གཅིག			one entity; same entity
༅ངོ་བོ་གཅིག་ལ་ལྡོག་པ་ཐ་དད་། ངོ་བོ་གཅིག་ལ་ལྡོག་པ་ཐ་དད་པ			one entity but different isolates
༅ངོ་བོ་གཅིག་ལྡོག་པ་ཐ་དད༏་ངོ་བོ་གཅིག་ལ་ལྡོག་པ་ཐ་དད			same entity and/but different isolates
ངོ་བོ་གཅིག་པ			same entity
ངོ་བོ་ལ་ཀུན་བཏགས་པའི་ཀུན་བཏགས་སུ་གྱུར་པའི་བྱེ་བྲག་ལ་ཀུན་བཏགས་པ			imputation of a particular that is an imputation of entity
ངོ་བོ་ལ་ཀུན་བཏགས་པའི་ཀུན་བཏགས་སུ་གྱུར་པའི་ངོ་བོ་ཉིད་ལ་ཀུན་བཏགས་པ			imputation of just the entity that is an imputation of entity
ངོ་བོ་མ་འདྲེས་པ			non-mixture of entity
ངོ་བོ་མཉམ་པ			equality; equality of entity
ངོ་བོ་ངེས་པ			definite nature/entity
ངོ་བོ་ཉིད			nature; entityness; inherent existence; entity
ངོ་བོ་ཉིད་དང་བཅས་པ			having inherent existence
ངོ་བོ་ཉིད་དང་གྲོགས་དང་དམིགས་པ་དང་ལས་ཕུན་སུམ་ཚོགས་པ			excellence/marvels of entity, accompaniers, object of observation, and activities
ངོ་བོ་ཉིད་དང་ལས་ཀྱི་སྒོ་ནས			from the viewpoint of entity and action
ངོ་བོ་ཉིད་གསུམ			three natures
ངོ་བོ་ཉིད་ཀྱི་མཚན་ཉིད			character of entity
ངོ་བོ་ཉིད་ཀྱི་རྣམ་པ་ཐམས་ཅད་ཡོངས་སུ་མཁྱེན་པ			thoroughly knows all the aspects of entities
ངོ་བོ་ཉིད་ཀྱི་སྐུ			Nature Body [of a Buddha]
ངོ་བོ་ཉིད་ཀྱིས			naturally; intrinsically
ངོ་བོ་ཉིད་ཀྱིས་གྲུབ་པ			intrinsic existence/establishment; inherent existence/establishment; establishment/existence through [its own] entityness; established by way of [its own entity]
ངོ་བོ་ཉིད་ཀྱིས་སྐྱེ་བ			intrinsic production; production by way of its own entity
ངོ་བོ་ཉིད་ཀྱིས་སྐྱེས་པ			produced by way of [its own] nature; intrinsically produced
ངོ་བོ་ཉིད་ཀྱིས་སྟོང་པ་ཉིད			emptiness of nature; natural emptiness
ངོ་བོ་ཉིད་མ་མཆི་པ་ཉིད			without inherent existence
ངོ་བོ་ཉིད་མེད			without inherent existence; absence of inherent existence
ངོ་བོ་ཉིད་མེད་ཉིད			absence of inherent existence
ངོ་བོ་ཉིད་མེད་པ			non-nature; natureless; naturelessness
ངོ་བོ་ཉིད་མེད་པ་གསུམ			three non-natures
ངོ་བོ་ཉིད་མེད་པ་རྟོགས་པ			realizing naturelessness
ངོ་བོ་ཉིད་མེད་པ་ཙམ་ཉིད			mere naturelessness
ངོ་བོ་ཉིད་མེད་པའི་ཆོས་འཁོར			wheel of doctrine of naturelessness [i.e., the middle wheel, including the Perfection of Wisdom Sūtras]
ངོ་བོ་ཉིད་མེད་པར་སྨྲ་བ			Proponents of Non-Nature [i.e. Mādhyamikas]; Proponents of Naturelessness
ངོ་བོ་ཉིད་མཚན			essential characteristic
ངོ་བོ་ཉིད་སྐུ			nature body; Nature Truth Body; Nature Body [of a Buddha]
ངོ་བོ་ཉིད་སྐུ་ཐོབ་པའི་ཐབས			efficacious means of attaining a Nature Truth Body
ངོ་བོ་རྒྱུ་རྐྱེན་གྱིས་མ་བསྐྱེད་པ			[its] entity is not produced by causes and conditions
ངོ་བོ་ཐ་དད			different entity; difference of entity; separate entity/entities
ངོ་བོ་ཐ་དད་པ			different entities; separate entity/entities
ངོ་དེར་ཡོད་ན			if [something] exists for/in the perspective
ངོ་གནོང			[face-be ashamed]; be ashamed
ངོ་མཉམ			equality; equality of entity
ངོ་མཚར			amazing; fantastic
ངོ་མཚར་བ			amazing; fantastic
ངོ་མཚར་བས་ཀྱང་འདི་ངོ་འཚར			more amazing than the amazing; more wonderful than the wonderful
ངོ་མཚར་ཆེ			greatly amazing; great amazement; fantastic
ངོ་མཚར་ཆེ་བ			greatly amazing; great amazement; fantastic
ངོ་མཚར་སྨད་དུ་བྱུང			amazing/fantastic and marvelous
ངོ་སྐལ			corresponding
ངོ་སྤྲད			identify; introduce; point out
ངོ་སྤྲོད			identify; introduce; point out
ངོ་ཚ			shame; modesty
༅ངོ་ཚ་བ,་ངོ་ཚ			shame
ངོ་ཚ་མེད་པ			non-shame
ངོ་ཚ་ཤེས་པ			shame
ངོགས			port; entrance; ford; bank
ངོམས་པ			satisfaction; be satisfied; satiation
ངོམས་པ་མེད་པ			non-satisfaction; not satiated
ངོམས་ཤེས་པ			knowing satisfaction; knowing satiation
ངོན་འགྲོའི་སྦྱོར་བ			preparatory training
ངོར			with respect to; in the face of; to; for
ངོས			side; surface
ངོས་འཛིན			identify; identification; point out
ངོས་འཛིན་བྱེད་པ			identify; point out
ངོས་བཟུང་བ			identification; identify
ངོས་གཟུང			identification; identify
ངོས་མཉམ་པ			even-surfaced
ངོས་ནས			[side-from]; from the side of; from the point of view of; by way of
ངོས་སྐལ			corresponding
ངུ་འབོད			cry; Crying [Hell]
ངུར་པ			duck
ངུར་སྨྲིག			saffron
ནི			[a separative particle; non-case particle sets off subject or topic]
ནི་གུ་མ			Niguma [p.n.]
ནོ			[particle indicating the end of a statement]
ནོངས			death
ནོར			(1) wealth; riches.to err; mistake; error
ནོར་བ			error; mistake
ནོར་བ་ཙམ			mere error
ནོར་བུ			jewel
ནོར་བུ་ཆུ་ཤེལ			water crystal jewel
ནོར་བུ་མེ་ཤེས			fire crystal jewel
ནོར་བུ་རིན་ཆེན			precious jewel
ནོར་བུ་རིན་པོ་ཆེ			precious jewel
ནོར་མེད་པ			poor
ནོར་ཡོངས་སུ་གཏང་བར་འདོད་ལ			wishing to completely give wealth
ནོས			obtain; receive {ri sbug sprul sku blo gsal bstan skyong's rdo rje dbying gi dbang kyi brgyud 'debs mon lam dang bcas pa bdud rtsis sprin mdzes} ck
ནུ			breasts; teat
ནུ་མ			breasts; teat
ནུབ			disappearance; west
ནུབ་བ་ལང་སྤྱོད			the western continent of Godānīya
ནུབ་ཀྱི་རི་བོ་པ			Aparaśailas [p.n.]
ནུབ་པ			disappearance; west
ནུབ་པར་འགྱུར			disappear; vanish
ནུབ་ཕྱོགས			western direction; west
ནུས			ability; able; potency; power; capacity
ནུས་ཁྱད་པར་ཅན			a special capacity
ནུས་མ་ཡིན			unable; powerless
ནུས་པ			potency; capacity; ability; power
ནུས་པ་དང་ལྡན་པ			possessing the capacity; one who possesses a capacity(Lati)
ཉ			fish
ཉ་དང་ཉུང་མ་བསྲེས་པའོ			to [absurdly] confuse fish with turnnips
ཉ་ཊཱི་ཀཱ			Dispeller of Mental Darkness Commentary [on Maitreya's "Ornament for Clear Realization"]
ཉ་ཊིཀ			Dispeller of Mental Darkness Commentary [on Maitreya's "Ornament for Clear Realization"]
ཉག་གཅིག			uniquely
ཉལ			lie down; sleep
ཉལ་བ			lie down; sleep
ཉལ་ཁྲི			bed
ཉལ་ཉིལ			unclean
ཉམ་ཆུང་བ			little strength; weak
ཉམ་ང་བ			fright; fear
༅ཉམ་ང་བ་མེད་པ༏་སྒྲ་ཉམ་ང་བ་མེད་པ			fearless sound
ཉམ་ང་བའི་ཕྱོགས			direction of fear
ཉམ་ཐག			destitution; without resources; destitute; stricken; exhausted
ཉམ་ཐག་པ			destitution; without resources; destitute; stricken; exhausted
ཉམས			a feeling; an experience; vision; visionary experience; spoiled; defiled; corrupted; degenerated; deterioration
ཉམས་བླང			practice
ཉམས་བླངས			practice
ཉམས་ཆུང			having little strength; weak
ཉམས་ཆུང་བ			having little strength; weak
ཉམས་དགའ་བ			very pleasant; pleasure; happiness; delight (VS 2.5)
ཉམས་ཁྲིད			practical instruction
ཉམས་ལེན			practice
ཉམས་ལོངས			practice
ཉམས་མ་མེད་པ			not non-degenerated; not undefiled
ཉམས་པ			degenerated; spoiled; defiled; corrupted; deterioration
ཉམས་པ་ཆ་མཐུན			concordant with degeneration
ཉམས་པ་མེད			non-degenetated; unspoiled; undefiled; uncorrupted
ཉམས་པ་མེད་པ			non-degenetated; unspoiled; undefiled; uncorrupted
ཉམས་པ་མེད་པ་ཏིང་ངེ་འཛིན			non-degenerated meditative stabilization
ཉམས་པའི་རྒྱུ			cause of degeneration/deterioration
ཉམས་པར་འགྱུར			become degenerate; deteriorate
ཉམས་པར་འགྱུར་བ			become degenerate; deteriorate
ཉམས་པར་རྣམ་པར་སྤངས་པ			abandoning degeneration
ཉམས་སྨད			suppression
ཉམས་སྣང			spiritual appearance [i.e. appearance of a disembodied being](Gön-chok)
ཉམས་སུ་བླང			practice
ཉམས་སུ་བླང་བ			practice
ཉམས་སུ་བླང་བྱ			object of practice
ཉམས་སུ་བླངས་པ			practice
ཉམས་སུ་ལེན་པ			practice
ཉམས་སུ་ལོངས			practice
ཉམས་སུ་མྱོང			experience
ཉམས་སུ་མྱོང་བ			experience
ཉམས་སུ་མྱོང་བར་བྱེད			experience
ཉམས་སུ་མྱོང་བར་བྱེད་པ			experience
ཉམས་ཐག			stricken; exhausted
ཉན			hear; listen
ཉན་འདོད་པ			desire to hear
ཉན་བྱ			object of hearing
ཉན་པ			to hear
ཉན་པ་པོ			hearer; one who hears
ཉན་རང			Hearers and Solitary Realizers
ཉན་ས			Asaṅga's Hearer Grounds
ཉན་ཐོས			Hearer
ཉན་ཐོས་དང་རང་སངས་རྒྱས			Hearers and Solitary Realizers  (T)
ཉན་ཐོས་དགྲ་བཅོམ་པ་དབང་རྣོན་མཁྱེན་པ			exalted knower of a Hearer Foe Destroyer with sharp faculties
ཉན་ཐོས་དགྲ་བཅོམ་པ་དབང་རྟུལ་ཀྱི་མཁྱེན་པ			exalted knower of a Hearer Foe Destroyer with dull faculties
ཉན་ཐོས་དགྲ་བཅོམ་པའི་རྒྱུད་ཀྱི་མཁྱེན་པ			exalted knower in the continuum of a Hearer Foe Destroyer
ཉན་ཐོས་ཀྱི་འཕགས་པ			Hearer Superior
ཉན་ཐོས་ཀྱི་བརྩོན་འགྲུས་པ			Hearer effort
ཉན་ཐོས་ཀྱི་བྱང་ཆུབ་འམ་རང་སངས་རྒྱས་ཀྱི་བྱང་ཆུབ			Hearer's enlightenment or a Solitary Realizer's enlightenment  (T)
ཉན་ཐོས་ཀྱི་ཆོས་མངོན་རྟོགས			Hearer's clear realizer of doctrine
ཉན་ཐོས་ཀྱི་དད་པའི་ས			Hearer's ground of belief
ཉན་ཐོས་ཀྱི་དགེ་འདུན			community of Hearers
ཉན་ཐོས་ཀྱི་དགྲ་བཅོམ			Hearer Foe Destroyer
ཉན་ཐོས་ཀྱི་ལམ			Hearer path
ཉན་ཐོས་ཀྱི་ལམ་གྱི་བགྲོད་པ་མཐར་ཕྱིན་པའི་མངོན་རྟོགས			a clear realizer of one who has completed the progress of a Hearer's path
ཉན་ཐོས་ཀྱི་ལམ་ཤེས་པའི་ལམ་ཤེས			knowers of paths that know Hearer paths
ཉན་ཐོས་ཀྱི་ལམ་ཤེས་པའི་ལམ་ཤེས			knower of paths that knows Hearer paths
ཉན་ཐོས་ཀྱི་མི་སློབ་ལམ			Hearer's path of no more learning
ཉན་ཐོས་ཀྱི་མཐར་ཕྱིན་པའི་ལམ			Hearer's path of completion
༅ཉན་ཐོས་ཀྱི་མཐོན་ལམ་བར་ཆད་མེད་ལམ་དང་རྣམ་གྲོལ་ལམ་གང་རུང་མ་ཡིན་པའི་ཉན་ཐོས་ཀྱི་མཐོང་ལམ་ཡང་ཡིན། རང་འདྲེན་བྱེད་ཀྱི་རྣམ་གྲོལ་ལམ་རྫོགས་རྗེས་སུ་བྱུང་བའི་ཆ་ནས་བཞག་པའི་ཉན་ཐོས་ཀྱི་བདེན་པ་མངོན་རྟོགས།			Hearer's clear realizer of truth which is posited from the viewpoint of: (1) being a Hearer's path of seeing which is neither an uninterrupted path nor a path of release of a Hearer's path of seeing; and (2) arises after the completion of the path of rele
ཉན་ཐོས་ཀྱི་མཐོང་ལམ			Hearer path of seeing; Hearer's path of seeing
ཉན་ཐོས་ཀྱི་མཐོང་ལམ་བར་ཆད་མེད་ལམ			uninterrupted path of a Hearer's path of seeing
ཉན་ཐོས་ཀྱི་མཐོང་ལམ་མཉམ་བཞག་ཡེ་ཤེས			Hearer's exalted wisdom of meditative equipoise
ཉན་ཐོས་ཀྱི་མཐོང་ལམ་རྗེས་ཐོབ་ཡེ་ཤེས			Hearer's exalted wisdom of subsequent attainment of a path of seeing
ཉན་ཐོས་ཀྱི་ངེས་འབྱེད་ཆ་མཐུན			Hearer's partial concordance with definite discrimination
ཉན་ཐོས་ཀྱི་རྗེས་ལ་མངོན་རྟོགས			Hearer's subsequent clear realizer
ཉན་ཐོས་ཀྱི་རྣལ་འབྱོར་མངོན་སུམ			Hearer's yogic direct perceiver
ཉན་ཐོས་ཀྱི་ས			Asaṅga's Hearer Grounds; grounds of hearers
ཉན་ཐོས་ཀྱི་སྦྱོར་ལམ			Hearer's path of preparation
ཉན་ཐོས་ཀྱི་སྒོམ་ལམ			Hearer path of meditation
ཉན་ཐོས་ཀྱི་སྒོམ་ལམ་བར་ཆད་མེད་ལམ			uninterrupted path of a Hearer path of meditation
ཉན་ཐོས་ཀྱི་སྒོམ་ལམ་མཉམ་བཞག་ཡེ་ཤེས			exalted wisdom of meditative equipoise of a Hearer's path of meditation
ཉན་ཐོས་ཀྱི་ཐར་པ་ཆ་མཐུན			Hearer's partial concordance with liberation
ཉན་ཐོས་ཀྱི་ཐེག་པ			Hearer Vehicle
ཉན་ཐོས་ཀྱི་ཐེག་པ་ལ་ཡང་དག་པར་ཞུགས་པ			those engaged in the Hearer Vehicle
ཉན་ཐོས་ཀྱི་ཚོགས་ལམ			Hearer's path of accumulation
ཉན་ཐོས་ལ་སོགས་པ			Hearers and so forth
ཉན་ཐོས་མཐོང་ལམ་པའི་མཁྱེན་པ			exalted knower of a person on the Hearer path of seeing
ཉན་ཐོས་སྡེ་པ			Hearer Sectarians
ཉན་ཐོས་སྒོམ་ལམ་པའི་རྒྱུད་ཀྱི་མཁྱེན་པ			exalted knower in the continuum of a person on the Hearer path of meditation
ཉན་ཐོས་ཐེག་པ			Hearer Vehicle
ཉན་ཚུལ			mode of listening
ཉེ			near; dear; intimate
ཉེ་འཁོར་བ			neighboring (hell)
ཉེ་འཁོར་བའི་དམྱལ་བ			neighboring hell-being
ཉེ་འཁོར་དམྱལ་བ			near hell
ཉེ་འཁོར་ན			in the vicinity; in; near
ཉེ་བ			near; dear; intimate
ཉེ་བའི་ཉོན་མོངས			secondary affliction; secondary afflictive emotion
ཉེ་བའི་ཉོན་མོངས་པ			secondary affliction; secondary afflictive emotion
ཉེ་བའི་ཉོན་མོངས་པའི་གློ་བུར་བ			adventitious affliction/afflictive emotion
ཉེ་བར་འཇོག་པ			close setting
ཉེ་བར་འཇོག་པར་བྱེད			close setting
ཉེ་བར་འཇུག་པ			close setting
ཉེ་བར་འཁོར་བ			in the vicinity; in; near
ཉེ་བར་འཚོ་བ			livelihood; sustenance
ཉེ་བར་བླང་བྱ			that which is appropriated(N)
ཉེ་བར་བརྟག་པ			spectator
ཉེ་བར་བསྒྲུབ			establish
ཉེ་བར་བསྒྲུབས་ཏེ			establish
ཉེ་བར་བསྟན་པར་བགྱི			demonstrate; indicate; teach
ཉེ་བར་བཞག་པ			establishment
ཉེ་བར་དགོད			set/state/establish/arrange/register/make a record/place [on throne]/put [a signature]; array; affix
ཉེ་བར་གཏོད			bring near; lead to; introduces; initiation ceremony for the three (twice-born) upper castes in Hinduism
ཉེ་བར་གཞག་པ			establishment
ཉེ་བར་ལེན་པ			substantial cause; object appropriated; that which is appropriated(N); appropriated; causal contributors
ཉེ་བར་ལེན་པ་མེད་པར			not appropriated
ཉེ་བར་ལེན་པ་པོ			that which appropriates(N)
ཉེ་བར་ལེན་པའི་ཕུང་པོ་ལྔ			the five appropriated aggregates
ཉེ་བར་མཁོ་བ			important points; important
ཉེ་བར་རྟག་པ			spectator
ཉེ་བར་རྟོག་པ			realize; examine; investigation
ཉེ་བར་སྒྲུབ			establish
ཉེ་བར་སྒྲུབ་པ			establish
ཉེ་བར་སོང་ནས			having gone close to (T)
ཉེ་བར་སྟོན་པ			instruction; advice; prescription
ཉེ་བར་ཞི			pacify
ཉེ་བར་ཞི་བ			pacify
ཉེ་བར་ཞི་བར་བྱེད་པ			thorough pacifying
ཉེ་བར་ཞི་བྱེད			thorough pacifying
ཉེ་གྱུར་ན			become intimate; become dear
ཉེ་ལམ			short path; quick path
ཉེ་ཉོན			secondary afflictions
ཉེ་ཉོན་ཉི་ཤུ			the twenty secondary afflictions
ཉེ་རིང			the close and distant; close or distant; intimacy and alienness; distance
ཉེའོ			near; very near
ཉེར་འབྲས			substantial effect
ཉེར་འཚོ			livelihood; sustenance
ཉེར་བསྡོགས			preparation
ཉེར་བསྡོགས་དང་དངོས་གཞིའི་ཏིང་ངེ་འཛིན་དང་ལྡན་པ			possessing the meditative stablization of the preparations and actual absorption(s)  (T)
ཉེར་བསྒྲུབས			establish; establishment
ཉེར་བཞག			establishment
ཉེར་གཅིག			twenty-one
ཉེར་ལེན			substantial cause; object appropriated; appropriated; appropriation
ཉེར་ལེན་བྱས་ནས་འབྱུང་བ			... arises through ... acting as a cause
ཉེར་ལེན་གྱི་ཕུང་པོ			appropriated aggregates
ཉེར་ལེན་གྱི་རྒྱུ			substantial cause
ཉེར་མཁོ			important points; important
ཉེར་སྦས			Upagupta
ཉེར་ཐོབ			near attainment; near-attainment
ཉེར་ཐོབ་ནག་ལམ་པའི་སེམས			the mind of radiant black near-attainment
ཉེས			bad; sin; evil; crime
ཉེས་བྱས			misdeed
ཉེས་ཅན			[crime-possessing]; criminal; evil one; having fault
ཉེས་དམིགས			fault
ཉེས་དམིགས་པ			fault
ཉེས་པ			fault; fallacy; evil; crime; bad; sin; deficiency; problematic; humor
ཉེས་པ་བརྒྱད			eight faults
ཉེས་པ་བྱེད་པ			to do evil
ཉེས་པ་དང་ལྡན་པ་ལ་ཡོན་ཏན་དང་ལྡན་པ་ཉིད་དུ་འཛིན་པ			conceiving that which has faults as something with qualities  (T)
ཉེས་པ་དང་སྐྱོན			faults and defects
ཉེས་པ་གསུམ			three faults
ཉེས་པ་ལྕི་བ			the heavier fault
ཉེས་པ་མེད			faultless
ཉེས་པ་མེད་པ་ཉིད			faultlessness
ཉེས་པ་མཐོང་བ			viewing faults
ཉེས་པ་རྙམས་གདུལ་བར་བྱ་བ			discipline the faults
ཉེས་པ་ཡོངས་སུ་སྤང་བ			thorough abandonment of faults
༅ཉེས་པ༏་ཉེས་དམིགས			fault
ཉེས་སྐྱོན			faults and defects
ཉེས་ཚོགས			collection of faults
ཉི་ཁྲི་ཆིག་སྟོང་དྲུག་བརྒྱ			216
ཉི་མ			sun; day; sunday
ཉི་མ་འོད་ཟེར			sunlight(D1)
ཉི་མ་ལྟ་བུའི་སེམས་བསྐྱེད			mind-generation like sun
ཉི་མ་སྦས་པ			Ravigupta
ཉི་མའི་འོད་སེར			sunlight
ཉི་མའི་འོད་ཟེར			sunlight
ཉི་མའི་དཁྱིལ་འཁོར			sun-maṇḍala; sun-disc
ཉི་མའི་གཉེན			Sun-Friend [Buddha]; The Sun Friend; a name for Buddha Śākyamuni
ཉི་ཤུ			twenty
ཉི་ཤུ་པ			Vasubandhu's The Twenty (viṃśatikā)
ཉི་ཤུ་རྩ་བདུན			twenty-seven
ཉི་ཤུ་རྩ་གཉིས			twenty-two
ཉི་སྣང			Āryavimuktisena’s Illumination of the Twenty-five Thousand Stanza Perfection of Wisdom Sūtra
ཉི་ཚེ			a little; tiny; partial; trifling
ཉི་ཚེ་བ			limited; trifling; little; tiny; partial
ཉི་ཚེ་བའི་དམྱལ་བ			trifling hell
ཉི་ཚེ་བའི་མངོན་སུམ			partial direct perception; trifling direct perception
ཉི་ཚེ་བའི་སྟོང་པ			a partial emptiness(MSI 425.6)
ཉི་ཚེ་བའི་ཡེ་ཤེས			partial wisdom; trifling wisdom
ཉི་ཚེའི་དམྱལ་བ			lesser hell-being
ཉིད			only; itself; just; particle abstracting a noun; -ness
ཉིད་དུ			self; same
ཉིད་ལས			self; same; I
ཉིན			day
ཉིན་གཅིག			one day
ཉིན་མོ			sun; day
ཉིན་མཚན་དུ་ལན་དྲུག་ཏུ			six times during the day and night (T)
ཉིན་པར			in the day; during the day
ཉིན་པར་ཟས་མི་ཟ་བའི་ལྷས་བྱིན་ཚོན་པོ་རིད་པ་མ་ཡིན་པ			the non-thin Devadatta who does not eat during the day
ཉིན་རེ་བཞིན			[day-each-like]; daily; every day; sun; day
ཉིན་རེ་ལའང			even in each day; sun; day
ཉིང་མཚམས			gap between lives
ཉིང་མཚམས་སྦྱོར་བ			briding the gap between lives
ཉོ			sell; to buy
ཉོ་ཚོང་སོགས་ལ་འབད་པ			striving at selling and buying(LWT 233)
ཉོལ			lie down; sleep
ཉོན			affliction
ཉོན་ཅིག			listen [imperative]
ཉོན་མོང་ཅན			afflicted
ཉོན་མོངས			affliction; afflictive emotion
ཉོན་མོངས་ཅན			afflicted; (T) afflictive
ཉོན་མོངས་ཅན་གྱི་མ་རིག་པ			afflictive ignorance(N)
ཉོན་མོངས་ཅན་གྱི་ཡིད			afflicted mentality; afflictive mentality; afflicted intellect
ཉོན་མོངས་ཅན་མ་ཡིན་པའི་མ་རིག་པ			nonafflictive ignorance
ཉོན་མོངས་ཅན་མིན			non-afflicted
ཉོན་མོངས་གསལ་བ			clarify the afflictions
ཉོན་མོངས་ཀྱི་བག་ཆགས			predispositions/latencies of the afflictions/afflictive emotions
ཉོན་མོངས་ཀྱི་སྒྲིབ་པ			afflictive obstruction
ཉོན་མོངས་ལྷན་སྐྱེས			innate afflictions; innate afflictive emotion
ཉོན་མོངས་མ་མཆིས			unafflicted
ཉོན་མོངས་མ་ཡིན་མི་མོངས་མིན			neither afflicted nor non-afflicted
ཉོན་མོངས་མེད			nonaffliction; nonafflictiveness; nonafflictive; without afflictive emotions
ཉོན་མོངས་མེད་པ			unafflicted; non-afflicted
ཉོན་མོངས་མེད་པར་འཁོར			circling in non-affliction
ཉོན་མོངས་མེད་ཡན་ལག			limbs of non-affliction
ཉོན་མོངས་མཚན་ཉིད་རྣམ་དགུ			the nine aspects of the afflicted character
ཉོན་མོངས་པ			afflicted; affliction
ཉོན་མོངས་པ་འདུལ་བ			discipline the afflictions
ཉོན་མོངས་པ་འདུལ་བ་ལ་རབ་ཏུ་བརྩོན་པ			apply oneself to disciplining the afflictions
ཉོན་མོངས་པ་བསྐྱེད་པ			production of afflictions
ཉོན་མོངས་པ་ཅན			afflicted
ཉོན་མོངས་པ་ཅན་གྱི་ཡིད			afflicted mind
ཉོན་མོངས་པ་ཅན་མ་ཡིན་པའི་མི་ཤེས་པ			non-afflicted ignorance
ཉོན་མོངས་པ་དང་བཅས་པ			afflicted
ཉོན་མོངས་པ་དང་བྲལ་བ			free from afflictions
ཉོན་མོངས་པ་དང་དག་པའི་གནས			a place that if purified of afflictions
ཉོན་མོངས་པ་དང་ལས་དང་སྐྱེ་བ			affliction, action, and production
ཉོན་མོངས་པ་དང་མཐུན་པའི་ཆོས			phenomena concordant with affliction
ཉོན་མོངས་པ་དང་ཤེས་བྱའི་སྒྲིབ་པ			afflictive obstructions and obstructions to omniscience
ཉོན་མོངས་པ་ལས་རྣམ་དག			free from the afflictions
ཉོན་མོངས་པ་ལས་རྣམ་པར་གྲོལ་བ			completely freed from the afflictions
ཉོན་མོངས་པ་མང་བ			many afflictions
ཉོན་མོངས་པ་མེད་པ			unafflicted
ཉོན་མོངས་པ་མེད་པར་གནས་པ			one who abides without afflictions
ཉོན་མོངས་པ་ནི་རྣམ་པར་རྟོག་པ་ཡིན			ideational afflictions
ཉོན་མོངས་པ་རྣམས་ཀྱི་གཉེན་པོ			antidotes to the afflictions
ཉོན་མོངས་པ་སྐྱེ་བའི་རྐྱེན་ཙམ			mere condition of the production of afflictions
ཉོན་མོངས་པ་སྤངས་པ			abandon the afflictions
ཉོན་མོངས་པ་སྤོང་བ			abandon the afflictions
ཉོན་མོངས་པ་ཐམས་ཅད་དུ་བྲལ་བ			free from all afflictions; (T) everywhere free from afflictions
ཉོན་མོངས་པའི་བག་ལ་ཉལ་དང་བག་ཆགས			dormancies and predispositions of the afflictions/afflictive emotions
ཉོན་མོངས་པའི་དྲི་མ་མེད་པའི་གནས			a place that is without the stains of the afflictions
ཉོན་མོངས་པའི་གནས་ངན་ལེན་གྱིས་རབ་ཏུ་བསྐྱེད་པ			thoroughly produced by assumption of bad afflicted states
ཉོན་མོངས་པའི་གཉེན་པོ་མཛད་པ			act as an antidote to the afflictions
ཉོན་མོངས་པའི་གཉེན་པོ་ཉིད			antidote to the afflictions
ཉོན་མོངས་པའི་ཀུན་ནས་ཉོན་མོངས་པ			thoroughly afflicted by the afflictions
ཉོན་མོངས་པའི་མེད་པ			unafflicted; without afflictions
ཉོན་མོངས་པའི་ནད་རབ་ཏུ་ཞི་བར་བྱེད་པ			thorough pacification of the sickness of the afflictions
ཉོན་མོངས་པའི་རྒྱུ་ཡིན་པའི་ཕྱིར			because of being the cause of the afflictions
ཉོན་མོངས་པའི་སྒྲིབ་པ			afflictive obstructions; obstructions to liberation
ཉོན་མོངས་པའི་སྒྲིབ་པ་རྣམ་པ་དགུ			nine aspects of the afflictive obstructions
ཉོན་མོངས་པའི་ཟག་པ			afflicted contaminations
ཉོན་མོངས་པའི་ཟག་པ་དང་བཅས་པ			contaminated phenomena of the afflictions(Lati)
ཉོན་མོངས་པར་བྱེད་པ			afflict
ཉོན་མོངས་པར་སྣང་བ			appearance of the afflictions
ཉོན་མོངས་རགས་པ་མངོན་གྱུར་བ			manifest coarse affliction
ཉོན་མོངས་རྣམ་དག་པའི་གནས			basis for purifying the afflictions
ཉོན་མོངས་རྣམ་པར་སྦྱོང་བའི་ལས་དང་པོ་བའི་ཡིད་བྱེད			mental contemplation of a beginner at purifying afflictions/afflictive emotions
ཉོན་མོངས་རྣམ་པར་སྦྱོང་བའི་ལས་དང་པོ་པ			beginner at purifying the afflictive emotions; beginner at purifying afflictions
ཉོན་མོངས་རྣམ་པར་སྦྱོང་བའི་ལས་དང་པོ་པའི་ཡིད་བྱེད			mental contemplation of a beginner at purifying afflictions/afflictive emotions
ཉོན་མོངས་རྣམ་པར་སྦྱོང་བའི་རྣལ་འབྱོར་པ			yogi who is purifying afflictions/afflictive emotions
ཉོན་མོངས་རྣམ་སྦྱང་གི་དམིགས་པ			objects for purifying afflictions
ཉོན་མོངས་རྣམ་སྦྱོང་གི་དམིགས་པ			object of observation for purifying afflictive emotions
ཉོན་མོངས་རྣམ་སྦྱོང་གི་དམིགས་པ			object of observation for purifying afflictions/afflictive emotions
ཉོན་མོངས་རྣམ་སྦྱོང་གི་དམིགས་པ			object of observation for purifying afflictions/afflictive emotions
ཉོན་མོངས་རྣམས་སྦྱོང་གི་དམིགས་པ			object of observation for purifying afflictions; object of observation for purifying afflictive emotions
ཉོན་མོངས་རྟོག་པ་སྤོང			abandon afflictive thought (T)
ཉོན་མོངས་ཤེས་བྱའི་སྒྲིབ་པ			afflictive obstructions and obstructions to omniscience
ཉོན་མོངས་ཚོགས			collection of afflictions
ཉོན་མོངས་ཟད་པ			extinguish the afflictions
ཉོན་སྒྲིབ			afflictive obstruction; obstruction to liberation
ཉོན་སྒྲིབ་ཀུན་བཏགས			the artificial afflictive obstructions; (T) acquired afflictive obstructions; artificial obstruction to liberation
ཉོན་སྒྲིབ་ཀུན་བཏགས་དངོས་གཉེན་དུ་གྱུར་པའི་ཉན་ཐོས་ཀྱི་བདེན་པ་མངོན་རྟོགས			a Hearer clear realizer of truth which is an actual antidote to the artificial afflictive obstructions
ཉོན་སྒྲིབ་ཀུན་བཏགས་སྤངས་པའི་རྣམ་གྲོལ་ལམ་དུ་གྱུར་པའི་ཉན་ཐོས་ཀྱི་བདེན་པ་མངོན་རྟོགས			a Hearer clear realizer of truth which is a path of release that abandons the artificial afflictive obstructions
ཉོན་སྒྲིབ་སྤངས་པའི་ཆ་ནས་བཞག་པའི་མཁྱེན་པ			an exalted knower that is posited from the viewpoint of abandoning the afflictive obstructions
ཉོན་སྒྲིབ་སྤངས་པའི་ཡེ་ཤེས			pristine wisdom that has abandonned the afflictive obstructions
༅ཉོན་སྒྲིབ༏་ཉོན་མོངས་པའི་སྒྲིབ་པ			afflictive obstruction
ཉོན་ཡིད			afflicted mind
ཉོས			to buy
ཉུང			little; few
ཉུང་བ			little; few
ཉུང་བ་དང་ཆེས་ཉུང་བ			little and very little
ཉུང་མ			turnip
ཉུང་ངུ			few; little
ཉུང་ངུ་ཉུང་ངུས			little by little
ཉུང་ངུས			few
ཉུང་ངུས་ཚིག			few words
ཉུང་ངུས་ཚིག་གིས			with a few words
ཉུང་ཉུང			few; a few
ཉུང་ཤེས་ཤིག			very few
ཨོཾ་སྭ་སྟི			oṃ svasti
པ			father
པ་ལགས			father (hon.)
པ་ཕ			father
པ་སངས			friday
པད			lotus
པད་མ			lotus [specifically nelumbium speciosum or nymphaea alba]; ruby(D1)
པད་མའི་ར་ག			ruby
པདམ			lotus [transliteration of the Sanskrit word, padma]
པདམ			lotus [specifically nelumbium speciosum or nymphaea alba]; ruby
པདམ་དཀར་པོ			Padma-kar-po (1527-1592), a Ka-gyu (bka' rgyud) scholar
པདམ་རལ			ruby
པདམའི་ངང་ཚུལ			[The one who is] the nature of the Lotus (Kamalashīla)
པགས་པ			skin
༅པགས་པ༏་ལུས			skin; body
པཎ			paṇḍita
པཎ་ཆེན་བསོད་ནམས་བྲགས་པ			Paṇ-chen Sö-nam-drag-pa; [1478-1554]; textbook author for the Lo-sel-ling College of Dre-pung University
པཎ་ཞེ			[paṇḍita-hat]; scholar's hat
པཎ་ཞྭ			[paṇḍita-hat]; scholar's hat
པང			lap
པར་བྱ			[future tense marker]
པར་བྱས			[past tense marker—auxilliary verb]
པར་བྱེད			[present tense marker—auxilliary verb]
ཕ			far; father
ཕ་དང་འདྲ་བ			like [one's] father
ཕ་གཅིག་མ་གཅིག			siblings from same parents
ཕ་གི			that
ཕ་གིར			there; over there
ཕ་ཀྱི་མཚན			sign of a person; sign of a man
ཕ་མ			parents
ཕ་མ་གཅིག			siblings from same parents
ཕ་མཐར་སོན་ནས			having gone to the far end(LWT 6.2)
ཕ་པ			other; next
ཕ་རོལ			far side; other(s); next; the other side
ཕ་རོལ་འགྲོ			go to the other side
ཕ་རོལ་འགྲོ་བ			go to the other side
ཕ་རོལ་གྱི			other; of the other  (T)
ཕ་རོལ་གྱི་འགྲམ			the other shore (T)
ཕ་རོལ་གྱི་ཆ			far part
ཕ་རོལ་གྱི་དད་པའི་ཕྱིར་མི་འབྲང་བ			damage by others; (T) not following because of faith in the others ?
ཕ་རོལ་གྱི་གནོད་པ			damage by others
ཕ་རོལ་གྱི་སྡུག་བསྔལ			suffering of others
ཕ་རོལ་གྱི་སེམས་ཀྱི་སྤྱོད་པ་ཤེས་པ			cognition of the minds and actions of others
ཕ་རོལ་གྱིས་ཁོང་དུ་ཆུད་པར			as understood by others
ཕ་རོལ་མ་མཆིས་པའི་ཕ་རོལ་ཏུ་ཕྱིན་པ			perfection which is a non-perfection; perfection of a non-perfection
ཕ་རོལ་ཕྱིན			perfection
ཕ་རོལ་ཕྱིན་བཅུའི་རྒྱུས་བྱུང་བ			arise due to the ten perfections
ཕ་རོལ་ཕྱིན་ལ་འཇུག་པ			engage in the perfections; enter into the perfections
ཕ་རོལ་ཕྱིན་པ			perfect; perfection
ཕ་རོལ་ཏུ			otherwise; (T) to the other side
ཕ་རོལ་ཏུ་འགྲོ་བར་འདོད་པ			desire to go to the other side
ཕ་རོལ་ཏུ་འགྲོའོ			go to the other side
ཕ་རོལ་ཏུ་ཕྱིན			perfect
ཕ་རོལ་ཏུ་ཕྱིན་པ་འཕེལ་བ			increase of the perfections
ཕ་རོལ་ཏུ་ཕྱིན་པ་བཅུ་བསྒྲུབ་པ			the ten perfections
ཕ་རོལ་ཏུ་ཕྱིན་པ་དང་ལྡན་པ			connected with the perfections; having the perfections
ཕ་རོལ་ཏུ་ཕྱིན་པ་དང་མཐུན་པ			concordant with the perfections; concordance with the perfections
ཕ་རོལ་ཏུ་ཕྱིན་པ་དྲུག			the six perfections
ཕ་རོལ་ཏུ་ཕྱིན་པ་དྲུག་གི་སྤྱོད་པ་སྤྱད་པ་ཡིན་པ			practice the six perfections for a long time
ཕ་རོལ་ཏུ་ཕྱིན་པ་དྲུག་པ			the six perfections; (T) the sixth perfection [i.e., wisdom]
ཕ་རོལ་ཏུ་ཕྱིན་པ་དྲུག་པོ			the sixth perfection [i.e. the perfection of wisdom]; (T) all six perfections
ཕ་རོལ་ཏུ་ཕྱིན་པ་དྲུག་ཡོངས་སུ་རྫོགས་པ			thoroughly complete/fulfill the six perfections
ཕ་རོལ་ཏུ་ཕྱིན་པ་གསུམ་པོ་སྦྱིན་པ་དང་ཚུལ་ཁྲིམས་དང་བཟོད་པ་དག			the three perfections of giving, ethics, and patience/forbearance/tolerance/endurance
ཕ་རོལ་ཏུ་ཕྱིན་པ་ལ་སྒོམ་པ			meditation on the perfections
ཕ་རོལ་ཏུ་ཕྱིན་པ་ལ་སོགས་པ་དགེ་བ			virtues, the perfections and so forth
ཕ་རོལ་ཏུ་ཕྱིན་པ་མངོན་པར་སྒྲུབ་པའི་སྙིང་རྗེ			the perfection of manifestly established compassion; compassion that is perfected in terms of being manifestly established
ཕ་རོལ་ཏུ་ཕྱིན་པ་ངེས་པའི་ས་ལ་གནས་པ་འཐོབ་པ			attain abiding in the ground of definite perfection
ཕ་རོལ་ཏུ་ཕྱིན་པ་ཕྱིན་ཅི་མ་ལོག་པར་འདོམས་པ			advice regarding non-mistaken [cultivation of] the perfections
ཕ་རོལ་ཏུ་ཕྱིན་པ་རབ་ཏུ་དབྱེ་བའི་བསྡུ་བ			collection which divides the perfections
ཕ་རོལ་ཏུ་ཕྱིན་པ་རྣམས་ཀྱི་རིགས			the lineage of those [who have] the perfections
ཕ་རོལ་ཏུ་ཕྱིན་པ་རྣམས་ཀྱི་རྟེན་དུ་གྱུར་པ་བྱང་ཆུབ་ཀྱི་སེམས			the mind of enlightenment that is based upon the perfections
ཕ་རོལ་ཏུ་ཕྱིན་པ་རྣམས་ལ་སེམས་མཉམ་པ་ཉིད			sameness of mind with respect to the perfections
ཕ་རོལ་ཏུ་ཕྱིན་པ་རྣམས་ལ་སྒྲུབ་པའི་འདུན་པ			aspiration for completion with respect to the perfections
ཕ་རོལ་ཏུ་ཕྱིན་པ་སྦྱིན་པ་དང་ཚུལ་ཁྲིམས་དང་བཟོད་པ་དག			perfections of giving, ethics, and patience/forbearance/tolerance/endurance
ཕ་རོལ་ཏུ་ཕྱིན་པ་སྒོམ་པ			cultivate perfection; meditation on the perfections
ཕ་རོལ་ཏུ་ཕྱིན་པ་སྒྲུབ་པ			achieve the perfections
ཕ་རོལ་ཏུ་ཕྱིན་པ་སྟོན་པ			teach the perfections; teaching concerning the perfections
ཕ་རོལ་ཏུ་ཕྱིན་པ་ཐོབ་པའི་རྟགས			the sign of attaining the perfections
ཕ་རོལ་ཏུ་ཕྱིན་པ་ཡང་དག་པར་ལེན་དུ་འཇུག་པ			thorough engagement in the perfections
ཕ་རོལ་ཏུ་ཕྱིན་པ་ཡང་དག་པར་སྤྱོད་པ			thorough practice of the perfections
ཕ་རོལ་ཏུ་ཕྱིན་པ་ཡོངས་སུ་རྫོགས་པ			thoroughly complete/fulfill the perfections
ཕ་རོལ་ཏུ་ཕྱིན་པ་ཡོངས་སུ་རྫོགས་པར་བྱ་བ			thoroughly complete/fulfill the six perfections
ཕ་རོལ་ཏུ་ཕྱིན་པ་ཡོངས་སུ་སྒྲུབ་པ			thorough establishment of the perfections
༅ཕ་རོལ་ཏུ་ཕྱིན་པ༏་ཕར་ཕྱིན			perfection
༅ཕ་རོལ་ཏུ་ཕྱིན་པ༏་ཕར་ཕྱིན			[other side-to-went]; perfection; that which has gone beyond
ཕ་རོལ་ཏུ་ཕྱིན་པའི་བསླབ་པ་ཐམས་ཅད་ཀྱི་ཕ་རོལ་ཏུ་ཕྱིན་པ			perfection of all learners; perfection of all learning
ཕ་རོལ་ཏུ་ཕྱིན་པའི་ངོ་བོ་ཉིད			entityness of the perfections
ཕ་རོལ་ཏུ་ཕྱིན་པའི་རང་བཞིང་གྱི་དགེ་བ			virtue of the nature of the perfections
ཕ་རོལ་ཏུ་ཕྱིན་པའི་སྐབས			the occasion of the perfection
ཕ་རོལ་ཏུ་ཕྱིན་པའི་སྤྱོད་པ			practice of the perfections
ཕ་རོལ་ཏུ་ཕྱིན་པར			perfect; perfectly
ཕ་རོལ་ཏུ་སོང་བས་ན			because of going to the other side
ཕ་ཚོ			those
ཕབ་པར་གྱུར་པ			possession [by demons]
ཕབ་པོ			fall
ཕག་པ			pig
ཕག་རྒོད			wild boar
༅ཕགས་པ་དགོངས་པ་ཟབ་མོ་ངེས་པར་འགྲེལ་པའི་མདོ་རྒྱ་ཆེར་འགྲེལ་པ༏་རྒྱ་ནག་འགྲེལ་ཆེན			Extensive Commentary on the "Superior Sūtra Unraveling the Profound Thought" [by the Korean scholar-monk Won-ch'uk (612/613-696; Tibetan: rdzogs gsal / wen tshig / wen tshegs / wanydzeg; Chinese: Yüan ts'e); P5517, vol. 116]
ཕལ་ཆེན་པ			Mahāsāṃghika
ཕལ་ཆེན་སྡེ			Mahāsāṃghika
ཕལ་ཆེན་སྡེ་པ			Majority School
ཕལ་ཆེར			mostly; usually; many
ཕལ་ཆེར་བ			most
ཕལ་པ			ordinary
ཕམ་པ			conquered; defeated  (T)
ཕན			help; benefit; be of use
ཕན་འདོགས			to benefit; help; administer help
ཕན་འདོགས་འདོད			desire to help
ཕན་འདོགས་བདག་ཉིད			benefit oneself
ཕན་འདོགས་བྱ			object assisted(D2)
ཕན་འདོགས་བྱེད			assister(D2); helper
ཕན་འདོགས་བྱེད་ལ་འཇུག			engage as an assister  (T)
ཕན་འདོགས་པ			help; administer help; do benefit
ཕན་འདོགས་པར་འགྱུར་བ			administer help; do benefit; help
ཕན་འདོགས་པར་འགྱུར་བ་ཡིན་ནོ			administer help; do benefit; help
ཕན་འདོགས་པར་བྱེད་པ			benefitter; helper
ཕན་འདོགས་རྣམ་པ་གཉིས			two kinds of help
ཕན་བདེ་བྱེད་པ་འབྲས་བུ			result of causing benefit and happiness
ཕན་བདེ་དགོངས			thought of benefit and happiness
ཕན་བདེའི་རྒྱུ			cause of help/benefit and happiness/bliss
ཕན་བཏགས			administer help; do benefit; help
ཕན་བྱ་བ			will benefit; will help; helpful object
ཕན་བྱེད			helper; benefactor; benefitting; helping
ཕན་བྱེད་བློ་ལྡན་པ			having a helpful awareness
ཕན་བྱེད་པ			helper; benefactor; benefitting; helping
ཕན་བཞེད			take up the task of helping
ཕན་བཞེད་པ			take up the task of helping
ཕན་ཆད			from here on
ཕན་ཆད་དུ			from here on
ཕན་དང་བདེ་འདོད་པ			desire benefit and pleasure
ཕན་དང་སྙིང་བརྩེར་བཅས་པ			benevolent and compassionate
ཕན་དང་སྙིང་བརྩེར་ལྡན་པ			benevolent and compassionate
ཕན་གདགས			administer help; do benefit; help
ཕན་གདགས་བྱ			object assisted(D1); object helped
ཕན་གདགས་པ			administer help; do benefit; help
ཕན་གདགས་པར་བྱ་བ			will help; will do benefit
ཕན་མཛད			benefit; help; benefactor; helper
ཕན་པ			help; benefit; be of use
ཕན་པ་བསམ་པ			thought of benefit; helpful thought
ཕན་པ་བྱེད་པ			benefitter; helper; serve to benefit; help
ཕན་པ་དང་བདེ་བ			benefit and happiness
ཕན་པ་དང་བདེ་བ་ལ་ཕྱིན་ཅི་མ་ལོག་པ			non-mistaken with respect to benefit and happiness
ཕན་པ་དང་བདེ་བའི་སེམས			a mind of benefit and help
ཕན་པ་ལ་འཇུག			engage in helping
ཕན་པ་རྣམ་པ་ལྔ			five kinds of benefit
ཕན་པའི་འདུ་ཤེས			conception of benefit; beneficial conception
ཕན་པའི་བསམ་པ			beneficial thought; helpful thought
ཕན་པའི་དགོངས་པ			thought of benefit; helpful thought
ཕན་པའི་དངོས་ཉིད			helpful thing
ཕན་པའི་དངོས་པོ			helpful thing
ཕན་པའི་ལྷག་པའི་བསམ་པ			unusually beneficial thought; particularly benefical thought; especially helpful thought
ཕན་པའི་སེམས			helpful mind; beneficial mind; benificent mind
ཕན་པའི་ཚིག་དང་ལྡན་པ			has beneficial words
ཕན་པར་འདོད་པ			helpful wish; desire to help
ཕན་པར་བྱ་བ			will help; helpful object
ཕན་པར་བྱེད			help
ཕན་པར་བྱེད་པ			helper; benefactor; helping; benefitting
ཕན་པར་བྱེད་པའི་ཐབས			methods that serve to benefit
ཕན་པར་དགོངས་པ			beneficial thought; helpful thought
ཕན་པར་སེམས			helpful mind; beneficial mind
ཕན་པར་སེམས་པ			helpful mind; beneficial mind
ཕན་ཕྱིར			for the benefit; in order to benefit
ཕན་ཐོགས			administer help; do benefit; help
ཕན་ཚུལ་གྲོགས་སུ			mutually compatible
ཕན་ཚུན			mutual; mutually(D2)
ཕན་ཚུན་འགལ་བ			contradictories in the sense of mutual exclusion(N); mutually contradictory
ཕན་ཚུན་བརྟན་པ			interdependent
༅ཕན་ཚུན་དུས་མཉམ་རྫས་ཐ་དད་ཀྱང་ཡིན། ཕན་ཚུན་སྐྱེ་བ་ལ་གེགས་མི་བྱེད་པ་ཡང་ཡིན་པའི་གཞི་མཐུན་དུ་དམིགས་པ།			observed as a common locus between different substantial entities [established at] the same time and does not serve as an obstacle to mutual production
ཕན་ཚུན་མི་འཁྲུལ་པ			mutually ineluctable(BJ 74.4)
ཕན་ཚུན་མི་མཐུན			mutually discordant
༅ཕན་ཚུན་མཚུངས་ལྡན་རྣམ་པ་ལྔ་མཚུངས་ཀྱང་ཡིན། ཕན་ཚུན་སྐྱེ་བ་ལ་གེགས་མི་བྱེད་པ་ཡང་ཡིན་པའི་གཞི་མཐུན་དུ་དམིགས་པ།			that which is observed as a common locus of being associated with the five types of mutual association and not acting as an obstacle to their mutual production
ཕན་ཚུན་རྟེན་བརྟེན			mutually support and supported(BJ 62.3)
ཕན་ཚུན་རྟེན་པ			mutual dependence; interdependence
ཕན་ཚུན་སྤང་འགལ			mutual exclusion; contradictory in the sense of mutual exclusion; mutually exclusive
ཕན་ཚུན་སྤངས་འགལ			mutually exclusive; contradictories
ཕན་ཚུན་ཐ་དད			mutually different
ཕན་ཚུན་ཚོགས་པ་དང་མི་མཐུན་པ་འགྱུར			mutual discordance
ཕན་ཡོན			beneficial; benefit
ཕན་ཡོན་ཆེ་བ			great benefit
ཕན་ཡོན་གྱི་ཡན་ལག			branch that is a benefit
ཕངས			loss; to regret
ཕངས་སེམས			regret
ཕར			out there(BJ 54.7)
ཕར་འགྲོ་ཚུར་འགྲོ			go from nearby to far away
ཕར་ཕྱིན			perfection
ཕར་ཕྱིན་དྲུག			[beyond-gone-six]; the six perfections
ཕར་ཕྱིན་དྲུག་པོ			[beyond-gone-six]; the six Perfections
ཕར་ཕྱིན་གྱི་ཐེག་པ			Perfection Vehicle
ཕར་ཕྱིན་ཐེག་པ			Perfection Vehicle
ཕས་ཀྱི་རྒོལ་བ			arguments by others
ཕེབས			go [past tense stem, 'to go', 'come') (hon.)
ཕེད་པ			change; changing
ཕེན་བྱེད་ཀྱི་ལས			impelling action
ཕོ			person; man
ཕོ་བྲང			palace; mansion
ཕོ་དང་མོའི་དབང་པོ			lord of women and men
ཕོ་མོ			male and female
ཕོ་མོ་སྙོམས་པར་འཇུག་པའི་ཚེ			at the time of absorption of male and female
ཕོ་ཉ			messenger
ཕོག			strike; affect; touch; give; to bestow; salary
ཕོག་པ			strike; affect; touch; give; to bestow; salary
ཕོགས			strike; affect; touch; give; to bestow; salary
ཕོངས			to become destitute; destitution ?  (T)
ཕོངས་པ་ཆེན་པོ			great poverty; great misfortune; very poor
ཕོངས་པ་མེད་པ			without loss; without poverty  (T)
ཕོངས་པར་འགྱུར་པའི་ལས			an action which will lead to destitution ?? (T)
ཕྲ			subtle; fine; thin
ཕྲ་བ			subtle; fine; thin
ཕྲ་བ་རྟོག་པའི་རྣལ་འབྱོར			yoga realizing the subtle
ཕྲ་བའི་མི་རྟག་པ			subtle impermanence
ཕྲ་བའི་ཤིན་སྦྱངས			subtle pliancy
ཕྲ་མ			divisive speech
ཕྲ་མོ			subtle; fine; thin; minute
ཕྲ་རབ			minute; subtle(N)
ཕྲ་རབ་རྡུལ			particle; subtle particle
ཕྲ་རབ་ཙམ			merely atoms; only subtle particles  (T)
ཕྲད			meet
ཕྲད་པ			meet; come together
ཕྲད་པའི་རྒྱུ			cause of meeting
ཕྲད་པར་བྱ་བ			meeting
ཕྲག་འབུམ			100
ཕྲག་བརྒྱ			100
ཕྲག་དོག			jealousy; envy
ཕྲག་དོག			jealousy
ཕྲག་དོག་གི་ཀུན་སྦྱོར			thorough enwrapment of jealousy
ཕྲག་དོག་གི་ཀུན་ཏུ་སྦྱོར་བ			thorough enwrapment of jealousy
ཕྲག་སྟོང			1000
ཕྲལ་མ			divisive speech
ཕྲན			small; minute
ཕྲན་བུ			small; minute
ཕྲན་རབ			minute
ཕྲན་ཚེགས			minor; lesser
ཕྲེང			garland; rosary; series
ཕྲེང་བ			garland; rosary; series
ཕྲིན་ལས			action; karma
ཕྲིན་ལས་འདྲ་བ་ཉིད			similarity of karma
ཕྲིན་ལས་ཀྱི་དོན			object of action; meaning of karma
ཕྲིན་ལས་ཀྱི་ཁྱད་པར			different karmas; differences of actions
ཕྲིན་ལས་སྒྲུབ་པ			established karma
ཕྲིན་ལས་ཐུན་མོང་བ			concordant karma; (T) common activities
ཕྲིན་ལས་ཟབ་པ			subtle karma; (T) profound activities
ཕྲོད			meet
ཕྲོགས			to rob, snatch, grab, attract  (T)
ཕྲོས			spread; diffuse; scatter
ཕྲུག་གུ			children
ཕྲུལ			superficial
ཕྲུལ་གྱི་འཁྲུལ་རྒྱུ			superficial cause of error/mistake
ཕྲུལ་མ			divisive speech
ཕུ་ཐག་ཆོད་པ			penetrate; decisive
ཕུ་ཐག་ཆོད་པའི་ལྟ			unerring view; view which is decisive
ཕུད			apex; summit; top
ཕུག			deep; inner
ཕུག་གི་འཁྲུལ་རྒྱུ			deep cause of error/mistake
ཕུགས			deep; innermost; inner
ཕུལ			verb: offer; present; to give (hon.)\n noun: offering
ཕུལ་བ			verb: offer; present; to give (hon.)\n noun: offering
ཕུལ་དུ་བྱུང་བ			perfect; excellent; marvellous
ཕུལ་དུ་བྱུང་བའི་དམིགས་པ			object of observation of perfection
ཕུལ་དུ་བྱུང་བའི་ཁྱད་པར			special excellence; particular perfection
ཕུལ་ཕྱིན			full development
ཕུན			accomplishment; achievement; possession
ཕུན་པ			accomplishment; achievement; possession
ཕུན་སུམ་ཚོགས			marvels; perfect; complete; marvelous; sublime; perfection; marvel; wonders; good things
ཕུན་སུམ་ཚོགས་པ			fulfillment; excellent; marvels; wonders; perfect; complete; marvelous; sublime; perfection; marvel; good things
ཕུན་སུམ་ཚོགས་པ་ལ་ངེས་པར་འགྱུར་བ			become definite with respect to completion; become definite with respect to marvels
ཕུན་སུམ་ཚོགས་པ་ལྷག་པ			special completion; special marvels
ཕུན་སུམ་ཚོགས་པ་ཐོབ་པ			attain completion; obtain marvels
ཕུན་སུམ་ཚོགས་པའི་བདེ་བ་དག་ལ་མ་ཆགས་པ་ཉིད			non-attachment to the marvelous bliss ?  (T)
ཕུན་སུམ་ཚོགས་པར་འགྱུར་བ			perfect; complete
ཕུན་ཚོགས			fulfillment; perfect; marvels; complete; marvelous; sublime; perfection; marvel; wonders; good things; excellence
ཕུན་ཡོན་བཅས			qualities(BJ 62.6)
ཕུང			aggregate
ཕུང་གསུམ			possibility(N); any other possibility; another category; additional category
ཕུང་པོ			aggregate; mental and physical aggregates
ཕུང་པོ་ལྷག་མ་མེད་པའི་མྱ་ངན་ལས་འདས་པ་ན་ཡང			nirvāṇa without remainder
ཕུང་པོ་ལྷག་མ་མེད་པའི་མྱ་ངན་ལས་འདས་པའི་དབྱིངས			the sphere of nirvāṇa without remainder
ཕུང་པོ་ལྔ			five aggregates
ཕུང་པོ་ལྔ་པོ་གང་རུང་ལ་བརྟེན་ནས་བཏགས་པའི་སྐྱེས་བུ			a being imputed in dependence upon any among the five aggregates
ཕུང་པོ་ཐམས་ཅད་ངེས་པར་འདོར་བ་དང་འབྱུང་བར་དང			definitely reject all aggregates and arisings
ཕུང་པོ་ཡང་དག་པར་ཟད་པ			completely extinguish the aggregates
ཕུང་པོའི་ལྷག་མ་མ་ལུས་པའི་མྱ་ངན་ལས་འདས་པ			nirvāṇa without remainder
ཕུང་པོའི་ལྷག་མ་མེད་པའི་མྱ་ངན་ལས་འདས་པ			nirvāṇa without remainder
ཕུང་པོའི་ལྷག་མ་མེད་པར་མྱ་ངན་ལས་འདའ་བར་མཐའ་ཐུག་པ			final nirvāṇa without remainder
ཕུང་པོའི་མཚན་མ་དམིགས་པ			observation of the signs of the aggregates
ཕུང་པོའི་མཚན་ཉིད			character of the aggregates(N)
ཕུང་པོའི་སྐྱེ་བ་དམིགས་པ			observation of the production of the aggregates
ཕུང་པོའི་སྐྱེ་བ་དམིགས་པ			observa­tion of the disintegration of the aggregates
ཕུར་བུ			thursday
ཕུར་བུ་ལྕོག་བྱམས་པ་རྒྱ་མཚོ			Pur-bu-jog Jam-pa-gya-tsho [1825-1901]
ཕུར་བུ་པ			Bārhaspatya; Hedonist  (T)
ཕུར་མ			powder
ཕྱ་ལེ་བ			level
ཕྱ་ལེ་བ་མ་ཡིན་པ			non-level
ཕྱ་ལེགས་པ			attractive
ཕྱ་ལེགས་པ་མ་ཡིན་པ			unattractive
ཕྱ་རིས			lines on the hands
ཕྱག			hand; salutation; reverence; [honorific particle]
ཕྱག་འཚལ			bow down; pay respect to; bowing down; homage; salutation; reverence(D1)
ཕྱག་འཚལ་བར་འགྱུར་རོ			bow down; pay respect to; bowing down; homage; salutation; reverence
ཕྱག་འཚལ་བར་བྱེད			bow down; pay respect to; bowing down; homage; salutation; reverence
ཕྱག་བདར			sweep; dust
ཕྱག་བགྱི་འོས			suitable for homage
ཕྱག་བགྱི་བའི་གནས			source/object for homage
ཕྱག་བྲིས			letter; writing (hon.)
ཕྱག་དང་ཞབས་འཁོར་ལོའི་མཚན་དང་ལྡན་པ			having the sign of a wheel on hands and feet
ཕྱག་དང་ཞབས་སོར			fingers and toes
ཕྱག་དངུལ			money (hon.)
ཕྱག་ལས			work (hon.)
ཕྱག་ལེན			practice (hon.)
ཕྱག་མཚན			hand sign; hand symbol
ཕྱག་ན་རྡོ་རྗེ			Vajrapāṇi
ཕྱག་རྒྱ			seal
ཕྱག་རྒྱ་བཞི			four seals(N)
ཕྱག་རྒྱ་ཆེན་པོ			great seal; Great Seal
ཕྱག་རྒྱའི་ལྷ			seal deity
ཕྱག་རྒྱའི་ཚིག			seal-word
ཕྱག་ཚལ			to bow down; pay respect to
ཕྱག་ཚོད			watch (hon.)
ཕྱན་བྱས			helped; benefitted
ཕྱང་ངེ་བ			flat
ཕྱེ			separate; differentiation; differentiate; distinguish
ཕྱེ་བ			separate; differentiation; differentiate; distinguish
ཕྱེ་མ			powder; dust
ཕྱེ་མའི་སྨན			medicinal powder
ཕྱེ་མའི་སྨན་སྦྱར་བ			mixing/preparing medicinal powder
ཕྱེ་ནས			having distinguished
ཕྱེ་ཤུལ			opening a passageway or opportunity
ཕྱེ་ཚེག			separating dot [the dot between syllables]
ཕྱེད			to be differentiated
ཕྱེད་འོག་མ			the higher half (T)
ཕྱེད་དང་གཉིས			two and one-half ?  (T)
ཕྱེད་པ			to be differentiated
ཕྱི			(1) external; outside; outer; generality; (2) wipe; wipe away; erase; wiping
ཕྱི་བཤོལ			procrastination; put off
ཕྱི་བཞིན་དུ			closely behind(C)
ཕྱི་དང་བྱེ་བྲག			generality and particular
ཕྱི་དང་ནང་གི་དངོས་པོ			external and internal thing
ཕྱི་དར			later dissemination(N)
ཕྱི་དར་གྱི་མཁས་པ			scholars of the later dissemination
༅ཕྱི་དབྱངས༏་ཕྱི་དབྱངས་དབྱིངས			external expanse of the sky
ཕྱི་དོན			external object; external object(N)
ཕྱི་དོན་དུ་མེད			do not exist as external objects(BJ 21.1)
ཕྱི་ལོགས			subsequent
ཕྱི་ལོགས་སུ་བྱུང་བ			subsequent arising
ཕྱི་མ			later; subsequent; latter; the latter(D2)
ཕྱི་མ་ལ			in the future; there
ཕྱི་མ་ཕྱི་མ			most superior; each following one
ཕྱི་མ་ཕྱི་མ་འབྲས་བུ			highest fruit
ཕྱི་མ་ཕྱི་མ་དག			most superior; each following one
ཕྱི་མ་ཕྱི་མའི་འབྲས་བུ			highest fruit
ཕྱི་མ་རྗེས་མཐུན་བཞི			latter four similitudes
ཕྱི་མའི་རྒྱུད			Last Tantra [the fourth of the Four (Medical) Tantras]
ཕྱི་མོ			model
ཕྱི་མོ་བའི་དབུ་མ་པ			model Mādhyamika
ཕྱི་ནང			external and internal
ཕྱི་ནང་གི་ཆོས			external and internal phenomena
ཕྱི་ནང་སྟོང་པ་ཉིད			external and internal emptiness
ཕྱི་རབས་ཀྱི་སྐྱོ་བོའི་དོན་དུ			later generation; subsequent generation
ཕྱི་རྒོལ			second party; latter opponent; correct opponent; full-fledged full-fledged latter party; full-fledged opposing party; full-fledged other party; full-fledged opponent
ཕྱི་རྒོལ་བ			second party; previous thesis [which is being refuted]; opponent
ཕྱི་རྒོལ་ཡང་དག			correct opponent; full-fledged second party; full-fledged latter party; full-fledged opposing party; full-fledged other party; full-fledged opponent; latter opponent
ཕྱི་རོལ			outside; external
ཕྱི་རོལ་དོན་དུ་གྲུབ་པས་སྟོང་བ			empty of being established as an external object
ཕྱི་རོལ་དོན་གྱིས་སྟོང་པ			emptiness of external objects
ཕྱི་རོལ་དོན་སྣང་གི་བློ			awareness to which external objects appear
ཕྱི་རོལ་དོན་སྟོང			emptiness of external phenomena
ཕྱི་རོལ་གྱི་དོན			external objects
ཕྱི་རོལ་པ			Non-Buddhist; Outsider
ཕྱི་རོལ་པའི་ཡོངས་སུ་སྨིན་པ			external ripening; external maturation  (T)
ཕྱི་རོལ་ཏུ			externally; outside
ཕྱི་རོལ་ཏུ་འགྱུར་ཏེ			go outside; external
ཕྱི་རོལ་ཏུ་རྣམ་པར་གཡེང་བ			external distraction  (T)
ཕྱི་ཤོལ			procrastination; put off
ཕྱི་སྟོང་པ་ཉིད			external emptiness; (T) emptiness of external [objects]
ཕྱིའི་འབྱོར་བ་ལྔ			five outer fortunes
ཕྱིའི་བེམ་པོ			external matter
ཕྱིའི་དངོས་པོ་རྣམས			external things
ཕྱིའི་དོན			external object
ཕྱིའི་གཟུགས			external form
ཕྱིའི་ཕྱག་རྒྱ			external seal
ཕྱིའི་ཕྱག་རྒྱ་དང་སྦྱོར་བ			joining/union with an external seal/consort
ཕྱིའི་རྐྱེན་ཡོངས་སུ་གྲུབ་པ			establish the general conditions; (T) achieve the external conditions
ཕྱིའི་སྐད་ཅིག་མ་ཉིད			momentariness of the external [world] (T)
ཕྱིའི་སྐྱེ་མཆེད་དྲུག			the six external sources
ཕྱིན			passed; went [past of 'gro, 'to go']
ཕྱིན་ཆད			henceforth; since that time; ever since
ཕྱིན་ཅི་ལོག			mistaken; error; erroneous; wrong; inverted; incorrect
ཕྱིན་ཅི་ལོག་བཞི་དང་ལྡན་པ			possessing the four errors  (T)
ཕྱིན་ཅི་ལོག་གི་བློ་ཅན			having a mistaken awareness
ཕྱིན་ཅི་ལོག་གི་གནས་ངན་ལེན			assumptions of bad erroneous states
ཕྱིན་ཅི་ལོག་གི་གཉེན་པོའི་སྣང་བའི་དེ་ཁོ་ན			reality which is the appearance of the antidote to error  (T)
ཕྱིན་ཅི་ལོག་གི་གཞི			basis of error; erroneous basis
ཕྱིན་ཅི་ལོག་གི་མཚན་མ			mistaken sign; sign of error
ཕྱིན་ཅི་ལོག་གི་ཡིད་ལ་བྱེད་པ			mistaken mental contemplation
ཕྱིན་ཅི་ལོག་ལས་བྱུང་བ			arisen from error
ཕྱིན་ཅི་ལོག་མ་ཡིན			non-mistaken; non-erroneous
ཕྱིན་ཅི་ལོག་མེད			non-mistaken; non-erroneous
ཕྱིན་ཅི་ལོག་མེད་པ			non-mistaken; non-erroneous
ཕྱིན་ཅི་ལོག་པ			mistaken; wrong; inverted; incorrect; erroneous
ཕྱིན་ཅི་ལོག་རྗེས་སུ་འབྲེལ་པ			bonds of error
ཕྱིན་ཅི་ལོག་ཏུ			mistakenly; erroneously
ཕྱིན་ཅི་ལོག་ཏུ་ཞེན་པ			erroneous conception
ཕྱིན་ཅི་མ་ལོག			non-mistaken; non-inverted; non-erroneous; right; correct
ཕྱིན་ཅི་མ་ལོག་འཆད			non-mistaken explanation
ཕྱིན་ཅི་མ་ལོག་མཚན་ཉིད			non-mistaken characteristic
ཕྱིན་ཅི་མ་ལོག་པ			unmistaken; non-inverted; non-erroneous; right; correct
ཕྱིན་ཅི་མ་ལོག་པ་དེ་བཞིན་ཉིད			non-mistaken suchness
ཕྱིན་ཅི་མ་ལོག་པའི་དེ་ཁོ་ན			non-mistaken reality
ཕྱིན་ཅི་མ་ལོག་པའི་དོན			non-mistaken meaning; non-mistaken object
ཕྱིན་ཅི་མ་ལོག་པའི་ཡོངས་གྲུབ་དང་འགྱུར་མེད་ཡོངས་གྲུབ			non-erroneous thoroughly established natures and immutable thoroughly established natures
ཕྱིན་ཅི་མ་ལོག་པར			non-erroneously(N)
ཕྱིན་ཅི་མ་ལོག་པར་གྱུར་པ			be non-mistaken; which is non-mistaken
ཕྱིན་ཅི་མ་ལོག་པར་སྒྲུབ་པ			non-mistaken establishment; establish non-erroneously
ཕྱིན་ཅི་མ་ལོག་པས་ཡོངས་སུ་གྲུབ་པ			thoroughly establish non-mistakenly
ཕྱིན་དྲུག			six perfections
ཕྱིན་མ་ཐག་ཏུ			as soon as reaching; immediately/right/just after arriving
ཕྱིན་ནས			having gone; having obtained
ཕྱིན་པ			went [past of 'gro, "to go"]; reached
ཕྱིན་པ་པ			goer
ཕྱིན་པའི་གནས			level reached  (T)
ཕྱིན་པར་འགྱུར			reached; went
ཕྱིན་པར་བྱེད་པ			reached; attained
ཕྱིན་པར་མི་ནུས			could not traverse
ཕྱིར			because; again; back; outside; because of; on account of; in order to(S); in order that(S)
ཕྱིར་འོང			Once Returner
ཕྱིར་འོང་འབྲས་གནས་པ			Abider in the Fruit of Once-Returner
ཕྱིར་འོང་བ			Once Returner
ཕྱིར་འོང་ཞུགས་པ			Approacher to Once-Returner
ཕྱིར་བཅོས			fix up; repair
ཕྱིར་དུ			in order to; for the sake of
ཕྱིར་ལོགས་སུ			after
ཕྱིར་ལྟས			distraction outside
ཕྱིར་མི་འོང			Never Returner; Nonreturner
ཕྱིར་མི་འོང་འབྲས་གནས་པ			Abider in the Fruit of a Never-Returner
ཕྱིར་མི་འོང་བ			never returner
ཕྱིར་མི་འོང་ཞུགས་པ			Approacher to Never-Returner
ཕྱིར་མི་ལྡོག་པ			return; reverse
ཕྱིར་མི་ལྡོག་པ			Non-Returner
ཕྱིར་མི་ལྡོག་པ་ཉིད་དུ			irreversibility
ཕྱིར་མི་ལྡོག་པ་ས་ཡི་ཆོས			phenomena/doctrines of the irreversible grounds
ཕྱིར་མི་ལྡོག་པའི་འཁོར་ལོའི་མདོ			Irreversible Wheel Sūtra (P906, vol. 36)
ཕྱིར་མི་ལྡོག་པའི་དགེ་འདུན			irreversible community member
ཕྱིར་མི་ལྡོག་པའི་ས			irreversible ground(s)
ཕྱིར་མི་ལྡོག་པའི་ས་ལ་གནས་པ			abiding in the irreversible grounds
ཕྱིར་མི་ལྡོག་པའི་ས་ལ་ལུང་བསྟན་པ་འཐོབ་པ་ཡང་དག་པར་འགྲུབ་པ			correctly achieving the attainment indicated in the scripture on the irreversible grounds ??  (T)
ཕྱིར་མི་ལྡོགས་པའི་ས			irreversible ground(s)
ཕྱིར་ཕྱོགས			turn away from; turn one's back on
ཕྱིར་ཕྱོགས་པ			turn away
ཕྱིར་ཕྱོགས་པར་འགྱུར			turn(ed) away from; turn one's back on(S 55.3)
ཕྱིར་ཕྱོགས་པར་བྱེད			turn away from; turn one's back on
ཕྱིར་རྒོལ་པ			opponent
ཕྱིར་ཞིང			further
ཕྱིར་ཞིང་འབྱུང་བ			further arising(S 29)
ཕྱིར་ཟློག			turn away from
ཕྱིས			(1) after; (2) wipe; wipe away; erase
ཕྱོགས			class; direction; classed; position; subject; party; portion; bias; quarter; side; faction
ཕྱོགས་འཛིན་པའི་དབུ་མ་པ			partisan Mādhyamikas
ཕྱོགས་བཅུ་པའི་སངས་རྒྱས་རྣམས			the Buddhas of the ten directions
ཕྱོགས་བཅུའི			of the ten directions
ཕྱོགས་བཅུར			in the ten directions; the ten directions; all directions
ཕྱོགས་བཞི			four directions
ཕྱོགས་ཆ			directional parts
ཕྱོགས་ཆོས			property of the subject; subject-quality; presence of the sign in the subject
ཕྱོགས་ཆོས་ཀྱི་ལྟོས་གཞི			the basis of relation of the property of the subject(LSR 2b)
ཕྱོགས་དེ་སོང			gone in that direction  (T)
ཕྱོགས་གཅིག			one portion
ཕྱོགས་གཅིག་རྣམས			some (types)(BR)
ཕྱོགས་གླང			Dignāga
ཕྱོགས་གནས			abiding in a position
ཕྱོགས་གསུམ་པ་མེད་པ			a third position does not exist  (T)
ཕྱོགས་ཀྱི་གླང་པོ			Dignāga
ཕྱོགས་ཀྱི་གོས་ཅན			Digambara(N) (lit.: "sky-clad")
ཕྱོགས་མེད			[bias-not-exist]; directionless; without bias; without partisanship
ཕྱོགས་མེད་པ			[bias-not-exist]; directionless; without bias; without partisanship
ཕྱོགས་མཚམས			intermediate direction; directions and intermediate directions
ཕྱོགས་ན་གནས་པ			abiding in a position
ཕྱོགས་པ			turning
ཕྱོགས་རེའི་གཉེན་པོ			partial antidote
ཕྱོགས་སྔ་མ			opponent(BJ 11.1)
ཕྱོགས་སྔའི་སྐབས་སུ			on the occasion of [setting forth the position of] the opponent(BJ 44.5)
ཕྱོགས་ཙམ			mere direction; mere position; mere portion
ཕྱུ་པ			robe
ཕྱུག་པ			opulent, wealthy, rich  (T)
ཕྱུག་པོ་དང་བདག་པོ			lord and owner  (T)
ཕྱུགས			cow
ཕྱུགས་གཤོད			killing cows
ཕྱུང			cast out; throw away; banish; root out; disbelieve(BJ 9.1)
ཕྱུང་བ			cast out; throw away; banish; root out; disbelieve
ཕྱུང་གྱུར			cast out; throw away; banish; root out; disbelieve
ཕྱུངས			cast out; throw away; banish; root out; disbelieve
པི་བང			an Indian lute with seven strings
པི་ཝང			an Indian lute with seven strings
པོ་ལི			ball
པོ་ཏི			volume; book
པོད			volume; book
པུ་གུ			child; children
པུ་ལི			ball(D1)
པུ་ལི་སི			police
པུ་ཏི			book
པུར་རྒྱལ			kingdom of the dead [an epithet of Tibet]
ར			goat
ར			[accusative; dative and locative particle] to; as; -ly; in; at
ར་མཉེ			a large leaf called "ra-nay"
ར་རྒོད			wild goat
རབ			best; highest; as an intensifier: very
རབ་འབྲིང་ཐ			high, middling, low
རབ་འབྱམས			billions; a very high number; countless; manifold
རབ་འབྱོར			Subhūti [p.n. of Buddha's personal attendent and one of his main disciples]
རབ་འདས་ནས			having (thoroughly) passed beyond; having (thoroughly) gone beyond
རབ་འདུལ			(thoroughly) disciplined; (thoroughly) discipline; (thoroughly) tame
རབ་འཛིན			(thoroughly) apprehend; (thoroughly) grasp; (thoroughly) conceive
རབ་འཇུག			engage in; enter
རབ་འཕྲུལ་དགའ			Land of Liking Emanation
རབ་བཅིངས་པ་འཆིང་བས			bound by strong bonds
རབ་བཀང་བ			thoroughly fill
རབ་བརྩོན			(thoroughly) suitable; (thoroughly) endeavor; (thoroughly) strive; exertion
རབ་བསགས			(thoroughly) accumulate; composite
རབ་བསྡམས			(thoroughly) restrained; (thoroughly) bound
རབ་བསྐྱེད			produce; produced
རབ་བྱེད			chapter
རབ་དག			(thoroughly) pure; very pure; (thoroughly) purified
རབ་དང			(thoroughly) pure; very pure; (thoroughly) purified
རབ་དང་བའི་ཤུགས			very pure force; very pure power; implicitly thoroughly pure
རབ་དང་སེམས་དང་ལྡན་པ			having (thoroughly) pure mind; having very pure mind; having (thoroughly) purified mind
རབ་དབྱེ			(thoroughly) divide; (thoroughly) differentiate
རབ་དབྱེ་མེད་ཉིད			without divisions
རབ་དགའ			very joyful
རབ་དགའི་ཡིད			very joyful mind
རབ་དཀའ			[very-white]; very white; pure white
རབ་དམར			very red
རབ་གང			very full
རབ་གནས			abide; thoroughly abide; highest abode; consecration
རབ་གནོད་པར་འགྱུར			(thoroughly) harm; (thoroughly) damage
རབ་གྲགས			very renowned
རབ་གུས			highest respect; very respectful
རབ་གཟུང			thoroughly apprehend/grasp
རབ་མཆོག			highest; utmost; supreme
རབ་མཁས་པ			very wise; very skilled
རབ་མཐའི་བསམ་གཏན			final concentration
རབ་རྫོགས			completion; thoroughly complete/perfect/fulfill/terminate
རབ་རྫོགས་པ			thoroughly complete/perfect/fulfill/terminate
རབ་རྒྱས			very extensive; very wide; very full
རབ་རིབ			dim-sightedness; eye disease
རབ་རིབ་ཅན			one with an eye disease
རབ་སྡུག			very dear; very kind; very beloved
རབ་ཤེས			(thoroughly) cognize; (thoroughly) know; highest consciousness
རབ་ཤེས་ན			when (thoroughly) cognizing; if one (thoroughly) knows
རབ་སྨིན			(thoroughly) ripen; (thoroughly) mature
རབ་སྨིན་པར་བྱེད་པ			(thoroughly) ripen; (thoroughly) mature
རབ་སྟོན			(thoroughly) teach; (thoroughly) indicate
རབ་ཏུ			highest; best; as an intensifier: very; intensively
རབ་ཏུ་འབབ་པ			thoroughly descend/rain/flow/fall down/move downward/slope toward
རབ་ཏུ་འབབ་པར་འགྱུར་རོ			thoroughly descend/rain/flow/fall down/move downward/slope toward
རབ་ཏུ་འབར་བ			strongly burn; blaze up; strongly burning
རབ་ཏུ་འབྱེད་དོ			(thoroughly) separate; (thoroughly) differentiate; (thoroughly) open
རབ་ཏུ་འབྱེད་པ			(thoroughly) separate; (thoroughly) differentiate; (thoroughly) open
རབ་ཏུ་འབྱེད་པར་བགྱིད			(thoroughly) separate; (thoroughly) differentiate; (thoroughly) open
རབ་ཏུ་འབྱིན་པར་བྱེད			(strongly) issue forth; take out; remove; root out
རབ་ཏུ་འབྱུང			(strongly) arise; thoroughly arise; come forth; (strongly) emerge; appear
རབ་ཏུ་འབྱུང་བ			to become a monk; (strongly) arise; thoroughly arise; come forth; (strongly) emerge; appear
རབ་ཏུ་འབྱུང་བའི་ཕྱིར་མངོན་པར་འབྱུང			manifestly emerge [from the home] in order to become a monk
རབ་ཏུ་འབྱུང་བར་འགྱུར་རོ			to become a monk; (strongly) arise; thoroughly arise; come forth; (strongly) emerge; appear
རབ་ཏུ་འདྲེན་པ			strongly induce/lead/draw/connect; cite; leader
རབ་ཏུ་འཛིན			(strongly) apprehend; (strongly) grasp; (thoroughly) conceive
རབ་ཏུ་འཛིན་པ			(strongly) apprehend; (strongly) grasp; (thoroughly) conceive
རབ་ཏུ་འཛིན་པར་འགྱུར་བ			(strongly) apprehend; (strongly) grasp; (thoroughly) conceive
རབ་ཏུ་འགོད་པ			strongly/intensely/thoroughly set/state/establish/arrange/register/make a record/place [on throne]/put [a signature]/array; affix
རབ་ཏུ་འགོད་པ་བྱེད་པ			strongly/intensely/thoroughly set/state/establish/arrange/register/make a record/place [on throne]/put [a signature]/array; affix; cause to set, etc.
རབ་ཏུ་འཇིག་པ			disintegrate; destroy
རབ་ཏུ་འཇོག			(strongly) posit; (strongly) establish; deposit
རབ་ཏུ་འཇོག་པར་བྱེད			(strongly) posit; (strongly) establish; deposit
རབ་ཏུ་འཇུག			(strongly) engage; enter
རབ་ཏུ་འཐོབ			thoroughly obtain; attain; achieve
རབ་ཏུ་འཐོབ་པ			thoroughly obtain; attain; achieve
རབ་ཏུ་བཅོམ་གྱུར			thoroughly/completely destroy/overcome/triumph over
རབ་ཏུ་བདེ་བར་གནས			abide in highest bliss
རབ་ཏུ་བརྗོད			(strongly) express; (strongly) state
རབ་ཏུ་བརྩོན			(strongly) endeavor; make effort; strive; exert oneself
རབ་ཏུ་བརྩོན་པ			(strongly) endeavor; make effort; strive; exert oneself
རབ་ཏུ་བཤད			(thoroughly) explain; (thorough) exposition/explanation; (thoroughly) set forth; (thoroughly) explicate
རབ་ཏུ་བཤད་པ			(thoroughly) explain; (thorough) exposition/explanation; (thoroughly) set forth; (thoroughly) explicate
རབ་ཏུ་བསྐོར་པ			completly encircle/surround/revolve/circumambulate/turn round/turn [a wheel]
རབ་ཏུ་བསྔགས			(strongly) praise
རབ་ཏུ་བསྟན་པ			teach; (strongly) indicate
རབ་ཏུ་བསྟེན་བྱ			should strongly/intensely rely upon/make use of/stay close to/adhere to; that which is stronly/intensely relied upon/made use of/stayed close to/adhered to
རབ་ཏུ་བསྟེན་བྱེད			strongly/intensely rely/relying upon/make use of/stay close to/adhere to
རབ་ཏུ་བསྟེན་པ			strongly/intensely rely upon/make use of/stay close to/adhere to
རབ་ཏུ་བྱམས་པར་གྱུར་པ			very loving; highest love
རབ་ཏུ་བྱེད			(thoroughly) do; (thoroughly) perform
རབ་ཏུ་བྱེད་པ			(thoroughly) do; (thoroughly) perform
རབ་ཏུ་བྱུང་བ			to become a monk; person who has gone forth [from the home life]
རབ་ཏུ་བཞག་པ			(thoroughly) posit; (thoroughly) establish; designate; posited
རབ་ཏུ་བཟོད			thoroughly patient/forbearant/enduring/tolerant
རབ་ཏུ་བཟུང་བ			(thoroughly) apprehend; (thoroughly) grasp; (thoroughly) hold; (strongly) conceive
རབ་ཏུ་ཆོམས་པ་གྱུར་པ			destroy; uproot; extirpate
རབ་ཏུ་དད་པར་བྱུང་བ			arise as pure
རབ་ཏུ་དང་བ			very pure
རབ་ཏུ་དང་བ་དང་ལྡན་པའི་སེམས			very pure mind; mind endowed with highest purity
རབ་ཏུ་དང་བའི་ཡིད			very pure mind
རབ་ཏུ་དབེན་པ			thorough isolation; thoroughly isolate
རབ་ཏུ་དབེན་པའི་ཡིད་བྱེད			mental contemplation of thorough isolation
རབ་ཏུ་དབྱེ་བ			thoroughly distinguish(ed); thoroughly differentiates
རབ་ཏུ་དགའ་བ			very joyful; Very Joyful (first bodhisattva ground)
རབ་ཏུ་དགའ་བ་བྱེད			rejoice; strongly rejoice
རབ་ཏུ་དགའ་བ་སྐྱེ་བ			produce great joy; very joyous
རབ་ཏུ་དགའ་བ་སྐྱེ་བར་འགྱུར་རོ			produce great joy; (become) very joyous
རབ་ཏུ་དགའ་བར་བྱེད་པ			rejoice; strongly rejoice
རབ་ཏུ་དགའ་ཞིང་སྤྲོ་བ			very joyful and spread out
རབ་ཏུ་དུལ་བ			very disciplined
རབ་ཏུ་དྭང་བ་ཡིད་ལ་བྱེད་པ			thoroughly clear mental contemplation
རབ་ཏུ་གང་བ			very full
རབ་ཏུ་གདོན་པར་བྱ			cause to come out; (strongly) expel; recite; take out
རབ་ཏུ་གནས་པ			thoroughly abide; highest abode; p.n. of a nāga king; consecration
རབ་ཏུ་གྲགས་པ			very renowned
རབ་ཏུ་གྲུབ་པ			strongly established; very established
རབ་ཏུ་གཞོག་པར་བྱེད་པ			(thoroughly) posit; (thoroughly) establish; designate
རབ་ཏུ་ལྡན་པ			possessing; having; associated (with)
རབ་ཏུ་ལྷུང			fall down; fall into
རབ་ཏུ་མ་རྫོགས			not very complete/perfect
རབ་ཏུ་མང་པོ			very many
རབ་ཏུ་མཆོག			highest; very highest; excellent; supreme
རབ་ཏུ་མི་དགའ			not (thoroughly) happy
རབ་ཏུ་མི་གནས་པར་སྨྲ་བ			Proponent of Thorough Non-Abiding(N)
རབ་ཏུ་མི་ཤེས			not (thoroughly) know/cognize
རབ་ཏུ་མཁྱེན་པ			thoroughly knows; highest exalted knower
རབ་ཏུ་མཐོང			see; perceive
རབ་ཏུ་ཉམས་པ			very degenerated; very spoiled; very defiled; very corrupted
རབ་ཏུ་ཉམས་པ་འགྱུར་བ			very degenerated; very spoiled; very defiled; very corrupted
རབ་ཏུ་ཕྱག་འཚལ			pay thorough obeisance
རབ་ཏུ་ཕྱེ			thoroughly distinguish(ed); thoroughly differentiates
རབ་ཏུ་ཕྱེ་བ་ཡིན་ནོ			thoroughly distinguish(ed); thoroughly differentiates
༅རབ་ཏུ་ཕྱེ་བ༏་རབ་ཏུ་བཞག་པ			distinguished; posit; posited; thoroughly distinguish; thoroughly differentiates
རབ་ཏུ་རང			very suitable(LG 30.5)
རབ་ཏུ་རྒྱས་པའི་དམིགས་པ			very extensive object of observation
རབ་ཏུ་རིག་པ			(thoroughly) know; (thoroughly) aware
རབ་ཏུ་རིག་པར་བྱེད་པ			(thoroughly) know; (thoroughly) aware
རབ་ཏུ་རྣམ་པར་འབྱེད་པ			thoroughly differentiate; thorough differentiation; thoroughly separate; thoroughly open
རབ་ཏུ་རྣམ་པར་འབྱེད་པར་བྱེད			thoroughly differentiate; thorough differentiation; thoroughly separate; thoroughly open
རབ་ཏུ་རྣམ་པར་འཇིག་པ			thoroughly disintegrate; thoroughly destroy
རབ་ཏུ་རྣམ་པར་དབྱེ་པ			thoroughly differentiate; thoroughly divide; thoroughly open
རབ་ཏུ་རྣམ་པར་རིག་པར་བྱ་བ་མ་ཡིན			not an object of knowledge
རབ་ཏུ་རྣམ་པར་སྤྱད་པར་བྱའོ			one should thoroughly practice
རབ་ཏུ་རྟོག་པ			(strongly) think; (strongly) conceptualize
རབ་ཏུ་རྟོགས			(strongly) realize; cognize
རབ་ཏུ་རྟོགས་ནས			having (strongly) realized; having cognized
རབ་ཏུ་རྟོགས་པ			(strongly) realize; cognize
རབ་ཏུ་སྦྱར			(thoroughly) join; (thoroughly) connect; affix; associate; (thoroughly) prepare
རབ་ཏུ་སྦྱར་བ			(thoroughly) join; (thoroughly) connect; affix; associate; (thoroughly) prepare
རབ་ཏུ་སྦྱིན			intense giving; give; bestow; highest gift; highest offering
རབ་ཏུ་སྦྱོར་བ			thoroughly endeavor/join/connect/apply/prepare/establish/exert
རབ་ཏུ་སྒོམ་བྱེད			(strongly) cultivate; (strongly) practice meditation
རབ་ཏུ་སྒྲུབ་པར་བྱེད			(strongly) establish; (strongly) established
རབ་ཏུ་ཤེས			(thoroughly) know; (thoroughly) cognize; highest consciousness
རབ་ཏུ་ཤེས་པ			(thoroughly) know; (thoroughly) cognize; highest consciousness
རབ་ཏུ་སྐྱེ			strong production; production; strongly produce; produce
རབ་ཏུ་སྐྱེ་བ			strong production; production; strongly produce; produce
རབ་ཏུ་སྨིན་པ			(thoroughly) ripen; (thoroughly) mature
རབ་ཏུ་སྨྲ			(strongly) propound; proponent
རབ་ཏུ་སྣང་བའི་རྣམ་པ་བསྒོམ་པ			meditation on an aspect of intense illumination
རབ་ཏུ་སྣང་བར་འགྱུར			appear; perceive
རབ་ཏུ་སྤོང			thoroughly abandon
རབ་ཏུ་སྤྱོད			(thoroughly) enjoy; (thoroughly) make use of; (thoroughly) practice; act out; perform
རབ་ཏུ་སྲེག་བྱེད			(thoroughly) burn; (thoroughly) roast
རབ་ཏུ་སྟོན			teach; (strongly) indicate
རབ་ཏུ་སྟོན་པ			teach; (strongly) indicate
རབ་ཏུ་སྟོན་པར་བྱེད			teach; (strongly) indicate
རབ་ཏུ་ཐོབ་པ			thoroughly obtain; attain; achieve
རབ་ཏུ་ཐོབ་པ་དམ་པ			excellent attainment  (T)
རབ་ཏུ་ཞི་བ			(thoroughly) pacified; (thorough) pacification; very calm
རབ་ཏུ་ཞི་བར་འགྱུར་རོ			(thoroughly) pacify
རབ་ཏུ་ཞི་བར་བྱ་བ			object of (thorough) pacification
རབ་ཏུ་ཞི་བར་བྱ་བ་ཡིན			is an object of (thorough) pacification
རབ་ཏུ་ཞི་བར་བྱེད			(thoroughly) pacify
རབ་ཏུ་ཞི་བར་བྱེད་པ			(thoroughly) pacify
རབ་ཏུ་ཞུགས་པ			(thoroughly) engage in; (thoroughly) enter
རབ་ཏུ་ཞུགས་པར་གྱུར			(thoroughly) engage in; (thoroughly) enter
རབ་ཏུ་ཟིན			(thoroughly) apprehend; (thoroughly) grasp; done with; (thoroughly) conjoined with; affected by
རབ་ཡངས་པ			very extensive; very wide
རབ་ཞི			(thoroughly) pacify; (thoroughly) pacified; (thorough) pacification
རབ་ཞི་བ			(thoroughly) pacify; (thoroughly) pacified; (thorough) pacification
རབས			race; lineage; generation
རག་ལས			to depend; depend upon(BJ 8.3)
རག་ལས་པ			to depend; depend upon
རག་མ་ལས་པ			nonreliance; noncontingency
རགས་པ			coarse; gross; thick
རགས་པ་དང་ནི་ཕྲ་བ			coarse and subtle
རགས་པ་དྲན་པ་གཅིག་པའི་རྣལ་འབྱོར			yoga of singlemindedness of the coarse
རགས་པ་རྣམས			coarse; gross; thick; gross objects(N)
རགས་པའི་དེ་ཁོ་ན			coarse suchness
རགས་པའི་མི་རྟག་པ			coarse impermanence
རགས་པའི་ཤིན་སྦྱངས			coarse pliancy
རགས་པར་སྣང་བ			grossness
རལ་བ			lost
རལ་གྲི			sword; dagger; sword(s)
རལ་པའི་ཚོགས			[hair-of-collection]; mane; mass of hair
རམ			and; or; particle indicating question
རན་དང་བར་མཛད་པ			(thoroughly) purify; very pure; (thoroughly) purified
རན་པ			right time; appropriate
རང			own; itself; himself; herself
རང་འབྲས			own effect
རང་འབྱུང			self-arisen
རང་འབྱུང་གྱི་ཤེས་པ			self-arisen consciousness
རང་འདྲེན་བྱེད་ཀྱི			which induces it
རང་འཛིན་མེད			no conception of self
རང་འཛིན་རྟོག་པ			conceptual consciousness apprehending it
རང་འཛིན་རྟོག་པའི་ཞེན་གཞི་ཡིན་པ			being the referent of a conceptual consciousness apprehending it
རང་འཛིན་རྟོག་པའི་ཞེན་གཞིར་རང་གི་མཚན་ཉིད་ཀྱིས་གྲུབ་པ			establishment by way of its own character as the referent of a conceptual consciousness apprehending it
རང་འཛིན་རྟོག་པའི་ཞེན་གཞིར་རང་གི་མཚན་ཉིད་ཀྱིས་གྲུབ་པ་སྒྲོ་བཏགས་པའམ་སྣང་བ			superimposed factor or appearance of an object as established by way of its own character as the referent of a conceptual consciousness
རང་འཛིན་རྟོག་པའི་ཞེན་གཞིར་རང་གི་མཚན་ཉིད་ཀྱིས་གྲུབ་པར་སྒྲོ་བཏགས་པ་ལྟར་དུ་གྲུབ་པ			establishment in accordance with the superimposed factor of being established by way of its own character as the referent of a conceptual consciousness
རང་འཛིན་རྟོག་པའི་ཞེན་གཞིར་རང་གི་མཚན་ཉིད་ཀྱིས་མ་གྲུབ་པ			non-establishment by way of its own character as a referent of a conceptual consciousness apprehending it
རང་འཛིན་རྟོག་པས			by the thought-consciousness apprehending it
རང་འཛིན་རྟོག་པས་བཞག་པ			posited by a conceptual consciousness apprehending it
རང་བདེ་མི་འདོད་པ			desire one's own happiness; (T) not desiring one's own happiness
རང་བློ་མ་འཁྲུལ་པ			non-mistaken self-awareness; one's own non-mistaken awareness ?? (T)
རང་བྱང་ཆུབ་དང་བླ་ན་མེད་པའི་བྱང་ཆུབ			self-enlightenment and unsurpassed enlightenment
རང་བྱུང			self-arisen
རང་བྱུང་བ			self arisen
རང་བྱུང་གི་ཆོས			self-arisen phenomena
རང་བྱུང་གི་ཡེ་ཤེས་རང་བཞིན་གྱིས་འོད་གསལ་བ			naturally luminous self-arisen pristine wisdom
རང་བྱུང་སྙིང་པོ			self-arisen matrix
རང་བྱུང་ཡེ་ཤེས			self-arisen pristine wisdom
རང་བཞིན			naturally; nature; inherent existence; natural
རང་བཞིན་འོད་གསལ			naturally luminous; natural luminescence
རང་བཞིན་འོད་གསལ་བའི་སེམས			natural mind of clear light
རང་བཞིན་བབ་ཀྱི་ཆོས་ཉིད			naturally flowing noumenon
རང་བཞིན་བརྒྱད་ཅུའི་ཀུན་རྟོག			eighty indicative conceptions
རང་བཞིན་བསྟན་པ			naturally stable
རང་བཞིན་ཅན			inherently; naturally; having inherent existence
རང་བཞིན་དང་འགལ་བའི་འབྲས་བུ			effect contradictory with the nature
རང་བཞིན་དྲི་མེད			naturally stainless
རང་བཞིན་དུ་གནས་པ			naturally abide
རང་བཞིན་གཅིག་པ			one nature; same nature
རང་བཞིན་གནས་རིགས			naturally abiding lineage; natural lineage
རང་བཞིན་གསུམ			three natures
རང་བཞིན་གྱི་འོད			natural light
རང་བཞིན་གྱི་དབང་པོ་རྣོ་བ་ཉིད			naturally sharp faculties
རང་བཞིན་གྱི་དཁྱིལ་འཁོར			natural maṇḍala
རང་བཞིན་གྱི་དོན			inherently existent object/meaning
རང་བཞིན་གྱི་དྲི་མ			natural defilements
རང་བཞིན་གྱི་མདོག			natural color
རང་བཞིན་གྱི་རྒྱན			natural ornament
རང་བཞིན་གྱི་རིགས			natural lineage
རང་བཞིན་གྱི་རྣམ་པར་དག་པ			natural purity
རང་བཞིན་གྱི་རྟགས			nature sign
རང་བཞིན་གྱི་རྟོག་པ་བརྒྱད་བཅུ			indicative conceptions
རང་བཞིན་གྱི་རྟོག་པ་བརྒྱད་བཅུ			indicative conceptions
རང་བཞིན་གྱི་རྟོག་པ་བརྒྱད་བཅུ			eighty indicative conceptions
རང་བཞིན་གྱི་སྐུ			nature body; inherently existent body
རང་བཞིན་གྱི་ཚུལ་ཁྲིམས			natural ethics
རང་བཞིན་གྱི་ཡན་ལག			limbs of inherent existence
རང་བཞིན་གྱིས			inherently
རང་བཞིན་གྱིས་འོད་གསལ་ལ			naturally luminous
རང་བཞིན་གྱིས་གྲུབ་པ			inherently established; inherent establishment; established inherently; established by way of its own nature
རང་བཞིན་གྱིས་གྲུབ་པར་འཛིན་པ			conception of inherent existence
རང་བཞིན་གྱིས་གྲུབ་པར་སྣང་བ			appearance of inherent existence
༅རང་བཞིན་གྱིས་གྲུབ་པས་སྟོང་པའི་སྟོང་པ་ཉིད༏་རང་བཞིན་སྟོང་པ་ཉིད			emptiness of inherent existence
རང་བཞིན་གྱིས་ཀུན་ནས་ཉོན་མོངས་པ་ཅན་མ་ཡིན་པ			is not inherently afflicted
རང་བཞིན་གྱིས་ཀུན་ནས་ཉོན་མོངས་པ་མེད			not inherently afflicted
རང་བཞིན་གྱིས་མ་སྐྱེས་པ			non-production by way of its own nature; not produced by way of its own nature
རང་བཞིན་གྱིས་མེད་པ			absence of inherent existence; no inherent existence(N); not existent by nature
རང་བཞིན་གྱིས་མྱ་ངན་ལས་འདས་པ			naturally passed beyond sorrow(BJ 23.3)
རང་བཞིན་གྱིས་རྣམ་པར་དག་པ			inherently pure
རང་བཞིན་གྱིས་སྐྱེ་བ			inherent production
རང་བཞིན་གྱིས་སྟོང			emptiness of inherent existence; empty by way of its own nature; inherently empty
རང་བཞིན་གྱིས་སྟོང་པ			absence of inherent existence
རང་བཞིན་གྱིས་སྟོང་པ་ཉིད			natural emptiness; emptiness of inherent existence; empty by way of its own nature; inherently empty
རང་བཞིན་གྱིས་ཡོད་པ			inherently existent
རང་བཞིན་གྱིས་ཡོན་ཏན་དང་ལྡན་པ			inherently possessing (good) qualities
རང་བཞིན་གྱིས་ཡོངས་སུ་མྱ་ངན་ལས་འདས་པ			naturally thoroughly passed beyond sorrow
རང་བཞིན་ཁོ་ནས་ཡོད་པ་ཉིད			existence by way of just nature
རང་བཞིན་ཁྱད་པར་གསུམ			three attributes of nature/inherent nature
རང་བཞིན་མ་དམིགས་པ			nonobservation of a nature
རང་བཞིན་མེད			non-inherent existence; absence/lack of inherent existence
རང་བཞིན་མེད་པ			without inherent nature; without inherent existence; absence of inherent existence; non-inherent existence; absence/lack of inherent existence; absence of nature; without an inherent nature
རང་བཞིན་མཐར་ཐུག			final nature(N)
རང་བཞིན་མྱ་ངན་འདས			naturally passed beyond sorrow; natural nirvāṇa
རང་བཞིན་མྱང་འདས			naturally passed beyond sorrow; natural nirvāṇa; natural nirvana
རང་བཞིན་རྣམ་དག་གི་ཆ			factor of natural purity
རང་བཞིན་སྐུ			nature body
རང་བཞིན་སྙིང་བརྩེ			natural compassion; naturally compassionate
རང་བཞིན་སྟོང་པ་ཉིད			emptiness of inherent existence; empty of inherent existence; naturally empty
རང་བཞིན་ཡན་ལག			limbs of inherent existence
རང་བཞིན་ཡེ་མེད			utterly without an inherent nature
རང་བཞིན་ཡིན་པ			is inherently existent; is naturally; is inherently
རང་བཞིན་ཡོན་ཏན་ལྡན			naturally possessing (good) qualities
༅རང་བཞིན༏་ངོ་བོ་ཉིད			nature; inherent existence; inherent nature; own-being; exist inherently; fundamental nature
༅རང་བཞིན། ངོ་བོ་ཉིད			nature; inherent existence; inherent nature
རང་ཅག			[self-s]; we
རང་ཆས			integral; integrally(LG); intrinsically
རང་ཆས་སུ			integrally; on their own part; intrinsically
རང་དང་གཞན			self and others; oneself and others
རང་དང་གཞན་གྱི་དོན			one's own and others' purposes
རང་དང་གཞན་གྱི་དོན་དུ་རབ་ཏུ་སྒྲུབ་པར་བྱེད་པ			establish one's own and others' purposes
རང་དང་གཞན་གྱི་དོན་གྱི་སྐབས་ཡིན་པ			it is the occassion of one's own and others' welfare; being the occassion of one's own and others' welfare  (T)
རང་དང་གཞན་གྱི་དོན་ལ་རབ་ཏུ་སྦྱོར་བ			endeavor at one's own and others' purposes
རང་དང་གཞན་གྱི་དོན་མངོན་པར་སྒྲུབ་པ			manifestly establish one's own and others' purposes
རང་དང་གཞན་གྱི་དོན་སྒྲུབ་པ			establish one's own and others' purposes
རང་དང་གཞན་གྱི་སེམས་རྗེས་སུ་བསྲུང་བ			protect/guard/safeguard one's own and others' minds
རང་དང་གཞན་ལ་ཕན་པ			benefit oneself and others (T)
རང་དང་གཞན་ལ་སེམས་མཉམ་པར་འཇོག་པ			setting in mental equipoise with regard to self and others  (T)
རང་དང་གཞན་རྗེས་སུ་འཛིན་པ			apprehend oneself and others
རང་དབང			[own-power]; independent; under one's own power
རང་དབང་ཅན			self powered; independent
རང་དབང་དུ			under one's own power; as self-powered [entities]; independently(BJ 16.4); by their/its own power(BJ 24.3); self-powered
རང་དབང་དུ་འབྱུང་བའི་ཕྱིར			due to arising through its own power
རང་དབང་དུ་འཛིན་པ			apprehend through its own power; apprehend independently
རང་དབང་དུ་གྲུབ་པ			establishment through its own power; existence through its own power
རང་དབང་དུ་རང་བཞིན་གྱིས་སྐྱེ			autonomously inherently produced
རང་དབང་དུ་སྐྱེ་བ			self-powered production(BJ 31.4)
རང་དབང་གིས་སྐྱེ			autonomously produced
རང་དབང་གིས་སྐྱེ་བ			autonomous production; production through their own power; production under its own power; produced through their own power
རང་དབང་གིས་སྐྱེ་བ			autonomous production; autonomously produced; production through their own power
རང་དབང་མེད་པ			non-independent; non-self-powered
རང་དབང་པ			own power; independence; independent
རང་དགའ་བ			ordinary
རང་དོན			one's own welfare; one's own purpose/object/welfare
རང་དོན་གྱི་ཡོན་ཏན			qualities for one’s own welfare
རང་དོན་རྗེས་དཔག			inference for oneself
རང་གཅེས་འཛིན			self-cherishing
རང་གཅེས་འཛིན་ཉོན་མོངས་ཅན			afflicted self-cherishing
རང་གི			own; one's own; own-
རང་གི་འབྲས་བུ			own effect; its own effect
རང་གི་འཇུག་ཡུལ			its object of engagement
རང་གི་བདག་ཉིད			own essence; own nature
རང་གི་བདག་ཉིད་དུ་མེད་པ			does not exist as one's own essence
རང་གི་བདག་ཉིད་ལས་སྐྱེ་བ			produced from their own essence
རང་གི་བདེར་མ་ཆགས			not attached to one's own happiness
རང་གི་བསྟན་དོན་ལ་སླུ་བ			deceptive with respect to the meaning that it teaches
རང་གི་བྱ་བ			one's own activities  (T)
རང་གི་ཆ་ཤས་དུ་མ་འདུས་པའི་གཟུགས་རགས་པ			a coarse form that is a conglomeration of its many parts  (T)
རང་གི་དབྱིངས			own realm
རང་གི་དགག་བྱ			its object of negation
རང་གི་དགག་བྱ་ཤེས་བྱ་ལ་མི་སྲིད་པའི་མེད་དགག			non-affirming negative whose object of negation is not possible among object of knowledge
རང་གི་དགག་བྱ་ཤེས་བྱ་ལ་སྲིད་པའི་མེད་དགག			non-affirming negative whose object of negation is possible among object of knowledge
རང་གི་དངོས་མིང			its own actual name
རང་གི་དངོས་པོ			own factuality
རང་གི་དངོས་པོ་སྟོང་པ་ཉིད			self-entity emptiness (emptiness of its own entity)
རང་གི་དངོས་པོའི་གནས་ཚུལ་གྱི་ངོས་ནས			from the side of the mode of subsistence of its own factuality
རང་གི་དོན			own meaning; own object; one's own purpose
རང་གི་དོན་དང་གཞན་གྱི་དོན་སྒྲུབ་པ			establish one's own purpose and others' purposes
རང་གི་དོན་དང་ལྡན་པ			having one's own purpose/object/welfare
རང་གི་དོན་གྱི་མཐར་ཐུག་པ			one's own final purpose/object/welfare
རང་གི་དོན་གྱི་རྟེན			basis of one's own welfare  (T)
རང་གི་དོན་གྱི་རྟེན་གྱི་ཆོས་བསྟན			teach doctrines that are the basis of one's own welfare  (T)
རང་གི་དོན་ཕུན་སུམ་ཚོགས			perfect one's own purpose; complete one's own purpose
རང་གི་དོན་རྗེས་སུ་ཐོབ་པ			obtain one's own purpose/object/welfare
རང་གི་དོན་སྦྱར་བ་ལ་རྗེས་སུ་བརྩོན་པར་བྱ			one should make effort toward application to one's own purpose
རང་གི་དོན་སྤྱོད			practice for one's own purpose; establish one's own purpose
རང་གི་གནས་ངན་ལེན			own assumption of bad states
རང་གི་གནས་ཚོད་ཀྱི་དབང་གིས་གྲུབ་པ			establishment through the force of the object’s own status; establishment through the force of the object’s measure of subsistence; establishment through the force of its own measure of subsistence
རང་གི་གནས་ཚོད་ཀྱི་དབང་གིས་མ་གྲུབ་པ			non-establishment by the force of its own measure of subsistence
རང་གི་གསལ་བ་ལ་རྗེས་སུ་འགྲོ་བའི་ཆོས			phenomenon that encompasses its own manifestations
རང་གི་ཁམས			one's own realm
རང་གི་ལྟ་བ			own view
རང་གི་ལུས			own body; one's own body
རང་གི་མངོན་པར་ཤེས་པ			its own clairvoyance
རང་གི་མངོན་པར་ཤེས་པས་རྟུལ་བ			progress by way of clairvoyance
རང་གི་མཚན་མ་ཡོངས་སུ་བརྟགས་པའི་སྒོ་ནས			from the point of view of thoroughly analyz­ing their own signs
རང་གི་མཚན་ཉིད་གྱིས			by way of its own character
རང་གི་མཚན་ཉིད་གྱིས་གནས་པ་མ་ཡིན			not subsisting by way of their own character; is not subsistent by way of its own character
རང་གི་མཚན་ཉིད་ཀྱི་ངོ་བོ་མེད་པ			lacking a self-characterized entity
རང་གི་མཚན་ཉིད་ཀྱིས་གྲུབ་པ			established by way of its own character; natural establishment; establishment by way of its own character; establishment [of phenomena] by way of their own character
རང་གི་མཚན་ཉིད་ཀྱིས་མ་གྲུབ་པ			not established by way of their own character
རང་གི་མཚན་ཉིད་ཀྱིས་མེད་པ			does not exist by way of its/their own character(BJ 23.2)
རང་གི་མཚན་ཉིད་ཀྱིས་མེད་པའི་ཕྱིར			because of not existing by way of its/their own character
རང་གི་མཚན་ཉིད་ཀྱིས་ནི་ཡོད			exist by way of its/their own character
རང་གི་མཚན་ཉིད་ཀྱིས་རྣམ་པར་གནས་པ			subsist by way of its own character(BJ 28.3)
རང་གི་མཚན་ཉིད་ཀྱིས་རྣམ་པར་གནས་པ་ནི་མ་ཡིན་པ			not subsist by way of their own character; not subsistent by way of its own character
རང་གི་མཚན་ཉིད་ཀྱིས་སྟོང་པ			empty by way of its/their own character; (T) empty of own character
རང་གི་མཚན་ཉིད་ཀྱིས་ཡོད་པ			existence by way of its own character(N); exist by way of its own character(BJ 28.3); existent by way of its own character
རང་གི་མཚན་ཉིད་ཡོད་པ་མ་ཡིན			its own-character [that is, unique character] does not exist
༅རང་གི་མཚན་ཉིད། རང་མཚན			specific character; specifically characterized phenomenon
རང་གི་ངང			own taste/character/nature
རང་གི་ངོ་བོ			intrinsic entity; own entity(N); its own entity; own-entity
རང་གི་ངོ་བོ་འཛིན་པ			bearing its own entity; that which holds its own entity
རང་གི་ངོ་བོ་ཀུན་རྫོབ་པ			conventional nature
རང་གི་ངོ་བོ་ཉིད་ཀྱིས་གྲུབ་པ			established by way of its own nature; established by way of its own entity
རང་གི་ངོ་བོ་ཉིད་ལས་སྐྱེ་བ			produced from their own natures
རང་གི་ངོ་བོས			by way of own-entity
རང་གི་ངོ་བོས་གྲུབ་པ			establishment by way of its own entity(N); establishment by way of own-entity
རང་གི་ངོ་བོས་གྲུབ་པའི་མཚན་ཉིད་དམ་རང་བཞིན			character or inherent nature in the sense of being established by way of their own nature
རང་གི་ངོ་བོས་ཡོད་པ			existence by way of its own entity(N)
རང་གི་ངོ་སྐལ་གྱི་སྤང་བྱ			its corresponding object of abandonment
རང་གི་ངོས་སྐལ་གྱི་སྤང་བྱ			the corresponding object of abandonment
རང་གི་ཉེར་ལེན			own substantial cause
རང་གི་ཉོན་མོངས་པ			own affliction
རང་གི་རྒྱུད			one's own continuum
རང་གི་རྒྱུད་དུ་གཏོགས་པའི་ལུས་ལ་སོགས་པ			body, etc., that are included in one's own continuum
རང་གི་རིགས			one's own kind; its type
རང་གི་རྟེན			its basis; own basis
རང་གི་རྟོགས་པ			own realization; own cognition
རང་གི་ས			own level; own ground
རང་གི་ས་བོན			own seed(s); own-seeds
རང་གི་སངས་རྒྱས་ཀྱི་ཆོས་ཡོངས་སུ་སྨིན་པ			ripen the qualities of one's own Buddhahood
རང་གི་སྡེ་པ			our own schools
རང་གི་སྡོད་ལུགས་གྱི་ངོས་ནས་གྲུབ་པ			existing by way of its own mode of subsistence
རང་གི་སེམས			own mind; one's own mind
རང་གི་སེམས་ཀྱང་བསྲུང་བ			protect/guard/safeguard also one's own mind
རང་གི་སེམས་ལ་དབང་བསྒྱུར་བ			have sovereignty over one's own mind; control one's own mind
རང་གི་སྐུ			one's own exalted body
རང་གི་སྲོག			one's life  (T)
རང་གི་སྟོབས་ཀྱི་མཐུས			its own power; own power
རང་གི་ཐེག་པ			own vehicle; its own vehicle
རང་གི་ཐུན་མོང་མ་ཡིན་པའི་བདག་རྐྱེན			its own uncommon empowering condition
རང་གི་ཡོན་ཏན			own qualities
རང་གི་ཡུལ			own object; its own object
རང་གི་ཡུལ་ནས་འདུ་བ			collect from its own objects
རང་གིས་ལྷ་སྒྲུབ་པ་ལ			in order for oneself to achieve the deity ...
རང་གིས་རང་རིག་པ			knowing itself by itself
རང་གིས་རྟོགས་པ			realize by oneself
རང་གིས་ཡོངས་སུ་བཟུང་བ			apprehend by oneself
རང་གྲགས་ཀྱི་རྟགས			self-approved sign; self-approved reason; self-renowned reason
རང་གྲགས་རྗེས་དཔག			self-approved inference; self-renowned inference
རང་གྲངས་རྗེས་དཔག			self-approved inference
རང་གྲོལ			self-release
རང་གསལ			self-luminous
རང་གཞན་དོན			one's own and others' purposes/welfare
རང་ཁོ་ནའི་དོན་དུ			for one's own sake
རང་ལ་ཕན་བྱས			one's benefit
རང་ལམ			natural path
རང་ལམ་གྱི་བྱ་བ			activities of his/her path
རང་ལས་ངེས་ཀྱི་ཚད་མ			a prime cognizer which induces ascertainment by itself
རང་ལས་རྒྱངས་ཆད་ཀྱི་དོན་གཞན			factually other, distant, and cut off from oneself
རང་ལས་སྐྱེ་བ			production from itself
རང་ལྡོག			self isolate; self-isolate
རང་ལྡོག་གཅིག་པ			one self isolate; same self-isolate
རང་ལྡོག་ཐ་དད			different self isolates
རང་ལྡོག་ཐ་དད་པ			different self-isolates
རང་ལུགས			own system(D1); our own system
རང་ལུགས་བཞག་པ			presentation of one's own system(D1); presentation of our own system
རང་མ་ཡིན་པའི་ལྡོག་ཆོས			isolate phenomenon that is not itself; isolate-phenomenon-that-is-not-itself
རང་མ་ཡིན་པའི་ལྡོག་ཆོས་ཀྱི་རྗེས་མཐུན			concordance with isolate phenomenon that is not itself; similitude-of-isolate-phenomenon-which-is-not-itself
རང་མདངས			self-effulgence
རང་མཚན			specifically characterized phenonenon; own-character; specifically characterized phenomenon
རང་མཚན་བཟུང་ཡུལ་དུ་བྱེད་པའི་རྟོག་མེད་མ་འཁྲུལ་བའི་ཤེས་པ			non-conceptual, non-mistaken consciousness that takes a specifically characterized phenomenon as its apprehended object
རང་མཚན་པ			fully qualified; regular
རང་མཚན་སྤྱི་མཚན་གྱི་རྣམ་བཞག			Presentation of Specifically and Generally Characterized Phenomena, by Den-dar-hla-ram-ba (bstan dar lha ram pa, 1759-?); in Collected gsung 'bum of Bstan dar Lha ram[s] of A-lag-sa; vol. 1: New Delhi: Lama Guru Deva, 1971
རང་ངོ་དག་པ			pure in its own essence; essentially pure
རང་ངོས་ནས་གྲུབ་པ			establishment from their own side
རང་ངོས་ནས་ཡོད་པ			existence in its own right; existence from its own side(N)
རང་ཉིད			oneself; just; itself
རང་ཉིད་དགག་པ་ཡིན་པ			something's being a negative
རང་ཉིད་གཅེས་འཛིན			cherishing of oneself
རང་ཉིད་གཟུང་བ་ཆོས་གཞན་བཟུང་བ་ལ་ལྟོས་དགོས་པའི་བཏགས་ཡོད			imputed existent whose apprehension must depend upon apprehension of another phenomenon(BJ 46.6)
རང་ཉིད་ཀུན་འགྲོའི་རྒྱུ			something's [being] an omnipresent cause
རང་ཉིད་ལ་ཐོག་མར་བློ་སྦྱོང་དགོས་པའི་བསམ་པ			a thought in which it is necessary initially to train the mind
རང་ཉིད་ལྷན་ཅིག་བྱེད་རྐྱེན			something's being a cooperative condition
རང་ཉིད་མེད་དགག་གི་གཞན་སེལ			something's being a non-affirming negative other-eliminator
རང་ཉིད་ཉེར་ལེན་ཡིན་པ			something's being a substantial cause
རང་ཉིད་སྐལ་མཉམ་ཀྱི་རྒྱུ			something's [being] a cause of similar lot
རང་རང			respective; each; its own
རང་རང་གི			respective; each; its own(LG)
རང་རང་གི་བསོད་ནམས			its own merit
རང་རང་གི་མྱོང་བྱ			its own object of awareness(LG)
རང་རང་གི་ངོ་བོས་སྟོང་པ			emptiness of their own respective entities
རང་རང་གི་སྡོད་ལུགས་སུ་གྲུབ་པ			establishment as its own mode of abiding; established as its own mode of abiding
རང་རེ			each; we
རང་རེའི་ཡིག་ཆ			our textbook(PGP 83)
རང་རྒྱལ			[self-conqueror]; Solitary Realizer
རང་རྒྱལ་བཅས་པ			with Solitary Realizers
རང་རྒྱལ་གྱི་ལམ			Solitary Realizer path
རང་རྒྱལ་གྱི་ལམ་ཤེས་པའི་ལམ་ཤེས			knower of paths that knows Solitary Victor paths
རང་རྒྱལ་གྱི་མི་སློབ་ལམ			Solitary Realizer path of no more learning
རང་རྒྱལ་གྱི་མཁྱེན་པ			Solitary Realizer exalted knower
རང་རྒྱལ་གྱི་རྣལ་འབྱོར་མངོན་སུམ			Solitary Realizer yogic direct perceiver
རང་རྒྱལ་གྱི་ས			Solitary Realizer ground
རང་རྒྱལ་གྱི་སྦྱོར་ལམ			Solitary Realizer path of preparation
རང་རྒྱལ་གྱི་ཐེག་པ			Solitary Realizer vehicle
རང་རྒྱལ་གྱི་ཚོགས་ལམ			Solitary Realizer path of accumulation
རང་རྒྱུ			its cause
རང་རྒྱུ་ལས་བྱུང			arise from its own causes
རང་རྒྱུད			autononous; own power; own continuum
རང་རྒྱུད་ཀྱི་རྗེས་དཔག			autonomous inference; one's own inference
རང་རྒྱུད་ཀྱི་སྦྱོར་བ			autonomous syllogism; one's own syllogism
རང་རྒྱུད་པ			Autonomy School; Svātantrika; [Middle Way] Autonomy School
རང་རྒྱུད་པའི་ལུགས་ཀྱི་དགག་བྱ			object of negation in the Svātantrika system
རང་རྒྱུད་རྗེས་དཔག			autonomous inference; one's own inference
རང་རིག			self-knower; self-knowing; self-cognizing consciousness
རང་རིག་བཅད་ཤེས			self-knowing subsequent cognizer
རང་རིག་མངོན་སུམ			self-knowing direct perception; self-cognizing direct perception
རང་རིག་མངོན་སུམ་གྱི་ཚད་མ			prime cognizer that is a self-knowing direct perceiver
རང་རྐྱ་བ			self-sufficient
རང་རྐྱ་པ			self-sufficient(N)
རང་རྐྱ་ཐུབ་པ			a self-sufficient entity; able to stand by itself(Lati)
རང་རྐྱ་ཐུབ་པའི་རྫས་སུ་ཡོད་པ			self-sufficient substantial existence
རང་རྐྱ་ཐུབ་པའི་རྫས་ཡོད་བདག་གིས་སྟོང་པ			lack of being a substantially existent self in the sense of being self-sufficient
རང་རྐྱ་ཐུབ་པའི་རྫས་ཡོད་དུ་གྲུབ་པ			established as a self-sufficient substantial entity
རང་རྟགས			natural sign
རང་རྩལ			self-projective artifice; self-projective dynamism
རང་སངས་རྒྱས			Solitary Realizer
རང་སངས་རྒྱས་ཀྱི་འཕགས་པ			Solitary Realizer Superior
རང་སངས་རྒྱས་ཀྱི་ས			grounds of solitary realizers
རང་སངས་རྒྱས་ཀྱི་ཐེག་པ			Solitary Realizer Vehicle
རང་སེམས			own mind; one's own mind
རང་སེམས་དག			purify one's own mind
རང་ཤར			self-dawning; self-illumination; (T) self-arising
རང་སྐྱ་འཛིན་ཐུབ་པའི་རྫས་ཡོད			substantial existent in the sense of being self-sufficiently apprehensible
རང་སྐྱ་ཐུབ་པ			self-sufficient
རང་སྐྱེ་བ			self-production
རང་སྲོག			one's own life; one's own liveliness
རང་སྟོབས་ཀྱིས			by its own power
རང་སྟོང			emptiness of self
རང་ཡིན་པའི་ལྡོག་ཆོས			isolate phenomenon that is itself; isolate-phenomenon-which-is-itself
རང་ཡིན་པའི་ལྡོག་ཆོས་ཀྱི་རྗེས་མཐུན			concordance with isolate phenomenon that is itself; similitude-of-isolate-phenomenon-which-is-itself
རང་ཡུལ			own object; its own object
རང་ཞེས་རྗོད་པའི་སྒྲ			term expressing that object; term expressing it; term verbalizing it
རང་ཞེས་རྗོད་པའི་སྒྲ			term expressing that object
རང་ཞེས་རྗོད་པའི་སྒྲ་ཇུག་པའི་ཇུག་གཞིར་རང་གི་མཚན་ཉིད་ཀྱིས་མ་གྲུབ་པ			non-establishment by way of its own character as a referent of a term expressing it
རང་ཞེས་རྗོད་པའི་སྒྲས་འཇུག་པའི་འཇུག་གཞིར་རང་གི་མཚན་ཉིད་ཀྱིས་མ་གྲུབ་པ			non-establishment by way of its own character as a referent of a term expressing it
རས			cotton
རས་བྲིས			painted cloth
རས་ཆ			fabrics; cotton goods
རྦ			wave
རྦ་ཀློང			[wave-center]; whirlpool
རྦ་རླབས			wave
རྦ་རླབས་འཁྲུགས་པ			turmoil and breaking up (of limbs?)
རྦོ་ཕུག་པ			pierced (?)
རྡབ			to clap
རྡར			rub
རྡི			pebble(BJ 21.1)
རྡོ་ལེབ			flat stone; flat rock
རྡོ་རྗེ			diamond; vajra; adamantine
རྡོ་རྗེ་འཆང			[vajra-holding]; Vajradhara, the highest Tantric deity
རྡོ་རྗེ་བསྙེམས་མ			p.n. of a female deity [Vajrasattva's consort "Vajra-Haughtiness"]
རྡོ་རྗེ་བཟླས་པ			vajra repetition
རྡོ་རྗེ་གླུ			Song of the Vajra
རྡོ་རྗེ་གཟེགས་མ			vajra node; diamond slivers
རྡོ་རྗེ་ཁུ་ཚུར			vajra-fist [name of a mudrā]; Vajramuṣṭi [p.n. of a Bodhisattva]
རྡོ་རྗེ་ལྟ་བུ			vajra-like; like a vajra
རྡོ་རྗེ་ལྟ་བུའི་སེམས			vajra-like mind
རྡོ་རྗེ་ལྟ་བུའི་སེམས་བསྐྱེད			mind-generation like diamond
རྡོ་རྗེ་ལྟ་བུའི་ཏིང་ངེ་འཛིན			vajra-like meditative stabilization
རྡོ་རྗེ་མཉམ་པ་ཉིད			sameness of the vajra (?)
རྡོ་རྗེ་སེམས་ཅན			Vajrasattva [p.n. of a Buddha]
རྡོ་རྗེ་སེམས་དཔའ			Vajrasattva
རྡོ་རྗེ་སཁྱིལ་ཀྲུང			vajra posture; adamantine posture
༅རྡོ་རྗེ་སཁྱིལ་ཀྲུང༏་རྡོ་རྗེ་སཁྱིལ་མོ་ཀྲུང༏་རྡོར་སཁྱིལ			vajra-posture [i.e., the full-lotus posture]; adamantine posture; vajra posture
རྡོ་རྗེ་སཁྱིལ་མོ་ཀྲུང			vajra-posture [i.e., the full-lotus posture]
རྡོ་རྗེ་སློབ་དཔོན			vajra master
རྡོ་རྗེ་སྙིང་པོ			Vajragarbha
རྡོ་རྗེ་སྲ་བ་ཉིད			hardness of the vajra; firmness of the vajra
རྡོ་རྗེ་ཐལ་མོ			vajra-palms(VM)
རྡོ་རྗེ་ཐེག་པ			Vajra Vehicle
རྡོ་རྗེ་ཐེག་པའི་ལམ			path of the Vajra Vehicle
རྡོ་རྗེའི་སྙིང་པོ			vajra-essence
རྡོ་རྗེའི་སྙིང་པོ་ཅན			having the vajra-essence
རྡོ་རྗེའི་ཚིག་བཅུ་པོ་དག			ten vajra-words
རྡོག་ཐབས་གཅིག་གིས			from a single point
རྡོལ་བ			to come forth; to come out
རྡོར			rub
རྡོར་བཟླས			vajra repetition
༅རྡོར་སཁྱིལ༏་རྡོ་རྗེ་སཁྱིལ་མོ་ཀྲུང༏་རྡོ་རྗེ་སཁྱིལ་ཀྲུང			vajra-posture [i.e., the full-lotus posture]
རྡུལ			dust; particle; atom
རྡུལ་བྲལ			pure; free from dust(N)
རྡུལ་དང་བྲལ			free from dust; pure
རྡུལ་དུ་གྲུབ་པ			atomically established; existing as atoms; existing as particles
རྡུལ་མེད			free from dust; pure
རྡུལ་ཕྲ་རབ			atom; subtle particle; minute particle
རྡུལ་ཕྲ་རབ་ཀྱི་ཚོགས			collection of subtle particles
རྡུལ་ཕྲན་ཕྱོགས་ཀྱི་ཆ་མེད			directionally partless particle; spatially partless particles
རྡུལ་ཙམ			mere particle; mere atom
རྡུལ་ཙམ་ཡང			even a particle(N)
རྡུལ་ཚོན་གྱི་དཁྱིལ་འཁོར			colored particle maṇḍala
རྡུལ་ཏུ་གྲུབ་པ			established atomically
རྫས			substantial entity; substantial
རྫས་འཛིན་རྟོག་པ			conception conceiving substantial existence
རྫས་བཏགས་ཀྱི་ཁྱད་པར			difference between the substantially existent and the imputedly existent(BJ 55.1)
རྫས་ཆོས			substantial phenomenon
རྫས་ཆོས་ཀྱི་རྗེས་མཐུན			concordance with substantial phenomenon; similitude-of-substantial-phenomenon
རྫས་ཆོས་ལྡོག་ཆོས			substantial phenomenon and isolate phenomenon
རྫས་གཅིག			one substantial entity; substantial identity; same substantial entity
རྫས་གཅིག་པ			same substantial entity
རྫས་གྲུབ			substantially established
རྫས་གཞན་གྱིས་སྟོང་པ			empty of being different substantial entities(BJ 26.6)
རྫས་མེད་པ			not substantially existent; non-substantial
རྫས་རྒྱུན			substantial continuum; continuum of the substantial entity
རྫས་རིགས་གཅིག			one substantial type
རྫས་རིགས་གཅིག་པ			same type of substantial entity
རྫས་རིགས་མི་འདྲ་བ			dissimilar types of substantial entities
རྫས་རིགས་མཐུན་པ			similar substantial type(LG 30.2)
རྫས་སུ་གྲུབ་པ			substantially established
རྫས་སུ་མ་གྲུབ་པ			not substantially established
རྫས་སུ་མ་མཆིས་པ			not substantially existent
རྫས་སུ་མཆིས་པ			substantially existent; substantial
རྫས་སུ་མེད་པ			not substantially existent
རྫས་སུ་མེད་པ་ཉིད			non-substantial-existence
རྫས་སུ་ནི་མེད			not substantially existent
རྫས་སུ་ཡོད་པ			substantially existent
རྫས་ཐ་དད			different substantial entity; different substantial entities
རྫས་ཐ་དད་པ			different substantial entities
རྫས་ཐམས་ཅད་ཡོངས་སུ་བཏང་བ			let go of all belongings/wealth/substantial things
རྫས་ཐིག			substance drop
རྫས་ཡོད			substantially existent; substantial existent
རྫས་ཡོད་ཆོས་གསུམ			three properties of a substantial existent
རྫས་ཡོད་ཆོས་གསུམ་ཚང་བ			triply qualified substantial existent
རྫས་ཡོད་ཀྱི་གང་ཟག			substantially existent person
རྫི་བ			grind; knead; pound; tread (also, female yak?) (T)
རྫི་མོ			herdswomen
རྫིག་པོ			rich
རྫོབ			obscure; conceal; hide; fake; appear as if real
རྫོབས			obscure; conceal; hide; fake; appear as if real
རྫོགས			complete; end; finish; perfect; fulfill; terminate
རྫོགས་བྱ་བ			object of completion; complete; perfect; fulfill
རྫོགས་བྱང			complete enlightenment
རྫོགས་བྱེད			bringing to completion; completer; perfecter; complete; perfect; fulfill; means of...
རྫོགས་ཆེན			Great Completeness; Great Perfection
རྫོགས་གསལ			Wonch'uk [Korean scholar; Tib. rdzogs gsal / wen tshig / wen tshegs / wanydzeg, Chin. Yüan-ts'e; 613-696]
རྫོགས་པ			complete; end; finish; perfect; fulfill; terminate
རྫོགས་པ་ཆེན་པོ			great completion; Great Completeness; Great Perfection
རྫོགས་པའི་བྱང་ཆུབ			complete/perfect enlightenment
རྫོགས་པའི་སངས་རྒྱས			perfect Buddha
རྫོགས་པའི་སྐུ			complete/perfect body
རྫོགས་པར			completely; fully; perfectly
རྫོགས་པར་འགྱུར			complete; perfect; fulfill; end; terminate
རྫོགས་པར་བསྐུར་བ			fully/completely bestow
རྫོགས་པར་བྱ་བ			object of completion; complete; perfect; fulfill; end; terminate
རྫོགས་པར་བྱང་ཆུབ་པ			complete/perfect enlightenment
རྫོགས་པར་བྱེད་པ			complete; perfect; finish; end; terminate
རྫོགས་པར་རྟོགས			completely realize
རྫོགས་རིམ			stage of completion; completion stage
རྫོགས་ཚིག			terminating term; terminator
རྫོང			send; send off; dispatch
རྫོངས			send; send off; dispatch
རྫུ་འཕྲུལ			[deceive-magic]; magical emanation; magical power; magical illusion; miracle
རྫུ་འཕྲུལ་དང་ལྡན་པ			possessing magical power
རྫུ་འཕྲུལ་གྱི་ཆོ་འཕྲུལ			miraculous magical emanations
རྫུ་འཕྲུལ་གྱི་རྐང་པ			leg of manifestation; bases of magical emanations; legs of magical emanation
རྫུ་འཕྲུལ་གྱི་རྣམ་གྲངས			enumeration of magical emanations
རྫུ་འཕྲུལ་མངོན་པར་འདུ་མཛད་པ			manifest production of the bases of magical emanations
རྫུ་འཕྲུལ་མངོན་པར་འདུ་མཛད་པ་མངོན་པར་མཛད་དེ			manifestly produce the manifest production of the bases of magical emanations
རྫུ་སྐྱེས			spontaneous birth
རྫུན			FALSE
རྫུན་དུ་སྨྲ་བ			lying
རྫུན་པ			lie; false; falsity
རྫུན་སྨྲ			lying(TGP 77)
རྫུས་སྐྱེས			spontaneous birth
རྫུས་ཏེ་བྱུང་བ			spontaneously born
རྫུས་ཏེ་བྱུང་བའི་སེམས་ཅན			spontaneously born being(s)
རྫུས་ཏེ་སྐྱེ་བ			spontaneous birth
རྫུས་ཏེ་སྐྱེས་པ			spontaneous birth
རེ			each; every; single; hope
རེ་བ			hope
རེ་བ་མེད་པ			hopeless; no hope
རེ་བ་མེད་པའི་སྦྱིན་པ			giving without hope
རེ་བ་མེད་སེམས			hopeless mind
རེ་བར་བྱའོ			you should hope; one should hope
རེ་རེ			each; one by one; one at a time; every
རེ་རེ་ལས			each and every; individually(BJ 13.6)
རེ་རེ་ནས			each and every(BJ 13.5); individually(BJ 13.6)
རེ་རེ་སྐབས			with reference to each (of the ...)(BJ 24.6)
རེ་ཞིག			respectively; tentatively; temporarily; shortly; first of all
རེ་ཞིག་ན			shortly thereafter ...
རེ་ཞིག་ཡོད་པ			tentatively exist
རེད			is
རེག			contact; touch; tangible
རེག་འདོད			desire for contact
རེག་བྱ			tangible object; object of touch
རེག་བྱ་འཛིན་པའི་དབང་མངོན			sense direct perceiver which apprehends a tangible object
རེག་བྱའི་སྐྱེ་མཆེད			tangible-object sphere; tangible object sense-sphere
རེག་པ			contact; touch; touching
རེག་པ་དང་འཁྱུད་པ			touching and embracing
རེག་པའི་ཟས			contact food; food of contact
རེས་འགའ			occasonal; sometimes; occasionally
རེས་འགའ་བའི་རྟག་པ			occasional permanent phenomenon; permanent phenomenon which is occasional
རེས་འཇོག			[occasionally-put]; alternately
རྒ			grow old; age; wear down
རྒ་འཆི			aging and death
རྒ་རྒ			grow old; age; wear down
རྒ་ཤི			aging and death; aging or death
རྒལ			cross over
རྒན			old; teacher
རྒན་པ			old
རྒན་པ་བརྡ་ལ་བྱང་བ			mature person trained in terminology/language
རྒན་པོ			old person
རྒོད			wild; excitement; desirous excitement; excited
རྒོད་ཅིང			excited
རྒོད་པ			excitement; desirous excitement; wildness
རྒོད་པ་དང་འགྱོད་པ			excitement and contrition; desirous excitement and contrition/regret
རྒོལ			debate; argue; to object
རྒོལ་བ			opponent; party; debate; argue; arguement; disputant
རྒོལ་བ་དང་བཅས་པ			susceptible to dispute
རྒོལ་བ་གཞན་གྱི་ཀླན་ཀའི་སྐབས་མཆིས			afford an occasion/opportunity for censure by an opponent
རྒོལ་བ་ཁོང་ནས་བསུས་པ			hypothetical dispute
རྒོལ་བར་བྱེད་པ			argue; dispute; debate
རྒོལད			cross over; objection; object; disputation
རྒུད			trouble
རྒྱ			vast; broad; extensive; seal
རྒྱ་བ			enlarge; extend; broaden
རྒྱ་ཆེ			[extent-big]; vast; broad; extensive
རྒྱ་ཆེ་བ			[extent-big]; vast; extensive; broad; the vast [i.e., practices of compassion]
རྒྱ་ཆེན			[extent-big]; vast; extensive; broad
རྒྱ་ཆེན་པོ			[extent-big]; vast; extensive; broad
རྒྱ་ཆེན་པོ་དཔག་ཏུ་མེད་པ			immeasurably vast/extensive/broad
རྒྱ་ཆེན་པོ་རྒྱ་ཆེན་པོ			very vast; very extensive
རྒྱ་ཆེར			vast; extensive; broad
རྒྱ་ཆེར་འབྱུང་བ			arise/appear/occur extensively
རྒྱ་ཆེར་བ			vast; extensive; broad
རྒྱ་ཆེར་རོལ་པའི་མདོ			Lalita-vistara-sūtra (Extensive Sport Sūtra), P763, vol. 27
རྒྱ་གར			India
རྒྱ་གདན			India
རྒྱ་གཞུང			Indian text
རྒྱ་མི			Chinese
རྒྱ་མིའི་ཟ་ཁང			Chinese restaurant
རྒྱ་མཚོ			[vast-lake]; ocean; large lake
རྒྱ་མཚོ་འདྲ་བ			like an ocean/lake
རྒྱ་མཚོ་ཆེ་བ			great ocean; great lake
རྒྱ་མཚོ་ཆེན་པོ			great ocean; great lake
རྒྱ་མཚོ་ལྟ་བུ			like an ocean/lake
རྒྱ་མཚོ་སྤྲིན			Sāgaramegha
རྒྱ་མཚོའི་ཆུ			water of an ocean/lake
རྒྱ་མཚོའི་ཕ་རོལ་འགྲོ་བ			go to the other side of an ocean; cross an ocean
རྒྱ་མཚོའི་ཕ་རོལ་ཕྱིན་པར་འགྱུར			go to the other side of an ocean; cross an ocean
རྒྱ་མཚོའི་རླབས			ocean wave
རྒྱ་མཚོར་འཇུག་པ			enter an ocean/lake
རྒྱ་ནག			[vast-black]; China
༅རྒྱ་ནག་འགྲེལ་ཆེན༏་རྒྱ་ནག་གི་འགྲེལ་ཆེན༏་འཕགས་པ་དགོངས་པ་ངེས་པར་འགྲེལ་པའི་མདོའི་རྒྱ་ཆེར་འགྲེལ་པ			Chinese Great Commentary; Extensive Commentary on the "Sūtra Unraveling the Thought" [by the Korean scholar-monk Won-ch'uk (612/613-696; Tibetan: rdzogs gsal / wen tshig / wen tshegs / wanydzeg; Chinese: Yüan ts'e); P5517, vol. 116]
རྒྱ་རྗེ་འགྲིས			Ling Dynasty [502 - 557 CE] of China
རྒྱ་རྗེ་སོང			Liu Sung Dynasty [420 - 479 ce] of China
རྒྱ་རྗེ་ཐང			T'ang dynasty [618 - 906 CE] of China
རྒྱ་རྗེ་ཚིན			Ch'en Dynasty [557 - 589 CE] of China
རྒྱ་སྲན			Chinese bean [a reddish or whitish bean with a thick skin, not shaped like a kidney]
རྒྱ་ཡན་པ			dispersed
རྒྱབ			behind; rear
རྒྱགས་པ			haughtiness
རྒྱགས་པ་དང་བྲལ་བ			devoid of/separated from haughtiness
རྒྱལ			king; monarch; victor; conquest; victory
རྒྱལ་བ			conqueror; victor; epithet of Buddha
རྒྱལ་བ་པ			Jaina [also known as Nirgrantha I think this is gos med pa (gcer bu pa) School]
རྒྱལ་བ་རིག་འཛིན			Conqueror Knowledge-Bearer
རྒྱལ་བ་རིན་པོ་ཆེ			precious conqueror [i.e., the Dalai Lama]
རྒྱལ་བའི་བསྟན་པ་མཆོག			supreme teaching of the Conqueror
རྒྱལ་བའི་མཛད་པ			activities of a conqueror
རྒྱལ་བའི་རིང་བསྲེལ			relics of the conqueror/victor
རྒྱལ་བའི་སྲས			Conqueror's child; Conqueror-child [i.e., Bodhisattva]
རྒྱལ་བའི་ཡོན་ཏན			qualities of a conqueror/victor
རྒྱལ་བའི་ཡུམ			mother of the conquerors/victors [the perfection of wisdom]
རྒྱལ་ཆེན་རིགས་བཞི			four great royal lineages
རྒྱལ་ཁམས			kingdom
རྒྱལ་ཁྲིམས			secular law; royal law
རྒྱལ་མཆོག			supreme conqueror
རྒྱལ་མཚན			victory banner
རྒྱལ་མཚན་དཔལ			glorious victory banner
རྒྱལ་ནས			having conquered
རྒྱལ་པོ			monarch; king; king spirit
རྒྱལ་པོ་དོན་གྲུབ་རྒྱལ་རིགས་དང་བྲམ་ཟེའི་རིགས་གང་རུང་ཡིན་ཞིང་བྲམ་ཟེའི་རིགས་མ་ཡིན་པ			the prince Siddhārtha who is either of the brahman lineage or of the kṣatriya lineage and is not a brahman
རྒྱལ་པོ་གཟུགས་ཅན་སྙིང་པོ			King Bimbisāra
རྒྱལ་པོ་ལ་གཏམ་བྱ་བ་རིན་པོ་ཆེའི་ཕྲེང་བ			[Nagarjuna's] Precious Garland of Advice for the King [P5658, vol. 129]
རྒྱལ་པོ་ལྟ་བུའི་སེམས་བསྐྱེད			mind-generation like monarch
རྒྱལ་པོའི་བུ་ཞིག			a child of the king; prince
རྒྱལ་པོའི་ཁབ			Rājagṛha
རྒྱལ་པོའི་མཐུས			by/with the power/force/might of the king
རྒྱལ་རབས			reign; royal succession; dynasty
རྒྱལ་རིགས			royal class; royal lineage; royal caste
རྒྱལ་རིགས་ཆེ་ཞིང་མཐོ་བ			great and high royal lineage/class/caste
རྒྱལ་སྲས			Victor Children; Conqueror's child; Conqueror-child [i.e., Bodhisattva]
རྒྱལ་སྲས་མ			Jinaputra
རྒྱལ་སྲིད			government; political authority; kingdom
རྒྱལ་ཚབ			regent of the Conqueror; regent [sometimes refers to Maitreya]; Gyal-tshab [rgyal tshab dar ma rin chen, 1364-1432, who was one of the two main disciples of Tsong-kha-pa (tsong kha pa), the other being Khay-drub (mkhas grub)]
རྒྱལ་ཚབ་དར་མ་རིན་ཆེན			Gyal-tshab Dar-ma-rin-chen [(1364-1432), one of the two main disciples of Tsong-kha-pa (tsong kha pa), the other being Khay-drub (mkhas grub)]
རྒྱལ་ཡུམ			Mother of the Victors (the perfection of wisdom)
རྒྱན			ornament; adornment
རྒྱན་བྱེད་པ			making bets
རྒྱན་དྲུག			six ornaments (who beautify the teaching of the Buddha—Nāgārjuna, Āryadeva, Asaṅga, Vasubandhu, Dignāga, and Dharmakīrti)
རྒྱན་མཁན་པོ			author of the Ornament Prajñā­kara­gup­ta
རྒྱན་པ			decorate; ornament; beautify; wear
རྒྱན་སྡུད			ornament-conjunction particle [a grammatical particle]
རྒྱན་སྣང			Haribhadra’s Illumination of (Maitreya’s) “Ornament for the Clear Realizations”
རྒྱན་སྤྲས			ornamented; adorned; laid out with ornaments
རྒྱན་སྟུག་པོ་བཀོད་པའི་མདོ			Sūtra on the Heavily Adorned [ghandavyūha-sūtra,  P778, vol. 29]
རྒྱང་འཕན་པ			Lokāyata; Hedonist
རྒྱང་འཕེན་པ			Flung Afar (Nihilist); Āyata; nihilist; Annihilationist; Materialist; Lokāyata School
རྒྱང་ཆད			distant and cut off
རྒྱང་ཆད			distant and cut off
རྒྱང་ཆད་དུ་སྣང་བ			appearing to be distant and cut off
རྒྱང་ཕན་པ			[afar-flung]; nihilist; Annihilationist; Materialist; Lokāyata School
རྒྱང་རིང་པོ			far away; distant
རྒྱང་རིང་པོ་ན			far away; distant
རྒྱངས་བཅད་པར			distant and cut off
རྒྱངས་ཆད			distant and cut off
རྒྱས			verb: extend; fill; spread; increase; further\n adjective: extensive; broad; wide; full
རྒྱས་འདེབས			[seal-implant]; affix a seal; seal
རྒྱས་འགྱུར			developmental
རྒྱས་འགྱུར་གྱི་རིགས			developmental lineage
རྒྱས་བཤད			extensive explanation
རྒྱས་བསྟན་པ			extensive indication/teaching
རྒྱས་བཏབ་པ་ལྟ་བུར			as if sealed; like sealed
རྒྱས་པ			verb: extend; fill; spread; increase; further\n adjective: extensive; broad; wide; full
རྒྱས་པར			extensively; at length; in detail
རྒྱས་པར་བཤད་པ			extensive explanation
རྒྱས་པར་སྤྲོ་ན			if [one] elaborates extensively/at length; to elaborate extensively/at length
རྒྱས་པར་སྟོན་པ			extensive indication
རྒྱས་ཤིང་འཕེལ་བ			extending and increasing
རྒྱུ			cause; [as verb]: wander; move; go; [following a verb, indicates]: to be done
རྒྱུ་འབྲས			cause and effect
རྒྱུ་འབྲས་ཆེ་བའི་རྣམ་བཞག			greater presentation of cause and effect
རྒྱུ་འབྲས་མན་ངག་བདུན			seven cause-and-effect quintessential instructions
རྒྱུ་བ			move; movement; the mobile [i.e., living beings]; the animate
རྒྱུ་བྱེད་ཚུལ			mode of acting as a cause; way of acting as a cause
རྒྱུ་ཆོས་རྗེས་དཔག			inference of causal attributes
རྒྱུ་ཆོས་རྗེས་དཔོག			inference of causal attributes
རྒྱུ་དང་འབྲས་བུ			cause and effect
རྒྱུ་དང་འགལ་བའི་འབྲས་བུ			effect contradictory with a cause
རྒྱུ་དང་འགལ་པའི་རང་བཞིན			nature contradictory with a cause
རྒྱུ་དང་རྐྱེན			causes and conditions
རྒྱུ་དངོས			actual cause
རྒྱུ་ཁྱད་པར			particular cause
རྒྱུ་ལ་བརྟེན་པ			depend on a cause
རྒྱུ་ལ་སྒྲིབ་པ			obstruct the cause
རྒྱུ་ལ་སྐུར་པ་འདེབས་པ			deprecate the cause
རྒྱུ་ལས་བྱུང་བ			arisen from causes; caused
རྒྱུ་ལས་སྐྱེ་བ			generate from a cause
རྒྱུ་མ་དམིགས་པ			nonobservation of a cause
རྒྱུ་མེད་ལས་སྐྱེ་བ			causeless production; produced causelessly
རྒྱུ་མེད་པ			no cause; without a cause
རྒྱུ་མཐུན			causally concordant
རྒྱུ་མཐུན་གྱི་འབྲས་བུ			causally concordant effect
རྒྱུ་མཐུན་པ			causally concordant; concordant causes
རྒྱུ་མཐུན་པའི་འབྲས་བུ			causally concordant effect
རྒྱུ་མཐུན་པའི་སྦྱོར་བ			causally concordant application
རྒྱུ་མཚན			[cause-sign]; reason; cause; factuality; other-powered nature (gzhan dbang, paratantra); the fact; evidence
རྒྱུ་མཚན་དང་འགལ་བའི་ཡིད་དཔྱོད			correct assumption contradictory with a reason
རྒྱུ་མཚན་གཞན་ནི་ཡོད་པ			get from Anne's book
རྒྱུ་མཚན་ལྟར་སྣང་ལ་བརྟེན་པའི་ཡིད་དཔྱོད			correct assumption depending upon a pseudo/quasi/counterfeit reason
རྒྱུ་མཚན་མ་གྲུབ་པའི་ཡིད་དཔྱོད			correct assumption whose reason is not established
རྒྱུ་མཚན་མ་ངེས་པའི་ཡིད་དཔྱོད			correct assumption in which the reason is not ascertained
རྒྱུ་མཚན་མང་ཙམ			quite a number of reasons
རྒྱུ་མཚན་མེད་པའི་ཡིད་དཔྱོད			correct assumption lacking a reason
རྒྱུ་མཚན་ཉིད་པ			fully qualified cause; fully endowed cause; cause having all the necessary characteristics
རྒྱུ་མཚན་ཡང་དག			correct reason/evidence
རྒྱུ་མཚན་ཡོད་ཀྱང་གཏན་ལ་མ་ཕེབས་པའི་ཡིད་དཔྱོད			correct assumption for which one has a reason but has not ascertained it
རྒྱུ་རྐྱེན			causes and conditions; causal conditions
རྒྱུ་རྐྱེན་གཞན་གྱི་དབང་གིས་བྱུང་བ			arise through the power of other causes and conditions
རྒྱུ་སྔོན་སོང			preceding cause
རྒྱུ་སྙོམས་འཇུག			causal meditative absorption
རྒྱུ་སྤྱི			general cause
རྒྱུ་ཚོགས			prerequisites
རྒྱུ་ཚོགས་པ			causal collection; collection of causes; aggregate of causes
རྒྱུ་ཞིང་སོང			wander and go
རྒྱུའི་ཀུན་ནས་ཉོན་མོངས་པ			causal affliction; causal afflictive emotion
རྒྱུའི་ཀུན་སློང			causal motivation
རྒྱུའི་ཐེག་པ			Cause Vehicle
༅རྒྱུའི་ཚོགས༏་རྒྱུ་ཚོགས			prerequisite
རྒྱུད			continuum; mental continuum; life continuum; tantra
རྒྱུད་འགལ			indirectly contradictory; indirect contradictories
༅རྒྱུད་བླ་མ༏་རྒྱུད་བླ༏་ཐེག་པ་ཆེན་པོ་རྒྱུད་བླ་མའི་བསྟན་བཅོས			[Maitreya's] Great Vehicle Treatise on the Sublime Continuum / Treatise on the Later Scriptures of the Great Vehicle [P5525, vol. 108]
རྒྱུད་བླ་ཏཱིཀ་ཆེན			Gyel-tsap's (rgyal tshab) Great Commentary on (Maitreya's) "Great Vehicle Treatise on the Sublime Continuum"
༅རྒྱུད་བླ༏་རྒྱུད་བླ་མ༏་ཐེག་པ་ཆེན་པོ་རྒྱུད་བླ་མའི་བསྟན་བཅོས			[Maitreya's] Great Vehicle Treatise on the Sublime Continuum / Treatise on the Later Scriptures of the Great Vehicle [P5525, vol. 108]
རྒྱུད་བླའི་འགྲེལ་པ			[Asaṅga's] Commentary on (Maitreya's) "Great Vehicle Treatise on the Sublime Continuum" [theg pa chen po'i rgyud bla ma'i bstan bcos kyi rnam par bshad pa; P5526, vol. 108]
རྒྱུད་བཞི			Four [Medical] Tantras
རྒྱུད་དྲུག			six transmigrations/tantras/continuums
༅རྒྱུད་གཞན་གྲུབ་པ་ཞེས་བྱ་བའི་རབ་ཏུ་བྱེད་པ༏་རྒྱུད་གཞན་གྲུབ་པ			[Dharmakīrti's] Proof of Other Continuums [P5716, vol. 130]
༅རྒྱུད་གཞན་གྲུབ་པ༏་རྒྱུད་གཞན་གྲུབ་པ་ཞེས་བྱ་བའི་རབ་ཏུ་བྱེད་པ			[Dharmakīrti's] Proof of Other Continuums [P5716, vol. 130]
རྒྱུད་ལུང་རྟོགས་ཀྱི་ཡོན་ཏན་གྱིས་ལྕི་བ			mental continuum weighty with good qualities of scripture and realization
རྒྱུད་ནས་སྐྱེ་བྱེད			indirect producer
རྒྱུད་པ			continuation; tradition; lineage
རྒྱུད་སྡེ			[tantra-section]; tantra set; tantra
རྒྱུད་སྡེ་འོག་མ་གསུམ			the three lower tantra sets
རྒྱུད་སྨྲད་གྲྭ་ཚང			Gyü-may; Tantric College of Lower Hla-sa
རྒྱུད་ཐ་དད་པ			different/individual continuums
རྒྱུན			continuation; continuum; mental continuum; life continuum; stream; continuity
རྒྱུན་བཅད་བྱ་གཅོད་བྱེད་ཀྱི་སྒོ་ནས་མི་མཐུན་པར་གནས་པ			those which abide discordantly from the viewpoint of the one acting to sever the continuum [of the other], the object to be cut
རྒྱུན་བཅས་ཀྱི་དངོས་པོ			thing which has a [further] continuum
རྒྱུན་ཆད་མེད་པར			[continuum-cut-not]; without interruption; continuously
རྒྱུན་ཆད་པར་འགྱུར			continuum is severed
རྒྱུན་ཆགས			continuous
རྒྱུན་ཆགས་མེད་པ			not continuous
རྒྱུན་ཆགས་ཡིན་པ			continuous
རྒྱུན་དུ			continually; continuous; continuously
རྒྱུན་དུ་འཇོག་པ			continuous setting
རྒྱུན་དུ་སྒྲོག་པ			continuously proclaiming
རྒྱུན་དུ་ཡིད་ལ་བྱེད་པ			continuous taking to mind; continuous mental contemplation/attention
རྒྱུན་གཅོད			severance of the continuum; interrupt; sever/cut off the continuum
རྒྱུན་གྱིས་འགྲོ			going/moving continuously
རྒྱུན་གྱིས་འཇུག་པ			continuous engagement
རྒྱུན་མ་ཆད་པ			continuously; without interruption
རྒྱུན་མི་འཆད			continuously; without interruption
རྒྱུན་མི་འཆད་པ			continuously; without interruption
རྒྱུན་མི་ཆད་པ			continuously; without interruption
རྒྱུན་མི་ཆད་པའི་ཕྱིར			because of non-interruption; in order not to interrupt
རྒྱུན་མི་ཆད་པར་བྱ་བ			continuously; without interruption
རྒྱུན་མི་གཅོད			continuously; without interruption
རྒྱུན་མི་གཅོད་པ			continuously; without interruption
རྒྱུན་མཐའ			end of the continuum (as a sentient being just prior to Buddhahood); end/limit of a continuum
རྒྱུན་མཐའ་ཁོ་ནར་སྐྱེ་བ			production only at the end of a continuum
རྒྱུན་མཐར་སྐྱེ་བ			production at the end of a continuum
རྒྱུན་ནི་མ་བཅད་པས			through not severing the continuum; due to not interrupting
རྒྱུན་ཏུ་ཞུགས་པ			Stream Enterer
རྒྱུན་ཞུགས			Stream Enterer
རྒྱུན་ཞུགས་འབྲས་གནས			Abider in the Fruit of Stream Enterer
རྒྱུན་ཞུགས་ཞུགས་པ			Approacher to Stream Enterer
རྒྱུས			familiar; familiar with
རྒྱུས་མེད			having no knowledge; having no familiarity
རི			mountain; hill
རི་བོ			mountain
རི་བོང			rabbit
རི་བོང་ཅན			rabbit bearer; i.e., the moon
རི་བོང་རྭ			horns of a rabbit; horn of a rabbit
རི་དགས			deer; beast
རི་དགས་འཛིན་གྱི་མ			Mṛgāramata
རི་དགས་ཀྱི་ནགས			deer park
རི་དྭགས			deer
རི་དྭགས་ཀྱི་རིགས་ཕྲ་མོ			small types of deer
རི་ལྟ་བུའི་སེམས་བསྐྱེད			mind-generation like mountain
རི་མོ			picture; painting; bright; various
རི་མོའི་ལས			work of a picture; painting
རི་མོར་བགྱི་བ			make a painting/picture
རི་མོར་བགྱིས་པར་འགྱུར			make a painting/picture
རི་མོར་བྱ་བ			make a painting/picture
རི་མོར་བྱེད			make a painting/picture
རི་པིན			Japan
རི་རབ			[mountain-highest]; Mount Sumeru; huge mountain
རི་རབ་འདྲ			like Mount Sumeru
རི་རབ་ལྟར			like Mount Sumeru
རི་སུལ			mountan ridge
རི་ཡི་སུལ			mountain ridge
རིའི་ཕུག			mountain cave  (T)
རིའི་རྒྱལ་པོ			king of the mountain; mountain-king
རིག			to know(D1); knowledge; awareness
རིག་འཛིན			Knowledge-Bearer; knowledge bearing [a feat]
རིག་འཛིན་གྱི་སྡེ་སྣོད			Scriptural Division of the Knowledge Bearers
རིག་བྱ			object of awareness; known
རིག་གནས			sciences; fields of knowledge
རིག་གཏེར			Sa-gya Paṇḍita's Treasury of Reasonings
རིག་མ			knowledge woman
རིག་མ་འདུ་བྱ་བ			gathering knowledge women
རིག་མིན			unknown; non-knowledge; unaware; non-awareness
རིག་ནས			having known; having understood
རིག་ངོ་ལྟ་བ			view in the face of knowledge (i.e., the state of meditative equipoise directly realizing emptiness)
རིག་པ			knower; intrinsic awareness; know; be aware; aware; basic knowledge; knowledge; awareness
རིག་པ་ཅན་པ			Naiyāyika; Logicians
རིག་པ་དང་མ་རིག་པ་འདི་ནི་གཉིས་སུ་མེད			this knowledge and ignorance are non-dual  (T)
རིག་པ་གསུམ			the three knowledges [of a Foe Destroyer]
རིག་པ་མེད་པ			non-knowledge; non-knower
རིག་པ་ཡེ་ཤེས			intrinsically aware pristine wisdom
རིག་པའི་དབང			knowledge initiation
རིག་པའི་གནས			topic of knowledge; science
རིག་པའི་གནས་ལྔ་རྣམ་པར་བཞག་པ			establish the five abodes of knowledge
རིག་པར་བྱ			know; one should know
རིག་པར་བྱ་བ			object of knowledge; one should know; knows
རིག་པར་བྱའོ			you should know; you should be aware; one should know
རིག་པར་བྱེད			make known; know; be aware of
རིག་པར་གནས			abide in knowledge; established in knowledge; abodes of knowledge
རིག་པར་མེད་པ			non-awareness; unaware; not know; non-knowledge
རིག་སྔགས			knowledge; knowledge mantra
རིག་སྔགས་འཆང			knowledge mantra bearer; (T) knowledge bearer
རིག་སྔགས་འཆང་བ			knowledge mantra bearer; (T) knowledge bearer
རིག་སྔགས་ཆེ			great knowledge
རིག་སྟོང			intrinsically aware emptiness
རིགས			type; kind; lineage; reasoning; feasible; suitable; social stratum; class; caste
རིགས			reasoning; lineage
རིགས་འདྲ			similar type(BJ 58.6)
རིགས་བསྡུས་པ			condensed lineage
རིགས་བྱ			object of reasoning; to be reasoned (T)
རིགས་བྱེད་པ			Mīmāṃsaka
རིགས་ཅན			having a lineage; lineage; family; clan
རིགས་ཆེན་པོ			great family; great lineage; great type
རིགས་དང་ལྡན་པ			having a lineage; lineaged; having a family
རིགས་གཅིག་པ			same type
རིགས་གནས			abide in a type
རིགས་གནས་པ			abide in a lineage
རིགས་གནས་རིགས			lineage of abiding in a lineage
རིགས་ཀྱི			of the type; of the lineage
རིགས་ཀྱི་བུ			son of good family(S)
རིགས་ཀྱི་བུ་མོ			daughter of good family
རིགས་ཀྱི་ཁྱད་པར			attribute/feature of [one's] type/kind; qualification for [one's] lineage
རིགས་ཀྱི་མཐུ			force of the lineage  (T)
རིགས་ཀྱི་རྣམ་པ			type of lineage
རིགས་ཀྱི་ས			level of the lineage; ground of lineage
རིགས་ཀྱི་སྐབས			the occasion of lineage  (T)
རིགས་ཀྱི་སྟོབས			power of the lineage  (T)
རིགས་ཀྱིས་ཁྱབ་པ			pervasion [of all sentient beings] by [the Buddha] lineage
རིགས་ལ་གནས			abide in a lineage; abiding in the type
རིགས་ལ་གནས་པ			abide in a lineage; abiding in the type
རིགས་ལམ			path of reasoning
རིགས་ལམ་པ			Challenger
རིགས་ལྡན			having a lineage; lineaged; having a family
རིགས་ལྡན་པད་མ་དཀར་པོ			Kalkī Puṇḍarīka
རིགས་མཆོག			supreme lineage; superior lineage
རིགས་མཆོག་ཉིད			superiority of the lineage; supremacy of the lineage
རིགས་མེད			non-lineage; without a lineage
རིགས་མེད་པ་ལ་གནས་པ			abiding in no lineage
རིགས་མི་འདྲ་བའི་ཆོས			phenomena which are dissimilar types
རིགས་མི་གཅིག་པའི་ཆོས			phenomena which are not the same type
རིགས་མི་མཐུན			non-concordant type; discordant type
རིགས་མི་མཐུན་པའི་ཆོས			phenomena which are discordant types
རིགས་མི་མཐུན་སེལ་བའི་མཚན་ཉིད			definition which eliminates discordant types
རིགས་མིན་གྱིས			irrationally
རིགས་མཐུན			concordant type
རིགས་མཐུན་གྱི་བག་ཆགས			predispositions of [perceptions of] similar type; predispositions of concordant type
རིགས་མཐུན་པ			concordant type
རིགས་མཐུན་པར་སྣང་ངོ			appearance as concordant types; appear as concordant types
རིགས་མཐུན་རྫས་ཐ་དད			different substantial entities of concordant types(LG)
རིགས་ངེས			one who is definite in a lineage(Gön-chok)
རིགས་ངེས་པ			one who is definite in a lineage
རིགས་ངོའི་ལྟ་བ			view in the face of a rational consciousness
རིགས་པ			reasoning; logic; proper; suitable; suitability
རིགས་པ་ཅན			Logician
རིགས་པ་དང་ལྡན་པར			suitably; properly
རིགས་པ་དང་མི་འགལ་བ			not contradictory with reasoning
རིགས་པ་དྲུག་ཅུ་པ			Nāgārjuna"s Sixty Stanzas of Reasoning, P. 5225, vol. 95
རིགས་པ་དྲུག་ཅུ་པའི་འགྲེལ་པ			Commentary on (Nāgārjuna's) "Sixty Stanzas of Reasoning" [by Candrakīrti (zla ba grags pa); P 5265, vol. 98]
རིགས་པ་དྲུག་ཅུ་པའི་ཚིག་ལེའུར་བྱས་པ			Nāgārjuna"s Sixty Stanzas of Reasoning, P. 5225, vol. 95
རིགས་པ་ལ་བརྟེན་ནས			in dependence upon reasoning
རིགས་པ་ལྟར་སྣང			pseudo/quasi/counterfeit reasoning
རིགས་པ་མ་ཡིན			not suitable; unsuitable; improper; non-reasoning
རིགས་པ་རྗེས་སུ་འབྲངས་པ			followers of reasoning
རིགས་པ་ཡང་དག			correct reasoning
རིགས་པའི་དབང་ཕྱུག			Lord of Reasoning; Dharmakīrti (chos grags)
རིགས་པའི་དགག་བྱ			object of negation by reasoning(BJ 65.1)
རིགས་པའི་དོན་ལ་མཁས་པ			wise with respect to the meaning/object of reasoning
རིགས་པའི་གྲགས་པ			renowned by reasoning
རིགས་པའི་གྲངས			enumeration of the reasonings(BJ 71.4)
རིགས་པའི་གྲུབ་བྱེད			reasoned proof(s)(BJ 8.2)
རིགས་པའི་མཚན་ཉིད			character of reasoning
རིགས་པའི་རྗེ་སུ་འབྲང་པ			Followers of Reasoning
རིགས་པའི་རྗེས་འབྲངས			Following Reasoning
རིགས་པའི་རྗེས་སུ་འབྲངས་པ			followers of reasoning
རིགས་པའི་སྒོ་དུ་མ			approaches of reasoning
རིགས་པའི་སྒོ་དུ་མ་ནས			through many doors of reasoning
རིགས་པའི་ཐིགས་པ་ཞེས་བྱ་བའི་རབ་ཏུ་བྱེད་པ			Dharmakīrti's Drop of Reasonings, P. 5711, vol. 130
རིགས་པར་བཤད་པའི་ཆོས			suitably explained doctrine/phenomenon
རིགས་པས་འཕུལ་གྱིས་སྒྲུབ་པའི་དོན			meaning established through the pressure of reasoning
རིགས་པས་དཔྱད་བཟོད་པ			able to bear/withstsand analysis by reasoning
རིགས་པས་དཔྱད་མི་བཟོད་པ			unable to bear/withstand analysis by reasoning
རིགས་པས་གནོད་པ			damaged by reasoning(N)
རིགས་པས་གྲུབ་པའི་རྫས་ཡོད			substantial existent in the sense of being established by reasoning
རིགས་པས་ཁེགས			refuted by reasoning(N)
རིགས་པས་ངེས་པར་རྟོགས་པ			definitely realized through reasoning
རིགས་པས་རྣམ་དཔྱད་བསམ་པ་ཅན			having a thought that is analyzed by reasoning
རིགས་རྫོགས་པ			complete type
རིགས་ཤེས			rational consciousness; reasoning consciousness
རིགས་ཤེས་ཀྱིས་དཔྱད་བཟོད་དུ་གྲུབ་པ			established as able to bear/withstand analysis by a reasoning consciousness
རིགས་ཤེས་ཀྱིས་མ་རྙེད་པ			not found by a reasoning consciousness(N)
རིགས་ཤེས་ཀྱིས་མེད་པར་རྙེད་པ			found to be non-existent by a reasoning consciousness(N)
རིགས་ཤེས་རྗེས་དཔག			inferential reasoning consciousness(N)
རིགས་ཤིང་མཐུན་ཚིག			suitable and concordant words
རིགས་སྤྱི			type generality; type-generality
རིགས་ཐ་དད་པ			different lineage(s); different type(s); different types; phenomena which are different types
རིགས་ཐིག			Dharmakīrti's Drop of Reasonings, P. 5711, vol. 130
རིགས་ཐིག་དར			Dharmakīrti's Drop of Reasonings, P. 5711, vol. 130
རིགས་ཐིག་དར་ཊིཀ			Gyel-tsap's Commentary on [Dharmakīrti's] "Drop of Reasonings"
རིགས་ཐིག་ཀྱི་ཕྱོགས་སྔ་མདོར་བསྡུས			Brief Exposition of the Positions of Opponents of [Dharmakīrti's] "Drop of Reasoning" [by Kamalaśīla]
རིགས་ཚོགས			Collections of Reasoning(N)
རིགས་ཚོགས་དྲུག			Nāgārjuna's Six Collections of Reasonings
རིགས་ཡང་དག་པར་འགྲུབ་པ			correctly established; correctly established in a lineage
རིལ་པོ			solid(BJ 63.5)
རིལ་པོ་གཅིག་ཏུ			as one solid whole(BJ 63.5)
རིལ་པོར་འཛིན་པ			apprehend [something] as solid; apprehension of amorphous wholes
རིམ			gradually; stage; series
རིམ་བཞིན			respective; respectively(BJ 58.6)
རིམ་བཞིན་དུ			respectively
རིམ་གྱིས			[series-by]; serial; in series; gradually; in stages; by stages
རིམ་གྱིས་འཕེལ་བ			gradually grow; grow in stages
རིམ་གྱིས་པ			Gradualist(Gön-chok)
རིམ་གྱིས་སྒོམ་པ			serial meditation
རིམ་པ			stage; order; series; succession
རིམ་པ་ལྔ་པ			Nāgārjuna's The Five Stages, P. 2667, vol. 61
རིམ་པར་འཚམ			well-proportioned
རིམ་པར་ཡིན་པར			gradually; in stages
རིན་ཆེ་བ			precious; jewel
རིན་ཆེན			[value-big]; precious (substance); jewel
རིན་ཆེན་འབྱུང་གནས			jewel-mine
རིན་ཆེན་འབྱུང་ལྡན			Ratnasambhāva [p.n. of a Buddha]
རིན་ཆེན་བདུན་ལས་བྱས			made/built from seven precious substances
རིན་ཆེན་བཀའ་སྟེ			precious teaching
རིན་ཆེན་ཆོས་ཀྱི་འབྱུང་གནས			source of the precious doctrine  (T)
རིན་ཆེན་ཕྲེང་བ			Nāgārjuna's Precious Garland
རིན་ཆེན་ཕྱག་རྒྱ			jewel-seal; precious seal
རིན་ཆེན་རིགས་ལྡན			having a precious lineage; having the jewel-lineage
རིན་པོ་ཆེ			[value-big]; precious; jewel; precious substance
རིན་པོ་ཆེ་དོན་དུ་གཉེར་བ			seeking for precious things/jewels
རིན་པོ་ཆེ་ལྟ་བུ			jewel-like
རིན་པོ་ཆེ་སྣ་བདུན			seven precious substances
རིན་པོ་ཆེའི་འབྱུང་གནས་ལྟ་བུའི་སེམས་བསྐྱེད			mind-generation like jewel-mine
རིན་པོ་ཆེའི་འདུ་ཤེས			conception of jewels
རིན་པོ་ཆེའི་གནས་ཉིད			precious abode  (T)
རིན་པོ་ཆེའི་མཛོད			storehouse of jewels/precious substances
རིན་པོ་ཆེའི་མཛོད་མང་པོ་བསགས་པ་དང་ལྡན་པ			having many vast storehouses of jewels/precious substances
རིན་པོ་ཆེའི་ཕྲེང་བའི་རྒྱ་ཆེར་བཤད་པ			Commentary on (Nāgārjuna's) Precious Garland, by Ajitamitra (mi pham bshes gnyen), P. 5659, vol. 129
རིན་པོ་ཆེའི་ཕུང་པོ			aggregation of jewels/precious substances
རིན་པོ་ཆེའི་རིགས			precious lineage; jewel-lineage
རིན་པོ་ཆེའི་རིགས་ཆེན་པོ་དང་འདྲ་བ			similar to the great precious lineage
རིན་ཐང			price; costly; priceless; valuable
རིན་ཐང་མེད་པ་རྙེད་འགྱུར			obtain that which is priceless ?  (T)
རིང			long; length; distant
རིང་འགྱུར			long; length; distant
རིང་བ			long; length; distant
རིང་བ་མ་ཡིན་ཉིད			non-distance; non-distant
རིང་བར			distantly; lengthy; long
རིང་དུ			long; afar; length; distant; far
རིང་དུ་བྱེད			do for a long time; move away from
རིང་དུ་བྱེད་པ			do for a long time; move away from
རིང་དུ་དོར			[far-ly-abandon]; abandon afar; forsake afar; leave far behind
རིང་དུ་གྱུར་བ			long; length; distant; far
རིང་དུ་རྗེས་སུ་ཞུགས་པའི་ཡེ་ཤེས་ཀྱི་སྤྱོད་ཡུལ་ཉིད			objects of activity of the exalted wisdom which abides for a long time  (T)
རིང་དུ་སོང་བ			gone afar; Gone Afar (seventh bodhisattva ground)
རིང་དུ་སྤྱད་པ			practice for a long time
རིང་མོ			long; length; distant; far
རིང་མོ་ཞིག་ལོན་པ་སྨྲས་ནས			having spoken for a long time
རིང་མོ་ཞིག་ན་ངན་སོང་དུ་འགྲོ			go to bad transmigrations for a long time
རིང་མོ་ཞིག་ཏུ			for a long time; long; length; distant; far
རིང་ནས			[long-from]; from long ago; long ago; from a distant area
རིང་ནས་ཐེག་ཆེན་ཞུགས			abiding in the great vehicle from long ago
རིང་པོ			long; far
རིང་པོ་མི་ཐོགས			after a long time
རིང་པོ་མི་ཐོགས་པར			after a long time
རིང་པོར་མི་ཐོགས			after a long time
རིང་ཏུ་སོང་བ			Gone-Afar
རིས			lineage; type; king; clan; family
རིས་ཆད་ཀྱི་སྣང་བ			restricted appearances
༅རིས་ཆད༏་རིས་སུ་ཆད་པ			separate
རིས་སུ་བཅད་ཅིང			cutting off [one's] lineage
རིས་སུ་ཆད་པ			restricted
རིས་སུ་ངེས་པ			definite in a lineage
རྗེ			master; lord; leaders
རྗེ་བོ			master; lord; leader
རྗེ་བོ་ལ་འཁོན་པ			malice towards leaders
རྗེ་བཙུན			venerable; reverend; the Foremost Venerable [i.e. Maitreya]
རྗེ་བཙུན་འཇམ་དཔལ			Foremost Holy Mañjushrī
རྗེ་བཙུན་ཆོས་ཀྱི་རྒྱལ་མཚན			Jay-tsün Chö-kyi-gyal-tshan (1469-1546), textbook author of Sera-jay monastic college
རྗེ་བཙུན་པ			Jay-tsün-pa [Jay-tsün Chö-kyi-gyal-tshan] (1469-1546), textbook author of Sera-jay monastic college
རྗེ་ཉིད			the Master [i.e. Dzong-ka-ba] himself
རྗེ་རིན་པོ་ཆེ			Dzong-ka-ba
རྗེ་ཡང་སྲས་ཀྱི་དགོངས་པ			the thought of the foremost father [Dzong-ka-ba] and his spiritual sons [Gyel-tsap and Kay-drub]
རྗེའུ་རིགས			merchant class
༅རྗེན་ཆར༏་རྗེན་ཆེར			nakedly
རྗེན་ཆེར་ཀྱིས			[naked-great-ly]; nakedly
རྗེན་པ			naked
རྗེས			after; subsequent to
༅རྗེས་འགྲོ་། རྗེས་ལ་འགྲོ			follow; go afterward
རྗེས་འཇུག			[after-put]; (1) in grammar: suffix; (2) followers; follower
རྗེས་འཇུག་ཕལ་ཆེར			most followers
རྗེས་འཐོབ			subsequent attainment
རྗེས་བསྟན་གྱི་གདམས་ངག			guidance that is subsequent teaching
རྗེས་བཟོད			subsequent forbearance
རྗེས་བཟུང			to be taken care of
རྗེས་དཔག			inference; inferential cognition
རྗེས་དཔག་བཅད་ཤེས			inferential subsequent cognizer
རྗེས་དཔག་གི་གཞལ་བྱ			object of inferential comprehension
རྗེས་དཔག་གི་རྗེས་སུ་བྱུང་བའི་རྟོག་པ			conceptual consciousness that arises subsequent to inference
རྗེས་དཔག་གི་རྟོག་པ			inferential conceptual consciousness; inferential conception
རྗེས་དཔག་གི་སྣང་ཡུལ			appearing object of inferential cognition
རྗེས་དཔག་གིས་དྲངས་པའི་རྟོག་པ་བཅད་ཤེས			conceptual subsequent cognition induced by inference
རྗེས་དཔག་ཚད་མ			inferential prime cognizer; inferential vaild cognizer; inferential valid cognition; inferential prime cognition
རྗེས་དྲན			subsequent mindfulness
རྗེས་ཁྱབ			forward entailment; forward pervasion
རྗེས་ཁྱབ་ཕྱིན་ཅི་ལོག			perverse forward pervasion
རྗེས་ཁྱབ་རྣལ་མ			normative forward pervasion; normative forward entailment
རྗེས་ལ			subsequent; after; afterwards
རྗེས་ལ་མངོན་རྟོགས			subsequent clear realizer
རྗེས་ལ་ཐོབ་པ			subsequent attainment
རྗེས་ལས་ཐོབ་པ་འཇིག་རྟེན་པའི་ཡེ་ཤེས			subsequently attained worldly wisdom
རྗེས་མཐུན			similitude; concordant with
རྗེས་མཐུན་པ			in accordance with; similitude
རྗེས་མཐུན་པར			concordant with
རྗེས་ཤེས			subsequent knowledge
རྗེས་སློབ			learn; train in
རྗེས་སོང			become; subsequently become; gone; passed
རྗེས་སུ			after; subsequent
རྗེས་སུ་འབྲང			follow
རྗེས་སུ་འབྲང་བ			follow
རྗེས་སུ་འབྲངས			follow
རྗེས་སུ་འབྲངས་བ			follow
རྗེས་སུ་འབྲེལ་འདོད			want to associate
རྗེས་སུ་འབྲེལ་བཅས་བཟློག་པ			perverse relation
རྗེས་སུ་འབྲེལ་བྱས་ནས			having related; having joined
རྗེས་སུ་འབྲེལ་པ			relate; join; subsequent relation
རྗེས་སུ་འཛིན			compassionately care for; take care of; follow; believe
རྗེས་སུ་འཛིན་པ			[after-to-grasp] compassionately care for; take care of; follow; believe
རྗེས་སུ་འགྲོ་བ			following; concomitance; forward concomitance
རྗེས་སུ་འཇུག			engage; enter; apply; continuity
རྗེས་སུ་འཇུག་པ			engage; enter; apply; continuity
རྗེས་སུ་འཕྲང་དགོས			need to follow
རྗེས་སུ་འཐོབ་པ			subsequently attain; subsequent attainment
རྗེས་སུ་བརྙེས་པ			attained; obtained
རྗེས་སུ་བརྟག་པ			investigate; analyze
རྗེས་སུ་བརྟག་པར་བགྱི་སྟེ			investigate; analyze
རྗེས་སུ་བརྟགས			investigate; analyze
རྗེས་སུ་བསམ་པ			think; subsequent thought
རྗེས་སུ་བསླབ			learn; train in
རྗེས་སུ་བསྲུང་བ			protect/guard/keep/maintain/preserve/safeguard [e.g., vows and pledges]
རྗེས་སུ་བསྟན་པ			teach; indicate; teaching
རྗེས་སུ་བསྟན་པའི་ཆོ་འཕྲུལ			miraculous teaching; wondrous teaching
རྗེས་སུ་བཙལ			seek; search for
རྗེས་སུ་བྱེད་པ			accord with; be concordant
རྗེས་སུ་བྱེད་པར་འགྱུར་ཞིང			accord with; be concordant
རྗེས་སུ་བྱུང་བ			arise after
རྗེས་སུ་བཟུང་བ			compassionately cared for; retained; took care of; followed; believed
རྗེས་སུ་བཟུང་བའི་ཕྱིར་དུ			for the sake of taking care of
རྗེས་སུ་ཆགས་པ			desire; become
རྗེས་སུ་དགའ་བར་བྱེད			happiness; joy
རྗེས་སུ་དཔག་བྱ			object to be inferred
རྗེས་སུ་དཔག་པ་ལས་བྱུང་བའི་རྟོག་པ			conceptual consciousness arisen from inferential cognition
རྗེས་སུ་དཔག་པའི་ཚད་མ			inferential prime cognizer; inferential prime cognition
རྗེས་སུ་དཔག་པར་བྱ་བ			object to be inferred
རྗེས་སུ་དཔྱད་པ			analyze; subsequently analyze
རྗེས་སུ་དཔྱོད་པ			analysis; subsequent analysis
རྗེས་སུ་དཔྱོད་པའི་སེམས			analytical mind; mind of subsequent analysis
རྗེས་སུ་དྲན་པ			memory; recollection; subsequently remember
རྗེས་སུ་གནང་བ			give; grant; make
རྗེས་སུ་གཏོད			focus; aim
རྗེས་སུ་གཟུང			compassionately care for; take care of; follow; believe
རྗེས་སུ་མི་འཇུག་མིན			non-non-engagement
རྗེས་སུ་མི་མཐུན་པ			[after-to-not-agree]; not concordant with; not agreeable to
རྗེས་སུ་མཐོང			see; appear; subsequently see; subsequently appear
རྗེས་སུ་མཐུན			concordant; similitude
རྗེས་སུ་མཐུན་བྱེད			accord with; concordant with
རྗེས་སུ་མཐུན་ལ་ཕྱིན་ཅི་ལོག			perverse concordance
རྗེས་སུ་མཐུན་པ			concordant; similitude
རྗེས་སུ་མཐུན་པ			concordant; in accordance with
རྗེས་སུ་མཐུན་པ་ལས་བྱུང་བའི་ཡིད་བྱེད			concordant mental contemplation
རྗེས་སུ་མཐུན་པའི་འབྲས་བུ			concordant effect
རྗེས་སུ་མཐུན་པའི་བཟོད་པ			concordant forbearance/patience/tolerance/endurance
རྗེས་སུ་མཐུན་པའི་ཆོས			concordant doctrines; concordant phenomena
རྗེས་སུ་མཐུན་པའི་ཆོས་ལ་སྤྱོད་ན			one who makes use of concordant doctrines/phenomena; one who practices concordant doctrines/phenomena
རྗེས་སུ་མཐུན་པར			concordant
རྗེས་སུ་མཐུན་པར་བྱེད			accord with
རྗེས་སུ་མཐུན་པར་སྤྱོད			concordant practice
རྗེས་སུ་མཐུན་པས་དགའ་བར་བྱའོ			concordant happiness
རྗེས་སུ་རིག་པར་བྱ་སྟེ			know
རྗེས་སུ་རྟོག་པ			examine; think
རྗེས་སུ་རྟོགས			realize; cognize
རྗེས་སུ་རྟོགས་པ			realize; cognize
རྗེས་སུ་རྟོགས་པར་བྱེད་པ			realize; cognize
རྗེས་སུ་སྦྱོར་བ			join; connect; apply
རྗེས་སུ་སྒྲུབ་པ			establish; prove
རྗེས་སུ་ཤེས་པ			subsequent knowledge; subsequent cognizer; subsequent cognition
རྗེས་སུ་སྐྱེས་པ			produce after
རྗེས་སུ་སློབ་པའི་ཚུལ			the mode of learning; way of learning
རྗེས་སུ་སོང་བ			become; subsequently become; gone; passed
༅རྗེས་སུ་སྤྱད་པ༏་རྗེས་སུ་དཔྱད་པ			analyze; subsequently analyze
རྗེས་སུ་སྲུང་བ			protect/guard/keep/maintain/preserve/safeguard [e.g., vows and pledges]
རྗེས་སུ་སྟོན			teach; indicate
རྗེས་སུ་སྟོན་བྱེད			teach; indicate
རྗེས་སུ་སྟོན་པ			teach; indicate
རྗེས་སུ་སྟོན་པར་བྱེད་པ			teach; indicate
རྗེས་སུ་ཐ་སྙད་འདོགས			subsequently impute conventional designations(S)
རྗེས་སུ་ཐ་སྙད་གདགས			subsequently impute conventional designations(S)
རྗེས་སུ་ཐོབ་པ			subsequent attainment
རྗེས་སུ་ཐོབ་པ་ཡེ་ཤེས			[after-attain-wisdom]; subsequently attained exalted wisdom; wisdom after arising from contemplative equipoise
རྗེས་སུ་ཡི་རང			admire; sympathize with; empathize with
རྗེས་སུ་ཡི་རང་བ			[after-to-mind-delight]; admire; sympathize with; empathize with
རྗེས་སུ་ཡི་རང་བའི་མོད་ལས་བྱུང་བ			arisen from admiration; arisen from sympathy with
རྗེས་སུ་ཡི་རང་སྒོམ་ལམ			(Great Vehicle) path of meditation of admiration
རྗེས་སུ་ཡིད་རང་བ་བསམ་པ			thought of admiration; thought of sympathy
རྗེས་སུ་ཡིད་རང་བའི་ཡིད་ལ་བྱེད་པ			mental engagement of admiration; mental engagement of sympathy
རྗེས་སུ་ཡོངས་སུ་བཟུང་བར			take care of; follow; believe
རྗེས་སུ་ཞུགས་པ			engage; enter; engagement; entrance
རྗེས་སུ་ཟུངས			follow; believe; take care of
རྗེས་ཐོབ			[after-attain]; attainment subsequent [to meditative equipoise]; subsequent attainment; state subsequent to meditative equipoise
རྗེས་ཐོབ་པ			subsequent attainment
རྗེས་ཐོབ་སྒྱུ་མ་ལྟ་བུ			subsequent realization of phenomena as illusory; illusory-like state subsequent to meditative equipoise
རྗེས་ཐོབ་ཡེ་ཤེས			exalted wisdom of subsequent attainment; wisdom subsequent to meditative equipoise
རྗོད			to speak; say; to express; state; expression; statement
རྗོད་བྱེད			means of expression; expressive; expressor
རྗོད་བྱེད་ཀྱི་སྒྲ			expressive term
རྗོད་བྱེད་ཀྱི་ཚིག			expressive terms
རྗོད་བྱེད་རྣམ་དག			completely correct means of expression
རྗོད་བྱེད་ཚིག་གི་དྲང་ངེས་འབྱེད་པ			differentiating the interpretable and the definitive on the level of the words that are the means of expression
རྗོད་བྱེད་ཚིག་གི་ཐེག་པ			vehicle as verbalizing words
རྐང་མགྱོགས			swift-footedness [a tantric feat]
རྐང་པ			foot; a line of poetry; leg
རྐང་པ་གཉིས་ཀྱི་མཐིལ			soles of the two feet
རྐང་པ་སྐོང་ཚེ་ཡི་འཐོབ་བོ			Yi obtains when filling out a line of poetry
རྐང་པའི་འོག་ན་གནས་པ			abiding under the foot
རྐང་པའི་མཐའ་ལ			at the end of a line of poetry
རྐང་པའི་མཐིལ			sole of the foot
རྐུབ			anus; rear end; the behind
རྐུབ་ཀྱག			chair
རྐུན་མ			robber; thief
རྐུན་པོ			robber; thief
རྐྱང			wild ass [a horse-like animal]
རྐྱང་མ			left channel
རྐྱང་པ			alone; only; mere
རྐྱེན			condition; cause; minor cause; factor; reason
རྐྱེན་འདི་པ་ཙམ་ཉིད			having just these conditions; conditionality
རྐྱེན་འགྱུར་གྱི་རིགས			developmental lineage
རྐྱེན་བསྟན་པ			indicating the condition
རྐྱེན་དང་ཕྲད			meet with conditions; encounter conditions
རྐྱེན་དང་ཕྲད་པར་འདོད་པ			wishing to meet with/encounter conditions
རྐྱེན་དབང་གིས་འཇུག་པ			operating/working through the force of conditions
རྐྱེན་དེ་དང་དེ་ལ་བརྟེན་ནས་དངོས་པོ་དེ་དང་དེ་དག་འབྱུང་ངོ			in dependence on this and that condition this thing and that thing arise
རྐྱེན་གྱི་དབང་གིས་འཇུག་པ			operating/working through the force of conditions
རྐྱེན་ལ་བརྟེན་ནས			having depended upon conditions; in dependence upon conditions
རྐྱེན་ལ་རག་ལས་པ			reliance on conditions
རྐྱེན་ལས་འབྱུང་བ			arisen from conditions
རྐྱེན་མ་ཚང་བ་མེད་པ			non-incompleteness of conditions
རྐྱེན་མི་ཟད་པ			non-exhaustion of conditions
རྐྱེན་རྣམས་གྲུབ་པ			accomplishing/achieving/establishing conditions
རྐྱེན་རྣམས་ཚོགས་ནས			the conditions having gathered
རྐྱོང			extend
རྐྱོངས			extend
རླབས			wave; billow
རླབས་ལྡན			endowed with waves (the ocean)
རླབས་པོ་ཆེ			great waves
རླན			wet
རླན་གཤེར			liquid
རླན་ཞིང་གཤེར་བ			wet and moistening
རློག			destroy; demolish; lose; crush; grind; harm
རློགས			destroy; demolish; lose; crush; grind; harm
རློམ			be conceited; be proud of; exaggerate; claim; boast; vanity; conceit; pride; presumption
རློམ་མེད་པ			nonconceit
རློམ་པ			conceit; presumption; claim; be conceited; be proud of; exaggerate; boast; vanity; pride
རློམ་སེམས			mental conceit; conceited mind
རློམ་སེམས་དང་བརྙས་པ			conceited mind and defeat
རློམ་སེམས་ཀྱི་ལྟུང་བའི་གནས			abide in the infraction of conceited mind
རློམ་སེམས་མེད་པ			non-conceited mind
རློམ་སེམས་སུ་བྱས			make a conceited mind; conceited
རློམ་སེམས་སུ་བྱེད			be conceited; proud
རློམ་སེམས་སུ་བྱེད་བརྙས་པར་བྱེད			be conceited; proud
རློམ་སེམས་སུ་གྱུར་པ			that is (a) conceited mind
རློམ་སེམས་སུ་མི་འགྱུར་བ			non-conceited mind
རློམ་སེམས་སུ་མི་བྱ་བ			non-conceited mind
རློམས			be conceited; be proud of; exaggerate; claim; boast; vanity; conceit; pride; presumption
རློན་པ			wet
རླུང			wind; wind (element - vāyu); wind (vital energy - prāṇa)
རླུང་དང་བཅས་པའི་ཆུ			wind together with water
རླུང་དབུ་མར་ཞུགས་གནས་ཐིམ་གསུམ			the winds entering, abiding, and dissolving in the central channels(TGP)
རླུང་གི་ཁམས			wind constituent
རླུང་གི་རྣལ་འབྱོར			wind yoga
རླུང་ལྦ			wind goiter
རླུང་ནི་རང་བཞིན་གྱིས་གཡོ་བའི་ཕྱིར			because wind is naturally moving
རྨ་བྱ			peacock
རྨ་བྱའི་མདོངས			the "eyes" in a peacock's feathers(LWT 21)
རྨད་འབྱུང་བ			marvellous; astonishing; wonderful; marvel
རྨད་བྱུང་བ			marvellous; astonishing; wonderful; marvel
རྨད་དུ་འབྱུང་བ			marvellous; astonishing; wonderful; marvel
རྨད་དུ་བྱུང			marvellous; astonishing; wonderful; marvel
རྨད་དུ་བྱུང་བ			marvellous; astonishing; wonderful; marvel; marvelous
རྨད་དུ་བྱུང་བའི་ཆོས་ཀྱི་སྡེ			marvellous phenomena; marvels
རྨངས་མོ			Base One
རྨེག་མེད་དུ་བཅོམ			destroy into total disorder
རྨི་འདྲ			as in a dream
རྨི་ལམ			dream(BJ 59.6)
རྨི་ལམ་འདྲ་བ			dream-like; like a dream; similar to a dream
རྨི་ལམ་དུ་རྨིས་པ			to dream; have a dream(Ship 65b.4)
རྨི་ལམ་ལྟ་བུ་ཉིད			dream-like
རྨི་ལམ་རྨིས་པ			to dream; have a dream(Ship 65b.4)
རྨི་ལྟས་སུ་མཐོང་བ			dream seeing
རྨིགས་པ			lizards
རྨིས་པ་དང་མཚུང་པ			similar to a dream
རྨོངས			obscuration; delusion; confusion; ignorance; dullness
རྨོངས་པ			obscuration; delusion; confusion; ignorance; dullness
རྨོངས་པ་བྱེད་པ			delude; obscure; serve to obscure/dull/confuse
རྨོངས་པ་དང་བཅས་པ			obscured; having obscurations; deluded; confused; be dull
རྨོངས་པ་མེད་པ			non-obscuration; non-delusion; non-deluded; non-confused
རྨོངས་པར་འགྱུར			obscured; deluded
རྨོནས་པའི་རང་བཞིན་ཅན			having deluded nature; stupid(S)
རྨུགས་པ			lethargy; obscuration
རྨུགས་པ་དང་གཉིད			lethargy and sleep
རྨུགས་པ་དང་གཉིད་ཆུང་བ			lethargy and sloth
རྣ			ear
རྣ་བ			ear
རྣ་བའི་དབང་པ			ear sense power
རྣ་བའི་དབང་པོ			ear sense; ear sense power
རྣ་བའི་རྣམ་པར་ཤེས་པ			ear-consciousness; ear consciousness
རྣ་བའི་རྣམ་ཤེས			ear consciousness
རྣ་ཤེས			ear-consciousness; ear consciousness
རྣ་ཤེས་ཀྱི་ཉན་བྱ			heard object of an ear-consciousness
རྣ་སྟག			get from Lag Len/ rDor 'grel
རྣའི་མངོན་པར་ཤེས་པ			clairaudience  (T)
རྣག			pus
རྣག་གི་ཀླུང			pus-river
རྣག་གིས་གང་བ			filled with pus
རྣལ			rest; tranquillity
རྣལ་འབྱོར			[tranquillity-receive]; yoga; yogin [one who has calmed the mind and attained the ability to analyze phenomena]
རྣལ་འབྱོར་བླ་མེད			Highest Yoga Tantra
རྣལ་འབྱོར་བླ་མེད་ཀྱི་རྒྱུད			Highest Yoga Tantra; Unsurpassed Yoga Tantra
རྣལ་འབྱོར་བླ་ན་མེད་པ			Highest Yoga
རྣལ་འབྱོར་གཅིག་ལྡན			sole yoga; single yoga; yoga having a single [deity]
རྣལ་འབྱོར་གྱི་རྒྱུ			cause of yoga
རྣལ་འབྱོར་གྱི་ས			yogic ground
རྣལ་འབྱོར་གྱི་ས་རྣམ་པ་ལྔ			five aspects of the yogic ground
རྣལ་འབྱོར་མ			a female practitioner of yoga  (T)
རྣལ་འབྱོར་མངོན་སུམ			yogic direct perceiver; yogic direct perception(N)
རྣལ་འབྱོར་མངོན་སུམ་བཅད་ཤེས			yogic direct subsequent cognizer
རྣལ་འབྱོར་མངོན་སུམ་གྱི་ཚད་མ			direct perceiver that is a yogic direct perceiver
རྣལ་འབྱོར་ནི་ཐབས་ཡིན་པ			yoga is the method  (T)
རྣལ་འབྱོར་པ			yogin
རྣལ་འབྱོར་པ་རྣམས་ཀྱི་ཡིད་ལ་བྱེད་པ			mental engagement of yogins
རྣལ་འབྱོར་པའི་ཡིད་ངོ་ན			for the yogi's mind ...
རྣལ་འབྱོར་རྒྱུད			Yoga Tantra
རྣལ་འབྱོར་རྣམ་པར་མི་རྟོག			non-conceptual yoga
རྣལ་འབྱོར་སྤྱོད་པ			Yogāchāra; practice of yoga
རྣལ་འབྱོར་སྤྱོད་པ་པ			Yogic Practitioners
རྣལ་འབྱོར་སྤྱོད་པའི་དབུ་མ་རང་བརྒྱུད་པ			Yogic Practice Middle Way Autonomy School
རྣལ་འབྱོར་སྤྱོད་པའི་དབུ་མ་རང་རྒྱུད་པ			Yogācara-Svātantrika-Mādhyamika; Yogic Autonomy Middle Way School
རྣལ་མ			natural; normal; normative; full-fledged
རྣམ			(1) [=rnam pa]: aspect; type; kind; (2) intensifier [sanskrit vi-]
རྣམ་འབྱེད			differentiate; separate; open
རྣམ་འབྱེད་པ			differentiate; separate; open
རྣམ་འབྱེས			distinct
རྣམ་འགྲེལ			[Dharmakīrti's] Commentary on (Dignāga's) "Compilation of Valid/Prime Cognition" [tshad ma rnam 'grel gyi tshig le'ur byas pa, pramāṇa-vārttikakārikā; P5709, vol. 130], commentary [in general]
རྣམ་འགྲེལ་བརྩམས			composition of commentary
རྣམ་འགྲེལ་ཐར་ལམ་གསལ་བྱེད			[Gyel-tsap's] Illumination of the Path to Liberation / Explanation of (Dharmakīrti's) Commentary on (Dignāga's) "Compilation of Prime Cognition": Unerring Illumination of the Path to Liberation [thar lam gsal byed / tshad ma rnam 'grel gyi tshig
རྣམ་འགྱུར			manifestation
རྣམ་འཇོམས་པ			harm; injure; damage
རྣམ་འཕེལ			increase; impel
རྣམ་འཕྲོ			scattering
རྣམ་འཚེ			harmfulness; harm
རྣམ་བཅད			[mere] elimination; elimination(N)
རྣམ་བཅད་ཡོངས་གཅོད་གང་ཞིག་གཉིས་དང་གཉིས་མ་ཡིན་གྱི་ཕུང་གསུམ་སེལ་བ			(1) [the two are] eliminator and eliminated; and (2) [their being] two or not two or some third possibilty is eliminated
རྣམ་བཅད་ཡོངས་གཅོད་ཀྱི་སྒོ་ནས་མི་མཐུན་པར་གནས་པ			no common abiding from the point of view of being eliminator and eliminated
རྣམ་བཅུ			ten aspects
རྣམ་བདེན་པ			True Aspectarian; True Aspectarian School
རྣམ་བདུན			seven types; seven aspects
རྣམ་བདུན་གྱི་རིགས་པ			Sevenfold Reasoning
རྣམ་བརྫུན་པ			False Aspectarian
རྣམ་བརྒྱད			eight aspects
རྣམ་བརྟགས			the imputed
རྣམ་བསལ			eradicate; remove; clear away; eliminate; avoid; exclude; separate
རྣམ་བསམས			think; thought
རྣམ་བཤད			explanation; Gyal-tshab's Explanation; Gyal-tshab-dar-ma-rin-chen’s (rgyal tshab dar ma rin chen; 1364-1432) Explanation Illuminating the Meaning of the Commentaries on (Maitreya’s) “Treatise of Quintessential Instructions on the Perfection of Wisdom; Ornament for the Clear Realizations”: Ornamen...
རྣམ་བཤད་རིགས			Vasubandhu's Reasoning for Explanations (P. 5562, vol. 113)
རྣམ་བྱང			purification; very pure
རྣམ་བྱང་གི་ཆོས			very pure phenomenon; phenomenon of purification [i.e. liberation](Lati)
རྣམ་བྱང་གཟུང་རྟོག			conception of thoroughly pure objects
རྣམ་བཞག			presentation(N)
རྣམ་བཞག་བཤད་པ་ལ			with respect to explaining the presentation ...
རྣམ་བཞག་ལེགས་པར་བཤད་པ			eloquent presentation
རྣམ་བཞག་མེད་པ			not in meditative equipoise
རྣམ་བཞག་པ			meditative equipoise
རྣམ་བཞག་རིམ་པའི་རྣམ་བཤད			Explanation of the Stages of the Presentation ? [Dzong-ka-ba's commentary on Nāgabodhi's Ordered Stages of the Means of Achieving Guhyasamaja]
རྣམ་བཞི			four aspects
རྣམ་ཅན			having the aspect(LG)
རྣམ་ཆད་པ			cut off
རྣམ་དག			very pure; complete
རྣམ་དག་གི་དམིགས་པའི་གཙོ་བོ			main object of observation
༅རྣམ་དག་གི་དམིགས་པའི་གཙོ་བོ༏་རྣམ་དག་དམིགས་པའི་གཙོ་བོ			main object of observation of purification
༅རྣམ་དག་གི་དམིགས་པའི་གཙོ་བོ།རྣམ་དག་དམིགས་པའི་གཙོ་བོ			main object of observation of purification
རྣམ་དག་གྱུར			become very pure
རྣམ་དག་ལམ་གྱི་དམིགས་པ་མཐར་ཐུག			final object of observation by a path of purification
རྣམ་དག་ལམ་གྱི་དམིགས་པ་མཐར་ཐུག་ཏུ་གྱུར་པའི་དེ་བཞིན་ཉིད			thusness that is a final object of observation of a path of purification
༅རྣམ་དག་ལམ་གྱི་དམིགས་པ༏་རྣམ་དག་ལམ་གྱི་དམིགས་ཡུལ			object of observation by a path of purification
༅རྣམ་དག་ལམ་གྱི་དམིགས་པ།རྣམ་དག་ལམ་གྱི་དམིགས་ཡུལ			object of observation by a path of purification
རྣམ་དག་ལམ་གྱི་དམིགས་ཡུལ			object of observation by a path of purification
རྣམ་དག་པ			very pure; complete
རྣམ་དག་སྒོམ་ལམ			[Great Vehicle] path of complete purity; very pure path of meditation
རྣམ་དབྱེད			division (?)
རྣམ་དཀར			wholesome; very white
རྣམ་དཔྱད་བསམ་པ་ཅན			having analytical thoughts
རྣམ་དཔྱོད			discrimination; analysis(BJ 8.3)
རྣམ་དཔྱོད་པ			discrimination; analysis
རྣམ་གཡེང			distraction
༅རྣམ་གཅོས་ཡོང་གཅོད༏་རྣམ་བཅད་ཡོངས་གཅོད			an exclusionary elimination and an inclusionary elimination
རྣམ་གཉིས་སུ་འཇུག་པ			related in two ways
རྣམ་གྲངས			enumeration; format; framework; synonym
རྣམ་གྲངས་དུ་མ			many forms; many synonyms; many formats
རྣམ་གྲངས་དུ་མའི་སྒོ་ནས			from many points of view
རྣམ་གྲངས་མ་ཡིན་པ			non-metaphoric(N)
རྣམ་གྲངས་པའི			metaphoric(N)
རྣམ་གྲངས་པའི་ཀུན་བརྟགས			enumerated imputations
རྣམ་གྲོལ			release
རྣམ་གྲོལ་ལམ			path of release
རྣམ་ཀུན			all aspects
༅རྣམ་ཀུན་མཁྱེན་ཉིད་། རྣམ་ཀུན་མཁྱེན་པ་། རྣམ་ཀུན་མཁྱེན་པ་ཉིད			exalted-knower-of-all-aspects
༅རྣམ་ཀུན་མངོན་པར་རྫོགས་པར་རྟོགས་པ༏་རྣམ་རྫོགས་སྦྱོར་བ			complete training in all the aspects; complete realization of all the aspects
རྣམ་ཀུན་ཤིན་ཏུ་བ			utmost from all aspects
རྣམ་ལོག			reverse; oppose; to return
རྣམ་མང་གཟུགས་དག			many aspects and forms
རྣམ་མང་པོ			many kinds; many aspects
རྣམ་མི་རྟོག་པ			non-conceptual
རྣམ་མཁྱེན			exalted-knower-of-all-aspects
རྣམ་མཁྱེན་གྱི་གཞལ་བྱ			object of cognition by an omniscient consciousness; object of comprehension of an omniscient consciousness
རྣམ་མཁྱེན་གྱིས་རྟོགས་པར་བྱ་བ			object of comprehension by an omniscient consciousness
རྣམ་མཁྱེན་སྦྱོར་བ			training in an exalted-knower-of-all-aspects
རྣམ་མཁྱེན་སྦྱོར་བའི་ལམ་ཤེས			knower of paths that is a training in an exalted-knower-of-all-aspects
རྣམ་མཁྱེན་སྦྱོར་བའི་ངོ་བོ་ཉིད་བདུན			seven essentials of a training in an exalted-knower-of-all-aspects
༅རྣམ་མཁྱེན༏་རྣམ་པ་ཐམས་ཅད་མཁྱེན་པ་ཉིད			knower of all aspects; exalted knower of all aspects; omniscient consciousness; omniscience
རྣམ་ངེས			Dharmakīrti's Ascertainment of Valid Cognition (P. 5701, vol. 130)
རྣམ་པ			aspect; subjective aspect; representation; kind; type; form
རྣམ་པ་བཅུ			ten aspects
རྣམ་པ་བདེན་པར་སྨྲ་བ			True Aspectarian Proponents; True Aspectarian School
རྣམ་པ་བདུན			seven types; seven aspects
རྣམ་པ་བཞི			four aspects; four kinds
རྣམ་པ་བཞི་པ་སྒོམ་པ			cultivate/meditate on four aspects
རྣམ་པ་ཆད་པ			cut off; annihilated
རྣམ་པ་དག་གིས			of how many kinds?
རྣམ་པ་དང་མཐུན་པ			similar in aspect
རྣམ་པ་དགོད་པ			set/state/establish/arrange/register/make a record/place [on throne]/put [a signature]; array; affix
རྣམ་པ་དགུ			nine aspects
རྣམ་པ་དྲུག			six kinds; six aspects
རྣམ་པ་དྲུག་ཏུ			in six ways
རྣམ་པ་དུ་མ			in many forms
རྣམ་པ་གང་ཡིན			whatever aspect
རྣམ་པ་གཅིག་ཏུ་སྒྱུར་པ			change/transform into one aspect
རྣམ་པ་གཅིག་ཏུ་སྟོན			indicated as one aspect
རྣམ་པ་གཉིས			of two kinds
རྣམ་པ་གསུམ་ཅུ་རྩ་བདུན་བསྒོམ་པ			cultivate/meditate on the thirty-seven aspects
རྣམ་པ་གཞན་དུ་མི་འགྱུར་བ་དང་རྣམ་དག་ལམ་གྱི་དམིགས་པ་མཐར་ཐུག་དང་དགེ་བའི་ཆོས་ཐམས་ཅད་ཀྱི་མཆོག་ཡིན་པས་ན་ཡོངས་གྲུབ་ཅེས་བྱ			called thoroughly established because of not changing into another aspect, being a final object of observation of a path of purification, and being the supreme of all virtuous phenomena
རྣམ་པ་ཀུན			all aspects; all ways
རྣམ་པ་ཀུན་མཁྱེན་པ་ཉིད			exalted knowledge of all aspects
རྣམ་པ་ཀུན་ཏུ			all aspects
རྣམ་པ་ལྔ			five aspects
རྣམ་པ་མ་དག་པ་ཡང་མ་ཡིན			neither pure nor impure
རྣམ་པ་མང་པོ			many aspects; many forms; many kinds
རྣམ་པ་མེད་པ			no aspects; aspectless
རྣམ་པ་རང་བཞིན་མེད་པའི་དོན་ངེས་པའི་བློ			an awareness which has the subject aspect of ascertaining the meaning of non-inherent existence
རྣམ་པ་རིག་པ་ཙམ			cognition-only
རྣམ་པ་སྣ་ཚོགས			various kinds; various forms; various aspects
རྣམ་པ་སྣ་ཚོགས་ཅན			having various aspects; having various kinds
རྣམ་པ་སྣ་ཚོགས་སུ་ཉེ་བར་གནས་པ			abiding in various aspects
རྣམ་པ་ཐ་དད་པ་དག			different types; different aspects
རྣམ་པ་ཐམས་ཅད			all aspects; all types; all kinds
རྣམ་པ་ཐམས་ཅད་དག་བཞི			four purities in all aspects
རྣམ་པ་ཐམས་ཅད་དུ			in all ways; in every way; in all aspects
རྣམ་པ་ཐམས་ཅད་དུ་རྟོགས་པ			understand all aspects; realize all aspects
རྣམ་པ་ཐམས་ཅད་མཁྱེན་ཉིད་ལམ			path of an exalted-knower-of-all-aspects; path of an exalted knower of all aspects
རྣམ་པ་ཐམས་ཅད་མཁྱེན་པ			exalted knower of all aspects; omniscient consciousness; omniscience
རྣམ་པ་ཐམས་ཅད་མཁྱེན་པ་ཉིད			knowledge of all aspects; exalted knower of all aspects; omniscient consciousness
༅རྣམ་པ་ཐམས་ཅད་མཁྱེན་པ་ཉིད༏་རྣམ་མཁྱེན			exalted knower of all aspects
རྣམ་པ་ཐམས་ཅད་མཚན་ཉིད			character of all aspects
རྣམ་པ་ཐམས་ཅད་རྟོགས			realize all aspects; understand all aspects.
རྣམ་པ་ཐམས་ཅད་ཡོངས་སུ་རྫོགས་པ			perfect in all aspects; complete in every respect
རྣམ་པ་ཙམ			mere aspect; mere kind
རྣམ་པ་ཡོངས་སུ་དག་པ			completely pure aspect
རྣམ་པའི་དབྱེ་བ			division of aspects
རྣམ་པའི་མཆོག་ཐམས་ཅད་དང་ལྡན་པ			having all the best aspects
རྣམ་པའི་རབ་ཏུ་དབྱེ་བ			division of aspects
རྣམ་པར			as the aspect
རྣམ་པར་འབྲལ་བ			to be devoid of; free from
རྣམ་པར་འབྲེལ་བ			join; relate; connect
རྣམ་པར་འབྱེད			differentiate; to separate; open; separate
རྣམ་པར་འབྱེད་པ			differentiate; to separate; open; separate
རྣམ་པར་འབྱེད་པར་བྱེད			differentiate; to separate; open; separate
རྣམ་པར་འདྲེན་པ			leader; guide
རྣམ་པར་འགྲེལ་བ			comment upon; elucidate; explain
རྣམ་པར་འགྲེལ་བར་བྱེད			comment upon; elucidate; explain
རྣམ་པར་འགྲོལ་བ			liberated; freed
རྣམ་པར་འགྱུར་བ			change; become; transform
རྣམ་པར་འགྱུར་བ་མེད་པའི་ཆོས་ཅན			unchanging subject
རྣམ་པར་འཇིག་པ			destroy; disintegrate
རྣམ་པར་འཇིག་པར་འགྱུར			will be destroyed; will disintegrate
རྣམ་པར་འཇིག་པར་འགྱུར་བ			will be destroyed; will disintegrate
རྣམ་པར་འཇིག་པར་བགྱིད་པ			destroy; disintegrate
རྣམ་པར་འཇིག་པར་བྱེད			destroy; disintegrate
རྣམ་པར་འཇིག་པར་མི་བགྱིད་པ			not destroy; not disintegrate
རྣམ་པར་འཇོག་བྱེད་ཆོས་གསུམ			three properties of a positer
རྣམ་པར་འཇོག་པ			posit; set; assign; designate; put
རྣམ་པར་འཁྲུག			disturbance
རྣམ་པར་འཁྲུག་ཅིང			be disturbed; angry; fight
རྣམ་པར་འཁྲུག་མེད			without disturbance; not disturbed; not angry
རྣམ་པར་འཁྲུག་པར་འགྱུར་ཞིང			become disturbed; become angry; fight
རྣམ་པར་འཁྲུགས་པ			be disturbed; be angry; fight
རྣམ་པར་འཕེལ་བ			increase
རྣམ་པར་འཕེལ་བྱེད་པ			increaser; increase
རྣམ་པར་འཕྲོ་བ			scatter; spread; diffuse
རྣམ་པར་འཕྲུལ			emanate
རྣམ་པར་འཐོར་བ			separate; scatter
རྣམ་པར་འཚེ་བ			harmfulness
རྣམ་པར་འཚེ་བ་བཟོད་པ			patience/forbearance/tolerance/endurance with respect to harmfulness
རྣམ་པར་བཅད་པ			elimination; mere elimination(N)
རྣམ་པར་བཅིལ་བ			abandon; give up; subjugate
རྣམ་པར་བཀོད་པ			set; state; establish; arrange; register; make a record; place [on throne]; put [a signature]; array; affix
རྣམ་པར་བཀུར་བ			respect; service
རྣམ་པར་བལྟ་བ			view; look; see
རྣམ་པར་བལྟའོ			you should view
རྣམ་པར་བལྟས་ནས			having viewed; having seen
རྣམ་པར་བྲལ་བ			completely free from
རྣམ་པར་བརྟགས་པ			impute; designate
རྣམ་པར་བརྟགས་པའི་གཟུགས			imputed form
རྣམ་པར་བརྩེ་བ			one-pointed
རྣམ་པར་བསལ			eradicate; remove; clear away; eliminate; avoid; exclude; separate
རྣམ་པར་བསམ			think; intend
རྣམ་པར་བསམ་པ			think; thought; intended; intention
རྣམ་པར་བསམས			think; thought; intend
རྣམ་པར་བསྒྲུབས་པ			achieve; attain; accomplish; establish
རྣམ་པར་བཤད་པ			explanation
རྣམ་པར་བཤད་པའི་རིགས་པ			Vasubandhu's Reasoning for Explanations (P. 5562, vol. 113)
རྣམ་པར་བཤིག་ནས			having destroyed
རྣམ་པར་བཤིག་པ			destroy
རྣམ་པར་བསྙད་པ			emphasize; announce
རྣམ་པར་བཏག་ཏུ་མེད་པ			not imputed; not designated
རྣམ་པར་བཏགས་པའི་གཟུགས			imputed form
རྣམ་པར་བྱང			purify; cleanse; purification
རྣམ་པར་བྱང་བ			purification; purify; cleanse
རྣམ་པར་བྱང་བ་མ་ཡིན་པ			non-purification; not purified
རྣམ་པར་བྱང་བའི་ཆོས			a very pure phenomenon(N)
རྣམ་པར་བྱང་བའི་རང་བཞིན			nature of purity; pure nature
རྣམ་པར་བྱང་བར་འགྱུར			purify; become pure
རྣམ་པར་བཞག་པ			presentation
རྣམ་པར་བཞག་པ་ཡོངས་སུ་དཔྱོད་པ			analysis of the presentation
རྣམ་པར་བཟློག			reverse; reversing
རྣམ་པར་བཟློག་པ			reverse; reversing
རྣམ་པར་དག			very pure; complete; purify; purity
རྣམ་པར་དག་བྱ			object of purification
རྣམ་པར་དག་ཉིད			purity
རྣམ་པར་དག་པ			(very-pure); very pure; complete; purity(BJ 38.1)
རྣམ་པར་དག་པ་གཞན་གྱི་དབང་ཉིད			other-powered purity
རྣམ་པར་དག་པ་མེད			not purify; impurity
རྣམ་པར་དག་པ་ཉིད			purity
རྣམ་པར་དག་པ་རྒྱ་ཆེན			extensive purity
རྣམ་པར་དག་པའི་དེ་བཞིན་ཉིད			pure suchness; suchness of purity
རྣམ་པར་དག་པའི་དེ་ཁོ་ན			pure suchness; suchness of purity
རྣམ་པར་དག་པའི་དམིགས་པ			object of observation of purification
རྣམ་པར་དག་པའི་གནས			very pure place; abide in purity
རྣམ་པར་དག་པའི་ཁྱད་པར			very pure distinction; complete distinction
རྣམ་པར་དག་པའི་མཚན་ཉིད			characteristic of purification
རྣམ་པར་དག་པའི་སྣོད			very pure vessel
རྣམ་པར་དག་པའི་ཐབས			method(s) of purity
རྣམ་པར་དག་པར་འགྱུར་བ			purify; become pure
རྣམ་པར་དག་པར་བྱ་བ			object of purification
རྣམ་པར་དག་ཡུལ			object of purification; pure object
རྣམ་པར་དབྱེ			divide; division; open; differentiate; differentiation
རྣམ་པར་དབྱེ་བ			divide; open; differentiate
རྣམ་པར་དབྱེ་བར་བྱ			divide; open; differentiate
རྣམ་པར་དགོད་རྣམ་པར་འགྲེལ་བ			comment upon a statement
རྣམ་པར་དཀྲུགས་པར་མི་བྱ་སྟེ			disturb; agitate
རྣམ་པར་དཔྱད			analysis; discrimination
རྣམ་པར་དཔྱད་པ			analysis; discrimination
རྣམ་པར་དཔྱོད			analysis; discrimination
རྣམ་པར་དཔྱོད་པ			analysis; discrimination
རྣམ་པར་དཔྱོད་པ་དང་བཅས་པ			together with discrimination; having discrimination
རྣམ་པར་དཔྱོད་པ་མེད་པ			non-discrimination; non-analysis
རྣམ་པར་དཔྱོད་པ་ཙམ་གྱི			mere discrimination; mere analysis
རྣམ་པར་དཔྱོད་པར་བྱེད			discriminate; analyze
རྣམ་པར་གཡེང་བ			distraction
རྣམ་པར་གཡེང་བ་མེད་པ			non-distraction
རྣམ་པར་གཡེང་བ་མེད་པའི་སེམས			non-distracted mind
རྣམ་པར་གཡེང་བྱ			distract; distracted
རྣམ་པར་གཡེངས་པ			distraction
རྣམ་པར་གཡོ			move; fluctuate
རྣམ་པར་གཡོ་བ			move; fluctuate
རྣམ་པར་གཡོང་བ			distraction
རྣམ་པར་གནས་པ་མེད་པ			non-abiding; not remain
རྣམ་པར་གནོན་པ			harm; damage
རྣམ་པར་གྲགས་པ			renowned; famous
རྣམ་པར་གྲོལ			released; liberated
རྣམ་པར་གྲོལ་འདྲ་བ་ཉིད			release; liberation
རྣམ་པར་གྲོལ་བ			released; liberated; liberation
རྣམ་པར་གྲོལ་བ་མཆོག			highest liberation
རྣམ་པར་གྲོལ་བ་མཚུངས་པ			similarity with liberation
རྣམ་པར་གྲོལ་བ་ཉམས་པ			abandon liberation
རྣམ་པར་གྲོལ་བ་ཡོངས་སུ་ཚོལ་བ			thoroughly investigate/examine/research/seek liberation
རྣམ་པར་གྲོལ་བའི་འཇུག་པ			enter into liberation
རྣམ་པར་གྲོལ་བའི་དགའ་བ་དང་བདེ་བ་ཡང་དག་པར་མྱོང་བ			thoroughly experience the happiness and bliss of liberation
རྣམ་པར་གྲོལ་བའི་མཚན་ཉིད			characteristic of liberation
རྣམ་པར་གྲོལ་བའི་ཐབས་ཆེན			the great method(s) of liberation
རྣམ་པར་གྲོལ་བའི་ཡེ་ཤེས			exalted wisdom of liberation
རྣམ་པར་གྲོལ་བའི་ཡེ་ཤེས་གཟིགས་པ			realize the exalted wisdom of liberation
རྣམ་པར་གྲོལ་བར་འགྱུར			become liberated
རྣམ་པར་གྲོལ་བར་བྱ			be liberated; be freed
རྣམ་པར་གྲོལ་བར་བྱ་བ			object of liberation
རྣམ་པར་གྲོལ་བར་བྱེད			liberate
རྣམ་པར་གྲོལ་བར་བྱེད་པ			liberate
རྣམ་པར་གྲོལ་བར་མཉམ་པ་ཉིད			sameness of liberation
རྣམ་པར་གྲོལ་ལ་སྦྱོར་བ			connection to liberation; exertion in liberation
རྣམ་པར་གསལ་བ			clarify
རྣམ་པར་གཏན་ལ་དབབ་པ			ascertain; ascertainment
རྣམ་པར་གྱུར་པ			unbalanced state
རྣམ་པར་གཞག			posit; establish; abide
རྣམ་པར་གཞག་བྱ་ཆོས་གསུམ			three properties of a posited object
རྣམ་པར་གཞག་པ			posit; establish; abide
རྣམ་པར་གཞིག་པ			break down
རྣམ་པར་གཞིག་པར་བགྱི་བ			break down
རྣམ་པར་གཟིགས			viewing; look; see
རྣམ་པར་གཟིགས་པ་གྱུར་པ་ཡིན			viewing; look; see
རྣམ་པར་ཁོང་དུ་ཆུད་པའི་དམིགས་པ			object of observation that is understood
རྣམ་པར་ལྡོག			isolate; reverse
རྣམ་པར་ལོག་ནས			having reversed; having returned
རྣམ་པར་ལྟ			view; look; see
རྣམ་པར་ལྟ་བ			view; look; see
རྣམ་པར་མ་བརྟགས་པ			non-imputed; not designated
རྣམ་པར་མ་དག་པ			not purified; impure
རྣམ་པར་མ་དག་པའི་ཆོས་ཅན			impure subject
རྣམ་པར་མ་གྱུར་པ			balanced state
རྣམ་པར་མི་འཚེ་བ			non-harmfulness
རྣམ་པར་མི་གཡེང་བ			non-distraction (T)
རྣམ་པར་མི་ལྟ་བ			not view; not look; not see
རྣམ་པར་མི་མཁྱེན་པ			not know
རྣམ་པར་མི་རྟོག			non-conceptual
རྣམ་པར་མི་རྟོག་ཉིད			non-conceptuality
རྣམ་པར་མི་རྟོག་པ			non-conceptual; non-conceptuality
རྣམ་པར་མི་རྟོག་པ་འདོད་པ			non-conceptual desire
རྣམ་པར་མི་རྟོག་པ་ཉིད			non-conceptuality
རྣམ་པར་མི་རྟོག་པ་ཡིན་པ			non-conceptual; non-conceptuality
རྣམ་པར་མི་རྟོག་པའི་གཟུགས་བརྙན			non-analytical image
རྣམ་པར་མི་རྟོག་པའི་ལམ་བསྒོམས་པ			cultivate the path of non-conceptuality
རྣམ་པར་མི་རྟོག་པའི་མཚན་ཉིད			characteristic of non-conceptuality; non-conceptual characteristic
རྣམ་པར་མི་རྟོག་པའི་ཡེ་ཤེས			non-conceptual exalted wisdom
རྣམ་པར་མི་རྟོག་པའི་ཡེ་ཤེས་ཀྱིས			through non-conceptual exalted wisdom
རྣམ་པར་མི་རྟོག་ཐབས་ཡོངས་བཟུང་བ			discern the method of non-conceptuality
རྣམ་པར་མི་རྟོག་ཡེ་ཤེས་ལྡན			having non-conceptual exalted wisdom
རྣམ་པར་མཁྱེན་པ			know; exalted knower
རྣམ་པར་ངེས			ascertain; ascertainment; definite
རྣམ་པར་ངེས་པ			ascertain; ascertainment; definite
རྣམ་པར་ཉམས			spoiled; deficient; degenerate
རྣམ་པར་ཉམས་པ			spoiled; deficient; degenerate
རྣམ་པར་ཕྱེ			distinguish; differentiate; separate; open
རྣམ་པར་ཕྱེ་བ			distinguish; differentiate; separate; open
རྣམ་པར་རིག			knowledge; know; ideation
རྣམ་པར་རིག་བྱེད			reveal; revelatory
རྣམ་པར་རིག་བྱེད་མ་ཡིན་པའི་གཟུགས			non-revealing form; nonrevelatory form
རྣམ་པར་རིག་པ			knowledge; know; ideation; cognition
རྣམ་པར་རིག་པ་བྱེད་པ			know
རྣམ་པར་རིག་པ་མེད་པ			non-knowledge; not know; non-ideation
རྣམ་པར་རིག་པ་ཙམ			knowledge-only; ideation-only; cognition-only
༅རྣམ་པར་རིག་པ༏་རྣམ་རིག			cognition
རྣམ་པར་རིག་པའི་དེ་བཞིན་ཉིད			suchness of knowledge; suchness of ideation
རྣམ་པར་རིག་པའི་དེ་ཁོ་ན			suchness of knowledge; suchness of ideation
རྣམ་པར་རིག་པར་བྱ་བ			object of knowledge; object of ideation
རྣམ་པར་རིག་པར་བྱ་བ་མ་ཡིན			not an object of knowledge; not known; not an object of ideation
རྣམ་པར་རིག་པར་བྱེད་པ			knower; know
རྣམ་པར་རིག་པར་བྱེད་པའི་གཟུགས			revelatory form
༅རྣམ་པར་རིག་པར་བྱེད་པའི་གཟུགས༏་རྣམ་པར་རིག་བྱེད་ཀྱི་གཟུགས			revelatory form
རྣམ་པར་རྨོངས་པ			very deluded
རྣམ་པར་རོལ་པ			sport
རྣམ་པར་རོལ་པའི་ལས			actions of sport; sportive actions
རྣམ་པར་རྟོག			ideation; think; conceptualize; conceptual consciousness
རྣམ་པར་རྟོག་ཅིང			think; conceptualize
རྣམ་པར་རྟོག་པ			ideation; think; conceptualize; conceptual consciousness
རྣམ་པར་རྟོག་པ་དང་བཅས་པ			having ideation; together with conceptualization
རྣམ་པར་རྟོག་པ་དང་བཅས་པའི་གཟུགས་བརྣན			image that is connected with ideation/conceptualization
རྣམ་པར་རྟོག་པ་དང་བཅས་པའི་གཟུགས་བརྙན			analytical image
རྣམ་པར་རྟོག་པ་ལས་བྱུང་བ			arisen from ideation; arisen from conceptualization
རྣམ་པར་རྟོག་པ་མེད་ཅིང			non-ideation; non-conceptualization
རྣམ་པར་རྟོག་པ་མེད་ཅིང			non-ideation; non-conceptualization
རྣམ་པར་རྟོག་པ་མེད་པ			non-ideation; non-conceptualization
རྣམ་པར་རྟོག་པ་རྣམས་ཀྱི་དེ་བཞིན་ཉིད			suchness of ideations/conceptualizations
རྣམ་པར་རྟོག་པ་རྣམས་ཡང་དག་པར་ཟད་པ			complete extinction of ideations/conceptualizations
རྣམ་པར་རྟོག་པ་ཐམས་ཅད་སྤངས			abandon all ideation; abandon all conceptualization
རྣམ་པར་རྟོག་པ་ཡོངས་སུ་ཚོལ་བ			thoroughly investigate/examine/research ideation/conceptualization
རྣམ་པར་རྟོག་པའི་སྤྱོད་ཡུལ			object of activity of conceptuality
རྣམ་པར་རྟོག་པའི་སྤྱོད་ཡུལ་མ་ཡིན་པ			not the realm of ideation; not the realm of conceptualization
རྣམ་པར་རྟོག་པར་བྱེད་པ			discriminate; conceptualize
རྣམ་པར་རྟོག་པར་མ་མཆིས་པ			non-ideation; non-conceptualization
རྣམ་པར་རྟོག་པར་མ་མཆིས་སོ			non-ideation; non-conceptualization
རྣམ་པར་རྟོག་པར་མེད་པ			non-ideation; non-conceptualization
རྣམ་པར་རྟོགས་པ			ideation; discriminate; realize; cognize; understand
རྣམ་པར་རྩེ་བ			one-pointed
རྣམ་པར་སྦྱང་བའི་ཆོས			thoroughly pure phenomena
རྣམ་པར་སྦྱང་བར་བྱ་བ			object to be purified
རྣམ་པར་སྦྱོང་བ			purify; wash; practice; train; cleanse; clean; purity; purification
རྣམ་པར་སྦྱོང་བའི་ཆོས			very pure phenomenon
རྣམ་པར་སྦྱོང་བར་བྱེད			wash; purify; practice; purification; purity
རྣམ་པར་སེལ་བ			eradicate; remove; clear away; eliminate; avoid; exclude; separate
རྣམ་པར་སེམས			think; intend
རྣམ་པར་སྒོམ་པ			meditate; cultivate
རྣམ་པར་ཤེས			consciousness; cognition
རྣམ་པར་ཤེས་པ་འདྲ་བ་མེད་པ			non-similarity with consciousness
རྣམ་པར་ཤེས་པ་གནས་པ			abode of consciousness; source of consciousness
རྣམ་པར་ཤེས་པ་པོ			cognizer
༅རྣམ་པར་ཤེས་པ༏་རྣམ་ཤེས			consciousness
༅རྣམ་པར་ཤེས་པ༏་རྣམ་ཤེས༏་ཤེས་པ			consciousness; cognition
རྣམ་པར་ཤེས་པའི་ཁམས			realm of consciousness
རྣམ་པར་ཤེས་པའི་རྐྱེན་གྱིས་མིང་དང་གཟུགས			name and form, the conditions of consciousness; (T) due to the condition—consciousness—there is name and form; conditioned by consciousness, name and form
རྣམ་པར་ཤེས་པར་བགྱིད་པ			cognize; be conscious of
རྣམ་པར་ཤེས་པར་གྱུར་པ			cognize; become conscious of
རྣམ་པར་སྐྱེ			arise; be born; be produced
རྣམ་པར་སྐྱོ			averse; aversion
རྣམ་པར་སྨིན			ripen; mature
རྣམ་པར་སྨིན་ལ			mature; ripen
རྣམ་པར་སྨིན་པ			ripen; mature; fruition; maturation
རྣམ་པར་སྨིན་པ་དང་རྒྱུ་མཐུན་པའི་ཡོན་ཏན			qualities that are causally concordant with ripening/maturing
རྣམ་པར་སྨིན་པ་དོན་དུ་གཉེར་བ			for the sake of maturing; seeking to ripen
རྣམ་པར་སྨིན་པ་ལ་བརྟེན་པ			in dependence upon maturing
རྣམ་པར་སྨིན་པ་ལ་མི་ལྟ་བའི་འདུ་ཤེས			conception not viewing maturation
རྣམ་པར་སྨིན་པ་ལས་བྱུང་བ			arisen from ripening
རྣམ་པར་སྨིན་པ་ལས་སྐྱེས་པ			produced from maturing
རྣམ་པར་སྨིན་པ་མ་ཡིན་པ			nonfruitional
རྣམ་པར་སྨིན་པ་མ་ཡིན་པའི་སྐད་ཅིག་སྦྱོར			nonfruitional momentary training
རྣམ་པར་སྨིན་པ་ཡིན་ནས			having matured; having ripened
རྣམ་པར་སྨིན་པའི་འབྲས་བུ			result of ripening
རྣམ་པར་སྨིན་པའི་སེམས་བསྐྱེད			ripening mind-generation
རྣམ་པར་སྨིན་པའི་སྐད་ཅིག་སྦྱོར			fruitional momentary training
རྣམ་པར་སྣང་བ			appear; perceive; illuminate
རྣམ་པར་སྣང་མཛད			Vairocana [p.n. of a Buddha]; Vairochana
རྣམ་པར་སོམས			think; intend
རྣམ་པར་སྤང་བར་བྱ			abandon; give up
རྣམ་པར་སྤངས			abandon; give up
རྣམ་པར་སྤངས་པ			devoid of; abandon; give up
རྣམ་པར་སྤོང་བ			eliminate; abandon; dispel
རྣམ་པར་སྤོང་བར་འགྱུར་རོ			eliminate; abandon; dispel
རྣམ་པར་སྤྱོད			enjoy; make use of; practice; act out; perform; deeds; performance
རྣམ་པར་སུན་འབྱིན་པ			disbelieve; refute
རྣམ་པར་ཐར་པ			liberation; freedom
རྣམ་པར་ཐོ་འཚམ་པ་བསམ་པ			intent on hurting; attempt to hurt
རྣམ་རྫོགས་སྦྱོར་བ			complete training in all aspects; complete within unrestricted equality
༅རྣམ་རྫོགས་སྦྱོར་བ༏་རྣམ་ཀུན་མངོན་པར་རྫོགས་པར་རྟོགས་པ			complete training in all the aspects; complete realization of all the aspects
༅རྣམ་རྫོགས་སྦྱོར་བ། རྣམ་ཀུན་མངོན་པར་རྫོགས་པར་རྟོགས་པ			complete training in the aspects
༅རྣམ་རྫོགས་སྦྱོར་བ། རྣམ་ཀུན་མངོན་པར་རྫོགས་པར་རྟོགས་པ			complete training in all the aspects; complete realization of all the aspects
རྣམ་རྫུན་དྲི་བཅས་པ			Tainted False Aspectarian
རྣམ་རྫུན་པ			False Aspectarian
རྣམ་རྒྱལ			[very-conqueror]; complete victory; conqueror
རྣམ་རིག			cognition
རྣམ་རིག་པ			Proponents of Cognition
རྣམ་རིག་ཙམ			mere cognition
རྣམ་རོལ			[diverse-play]; sport; play; activities
རྣམ་རྟོག			conception; conceptualization; conceptuality; coarse conceptuality; discursiveness; thought; conceptual thought; conceptual consciousnesses
རྣམ་རྟོག་ཡོང་སུ་སྤང་བ			thoroughly abandoning thoughts
༅རྣམ་རྟོག༏་རྟོག་པ			conceptuality
༅རྣམ་རྟོག༏་རྟོག་པ			conceptual consciousness
རྣམ་སྦྱོང			purifying; wash; purify; practice
རྣམ་ཤེས			[diverse-know]; consciousness; main consciousness; [ordinary] consciousness(N); knower; cognition
རྣམ་ཤེས་བསྟན་དུ་མེད་པ			indemonstrability of consciousnesses
རྣམ་ཤེས་ཀྱི་ཟས			consciousness food; nourishment of consciousness; sustenance of consciousness
རྣམ་ཤེས་ལས་འདས་པ			beyond consciousness
རྣམ་ཤེས་མཐའ			limit of consciousness
རྣམ་ཤེས་མཐའ་ཡས			limitless consciousness
རྣམ་ཤེས་ཚོགས་བརྒྱད			eight collections of consciousness [by Asaṅga](BJ 37.1)
རྣམ་སྨིན			fruition; maturation
རྣམ་སྨིན་དག			pure maturation; pure fruition
རྣམ་སྨིན་གྱི་འབྲས་བུ			fruitional result; fruitional effect
རྣམ་སྨིན་གྱི་བག་ཆགས			predispositions of maturation
རྣམ་སྨིན་གྱི་རྒྱུ			fruitional cause
རྣམ་སྨིན་གྱི་སྒྲིབ་པ			fruitional obstruction
རྣམ་སྨིན་གྱི་སྐྱེ་བ			fruitional rebirths
རྣམ་སྨིན་གྱི་སྐྱེ་བ་འཛིན་ཚུལ			a mode of taking fruitional rebirths(PGP 78)
རྣམ་སྨིན་གྱི་ཡོན་ཏན			fruitional good qualities
རྣམ་སྨིན་རིག་འཛིན			fructional knowledge bearer
རྣམ་སྨིན་རྣམ་ཤེས			fruitional consciousness (a partially purified continuation of a mind-basis-of-all)
རྣམ་སྣང			Vairocana [p.n. of a Buddha]
རྣམ་སྤངས			abandon; give up
རྣམ་ཐར			liberation
རྣམ་ཐར་པ			liberation
རྣམ་ཐར་སྒོ			door of liberation
རྣམས			plural marker
རྣར་སྙན་པ			pleasant to the ear  (T)
རྔ			drum
རྔ་བོ་ཆེ་ཆེན་པོའི་ལེའུ			the Great Drum Sūtra (mahābherīhāraka-parivarta), P. 888, vol. 35
རྔ་མོ			camel
རྔ་ཡབ			Cāmara
རྔ་ཡབ་གཞན			Aparacāmara
རྔའི་སྒྲ			sound of a drum
རྔུབ			inhalation
རྣོན			sharp; acute
རྣོན་པོ			sharp; acute
རྙེད			verb: find; gain; discover\n noun: goods; property; profit
རྙེད་འགྱུར			find; gain
རྙེད་དཀའ			difficult to find
རྙེད་དོན			object found
རྙེད་གྱུར་ནས			having found; having gained
རྙེད་མ་ཐག་ཏུ			immediately/right/just after gaining
རྙེད་ནས			having found; having gained
རྙེད་ནས་ཐོབ་པ			obtain; gain; find
རྙེད་པ			verb: find; gain; discover; get\n noun: goods; property; profit
རྙེད་པ་འདོད			wish to gain
རྙེད་པ་དང་བཀུར་སྟི			gain and respect
རྙེད་པ་དང་བཀུར་སྟི་དང་ཚིགས་སུ་བཅད་པ			gain, respect, and verses
རྙེད་པ་དང་བཀུར་སྟི་དང་ཚིགས་སུ་བཅད་པ་དག་གི་རོ་མྱང་བས			experience the taste of gain, respect, and verses
རྙེད་པ་དང་བཀུར་སྟིའི་མཆོད་པ			offering of gain and respect
རྙེད་པ་དང་བཀུར་སྟིས			gain and respect
རྙེད་པ་དཀའ་ཞིང			difficult to find
རྙེད་པ་ཡིན་ཏེ			gained; found
རྙེད་པའི་དོན་དུ			for the sake of gain
རྙེད་པར་འགྱུར			find; gain
རྙེད་པར་འགྱུར་བ			find; gain
རྙེད་པར་དཀའ་བ			difficult to find
རྙེད་པར་གྱུར			find; gain
རྙེད་ཐོབ			obtain; gain
རྙེས			verb: find; gain; discover\n noun: goods; property; profit
རྙིང་མ			Nying-ma; Old Translation School of Tibetan Buddhism
རྙིང་མ་པ			Nying-ma-pa (Old Translation) Order
རྙིང་པ			old
རྙོག་པ			to sully; to dirty; mess
རྙོག་པ་ཅན་དུ་མི་བྱེད་པ			cause of dirtyness
རྙོག་པ་མེད་པ			unsullied; not dirty
རོ			(1) taste; flavor(2) corpse; residue; body(3) particle indicating the end of a statement(4) right
རོ་འཛིན་དབང་མངོན			sense direct perceiver apprehending taste
རོ་བརྒྱ་ལྡན་པའི			of one hundred tastes
རོ་བརྒྱ་པ			of one hundred tastes
རོ་གཅིག			of one taste
རོ་གཅིག་པ			of one taste
རོ་གཅིག་པ་ཉིད་པ			of just one taste
རོ་མཉམ			equal taste; equality
རོ་མྱང་བ			experiencing taste; experience (a) taste
རོ་མྱང་མེད			not experience (a) taste
རོ་མྱངས་པ			experience (a) taste
རོ་མྱངས་པ་མ་ཡིན་པ			not experience (a) taste
རོ་མྱོང་བ་བྱས			experience (a) taste
རོ་མྱོང་བར་བྱེད་པ			experience (a) taste
རོ་མྱོང་བར་མི་བྱེད་པ			not experience (a) taste
རོ་མྱོང་མི་བྱེད			not experience (a) taste
རོ་མྱོང་མྱང་བ་བྱས			experience (a) taste
རོ་རྐྱང་དབུ་མ་གསུམ			the three right, left, and central channels(TGP 79)
རོ་སྟོད			upper body
རོ་ཙ་བ			virilification; the restoration of normal sexual functions (also refers to restoring or enhancing sexual performance and pleasure, mainly used for the male)
རོའི་སྐྱེ་མཆེད			taste sense-sphere
རོལ			sport; side
རོལ་པ			play; sport
རྟ			horse
རྟ་དབྱངས			Aśvaghoṣa
རྟ་གླང་དུ་སྣང་བ			the appearance of horses and elephants(MSI 425)
རྟ་པ			horseman; horsemen; cavalry
རྟག			eternal
རྟག་བརྟན་གྱི་སྙིང་པོ			a permanent, stable essence
རྟག་བརྟན་ཐེར་ཟུག་གཡུང་དྲུང་མི་འགྱུར་བ			permanent; stable; everlasting; eternal; immutable
རྟག་གཅིག་རང་དབང་ཅན་བདག་གིས་སྟོང་པ			lack of being a permanent, partless, independent self
རྟག་གཅིག་རང་དབང་ཅན་གྱི་བདག			a self which is permanent, partless, and independent
རྟག་གཅིག་རང་དབང་ཅན་ཀྱི་བདག་མེད			non-existence of a permanent, unitary, and independent self
རྟག་ལྟ			view of permanence(N)
རྟག་ལྟ་སྤོང			the view of permanence is abandoned
རྟག་མེད			impermanent; impermanent phenomenon
རྟག་མཐའ			extreme of permanence
རྟག་མཐོང་བ			view of permanence
རྟག་པ			permanent; permanent phenomenon; permanence
རྟག་པ་བརྟན་པ་ཐེར་ཟུག			permanent, stable, everlasting
རྟག་པ་ཁོ་ན			only-a-permanent-phenomenon
རྟག་པ་མེད			non-eternal; impermanent; not permanent
རྟག་པ་ཉིད			permanence
རྟག་པ་རྟག་པ་དུས			permanently(S)
རྟག་པ་རྟག་པའི་དུས			permanent permanent time
རྟག་པའི་དུས			permanent time
རྟག་པའི་མཐའ			extreme of permanence; extreme of reification(N)
རྟག་པའི་སྐུ			permanent body
རྟག་པར			permanently; always
རྟག་པར་འཛིན་པ			conception of permanence(N)
རྟག་པར་སྨྲ་བ			Proponent of Permanence
རྟག་སྦྱོར			continuous application; continual application
རྟག་ཏུ			[permanent-as]; always; permanently
རྟག་ཏུ་འཇུག			permanently engage in; permantly enter
རྟག་ཏུ་འཁྲུལ་པ་མེད་པའི་ཚུལ་ཁྲིམས			permanently non-mistaken ethics
རྟག་ཏུ་བྱེད་པ			do constantly
རྟག་ཏུ་དེ་བཞིན་པ			always thus
རྟག་ཏུ་མེད་པ			always non-existent
རྟག་ཏུ་ངུ			the Bodhisattva Always-Crying
རྟག་ཏུ་རྒྱུན་མི་འ་ཆད་པ			always; permanently
རྟག་ཏུ་རྗེས་སུ་འབྲེལ་པ			permantly related; permantly connected
རྟག་ཏུ་རྟོགས་པ			always thinking
རྟག་ཏུ་སྦྱོར་བ			continual application
རྟག་ཏུ་སྦྱོར་བ་ཡིད་ལ་བྱེད་པ			mental contemplation of continual application
རྟག་ཏུ་སྟོན་དང་ལྡན			always connected to the teaching
རྟག་ཏུ་ཡིད་ལ་བྱས་པ་ཡིན			is well mentally comtemplated
རྟགས			verb: to examinenoun: reason; sign; conceptuality; thought; conceptual consciousness; imputation; logical mark
རྟགས་འཛིན་སེམས			mind apprehending the sign
རྟགས་འཛིན་སེམས་སུ་གྱུར་པའི་རྟོག་པ			conceptual consciousness that is a mind apprehending a sign
རྟགས་བསལ་ཁས་བླངས			the reason and "thesis" [consequence] have been accepted/asserted
རྟགས་ལྟར་སྣང			pseudo/quasi/counterfeit sign/reason
རྟགས་མ་གྲུབ			the reason is not established(D1)
རྟགས་པ			to examine; conceptuality; thought; conceptual consciousness; imputation
རྟགས་རིགས			signs and reasonings
རྟགས་སྣང			appearances that are signs [of the clear light]
རྟགས་སྔ་ཕྱི་ཁས་བླངས			you have asserted/accepted the former and latter reasons
རྟགས་སྔ་ཕྱི་སོང			you have asserted/accepted the former and latter reasons; the earlier reasons are forced by the latter
རྟགས་སོང			the reason has been asserted/accepted
རྟགས་སུ་བཀོད་པ			state as a sign/reason
རྟགས་ཡང་དག			correct sign; correct logical sign
རྟགས་ཟུར་སྔ་མ			the early/first part of the reason
རྟེན			verb: support; depend; relynoun: basis; support; base
རྟེན་འབྲེལ			[depend-connect]; dependent-arising; interdependence
རྟེན་འབྲེལ་ཡན་ལག་བཅུ་གཉིས			twelve branches of dependent arising
རྟེན་འབྱུང་ཆོས			dependent-arising; dependently arisen phenomenon
༅རྟེན་འབྱུང༏་རྟེན་ཅིང་འབྲེལ་བར་འབྱུང་བ			dependent-arising
༅རྟེན་འབྱུང༏་རྟེན་ཅིང་འབྲེལ་བར་འབྱུང་བ			dependent-arising
རྟེན་བཅས་ཀྱི་མིག་དབང			eye sense power which is a basis
རྟེན་བརྟེན			support and supported; residence and resident
རྟེན་ཅན			based on; having a basis; based; having a support; supported
རྟེན་ཅིང			depending on; based on; supported
རྟེན་ཅིང་འབྲེལ་འབྱུང			dependent-arising
རྟེན་ཅིང་འབྲེལ་བར་འབྱུང་བ			dependent-arising
རྟེན་ཅིང་འབྲེལ་པར་འབྱུང་བ			dependent-arising
རྟེན་དང་བཅས་པ			with a basis
རྟེན་དང་བརྟེན་པ			support and supported; residence and resident
རྟེན་དང་བརྟེན་པའི་ལྷའི་རྣལ་འབྱོར			deity yoga of divine residence and residents
རྟེན་དང་ཞི་དང་འཇིགས་པ་མེད			basis, pacification, and fearlessness
རྟེན་དཀོན་མཆོག་གསུམ་ལ་འདོམས་པ			guidance concerning the three jewels which are the support
རྟེན་དུ			based upon
རྟེན་གནས་ཀྱི་སྒྲ			locative case [lit., term of dependence and place]
རྟེན་གྱི་བྱེ་བྲག			instance of basis; division of basis
རྟེན་གྱི་དབྱེ་བ			division of basis
རྟེན་གྱི་དངོས་པོ			thing which is a basis
རྟེན་གྱུར་པ			basis; support
རྟེན་གཞི			basis
རྟེན་ཀུན་ཏུ་འགྲོ་བ་ཅན			omnipresent basis
རྟེན་ལ			depending upon; based on; supported
རྟེན་མཆོད			foundations of worship
རྟེན་མེད་པ			baseless; without a basis; unsupported
རྟེན་མཚུངས་ཀྱི་མིག་དབང			eye sense power which is like a basis
རྟེན་ནས			depending upon; having depended on; dependent on; supported by
རྟེན་ནི་རུང་བ			suitable basis
རྟེན་ཉེ་བར་ཞི་བ			pacification of the basis
རྟེན་པ			to depend; support; basis; base
རྟེན་པ་དང་ལྡན་པ			having a basis; endowed with a basis
རྟེན་པའི་བྱེད་རྒྱུ			creative cause which is a basis; creative cause of a basis
རྟེན་པར			depending on; supported by
རྟེན་རྣམ་པར་དབྱེ་བ			division of the basis
རྟེན་ཐ་དད			different bases
རྟེན་ཡིན་པ			be a basis; is a basis
རྟེན་ཡོངས་སུ་དག་པ			thoroughly purify the basis
རྟིང་པ			(1) base; foundation (2) later; subsequent; next
རྟིང་ཡངས			broad heels
རྟོག			to examine; conceptuality; thought; conceptual consciousness; imputation; impute
རྟོག་བཅས			conceptual
རྟོག་བྲལ			free from conceptuality
རྟོག་བྲལ་གྱི་སྒོམ་ལམ			path of meditation devoid of conceptuality
རྟོག་བཏགས			imputed by conceptuality
རྟོག་ཅིང			conceiving; thinking; imputing
རྟོག་གེ			argumentation; logic; perverted logic; reasoning
རྟོག་གེ་འབར་བ			Bhāvaviveka's Blaze of Reasoning
རྟོག་གེ་བ			logician(N)
རྟོག་གེ་པ			logician; Dialectician [Nihilist]; Dialecticians; logicians
རྟོག་གེའི་སྤྱོད་ཡུལ			realm of argumentation(S)
རྟོག་གེའི་སྤྱོད་ཡུལ་མ་ལགས་པ			does not [belong to] the realm of argumentation
རྟོག་གེའི་སྤྱོད་ཡུལ་མ་ཡིན་པ			does not [belong to] the realm of argumentation(S)
རྟོག་གེའི་ཡུལ་མ་ཡིན			not an object of argumentation
རྟོག་ལྡན་ལ་སྐྱེ་བ			generated in the discriminating
རྟོག་མེད			non-conceptual
རྟོག་མེད			non-conceptual
རྟོག་མེད་ཀྱི་ཤེས་པ			non-conceptual consciousness
རྟོག་མེད་ལོག་ཤེས			non-conceptual mistaken consciousness
རྟོག་མེད་མངོན་སུམ་ལྟར་སྣང			non-conceptual pseudo/quasi/counterfeit direct perception/perceiver
རྟོག་མེད་ཡེ་ཤེས			non-conceptual exalted wisdom(N)
རྟོག་མེད་ཡིད་ཤེས			non-conceptual mental consciousness
རྟོག་མིན་མི་རྟོག་མ་ཡིན་པ			neither conceptual nor non-conceptual
རྟོག་པ			conceptualization; conceptualized; conception; conceptual consciousness; conceptuality; imputation; investigation; conceptual thought; thought
རྟོག་པ་འདི་དག་བརྟག་པར་མི་ནུས་པ			they cannot sustain these conceptions
རྟོག་པ་བཅད་ཤེས			conceptual subsequent cognizer
རྟོག་པ་བྱེད་པ			conceive; conceptuality; think; thought; investigation
རྟོག་པ་དང་བཅས			conceptual; having conceptuality; with conceptuality
རྟོག་པ་དང་བཅས་པའི་ཏིང་ངེ་འཛིན			conceptual meditative stabilization
རྟོག་པ་དང་བྲལ་བ			free from conceptuality
རྟོག་པ་དང་བྲལ་ཞིང་མ་འཁྲུལ་བའི་འཛིན་རྣམ			apprehender of aspects that is non-mistaken and free from conceptuality
རྟོག་པ་དང་བྲལ་ཞིང་མ་འཁྲུལ་བའི་གསར་དུ་མི་སླུ་བའི་རིག་པ			a knower which is new, incontrovertible, non-mistaken, and free from conceptuality
རྟོག་པ་དང་བྲལ་ཞིང་མ་འཁྲུལ་བའི་རིག་པ			a knower that is non-mistaken and free from conceptuality
རྟོག་པ་དང་རྣམ་པར་རྟོག་པ་ཐམས་ཅད་སྤངས་པའི་སླད་དུ			because of abandoning all conceptuality and ideation
རྟོག་པ་ལ་གཉིས་སྣང་ཡོད་པ			conceptual consciousness having dualistic appearance
རྟོག་པ་ལོག་ཤེས			conceptual mistaken consciousness
རྟོག་པ་མ་མཆིས			non-conceptual; without conceptuality
རྟོག་པ་མེད་ལ་དཔྱོད་པ་ཙམ			mere non-conceptual analysis
རྟོག་པ་མེད་པ			non-conceptuality; non-conceptual
རྟོག་པ་མི་འཇུག			not engage in conceptuality; not enter into conceptuality
རྟོག་པ་མི་བྱེད་པ			not conceive; non-conceptuality; non-investigation
རྟོག་པ་ནི་ངོ་བོ་ཉིད་དུ་རྟོག་པ			conceptuality that conceives ... as (having) entityness
རྟོག་པ་རིགས་ཤེས			conceptual reasoning consciousness(N)
རྟོག་པ་སྤོང			abandon conceptuality
རྟོག་པ་ཙམ			mere conceptuality
རྟོག་པ་ཡང་མེད་དཔྱོད་པ་ཡང་མེད་པ			non-conceptual and non-analytical
རྟོག་པ་ཡི་མཚན་མ			sign of conceptuality; conceptual sign
རྟོག་པའམ་བརྟགས་པའི་རྣལ་འབྱོར			conceptual yoga or yoga of imagination
རྟོག་པའི་འཇུག་སའི་གཞི			basis on which thought places a term
རྟོག་པའི་སྣང་བ			conceptual impression
རྟོག་པའི་སྣང་ཡུལ			appearing object of a conceptual consciousness; appearing object for thought
རྟོག་པའི་སྤྲོས་པ			conceptual elaborations(N)
རྟོག་པའི་ཡིད་ལ་བྱེད་པ			conceptual mental engagement
རྟོག་པའི་ཟག་པ་དང་བཅས་པ			contaminated phenomenon that is a conceptual consciousness(Lati)
རྟོག་པའི་ཞེན་གཞི			basis of conceptual consciousness
རྟོག་པའི་ཞེན་གཞི་ཡིན་པ			being the referent of a conceptual consciousness
རྟོག་པའི་ཞེན་གཞིར་རང་གི་གནས་ཚོད་ཀྱི་དབང་གིས་གྲུབ་པ			established by way of its own measure of subsistence as the referent of a conceptual consciousness
རྟོག་པའི་ཞེན་ཡུལ་ཡིན་པའི་དོན			object that is the conceived object of a conceptual consciousness; object that is the referent of a conceptual consciousness
རྟོག་པར་འགྲོ་བ			conceive; think
རྟོག་པར་བགྱིད			conceive; think; investigate
རྟོག་པར་བྱ			conceive; think
རྟོག་པར་གྱུར་པ			conceptual
རྟོག་པར་གྱུར་པའི་སྒོམ་ལམ			conceptual path of meditation
རྟོག་པར་ཤེས་པ			conceptual consciousness
རྟོག་པས་བཏགས་པ			imputation by thought
རྟོག་པས་བཏགས་པ་ཙམ་ཡིན་ཀྱི་རང་གི་མཚན་ཉིད་ཀྱིས་མ་གྲུབ་པ			only posited by conceptuality and not established by way of its own character
རྟོག་པས་བཏགས་ཙམ			mere imputation by thought; just imputed by conceptuality; only imputed by conceptuality
རྟོག་པས་བཏགས་ཙམ			just imputed by conceptuality; only imputed by conceptiality; that which is only imputed by conceptuality
རྟོག་པས་བཏགས་ཙམ			just imputed by conceptuality; only imputed by conceptuality; that which is only imputed by conceptuality
རྟོག་པས་བཏགས་ཙམ་མིན་པར་རང་བཞིན་གྱིས་གཞན་དང་མ་འདྲེས་པར་རང་གི་ངོ་བོར་ལ་གནས་པ			abiding--by way of its own nature without being merely imputed by thought--in its own entity without being mixed with another
རྟོག་པས་བཞག་པ			posited by a conceptual consciousness
རྟོག་པས་མི་ཤིག			not divided by thought
རྟོག་པས་རྣམ་པར་བསྒྲུབས་པ			established by conceptuality; existing conceptually
རྟོག་ཡུལ			object of conceptuality; object of thought
རྟོག་ཡུལ་ན་ཡོད་པའི་རྟགས་ལས་རི་བོང་ཅན་ལ་ཟླ་སྒྲས་བརྗོད་རུང་དུ་རྟོགས་པའི་རྗེས་དཔག			an inferential cognizer that realizes that it is suitable to express the rabbit-possessor by the term 'moon'
རྟོགས			realize; cognize; understand
རྟོགས་བ་ཕུལ་བ			offer one's realization
རྟོགས་བྱེད་གྱི་བློ			imputing mind
རྟོགས་ཆུང			realize a little
རྟོགས་དཀར			difficult to realize
རྟོགས་གཞི			basis of realization/understanding
རྟོགས་ནས			having realized; having cognized; having understood
རྟོགས་པ			realization; realize; cognize; understand
རྟོགས་པ་བརྗོད་པའི་སྡེ			narratives(S)
རྟོགས་པ་ཆེན་པོ			great realization
རྟོགས་པ་ཅུང་ཟད་ཙམ་གྱིས			because of only realizing a little
རྟོགས་པ་དཀའ་བ			difficult to realize
རྟོགས་པ་དོན་གྱི་འོད་གསལ			realizational actual clear light
རྟོགས་པ་མེད་པ			not realize; not cognize; not understand
རྟོགས་པ་ཕུལ་བ			offer realization, to
རྟོགས་པ་ཕུན་ཚོགས			fulfillment of realization; perfect realization
རྟོགས་པ་པོ			realizer; cognizer
རྟོགས་པ་རིང་བ་དང་ཉེ་བ			realize far and near
རྟོགས་པ་སྦྱོར་བ་པ			one who applies (himself/herself) to realizing
རྟོགས་པ་སོ་སོར་རྟོགས་པ			individually realize
རྟོགས་པ་ཟུང་འཇུག			realizational union
རྟོགས་པའི་ཆོས			realizational doctrine
རྟོགས་པའི་དོན			object realized; realizational object
རྟོགས་པའི་དུས			time of realizing
རྟོགས་པའི་ཁྱད་པར			feature of realization  (T)
རྟོགས་པའི་ཤེས་རབ་ཅན			having realized wisdom; wisdom
རྟོགས་པའི་ཚུལ་ཁྲིམས			realized ethics; realizational ethics
རྟོགས་པའི་ཡེ་ཤེས་འཇིག་རྟེན་ལས་འདས་པ			supramundane realized exalted wisdom
རྟོགས་པའི་ཡོན་ཏན			good qualities of realization
རྟོགས་པར			realized; cognized; understood
རྟོགས་པར་འགྱུར			realize; cognize; understand
རྟོགས་པར་འགྱུར་བ			realize; cognize; understand
རྟོགས་པར་འགྱུར་ཞིང			having realized; having understood
རྟོགས་པར་བརྗོད་པའི་སྡེ			narratives
རྟོགས་པར་བྱ			realize; cognize; understand
རྟོགས་པར་བྱ་བ			realize; cognize; understand
རྟོགས་པར་བྱའོ			one should realize; one should understand
རྟོགས་པར་བྱས་ནས			having realized; having understood
རྟོགས་པར་བྱེད			realize; cognize; understand
རྟོགས་པར་བྱེད་པ			realize; cognize; understand
རྟོགས་པར་དཀའ			difficult to realize
རྟོགས་པར་དཀའ་བ			difficult to realize; difficult to understand
རྟོགས་པར་མེད་པ			not realize; not understand
རྟོགས་པར་རུང་བ			suitably realize; suitable to understand
རྟོགས་རིགས			types of realizations
རྟོགས་རིགས་སུ་གནས་པ			abiding in the type of realization
རྟོགས་སླ			easy to understand; easy to realize
རྟོགས་ཟིན་མ་ཉམས་པ			non-degenerated realization
རྟོགས་ཟིན་རྟོགས			realizes an already realized realization; one who realizes an already realized realization
རྟོན			rely; trust; have faith
རྟོན་པ			reliance; rely
རྟོན་པ་བཞི			four reliances(N)
རྟོན་པར་འགྱུར			rely
རྟོན་པར་བྱེད་པར་འགྱུར			rely
རྩ			channel; passageway; vein; duct; artery; root; root text
རྩ་འགྲེལ			root text and commentary
རྩ་འཁོར			channel-wheel
རྩ་བ			root; basic; fundamental; primary
རྩ་བ་བཟང་པོ			good roots
རྩ་བ་དྲུག་པ			the six/sixth fundamental   (T)
རྩ་བ་ཤེས་རབ			Nāgārjuna's Fundamental Treatise on the Middle Way, Called "Wisdom"; P5224, Vol. 95
རྩ་བ་ཤེས་རབ་ཀྱི་འགྲེལ་པ			commentary on  (Nāgārjuna's) Fundamental Treatise on the Middle Called "Wisdom"
རྩ་བའི་ཆོས་ཀྱི་དབྱིངས			fundamental realm of phenomena
རྩ་བའི་དེ་ཁོ་ན			fundamental reality
རྩ་བའི་ཁ་དོག			primary colors
རྩ་བའི་ལྟུང་བ			root infraction
རྩ་བའི་ཉོན་མོངས			root afflictions; root afflictive emotions
རྩ་བའི་ཉོན་མོངས་པ			root afflictions; root afflictive emotions
རྩ་བའི་རང་བཞིན			fundamental nature
རྩ་བའི་རྒྱུད			Root Tantra [the first of the Four [Medical] Tantras]
རྩ་བའི་རླུང			basic winds
རྩ་བའི་རྣམ་ཤེས			fundamental consciousness
རྩ་བའི་སེམས			fundamental mind
རྩ་བའི་སྟོབས			fundamental force
རྩ་བའི་སྟོང་གཞི			root basis of emptiness
རྩ་བར			in the root text(BJ 48.2)
རྩ་བར་འདོད་ན			if one accepts the basic [consequence]
རྩ་དབུ་མ			central channel
རྩ་ལག			kinsman
རྩ་མདུད			channel-knot
༅རྩ་ཉོན༏་རྩ་བའི་ཉོན་མོངས			root afflictions; root afflictive emotions
རྩ་རླུང་ཐིག་ལེ་གསུམ			the three channels, winds, and drops
རྩ་རོ་མ			right channel
རྩ་ཤེས			Nāgārjuna's Fundamental Treatise on the Middle Way Called "Wisdom"
རྩ་ཤེས་ཏཱི་ཀ་ཆེན			Dzong-ka-ba's Great Commentary on (Nāgārjuna's) 'Treatise on the Middle Way'
རྩ་ཚིག			root text; basic text
རྩད་བཅད་པ			research(N)
རྩད་གཅོད			to determine; research
རྩལ			projective artifice; projective prowess; artifice; dynamism
རྩལ་དུ་གསོལ			request
རྩལ་ལྡན			capable; powerful
རྩངས་པ			chameleon
རྩེ			node; peak
རྩེ་བ			to play; [misspelling of brtse ba] mercy
རྩེ་དགའ་བ			joyful play
རྩེ་དྲུང			monk government official
རྩེ་གཅིག			one pointed; single minded; one-pointed
རྩེ་གཅིག་པ			one-pointed; single minded
རྩེ་གཅིག་པ་ཉིད			one-pointedness
རྩེ་གཅིག་ཏུ			[point-one-ly]; one-pointedly; single-mindedly
རྩེ་གཅིག་ཏུ་བྱེད་པ			making one pointed; making one-pointed
རྩེ་མོ			peak; point; top; summit; highest; foremost
རྩེ་མོ་ལ་གནས་པ			abiding at the peak
རྩེ་མོའི་གནས་སྐབས			peak state
རྩེ་མོའི་མངོན་རྟོགས			peak clear realizer; foremost clear realizer
རྩེ་མོའི་རྩེ་སྦྱོར			peak peak training
རྩེ་མོར་གྱུར་པ			peak
རྩེ་མོར་ཕྱིན་པ			reach the peak; reach the top
རྩེ་སྦྱོར			peak training
རྩེན			to play; take delight in games; enjoy  (T)
རྩི			to reckon; to calculate; to  hold as important
རྩི་བ			emumeration; to reckon; to calculate; to hold as important
རྩི་བཅུད			nourishment
རྩི་ཤིང			orchard; vegetation
རྩིའོ			to reckon; to calculate; to hold as important
རྩིག་པ			wall
རྩིག་ཕུག			hole in the wall
རྩིས			calculation; computation; to reckon; calculate; to hold as important; enumeration
རྩིས་པ			accountant; astrologer
རྩིས་ཟིན་པ			affected by the force [perhaps from rtsi, "sap"]
རྩོད			debate; objection; dispute
རྩོད་བཟློག			Nāgārjuna's Refutation of Objections(DASI 578.4) (P5228, Vol. 95)
རྩོད་དུས			age of conflict
རྩོད་གཞི			basis of debate
རྩོད་གཞིར་བཟུང་བ			held as the basis of the debate(LSR)
རྩོད་ལེན			answer to an objection
རྩོད་ངག			disputatious speech
རྩོད་པ			debate; objection; conflict; dispute(BJ 31.7)
རྩོད་པ་འདོད་པ			wish to debate; desire to dispute
རྩོད་པ་བྱེད			debate; dispute(N)
རྩོད་པ་དང་རྒོལ་བར་སྨྲ་བའི་ངང་ཚུལ་ཅན			having a nature which is disputatious and argumentative
རྩོད་པ་སྤོང་བ			dispelling objections
རྩོད་པའི་བཞིའི་གནས			serves as a basis for controversy
རྩོད་པའི་གཞི			basis for dispute; basis for controversy(BJ 31.7)
རྩོད་པའི་གཞི་གནས་སུ་གྱུར			provides a basis for dispute; offers a basis for dispute(BJ 31.7)
རྩོད་པའི་གཞིའི་གནས			serves as a basis for controversy
རྩོད་པའི་ལན་དུ			in answer to this argument(BJ 51.1)
རྩོད་པའི་ཚེ			at the time of debating
རྩོད་པར་འགྱུར			debate; dispute; objection
རྩོད་པར་བྱ་བ			object of dispute; will dispute
རྩོད་པར་བྱེད་པ			dispute; debate
རྩོད་པར་བྱེད་པར་འགྱུར་རོ			dispute; debate
རྩོད་སྤོང			dispelling objections
རྩོལ			endeavor; make effort; exert
རྩོལ་བ			exertion; endeavor; make effort; exert
རྩོལ་བའི་འདུ་བྱ་བ			activity by exertion
རྩོལ་བར་འགྱུར་རོ			make effort; exert
རྩོལ་བྱུང			arisen from exertion
རྩོལ་མཛད			sustain
རྩོལ་སྒྲུབ			established by exertion
རྩོམ			begin; initiate; compose; write a book
རྩོམ་བྱེད			begin; initiate; compose
རྩོམ་པ			to begin; initiate; to compose; write a book
རྩོམ་པ་མེད་པ			beginningless ?  (T)
རྩོམ་པ་ཕུན་སུམ་ཚོགས་པ			marvellous beginning
རྩོམ་པའི་དྲི་བྲལ			stainless composition  (T)
རྩོམ་པའི་རྒྱུ			cause of composition/beginning/undertaking
རྩོམ་པར་དམ་བཅའ			promise of composition
རྩུབ་མོ			rough
རྩུབ་པ			roughness(D1)
རྩུབ་པོ			rough
རྩྭ			grass
རྩྭ་བའམ་ཤིང			grass or tree
རྩྭ་ཟ་བ			eating grass(LWT 24)
རྟུལ			activity
རྟུལ་བ			resolve; vow
རྟུལ་བ་བརྟན་པ			firm resolve; firm vow
རྟུལ་པ			dull; inferior; weak
རྟུལ་ཕོད			hero
རྟུལ་པོ			dull; weak; inferior
རྟུལ་པོར			dull; weak; inferior
རུ			accusative, adverbial accusative, dative, and locative particle: to; in; as; -ly; at
རུམ			darkness; rum
རུང			suitable
རུང་བ			suitable; fit; possible
རུང་བ་ཉིད			suitability
རུང་བར་འགྱུར			suitable
རུང་བར་བྱ་བ			make suitable
རུང་བྱ			suitable object
རུང་མ་ཡིན			unsuitable; not suitable
རུང་མཐུན			concordant suitability
རུས			bone; lineage; family
རུས་ནས་སྨོས་པ			desire for a lineage/family
རུས་པ			bone; lineage; family
རུས་སྦལ			tortoise; turtle; tortise
རུས་སྦལ་ཞབས			tortoise-feet
རུས་སྨོས་པ			desire for a lineage/family
རྭ			horn
རྭ་བ			fence; pen
རྭ་ཁ་བྲག			Ra-kha Precipice (hermitage at Se-ra Monastic University)
ས			earth; ground; level; stage; land; place; spot; degree
ས་འོག			below the ground; (T) lower ground
ས་བཅད			contents; outline
ས་བཅུ			ten grounds
ས་བཅུ་གཅིག			eleven grounds; (as short for sa bcu gcig pa) eleventh ground
ས་བཅུ་ཁྱབ་པ			pervade the ten grounds; ten pervasive grounds
ས་བཅུ་པ			tenth ground; ten grounds; tenth grounder; the Sūtra on the Ten Grounds
ས་བཅུའི་མི་མཐུན་ཕྱོགས			discordant class of the ten grounds
ས་བདག			earth-owner spirits
ས་བདུན་པ			seventh ground; seventh grounder
ས་བདུན་པའི་བར་དུ			up to the seventh ground
ས་བླ			above the ground
ས་བོན			seed
ས་བོན་འདེབས་པར་བྱེད			plant seed
ས་བོན་དུ་བསྡུས་པ			collected as seeds; seed-collection
ས་བོན་གཞན་དུ་གྱུར་པ			transformation of a seed; changeable seed
ས་བོན་མེད་པ་ཉིད			non-seed; seedlessness; non-existence of a seed
ས་བོན་མི་རུང			unfit seeds; unsuitable seed
ས་བརྒྱད་པ			the eigth ground; eigth grounder
ས་བཟང་པ			good ground; proper ground; (T) wholesome ground
ས་བཞི་པོ་ལ་ཡང་དག་བརྟེན			depending upon the fourth ground; based on the fourth ground
ས་ཆེན་པོ			great ground; great earth
ས་ཆེན་པོ་ལ་ཞུགས་པ			enter into a great ground/level
ས་དག་ནི་གནས་པ་ཞེས་བྱའོ			grounds are called "abodes"  ? (T)
ས་དང་པོ			first ground; first [Bodhisattva] ground
ས་དང་པོ་ལ			on the first ground
ས་དང་པོ་ལ་འཇུག་པ			enter into the first ground
ས་དགུ་པ			ninth grounder
ས་དྲུག་པའི་བར			up to the sixth ground
ས་དྲུག་པོ			sixth ground
ས་དྲུག་པོ་དག			all six grounds; the six grounds; six grounds  ?  (T)
ས་གཅོད			arrange
ས་གདན			rug
ས་གནོན			[earth-press]; earth-witness [mudrā]
ས་གཉིས			two levels/grounds; second level/ground
ས་གཉིས་པ			second ground/level; second grounder
ས་གཉིས་པ་ནས་བཟུང་སྟེ་དྲུག་པའི་བར་དུ			ranging from the second ground to the sixth  (T)
ས་གསུམ			the three levels
ས་གཞི			[earth-base]; earth; place; site; ground
ས་ཇི་ལྟར་རྣམ་པར་བཞག་པ་བཞིན་ཡིད་ལ་བྱེད་པ			mental application of a ground just as it is presented/according to the presentation  (T)
ས་ཀུན་ལས་ནི་ངེས་པར་བྱུང			definitely arisen from all grounds/levels
ས་ལ			on the ground; on the earth
ས་ལ་འཛུགས			kneel
ས་ལ་འཇུག་པ			enter into a ground/level
ས་ལ་བཙུགས			kneel
ས་ལ་གནས་ཏེ			abide in a ground/level; abide in the earth
ས་ལ་གཟུགས			kneel
ས་ལ་མ་ཞུགས་པ			not enter into a ground/level
ས་ལ་སྦྱོར་བ			exertion with respect to a ground/level
ས་ལ་ཞུགས་པ			enter into a ground/level
ས་ལམ			grounds and paths; Grounds and Paths
ས་ལས			from the ground; from the earth
ས་ལས་འབྱུང་ངོ			arise from the ground; arisen from the earth
ས་ལས་ངེས་པར་བྱུང་བ་ཉིད			definitely arisen from a/the ground; definite arising from a/the level/ground
ས་ལེ			brilliant
ས་ལྟ་བུའི་སེམས་བསྐྱེད			mind-generation like earth
ས་མ་དག་པ			impure ground
ས་མ་ཡ			[transliteration of Sanskrit word—samaya] pledge; rite; vow
ས་མཆོག			supreme level/ground
ས་མི་གཡོ་བ་ལ་སོགས་པ་གསུམ			the three grounds, the Immovable and so forth
ས་མིན			non-ground; no ground
ས་མཚམས			boundary; limit
ས་ནི་མཐར་ཐུག་པ			final ground
ས་པ			grounder; one on a ground  (T)
ས་ཕྱོགས			[earth-direction]; quarter; area; region; a place(D2)
ས་ཕྱོགས་སའི་ཕྱོགས			place in an area
ས་ཕྱོགས་ཞིག་ན			in a certain place; at one place
ས་རབ་ཏུ་དགའ་བ			the Very Joyful ground
ས་རྦ			[transliteration of Sanskrit word—sarva]; all
ས་རྡུལ			particle of earth; particle of dust
ས་རྣམ་པར་བཞག་པ			presentation of a ground  (T)
ས་རྣམས་བསྒོམ་པ་དང་གྲུབ་པ			cultivate and establish the grounds
ས་རྣམས་གནས་པ་ཡིན			abide in the grounds/levels; the grounds/levels are an abode
ས་རྣམས་ཀུན་ལ་མཉམ་པ་མེད			dissimilarity among/with respect to all levels/grounds
ས་སྡེ			Asanga's Five Treatises on the Levels(BJ 36.7)
ས་སྒྲོགས་རིས			Kurukulla
ས་ཤེས་པ			knowledge of a ground/level; cognition of a ground/level
ས་སྐྱ			Sa-kya; Sa-gya (White Earth) Order
ས་སྲུང			elephant
ས་སྟེང			on the ground; above the ground
ས་སྟོན་པ			Mahīśāsaka
ས་ཐོབ་པ			attain a ground/level
ས་ཡི་འོག			below the ground
ས་ཡིས			within the level
ས་ཡོངས་སུ་གྲུབ་པ			thoroughly established ground/level
༅སའི་དངོས་གཞི༏་རྣལ་འབྱོར་སྤྱོད་པའི་ས			Asaṅga's Actuality of the Levels / Levels of Yogic Practices, P.5536-8, vol.109-10
སའི་ཁམས			earth-constituent
སའི་རྡུལ			particle of earth; particle of dust
སའི་རྣམ་པ			ground-aspect; aspect of a ground; earth-aspect
སའི་ཚོགས་སྒྲུབ			achieving through the collection of the [ten] grounds
སའི་ཡོངས་སྦྱོང			thorough purifier of a ground (Def: A quality that clears away the defects of the ground on which it is possessed and brings about completion of the qualities of that ground)
སད			to awaken; (T) activate
སད་མི་མི་བདུན			seven men of trial
སད་ནས			having awoken
སད་པ			to awaken; one who is awake
སང་ངེ			pristine; immaculate
སང་ཉིན			tomorrow
སངས་རྒྱས			[awakened-spread]; Buddha
སངས་རྒྱས་འབྲིང			Middling Realizers [i.e. Solitary Realizers](Lati)
སངས་རྒྱས་འབྱུང་བ			arising/appearance/occurence of Buddhas
སངས་རྒྱས་འབྱུང་བ་དོན་ཡོད་པར			meaningful arising/appearance/occurence of Buddhas
སངས་རྒྱས་འཕག་པ			buddha superiors
སངས་རྒྱས་འཕགས་པ			Buddha Superior
སངས་རྒྱས་བཅོམ་ལྡན་འདས			Buddha, the Supramundane Victor
སངས་རྒྱས་བཀའ་ཉིད་དུ་སྒྲུབ་པ			established as Buddha's teaching; established in Buddha's teaching
སངས་རྒྱས་བསྐྱངས			Buddhapālita [p.n.]
སངས་རྒྱས་ཆོས			qualities of a Buddha; Buddha-qualities; Buddha-doctrine; Buddhist doctrine
སངས་རྒྱས་དང་བྱང་ཆུབ་སེམས་དཔའ			Buddhas and Bodhisattvas
སངས་རྒྱས་དཀོན་མཆོག་རྗེས་སུ་དྲན་པ			recollection of the Buddha Jewel
སངས་རྒྱས་དཔག་ཏུ་མེད་པ་བྱུང			arising/appearance/occurence of limitless Buddhas
སངས་རྒྱས་གཅིག			one Buddha; a Buddha
སངས་རྒྱས་གཅིག་པ་ཉིད་དང་དུ་མ་ཉིད་མ་ཡིན			oneness and plurality of Buddha(s)
སངས་རྒྱས་གསང་བ			Buddhaguhya
སངས་རྒྱས་གཟུགས			Buddha-form; form of a Buddha
སངས་རྒྱས་ཁམས			realm of the Buddha; constituent of the Buddha; Buddha-realm
སངས་རྒྱས་ཁོ་ན་ལ་ཡོད་པའི་ཐུན་མོང་མ་ཡིན་པ་སྟོབས			unshared powers that exist only in Buddhas
སངས་རྒྱས་ཀྱི་འཁོར་གྱི་དཁྱིལ་འཁོར་གྱི་ནང་དུ			within a maṇḍala that is around a Buddha
སངས་རྒྱས་ཀྱི་འོད			light of a Buddha; Buddha-light
སངས་རྒྱས་ཀྱི་འཕྲིན་ལས			Buddha activity
སངས་རྒྱས་ཀྱི་འཕྲིན་ལས་ཆེན་པོ་ཉིད			great activities of a Buddha; (T) greatness of the activities of a Buddha
སངས་རྒྱས་ཀྱི་བདེ་བར་གནས་པ			abide in the bliss of a Buddha
སངས་རྒྱས་ཀྱི་བཀའ			Buddha-word; teaching of Buddha
སངས་རྒྱས་ཀྱི་བསྟན་པ			Buddha-teaching; Buddha's teaching(s)
སངས་རྒྱས་ཀྱི་བྱ་བ			a Buddha's work
སངས་རྒྱས་ཀྱི་བྱང་ཆུབ			enlightenment of a Buddha
སངས་རྒྱས་ཀྱི་ཆོས			Buddha-doctrines; qualities of a Buddha; Buddha-qualities
སངས་རྒྱས་ཀྱི་ཆོས་དང་འབྲེལ་བའི་གཏམ་ཟེར་བར་འདོད་པ			desire to teach in connection with the Buddha-doctrine
སངས་རྒྱས་ཀྱི་དབྱིངས			Buddha element
སངས་རྒྱས་ཀྱི་དབྱིངས་སམ་དབྱིངས་ཀྱིས་སངས་རྒྱས			Buddha element or elemental Buddha
སངས་རྒྱས་ཀྱི་དགོངས་པ			Buddha's thought; thought of Buddha
སངས་རྒྱས་ཀྱི་དཁྱིལ་འཁོར་རྣམས་སུ་སྐྱེ་བ			arise in the maṇḍalas of Buddhas
སངས་རྒྱས་ཀྱི་གདུང་མི་གཅོད་པ			not cut off the Buddha-lineage
སངས་རྒྱས་ཀྱི་གོ་འཕང			buddhahood(N); (T) state of buddhahood
སངས་རྒྱས་ཀྱི་ལས			activities of a Buddha
སངས་རྒྱས་ཀྱི་མཛད			activity of a Buddha; action of a Buddha; Buddha-action; (T) deeds of a Buddha
སངས་རྒྱས་ཀྱི་མཛད་པ			activity of a Buddha; action of a Buddha; Buddha-action; (T) deeds of a Buddha
སངས་རྒྱས་ཀྱི་མཛད་པ་ལྷུན་གྱིས་གྲུབ་པ་རྒྱུན་མི་འཆད་པ			uninterrupted continuum of the spontaneous activities of a Buddha
སངས་རྒྱས་ཀྱི་མཐུ			force of a Buddha; power of a Buddha
སངས་རྒྱས་ཀྱི་མཚན་མེད་པའི་འཇིག་རྟེན་གྱི་ཁམས			worldly realm that lacks the signs of a Buddha
སངས་རྒྱས་ཀྱི་མཚན་ཉིད			characteristics of a Buddha
སངས་རྒྱས་ཀྱི་ངོ་བོ་ཉིད			entityness of (a) Buddha
སངས་རྒྱས་ཀྱི་རིགས			Buddha lineage
སངས་རྒྱས་ཀྱི་རིགས་ཅན			having the Buddha-lineage
སངས་རྒྱས་ཀྱི་ས			Buddha ground; level of a Buddha; Buddha-ground
སངས་རྒྱས་ཀྱི་སྐུ			body of a Buddha
སངས་རྒྱས་ཀྱི་སྐུ་ངེས་པར་སྟོན་པར་མཛད་པ			definitely display the body of a Buddha
སངས་རྒྱས་ཀྱི་སྤྱན			Buddha-eye; eye of a Buddha
སངས་རྒྱས་ཀྱི་སྲས			child of the Buddha; Buddha-child
སངས་རྒྱས་ཀྱི་སྲས་ཀྱི་མཆོག་ཉིད་དུ་ལེགས་པར་སྐྱེས་པ			generate well the characteristics of a Buddha-child  (T)
སངས་རྒྱས་ཀྱི་སྲས་རྣམས			children of the Buddha; Buddha children
སངས་རྒྱས་ཀྱི་ཚུལ			mode of a Buddha; way of the Buddha(s); guide of Buddha(s)
སངས་རྒྱས་ཀྱི་ཡེ་ཤེས			exalted wisdom of a Buddha
སངས་རྒྱས་ཀྱི་ཡེ་ཤེས་ཀྱི་སྟོབས			power of the exalted wisdom of a Buddha
སངས་རྒྱས་ཀྱི་ཡོན་ཏན			Buddha-quality; the qualities of a Buddha
སངས་རྒྱས་ཀྱི་ཡོན་ཏན་ཕུན་སུམ་ཚོགས་པ་དང་ལྡན་པ			having the marvellous qualities of a Buddha; having the perfection of Buddha-qualities
སངས་རྒྱས་ཀྱི་ཡུལ			sphere of a Buddha; area of a Buddha; object of a Buddha
སངས་རྒྱས་ཀྱི་ཡུམ			Mother of Buddha
སངས་རྒྱས་ཀྱི་ཞིང			Buddha field; Buddha-land
སངས་རྒྱས་ཀྱིས་གདུལ་བ			discipline of the Buddha; Buddhist discipline; disciplined by the Buddha
སངས་རྒྱས་ལ་བསྟོད་པ			praise the Buddha (T)
སངས་རྒྱས་ལ་གསོལ་བ			ask the Buddha; entreat the Buddha
སངས་རྒྱས་ལ་གསོལ་བ་གདབ་པ			ask the Buddha; entreat the Buddha
སངས་རྒྱས་ལ་མཆོད་པའི་མཆོག			supreme among offerings to the Buddha; supreme offering to the Buddha  (T)
སངས་རྒྱས་མཛད			activity of a Buddha; Buddha-action; (T) deeds of a Buddha
སངས་རྒྱས་མེད་པའི་དུས			time when there is no Buddha
སངས་རྒྱས་མཐོང་བ			Buddha-vision; vision of a Buddha
སངས་རྒྱས་མཚན་མི་གྲགས་པ			not renowned as a Buddha
སངས་རྒྱས་ནི་ཡོད་པ་ཞེས་ཀྱང་མི་བརྗོད			it does not say that Buddhahood exists  (T)
སངས་རྒྱས་ཉིད			Buddhahood
སངས་རྒྱས་ཉིད་དུ་དབང་བསྐུར་བ་ཡིན་པ			is initiated into Buddhahood  ?  (T)
སངས་རྒྱས་ཉིད་དུ་ལུང་བསྟན་པ་བཤད་པ			give a prophecy of Buddhahood
སངས་རྒྱས་ཉིད་དུ་ཞུགས་པ་ཡིན་པ			approacher to Buddhahood
སངས་རྒྱས་ཉིད་ཀྱང་ཐོབ་པར་བྱ			(and also) will attain Buddhahood
སངས་རྒྱས་ཉིད་ཀྱི་ཐབས་ཤེས་པ			knowledge of the methods of Buddhahood
སངས་རྒྱས་ཉིད་ལ་འཇུག་པའི་ཐབས			method(s) of entering into Buddhahood
སངས་རྒྱས་ཉིད་ལ་སེམས་མཉམ་པ་ཉིད			mental equanimity with respect to Buddhahood
སངས་རྒྱས་ཉིད་ཕུན་སུམ་ཚོགས་པ་ཐོབ་པའི་གེགས་སུ་གྱུར་པ			serve to obstruct the attainment of perfection of Buddhahood
སངས་རྒྱས་པ			Buddhist
སངས་རྒྱས་རྒྱལ་སྲས			child of the Conqueror Buddha
སངས་རྒྱས་རྗེས་སུ་དྲན་པ་དང་ལྡན་པ			having the mindfulness of a Buddha
སངས་རྒྱས་རྣམས་འབྱུང་བ			arising/appearance/occurence of Buddhas
སངས་རྒྱས་རྣམས་དང་ཕྲད་པ			meet with Buddhas  (T)
སངས་རྒྱས་རྣམས་ཕན་ཚུན་མཛད་པ་གཅིག་པ་ཉིད			mutual oneness of Buddhas
སངས་རྒྱས་རྣམས་སངས་རྒྱས་མཆོག་རྣམས			supreme Buddhahood of Buddhas
སངས་རྒྱས་རྣམས་ཡུལ			sphere of Buddhas; place of Buddhas; object of Buddhas
སངས་རྒྱས་སྤྲུལ་པ			emanations of Buddha(s)
སངས་རྒྱས་སྲས			[Buddha-son]; Buddha-child; child of the Buddha; Bodhisattva; son of Buddha
སངས་རྒྱས་སྲས་རྣམས			[Buddha-sons]; Buddha-children; children of the Buddha; Bodhisattvas; sons of Buddha
སངས་རྒྱས་སུ་འགྱུར་བར་འོས་པ			suitable to be(come) a Buddha  (T)
སངས་རྒྱས་ཡེ་ཤེས			exalted wisdom of a Buddha
སངས་རྒྱས་ཡེ་ཤེས་མཆོག་ཏུ་རབ་བྱུང			supremely wonderful exalted wisdom of a Buddha
སངས་རྒྱས་ཡིད་ལ་བྱ་བ			mental contemplation of a Buddha; mental activity of a Buddha
སངས་རྒྱས་ཡོན་ཏན			qualities of a Buddha; Buddha-qualities
སངས་རྒྱས་ཡོན་ཏན་ཕུན་སུམ་ཚོགས་པ་དང་ལྡན་པ			endowed with the marvellous qualities of a Buddha; having the perfected qualities of a Buddha
སངས་རྒྱས་ཞིང			Buddha land
སར་ཞུགས་པ			enter into a level/ground; enter the ground
སརྦམངགལཾ			Sarvamaṅgalaṃ
སས			within the level; by the level/ground
སས་བསྡུས			included within the ground/level
སཱསྲབ༹			contaminated
སྦ			to conceal
སྦ་བ			to conceal; concealment
སྦལ་པ			toad
སྦར			kindle
སྦས			secret [past of sba, to conceal]
སྦས་དོན			secret meaning; hidden meaning
སྦས་པ			secret [past of sba, to conceal]
སྦེ་སེ་ཀོབ			movie theatre
སྦོ			high
སྦོམ་པོ			gross contravention
སྦྲག			connect; conjoin
སྦྲག་ཁང			post office
སྦྲགས			connect; conjoin
སྦྲང་བུ			bees
སྦྲང་མ			black bee
སྦྲང་རྩི			honey; sweetness
སྦྲང་རྩིའི་རོ			taste of honey
སྦྲོ་བ			delight
སྦྲུལ			snake
སྦྲུལ་གདུག་པ			poisonous snake
སྦྲུལ་གྱི་མདུད་པ			snake-knot
སྦྲུལ་གྱིས་གང་བར			among snakes
སྦུབས			inside; interior; tube
སྦྱང			purify; wash; practice; train; cleanse; clean; purity; purification
སྦྱང་བ			purify; wash; practice; train; cleanse; clean; purity; purification
སྦྱང་བར་བྱ་བ			object/action of purification
སྦྱང་དཀའ			Difficult to Overcome
སྦྱང་དཀའ་བ			Difficult to Overcome; Difficult to Overcome (fifth bodhisattva ground)
སྦྱངས			purify; wash; practice; train; cleanse; clean; purity; purification
སྦྱངས་འབྲས			fruit of purification
སྦྱངས་པ			purification; wash; purify; practice; train; purified; cleansed; purifying
སྦྱངས་པ་མ་བྱས་པ			not practiced purification
སྦྱངས་པ་མཁྱེན་པའི་ཡོན་ཏན			the quality of knowledge through training (GZ 66a.6)
སྦྱངས་པའི་ཡོན་ཏན་བཅུ་གཉིས			twelve qualities of the purified
སྦྱར			join; connect; affix; apply; prepare; establish; associate(BJ); applied to (with preceding la)(BJ 41.3) [past of sbyor]
སྦྱར་བ			join; connect; affix; apply; prepare; establish; associate(BJ); applied to (with preceding la)(BJ 41.3) [past of sbyor]
༅སྦྱར་བ༏་ལྡན་པ			conjunction; association
སྦྱར་བར་བགྱི			join; connect; affix; apply; prepare; establish; associate; joined
སྦྱར་བར་བྱ་བ			should be joined/connected/etc.  (T)
སྦྱར་བར་སྨོན་ལམ་འདེབས་པ			make wishes to join/connect ...  ? (T)
སྦྱར་བྱུང			manufactured(D1)
སྦྱར་བྱུང་གི་དྲི			manufactured odor
སྦྱར་བྱུང་གི་རྩ་བའི་ཁ་དོག			manufactured primary color
སྦྱིན			give; bestow; giving; gift; present; alms; donation
སྦྱིན་བདག			benefactor (T)
སྦྱིན་བྱེད			giver; giving
སྦྱིན་དུ་མེད་པ			not giving; not given
སྦྱིན་ལ་མངོན་དགའ་ཡིན་པ			manifest joy in giving
སྦྱིན་ལ་སོགས་པ་སྒྲུབ་པ			establish giving, etc.
སྦྱིན་པ			verb: give; bestow; present\n noun: giving; gift; present; alms; donation
སྦྱིན་པ་བརྒྱུད་པ			give continually
སྦྱིན་པ་ལ་འཇུག			engage in giving
སྦྱིན་པ་ལ་བརྒྱུད་པ			give continually
སྦྱིན་པ་ལ་རྗེས་སུ་སྟོན་པ			teach giving  (T)
སྦྱིན་པ་ལ་སྦྱོར་བ			training/engaging in giving
སྦྱིན་པ་ལ་སེམས་མཉམ་པ་ཉིད			equality of mind with respect to giving
སྦྱིན་པ་ལ་སོགས			giving, etc.
སྦྱིན་པ་ལ་སོགས་པ་ལ་རྗེས་སུ་ཡི་རང་བ			joy of giving, etc.
སྦྱིན་པ་ལ་སོགས་པ་ལ་སྦྱོར་བ་ཡིད་ལ་བྱེད་པ			mental contemplation of practicing giving, etc.
སྦྱིན་པ་ལ་སོགས་པ་མ་བྱས་པ			not perform giving, etc.
སྦྱིན་པ་ལ་སོགས་པའི་དོན			object/meaning of giving, etc.
སྦྱིན་པ་ལ་སོགས་པའི་ཡོན་ཏན་ལ་འཇུག་པ			engage in the qualities of giving, etc.
སྦྱིན་པ་ལས་བྱུང་བའི་བསོད་ནམས			merit that arises from giving
སྦྱིན་པ་ནི་འབྲས་དང་བཅས་ཏེ་བྱིན			bestow a gift together with the fruit [of giving]  (T)
སྦྱིན་པ་པོ			giver; donor
སྦྱིན་པ་པོ་བརྩེ་བ་དང་ལྡན་པ			compassionate giver
སྦྱིན་པ་པོ་དང་སྦྱིན་པར་བྱ་བ་དང་ལེན་པ་པོ་རྣམས་སུ་རྣམ་པར་མི་རྟོག་པ			not conceiving of a giver, object given, or taker (T)
སྦྱིན་པ་པོ་ནི་ལོངས་སྤྱོད་མི་འདོད			giver who does not desire resources
སྦྱིན་པ་ཡོངས་སུ་སྦྱོང་བ			thorough purity of gifts/giving
སྦྱིན་པའི་འབྲས་བུ			fruit/effect of giving
སྦྱིན་པའི་འབྲས་བུ་བདེ་བ			happiness, the fruit of giving
སྦྱིན་པའི་བདེ་བ			happiness of giving
སྦྱིན་པའི་བསམ་པ			thought of giving; generous thought
སྦྱིན་པའི་དབང			power of giving
སྦྱིན་པའི་གོ་སྒྲུབ			achieving through the armor of giving
སྦྱིན་པའི་ཕ་རོལ་ཏུ་ཕྱིན་པ་དང་ལྡན་པ			having the perfection of giving
སྦྱིན་པའི་ཕ་རོལ་ཏུ་ཕྱིན་པ་ལ་སོགས་པ			the perfections of giving, etc.
སྦྱིན་པའི་ཕ་རོལ་ཏུ་ཕྱིན་པའི་མཐར་གྱིས་སྦྱོར་བ			serial training in the perfection of giving
སྦྱིན་པའི་ཕན་ཡོན			advantage of giving
སྦྱིན་པའི་ཕར་ཕྱིན			perfection of giving
སྦྱིན་པའི་ཕུང་པོའི་རྣམ་པར་སྨིན་པ			mature the collection of giving
སྦྱིན་པའི་སྦྱིན་པ			the giving of giving
སྦྱིན་པའི་ཚོགས་སྒྲུབ			achieving through the collection of giving
སྦྱིན་པའི་ཡོན་ཏན			qualities of giving
སྦྱིན་པར་འདུན་པ་ཡིད་ལ་བྱེད་པ			mental contemplation of the aspiration for giving
སྦྱིན་པར་བགྱིད་པ			give; giver
སྦྱིན་པར་བགྱིད་པ་མ་ལགས་པ			not a giver; not give
སྦྱིན་པར་བྱ་བ			gift
སྦྱིན་པར་བྱེད			giving
སྦྱིན་པར་བྱེད་པ			giving
སྦྱིན་པས་དགའ་བ			joy of giving; joy from giving
སྦྱིན་པས་ལོངས་སྤྱོད་ཁྲིམས་ཀྱིས་བདེ			from giving, resources; from ethics, a good transmigration
སྦྱིན་རླབས			empowering blessing
སྦྱིན་རྣམ་ཀྱི་ཆེན			great aspect of giving
སྦྱིན་སྲེག			burnt offering
སྦྱིན་སྲེགས			burnt offering
སྦྱོད			[misspelling of spyod pa] practice
སྦྱོད་ལམ			behavior
སྦྱོང			purify; wash; practice; train; cleanse; clean; purity; purification
སྦྱོང་བ			purify; wash; practice; train; cleanse; clean; purity; purification
སྦྱོང་བར་བྱེད			purify; wash; practice; train; cleanse; clean; purity; purification; one who...
སྦྱོང་བར་བྱེད་པ			purify; wash; practice; train; cleanse; clean; purity; purification; one who...; the means of...
སྦྱོང་བྱེད			purifier; washer; practitioner; trainer; cleanser; cleaner; the means of...
སྦྱོངས			purify; wash; practice; train; cleanse; clean; purity; purification
སྦྱོངས་འབྲས			fruit of purification/washing/cleansing/purifying/practicing/training/cleaning
སྦྱོར			verb: join; connect; apply; affix; prepare; establish\n noun: application; preparation; exertion; joining; connection; endeavor; syllogism
སྦྱོར་བ			verb: join; connect; apply; affix; prepare; establish; practice \n noun: preparation; connection; syllogism; application; exertion; joining; endeavor; fortune; conjunction
སྦྱོར་བ་བྱས་ནས			having performed the yoga
སྦྱོར་བ་དང་ལྡན་པ			endowed with application
སྦྱོར་བ་དང་མཐོང་བ་དང་སྒོམ་པ་དང་མཐར་ཐུག་པའི་ལམ			paths of preparation, seeing, and meditation, and final [i.e., no more learning]
སྦྱོར་བ་དེའི་འཛིན་སྟངས་མཉམ་ཉིད			equality in the mode of apprehension of trainings [in a knower of bases]
སྦྱོར་བ་ལ་བརྟེན་པར་འགྱུར་ཏེ			depend upon application/connection
སྦྱོར་བ་ལ་ལྡེམ་པོར་དགོངས་པ			intending translation
༅སྦྱོར་བ་ལ་ལྡེམ་པོར་དགོངས་པ༏་བསྒྱུར་བ་ལ་ལྡེམ་པོར་དགོངས་པ			indirectly intending translation; intending translation
༅སྦྱོར་བ་ལ་ལྡེམ་པོར་དགོངས་པ། བསྒྱུར་བ་ལ་ལྡེམ་པོར་དགོངས་པ			indirectly intending translation
སྦྱོར་བ་ལས་བྱུང་བའི་བརྩོན་གྲུས			effort arising from application
སྦྱོར་བ་ལས་མི་ལྡོག་པ་ཉིད			non-reversal from application/preparation
སྦྱོར་བ་མ་ཡིན་པ			non-application; non-preparation; non-connection
སྦྱོར་བ་མེད་པ			non-application; non-preparation; non-connection
སྦྱོར་བ་མཐའི་འབྲས་བུ་ཡིད་བྱེད			mental contemplation that is the fruit of final training
སྦྱོར་བ་མཐའི་ཡིད་བྱེད			mental contemplation of final application
སྦྱོར་བ་པ			one who prepares; one who applies himself/herself
སྦྱོར་བ་རྩོམ་སྟེ			begin application/preparation
སྦྱོར་བའི་བརྩོན་འགྲུས			effort in training
སྦྱོར་བའི་གནས			place of training; topic in training
སྦྱོར་བའི་མཐར་ཕྱིན་པར་སོང་བ			progress to completion of training
སྦྱོར་བའི་མཚན་ཉིད			characteristics of trainings/ characteristics
སྦྱོར་བའི་སྒོ་ནས			from the viewpoint of application/preparation/training
སྦྱོར་བའི་སྒྲིབ་པ			obstructions to application/preparation/training
སྦྱོར་བའི་སྐྱོན			faults of trainings; faults/defects of training
སྦྱོར་བའི་སྔོན་དུ			prior to training
སྦྱོར་བའི་ཐབས			method/technique of training
སྦྱོར་བའི་ཡིད་ལ་བྱེད་པ			mental contemplation of training/trainees
སྦྱོར་བའི་ཡོན་ཏན			qualities of trainings
སྦྱོར་བར་བྱེད			training; train; joining; connecting
སྦྱོར་བྱེད་པ			training; train; joining; connecting
སྦྱོར་བྱུང་གི་དགེ་བ			virtues arising from application in this life
༅སྦྱོར་བཞི་། སྦྱོར་བ་བཞི			four trainings
སྦྱོར་དངོས་མཇུག་གསུམ			the three—preparation, actual [session], end [of session]
སྦྱོར་ལམ			path of preparation
སྦྱོར་ལམ་བཟོད་པ			forbearance level of the path of preparation
སྦྱོར་ལམ་རྩེ་སྦྱོར			path-of-preparation peak training; peak training of the path of preparation
སྦྱོར་ལུགས་སྐྱོན་ཅན			faulty mode of structuring the statement
སྦྱོར་མཐའི་འབྲས་བུའི་ཡིད་བྱེད			mental contemplation that is the fruit of final training
སྦྱོར་མཐའི་ཡིད་བྱེད			mental contemplation of final training
སྦྱོར་ཚུལ			mode/way of application
སྡང			hate; anger
སྡེ			(1) set; school; faction; sect(BJ 46.2); (2) continuative particle indicating there is more to come in the sentence, sometimes setting off appositives and usually indicating there is another clause to the sentence
སྡེ་བདུན			Dharmakīrti's Seven Treatises on Valid Cognition
སྡེ་པ			school of thought; school, group; set; sectarian(BJ 50.6)
སྡེ་པ་ཉིས་ཤུ་པོ་རྩོད་པར་སྨྲ་བ་དག་གི་གནས་སུ་གྱུར་པ			source of controversy among the twenty sects [of Hearers]
སྡེ་སྣོད			scriptural collection; basket
སྡེ་སྣོད་གསུམ			the three baskets [sūtra, abhidharma, and vinaya]; three scriptural collections
སྡེ་ཚན			group; set; meaning unit
སྡེར་རྩེ			plate
སྡིག			sin; moral wrong-doing
སྡིག་བྱེད			sin; cause to sin
སྡིག་པ			sin; moral wrong-doing; scorpion
སྡིག་པ་བྱེད་པ			sinner
སྡིག་པ་ཅན			sinful
སྡིག་པ་དང་བྲལ་བ			free from sin
སྡིག་པ་ནི་སོ་སོར་བཤགས་སོ			confession of sins individually  (T)
སྡིག་པའི་གྲོགས་པོ			evil friend
སྡིགས་མཛུབ			index finger
སྡོད			to subsist; abide; stay; reside; sit; stop; dwell
སྡོད་ལུགས			mode of abiding; mode of subsistence(BJ 55.4); status; way of subsistence
སྡོད་པ			to subsist; abide; stay; reside; sit; stop; dwell
སྡོམ			bind; tie; fasten; vow; obligation; bring together; collect
སྡོམ་མིན			bad discipline
སྡོམ་པ			vow; bind; tie; fasten; obligation; bring together; collect; discipline
སྡོམ་པ་ལ་གནས་པ			abide in a vow; abide in restraint
སྡོམ་པའི་རང་བཞིན			restrained nature; nature of restraint
སྡོམ་པའི་སེམས			restrained mind
སྡོམ་པའི་ཚུལ་ཁྲིམས			ethics of restraint
སྡོམས			bring together; collect; bind; tie; fasten vow; obligation
སྡོམས་པ			bring together; collect(BJ 33.5); bind; tie; fasten vow; obligation
སྡོམས་རྟགས			combined reason
སྡོང་བུ			tree trunk
སྡོང་པོ			tree trunk
སྡུད			to collect; include; abridge
སྡུད་པ			collect; collection; include; inclusion; compendium
སྡུད་པའི་རྒྱུ			cause of collection; cause of abridgement
སྡུད་པར་འགྱུར་བ			collect; include; abridge
སྡུད་པར་བགྱིད			collect; include; abridge
སྡུད་པར་མི་བགྱིད			not collect; not include; non-abridged
སྡུག			dear; kind; beloved
སྡུག་བདེན			true sufferings
སྡུག་བསྔལ			suffering; pain
སྡུག་བསྔལ་འབབ་པ			descent of suffering
སྡུག་བསྔལ་འབྱུང་བ			arising of suffering
སྡུག་བསྔལ་འཇིགས་པ་མེད			fearless with respect to suffering
སྡུག་བསྔལ་བ			miserable(N); suffering
སྡུག་བསྔལ་བདག་ཉིད			essence of suffering; suffering essence
སྡུག་བསྔལ་བདེན་པ			true suffering; true sufferings; truth of suffering
སྡུག་བསྔལ་བྱུང་བ			arising of suffering
སྡུག་བསྔལ་བཟོད་པ			forbearance with respect to suffering
སྡུག་བསྔལ་ཆོས་བཟོད			forbearance with respect to the doctrine of suffering
སྡུག་བསྔལ་ཆོས་ཤེས			doctrinal knowledge with respect to sufferings
སྡུག་བསྔལ་ཆུང་ངུ་མྱོང			experience little suffering
སྡུག་བསྔལ་དག་གིས་སྤ་མི་འགོང་བའི་ཕྱིར			because of not being poisoned by suffering
སྡུག་བསྔལ་དང་བྲལ་བ			free from suffering
སྡུག་བསྔལ་དང་ཀུན་འབྱུང་བ་དང་འགོག་པ་དང་ལམ་གྱི་བདེན་པ			true suffering, arising, cessation, and path; the truths of suffering, arising, cessation, and path
སྡུག་བསྔལ་དང་ནི་དོན			object of suffering; meaning of suffering
སྡུག་བསྔལ་དང་ཡིད་མི་བདེ་བ			miserable and unhappy in mind
སྡུག་བསྔལ་དྭང་ལེན་གྱི་བཟོད་པ			patience/forbearance/tolerance/endurance which is voluntary assumption of suffering
སྡུག་བསྔལ་གྱི་འདུ་ཤེས			conception of suffering
སྡུག་བསྔལ་གྱི་བདེན་པ			true suffering; truth of suffering
སྡུག་བསྔལ་གྱི་ཕུང་པོ་ཆེན་པོ་རབ་ཏུ་ཞི་བ			pacify the great aggregation of suffering
སྡུག་བསྔལ་གྱི་རྣམ་པ་བསྒོམ་པ			meditation on the aspects of suffering
སྡུག་བསྔལ་གྱི་སྡུག་བསྔལ			suffering of misery
སྡུག་བསྔལ་གྱི་སྡུག་བསྔལ་ཉིད་ལས་གྲོལ་བ			liberation from the suffering of suffering
སྡུག་བསྔལ་གྱིས་འཇིགས་པ་དགག་པ			eliminate the fear of suffering
སྡུག་བསྔལ་གྱུར་བ			miserable; suffering
སྡུག་བསྔལ་ཁས་ལེན་པ			assert suffering
སྡུག་བསྔལ་ལས་རྣམ་པར་གྲོལ་བ			completely liberated from suffering
སྡུག་བསྔལ་མ་ཡིན་བདེ་བ་ཡང་མ་ཡིན			neither pleasure nor suffering; neutral feeling
སྡུག་བསྔལ་མང་བ			much suffering
སྡུག་བསྔལ་མང་པོ			much suffering
སྡུག་བསྔལ་མི་རྟོག་པ			not impute suffering
སྡུག་བསྔལ་མཐར་བྱ་བ			bring suffering to an end (?)
སྡུག་བསྔལ་མཐོང			view suffering
སྡུག་བསྔལ་མཚུངས་པ་ཉིད			sameness of suffering
སྡུག་བསྔལ་མྱོང			experience suffering
སྡུག་བསྔལ་ཉིད་གསུམ			three sufferings
སྡུག་བསྔལ་རབ་ཏུ་ཞི་བ			thoroughly pacify suffering
སྡུག་བསྔལ་རང་བཞིན			nature of suffering; natural suffering
སྡུག་བསྔལ་རྗེས་བཟོད			subsequent forbearance with respect to sufferings
སྡུག་བསྔལ་རྗེས་ཤེས			subsequent knowledge with respect to sufferings
སྡུག་བསྔལ་རྟོག་པ			conceive of suffering
སྡུག་བསྔལ་སེལ་བ			eliminate/eradicate/remove/clear away/avoid/exclude suffering
སྡུག་བསྔལ་སེལ་པ			eliminate/eradicate/remove/clear away/avoid/exclude suffering
སྡུག་བསྔལ་སྐྱེ་བ			arising of suffering
སྡུག་བསྔལ་ཟད་པར་འདོད་པ			desire the extinction of suffering
སྡུག་མི་བསྔལ་བ			non-suffering; not suffering
སྡུག་པ			attractive; nice; beautiful
སྡུག་པ་དང་མི་སྡུག་པ			beauty and ugliness
སྡུག་པའི་འབྲས་བུ་འདོད་པ			desire an attractive result/fruit
སྡུས			to collect; include; abridge
སྡུས་བསྔལ			suffering
སེ་འབྲས་དགའ་གསུམ			Se-ra, Dre-bung, and Gan-den, the three monastic universities of Hlasa
སེ་གོལ			finger snap
སེ་གོལ་བརྡབས			snap the fingers
སེ་གོལ་གཏོགས			snap the fingers
སེ་ར་སྨད			May College of Se-ra Monastic University
སེ་རུ་རང་རྒྱལ་གྱི་ལམ་ཤེས་པའི་ལམ་ཤེས			knower of paths that knows Solitary Victor paths
སེ་རྭ			Se-ra ("Rain of Hail")
སེལ			clear away; remove; throw off; eliminate; avoid; exclude
སེལ་འཇུག			eliminative engager
སེལ་འཇུག་གི་བློ			awareness that is an eliminative engager; mind of partial engagement
སེལ་འཇུག་གི་གང་ཟག			person who is an eliminative engager
སེལ་འཇུག་གི་སྒྲ			sound that is an eliminative engager
སེལ་བ			exclusion [=gzhan sel]; clear away; remove; throw off; eliminate; avoid
སེལ་བའི་ཐབས་སུ་འགྲོ་བ			serve as efficacious means of clearing away
སེལ་བར་བྱེད			clear away; remove; throw off; eliminate; exclude; avoid
སེལ་བྱེད			clearer away
སེལ་མི་ནུས་པ			not able to remove/eliminate/eradicate/clear away/avoid/exclude
སེལ་ཚུལ			mode of avoidance/elimination/removal/eradication/exclusion/clearing away
སེམས			verb: think [in the sense of have an opinion]; contemplate; noun: mind; consciousness; thought; continuum
སེམས			mind
སེམས་འབྱུང་བ			mental factor; arising of mind; mental arising
སེམས་འདི			this mind; this thought
སེམས་འདི་བཟང་བ་མིན་སྙམ			(thinking), this thought is not good""
སེམས་འགྲེལ་སྐོར་གསུམ			three cycles of Bodhisattva commentaries
སེམས་འཇོག་གོ			setting the mind
སེམས་འཇོག་པ			setting the mind
སེམས་འཇོག་པར་བྱེད་དོ			setting the mind
སེམས་འཁྲུག་པ			disturbed mind; mental disturbance; angry mind
སེམས་འཁྲུགས་པར་འགྱུར་རོ			disturbed mind; mental disturbance; angry mind; become/be mentally disturbed
སེམས་འཁྲུལ་བ			mistaken mind
སེམས་འཁྲུལ་མེད			non-mistaken mind
སེམས་འོད་གསལ་བའི་ཕྱིར			(due to) the clear light of mind
སེམས་འཕྲོ་བ་མེད་པའི་ཕྱིར			because there is not a scattered mind (T)
སེམས་བལྟར་མེད			invisibility of mind
སེམས་བསྐྱེད			[mind-generate]; (altruistic) mind-generation; generation of the aspiration (to enlightenment); mind generation
སེམས་བསྐྱེད་མ་ཐག་ཏུ་ཆོས་ཀྱི་འཁོར་ལོ་བསྐོར་བ			Turn the Wheel of Doctrine Immediately after Mind-Generation
སེམས་བསྐྱེད་པ			[mind-generate]; (altruistic) mind-generation; generation of the aspiration (to enlightenment)
སེམས་བསྐྱེད་པ་བསྔགས་པ			praise (altruistic) mind-generation
སེམས་བསྐྱེད་པ་དང་པོ			first (altruistic) mind-generation
སེམས་བསྐྱེད་པ་ལ་གནས་པ			abiding in (altruistic) mind-generation
སེམས་བསྐྱེད་པ་རྣམ་པར་གཏན་ལ་དབབ་པ			settle [altruistic] mind-generation
སེམས་བསྐྱེད་པ་ཡང་དག་པར་འགྲུབ་པ			thoroughly established (altruistic) mind-generation
སེམས་བསྐྱེད་པའི་དུས			time of (altruistic) mind-generation
སེམས་བསྐྱེད་པའི་མཚན་ཉིད			character of (altruistic) mind-generation
སེམས་བསྐྱེད་པའི་སྐབས			occasion of (altruistic) mind-generation
སེམས་བསྐྱེད་པར་བགྱིད་པ			generate an attitude; generate the altruistic intention [to become enlightened]; [altruistic] mind-generation
སེམས་བཏང་སྙོམས་སུ་བྱེད་པ			mental equanimity
སེམས་བྱེད			think of; thought of
སེམས་བྱུང			mental factor
སེམས་བྱུང་དགེ་བ			virtuous mental factor
སེམས་བྱུང་གཞན་འགྱུར			changeable mental factor; determining mental factor
སེམས་བྱུང་ཀུན་འགྲོ			omnipresent mental factor
སེམས་བྱུང་ཡུལ་ངེས			determining mental factor
སེམས་ཅན			[mind-having]; sentient being; animals
སེམས་ཅན་འཇིག་རྟེན			worldly realm of sentient beings
སེམས་ཅན་བདག་དང་མཚུངས			concordant with the self of sentient beings
སེམས་ཅན་བསོད་ནམས་བྱེད་པ			sentient beings who produce merit; merit-making sentient beings  (T)
སེམས་ཅན་ཆེད་དུ			for the sake of sentient beings  (T)
སེམས་ཅན་དག་ནི་ཚད་མེད་པ་ཡོངས་སུ་སྨིན་པར་བྱེད་པ			thoroughly mature/ripen countless sentient beings
སེམས་ཅན་དག་པ			pure sentient being
སེམས་ཅན་དག་ཡོངས་སུ་སྨིན་པར་བྱེད་དོ			thoroughly ripen/mature sentient beings
སེམས་ཅན་དམ་པ			excellent sentient being(s)
སེམས་ཅན་དང་རང་གི་སངས་རྒྱས་ཀྱི་ཆོས་ཡོངས་སུ་སྨིན་པ			thoroughly mature/ripen the qualities of sentient beings and Buddhas
སེམས་ཅན་དང་སེམས་ཅན་མ་ཡིན་པས་བྱས་པའི་སྡུག་བསྔལ			the suffering made by sentient beings and non-sentient beings
སེམས་ཅན་དབུལ་པོ			poor sentient being
སེམས་ཅན་དམན་པ			inferior being
སེམས་ཅན་དམྱལ་བ			hell-being; hells
སེམས་ཅན་དམྱལ་བ་པ་མ་ཡིན་པ			non-hell-being
སེམས་ཅན་དམྱལ་བའི་སེམས་ཅན			hell-beings
སེམས་ཅན་དམྱལ་བའི་སྲུང་མ			hell-guardians
སེམས་ཅན་དོན			welfare of sentient beings; welfare/purpose(s) of sentient beings
སེམས་ཅན་དོན་བྱེད་པའི་ཚུལ་ཁྲིམས			ethics which works for the welfare/purpose(s) of sentient beings
སེམས་ཅན་དོན་བྱེད་པར་སྨོན་པ			wish to work for the sake of sentient beings  (T)
སེམས་ཅན་དོན་ལ་ཤིན་ཏུ་བརྩོན			extreme exertion for the welfare of sentient beings  (T)
སེམས་ཅན་དོན་ནི་སྒྲུབ་པ			establish the welfare/purpose(s) of sentient beings
སེམས་ཅན་དོན་སྒྲུབ			establish the welfare/purpose(s) of sentient beings
སེམས་ཅན་དུ་གདགས་པ			imputation as a sentient being; imputed as a sentient being
སེམས་ཅན་གཅིག་བདེ			happiness of one being
སེམས་ཅན་གདུལ་བ			discipline sentient beings; discipline of sentient beings
སེམས་ཅན་གནོད་པར་བྱེད་པ་དག་གིས་མི་འཁྲུགས་པ			undisturbed by the injuries inflicted [by other] sentient beings  (T)
སེམས་ཅན་གྱི་བདག་པོ			lord of sentient beings; sovereignty over sentient beings
སེམས་ཅན་གྱི་བྱ་བ་དག་ལ་སེམས་མཉམ་པ་ཉིད			mental equality with respect to the deeds of sentient beings
སེམས་ཅན་གྱི་དོན			welfare/purpose(s) of sentient beings
སེམས་ཅན་གྱི་དོན་ལ་བག་མེད་པ			non-conscientiousness with respect to the welfare/purpose(s) of sentient beings
སེམས་ཅན་གྱི་དོན་ལ་སེམས་པ			think of the welfare/purpose(s) of sentient beings
སེམས་ཅན་གྱི་དོན་ལ་ཞུགས་པ			engage in the welfare of sentient beings   (T)
སེམས་ཅན་གྱི་དོན་རྣམ་པ་བཞི་པོ			four types of welfare/purpose(s) of sentient beings
སེམས་ཅན་གྱི་དུས་ན			at the time of a sentient being(BJ 37.5)
སེམས་ཅན་གྱི་གནས			abode of a sentient being
སེམས་ཅན་གྱི་ལོག་པར་སྒྲུབ་པ			mistaken establishment of sentient beings
སེམས་ཅན་གྱི་ལུས་ལ་སོགས་པ			bodies, etc. of sentient beings
སེམས་ཅན་གྱི་ཉེས་པ			fault of sentient beings  (T)
སེམས་ཅན་གྱི་ཕུང་པོ			group of sentient beings
སེམས་ཅན་གྱི་རིས			lineage of sentient beings
སེམས་ཅན་གྱིས			by sentient beings; of sentient beings
སེམས་ཅན་གཞན་ལ་བྱམས་འདོད			desirous love for other sentient beings (T)
སེམས་ཅན་ཁམས			realm of sentient beings
སེམས་ཅན་ཀུན་གྱི་བྱ་བ			activity of all sentient beings  (T)
སེམས་ཅན་ཀུན་མཆོག་ཉིད			supreme of sentient beings
སེམས་ཅན་ཀུན་ཏུ་འགྲོ་བའི་དོན			omnipresent welfare/purposes of sentient beings
སེམས་ཅན་ཀྱི་ཁམས			realm of sentient beings
སེམས་ཅན་ཀྱི་མཆོག་ཉིད			greatness of sentient beings
སེམས་ཅན་ལ་བརྩེ་བ			compassion toward sentient beings
སེམས་ཅན་ལ་དམིགས་པ			object of observation for sentient beings
སེམས་ཅན་ལ་དམིགས་པའི་སྙིང་རྗེ			compassion observing sentient beings
སེམས་ཅན་ལ་མཉམ་པ་ཉིད་ཀྱི་ཡེ་ཤེས			exalted wisdom of sameness toward sentient beings
སེམས་ཅན་ལ་ཕན་པར་བྱེད་པའི་རྒྱུ་ཡིན་པ			being a cause of helping/benefiting sentient beings
སེམས་ཅན་ལ་སྟོན་པའི་སྒྲ			sound which indicates meaning to a sentient being
སེམས་ཅན་ལོག་པར་སྒྲུབ་པ			wrongly establish sentient beings
སེམས་ཅན་མ་ཡིན་པ			non sentient being; not a sentient being
སེམས་ཅན་མ་ཡིན་པས་བྱས་པའི་སྡུག་བསྔལ			suffering made by non sentient beings
སེམས་ཅན་མཆོག			supreme sentient being; highest sentient being
སེམས་ཅན་མཆོག་ཏུ་གྱུར			is the highest sentient being  (T)
སེམས་ཅན་མེད་པ			non sentient being; not a sentient being; no sentient being;\n (T) sentient beings do not [inherently] exist
སེམས་ཅན་མེད་པའི་ཕྱིར			because there is not a sentient being; because there are no sentient beings; (T) because sentient beings do not [inherently] exist
སེམས་ཅན་མི་འཚེ			non-harmfulness toward sentient beings
སེམས་ཅན་མི་གཏོང་བ			not giving up on sentient beings
སེམས་ཅན་མཉམ་པ་ཉིད			sameness of sentient beings
སེམས་ཅན་ངན་པ			bad sentient being(s)
སེམས་ཅན་ངོ་བོ་ཉིད་མ་མཆིས་པ་དང་སྐྱེ་བ་མ་མཆིས་པའི་རང་བཞིན་ཅན			sentient beings having the nature of non-nature and non-production
སེམས་ཅན་ནི་སྨིན་པར་བྱེད་པ་འགྲུབ་པར་འགྱུར			serves to ripen/mature sentient beings
སེམས་ཅན་ཕན་འདོགས་དགའ			delight in the benefit of sentient beings
སེམས་ཅན་ཕན་བྱེད་དོན་ཆེན			the great purpose that helps sentient beings  (T)
སེམས་ཅན་ཕན་པར་སེམས			thinking to help a sentient being/sentient beings  (T)
སེམས་ཅན་རབ་འདུལ			discipline sentient beings; discipline of sentient beings
སེམས་ཅན་རབ་ཏུ་སྨིན་པ			thorough ripening of sentient beings; thoroughly ripen/mature sentient beings
སེམས་ཅན་རྗེས་འཇུག			follower of sentient beings  (T)
སེམས་ཅན་རྣམ་གྲོལ་མཛད			liberate sentient beings  (T)
སེམས་ཅན་རྣམ་སྨིན་བྱེད			ripen/mature sentient beings; one who ripens/matures sentient beings
སེམས་ཅན་རྣམས་འཇོམས			abandon sentient beings; (T) destroy/suppress sentient beings  ?
སེམས་ཅན་རྣམས་གྱི་ལས་ཀྱི་ཁྱད་པར་གྱིས			due to the differences of sentient beings' karmas
སེམས་ཅན་རྣམས་ཀྱི་དོན་དུ་གནས			establish the welfare of sentient beings
སེམས་ཅན་རྣམས་ལ་མོས་པ་ཇི་ལྟ་བ་བཞིན་དུ			according to the beliefs in sentient beings
སེམས་ཅན་རྣམས་ལ་སེམས་མཉམ་པ་ཉིད			mental equality with respect to sentient beings
སེམས་ཅན་རྣམས་ཡོངས་སྨིན་པར་བྱེད			thoroughly ripen/mature sentient beings
སེམས་ཅན་རྣམས་ཡོངས་སུ་སྨིན་པར་བྱ་བ			object of thoroughly ripening sentient beings; will thoroughly ripen/mature sentient beings
སེམས་ཅན་སངས་རྒྱས་ཀྱི་རིགས་ཅན			sentient beings having the Buddha-lineage
སེམས་ཅན་སྡིག་པ་བྱེད་པ			evil-doing sentient being
སེམས་ཅན་སྡུག་བསྔལ			suffering of sentient beings; suffering sentient beings
སེམས་ཅན་སྨིན་པར་བྱེད་པ			ripen/mature sentient beings
སེམས་ཅན་ཐམས་ཅད་ལས་མངོན་པར་འཕགས་པ			manifestly superior to all sentient beings
སེམས་ཅན་ཐམས་ཅད་སངས་རྒྱས་ཀྱི་ཚེ			the time when all sentient beings will have become Buddhas
སེམས་ཅན་ཐེ་ཚོམ་ཤིན་ཏུ་སེལ་བ			thoroughly eliminate/eradicate/remove/clear away/avoid/exclude the doubts of sentient beings
སེམས་ཅན་ཙམ་ལ་དམིགས་པའི་བྱམས་པ			love observing mere sentient beings
སེམས་ཅན་ཚད་མེད་པ			innumerable sentient beings; countless sentient beings
སེམས་ཅན་ཚོགས			accumulation of sentient beings; group of sentient beings
སེམས་ཅན་ཡང་དུ་མ་ཞིག་ལ་བདེ་བར་འགྱུར			there is also happiness for many sentient beings   (T)
སེམས་ཅན་ཡོངས་སྨིན་བྱེད			thoroughly ripen/mature sentient beings
སེམས་ཅན་ཡོངས་སུ་འཛིན་པ			apprehend sentient beings
སེམས་ཅན་ཡོངས་སུ་བཟུང་བ			apprehend sentient beings
སེམས་ཅན་ཡོངས་སུ་གཏོང			abandon sentient beings; one who abandons sentient beings
སེམས་ཅན་ཡོངས་སུ་མི་གཏོང་བའི་ཆེ་བ་ཉིད			greatness of not abandoning sentient beings
སེམས་ཅན་ཡོངས་སུ་སྦྱོང་བ			thoroughly purify/train sentient beings
སེམས་ཅན་ཡོངས་སུ་སྨིན་པ			thoroughly ripen/mature sentient beings
སེམས་ཅན་ཡོངས་སུ་སྨིན་པར་བྱ་བ			object of thoroughly ripening of sentient beings; will thoroughly ripen/mature sentient beings
སེམས་ཅན་ཡོངས་སུ་སྨིན་པར་བྱེད			thoroughly ripen/mature sentient beings
སེམས་ཅན་ཡོངས་སུ་སྨིན་པར་བྱེད་པ			thoroughly ripen/mature sentient beings
སེམས་ཆེན་པོ			great mind
སེམས་དད་པ་གཅིག་ཙམ			one mere thought of faith
སེམས་དང་བསམ་པ་རྣམ་པར་དག་པ་མཉམ་པ་ཉིད			sameness of purity of mind and thought
སེམས་དང་བསམ་པ་རྣམ་པར་དག་པ་མཉམ་པ་ཉིད་བཅུ			ten samenesses of purity of mind and thought
སེམས་དང་ལྡན་པ་མ་ཡིན་པའི་ཆོས			phenomenon without a mind; (T) non-sentient phenomenon
སེམས་དང་ལྡན་པ་སུ་ཞིག་སྨྲ			who with a mind would propound ...?(BJ 13.4)
སེམས་དང་པོ་བསྐྱེད་པ་ཡིན			(is the) first (altruistic) mind-generation
སེམས་དང་པོ་གནས་པ			(one who is) abiding in the first (altruistic) mind (generation)
སེམས་དང་སེམས་བྱུང་ཁམས་གསུམ་པ			three realms of mind and mental factors
སེམས་དང་སེམས་བྱུང་རྣམས			mind and mental factors
སེམས་དང་སེམས་ལས་བྱུང་བ			mind and mental factors
སེམས་དང་སེམས་ལས་བྱུང་བ་རྣམས་བཅིངས་སོ			bound by mind and mental factors
སེམས་དང་ཤེས་རབ་རྣམ་པར་གྲོལ་བ			liberation of thought and wisdom
སེམས་དང་སྤྱོད་པ			thoughts and activities
སེམས་དང་ཡེ་ཤེས			mind and exalted wisdom
སེམས་དང་ཡིད་དང་རྣམ་པར་ཤེས་པ་རྟོགས་པ			realize thought, mind, and consciousness
སེམས་དབེན			mental isolation; isolation of mind
སེམས་དགའ་བར་བྱེད་པ			make mental happiness; make the mind happy
སེམས་དགེ་བ			virtuous mind
སེམས་དགེ་བ་གཅིག			one virtuous mind
སེམས་དགེ་བ་ལ་ཡང་དག་པར་སྦྱོར་བ			thoroughly apply the mind to virtue
སེམས་དཔའ			being
སེམས་དཔའ་ཆེ			great being
སེམས་དཔའ་ཆེན་པོ			great being
སེམས་དཔའི་རྣལ་འབྱོར			Bodhisattva's yoga
སེམས་དཔའི་རྣལ་འབྱོར་མཐར་ཐུག			Bodhisattva's final yoga
༅སེམས་དཔའི་སཁྱིལ་ཀྲུང༏་སེམས་དཔའི་སཁྱིལ་མོ་ཀྲུང			the cross-legged Bodhisattva posture [the half-lotus posture, with the right leg on the left]
སེམས་དཔའི་སཁྱིལ་མོ་ཀྲུང			the cross-legged Bodhisattva posture [the half-lotus posture, with the right leg on the left]
སེམས་དྲན་པ་ཉེ་བར་བཞག་པ			establishment in mindfulness of mind
སེམས་དྲུག			six minds
སེམས་དུལ་བ			mental discipline; disciplined mind
སེམས་གནས			mental abiding
༅སེམས་གནས་དགུ༏་སེམས་གནས་པ་རྣམ་པ་དགུ			nine mental abidings
སེམས་གནས་པ			mental abiding
སེམས་གནས་པ་རྣམ་པ་དགུ			nine mental abidings
སེམས་གནས་སྐབས			mental state
སེམས་གྲོལ			mental liberation; liberated mind
སེམས་ཁོང་ཁྲོ་བ་མེད་པ			non-angry mind; mind without anger
སེམས་ཁྲོས			belligerent mind; angry mind
སེམས་ཀུན་གནས་པ			thorough stability of mind; thoroughly abiding mind
སེམས་ཀུན་ཉོན་མོངས			thoroughly afflicted mind
སེམས་ཀྱང་མེད་པ་ཉིད			(and) mind is non-existent; non-existence of mind
སེམས་ཀྱི			mental; of the mind; which thinks
སེམས་ཀྱི་བདག་ཉིད་དུ་མ་གྲུབ་པ			not established as the entity of mind
སེམས་ཀྱི་ཆོས་ཉིད			natural state of mind
སེམས་ཀྱི་དབང			mental power
སེམས་ཀྱི་དབྱིངས་ལ་གནས་པ			abiding in the realm of mind
སེམས་ཀྱི་དམིགས་པ			object of observation of mind; mental object of observation
སེམས་ཀྱི་གནས་ངན་ལེན			disfunctional mental state
སེམས་ཀྱི་མཆོག			supreme mind; highest mind
སེམས་ཀྱི་ནད			mental illness
སེམས་ཀྱི་རྡོ་རྗེ			mind-vajra
སེམས་ཀྱི་རྒྱུད			mental continuum
སེམས་ཀྱི་རྒྱུན			mental continuum/stream
སེམས་ཀྱི་རྒྱུན་མ་ཆད་ཅིང་མ་བྲལ་བར			uninterrupted mental continuum and not devoid of a mental continuum
སེམས་ཀྱི་རྗེས་སུ་འཇུག་པ			mental engagement; enter into mind; engage in thinking
སེམས་ཀྱི་རྣལ་འབྱོར			mental yoga
སེམས་ཀྱི་རྣམ་གྲངས་མངོན་པར་ཤེས་པ			manifestly cognize mental enumerations; clairvoyance with respect to mental enumerations
སེམས་ཀྱི་རྣམ་གྲངས་ཤེས་པ			cognition of mental enumerations
སེམས་ཀྱི་རྣམ་པ			mental aspect; aspect of mind
སེམས་ཀྱི་རྣམ་རྟོག་སྤྱོད་པ			engage in mental conceptuality; practice mental conceptuality
སེམས་ཀྱི་སྡུག་བསྔལ			mental suffering
སེམས་ཀྱི་སྐད་ཅིག			moment of mind; consciousness-moment
སེམས་ཀྱི་སྐད་ཅིག་མ་གཅིག་དང་ལྡན་པ			having one moment of mind
སེམས་ཀྱི་སྣང་ཆ			appearance factor of the mind
སེམས་ཀྱི་སྤྱོད་པ			mental behavior; mental practices
སེམས་ཀྱི་སྤྱོད་པ་དང་གཡོ་རྣམས			mental practices and fluctuations
སེམས་ཀྱི་སྤྱོད་པ་མཁྱེན་པར་མཛད			exalted knower of mental practices
སེམས་ཀྱི་ཏིང་འཛིན			mental meditative stabilization
སེམས་ཀྱི་ཡོངས་སུ་རྟོག་པ་སེམས			mental conceptuality
སེམས་ཀྱི་ཟས			food of intention; mental sustenance
སེམས་ཀྱིས་འདྲེན			induced by the mind
སེམས་ཀྱིས་བྱེད་པ			done by the mind; mind-made
སེམས་ཀྱིས་རྟོགས་པར་བྱ་བ			object of realization by mind; mental object of realization
སེམས་ཀྱིས་ཟིན་པ			conjoined with consciousness
སེམས་ལ་དབང			mental power
སེམས་ལ་གདུང་བ			mental torment
སེམས་ལ་གནོད་པར་བྱེད			harm the mind; harmful mind
སེམས་ལ་སྒྲིབ་པ			mental obstructions
སེམས་ལ་སྒྲིབ་པ་མེད			without mental obstructions
སེམས་ལ་ཟང་ཟིང་མེད་པ་ཡིན			unconfused mind
སེམས་ལས་བྱུང			mental factor; arisen from mind
སེམས་ལས་བྱུང་བ			mental factor; arisen from mind
སེམས་ལས་བྱུང་བའི་ཆོས			phenomena that are mental factors
སེམས་ལས་དོན་གཞན་པའི་ཕྱི་རོལ་གྱི་དོན་བེམ་པོ			external material objects that are factualities other than the mind
སེམས་ལས་སུ་རུང་བ			suitable as mental action/karma
སེམས་མ་འཁྲུལ་བ			non-mistaken mind; non-mistaken thought
སེམས་མ་དད་པ			non-faithful mind
སེམས་མཆིས			having a mind; sentient
སེམས་མེད			non-thought; no mind; without mind
སེམས་མེད་མུན་པའི་གནས་སྐབས			state of mindless darkness
སེམས་མེད་པ			non-thought; no mind; without mind
སེམས་མེད་པར་གནས་པ			abide in non-thought
སེམས་མི་ལྡོག་པ			non-reversed mind
སེམས་མི་ཕྱེད་པ			undifferentiated mind; undivided mind  ?? (T)
སེམས་མཉམ			mind of equality
སེམས་མཉམ་ཉིད			sameness of mind; mental sameness
སེམས་མཉམ་པ			sameness of mind; mental sameness
སེམས་མཉམ་པ་ཉིད			sameness of mind; mental sameness
སེམས་མཉམ་པར་འཇོག་གོ			setting in mental sameness
སེམས་མཉམ་པར་འཇོག་པ			setting in mental sameness
སེམས་མཉམ་པར་གཞག་པ			mental meditative equipoise
སེམས་མཉམ་པར་མ་བཞག་པ			non mental meditative equipoise
སེམས་མཉམ་རྙེད་པ			attain mental sameness
སེམས་ན			if one thinks; when one thinks
སེམས་ན་...་བདག་པོ་ཡིན			lord of mind; mental sovereignty
སེམས་ནང			internal thought/mind
སེམས་ནི་བསྐྱེད་པ			generate a mind; generate the altruistic intention to become enlightened
སེམས་ནི་ནང་དུ་གནས་པ			abide within mind
སེམས་ནི་སྐད་ཅིག་མ			moment of mind/thought
སེམས་ནི་ཡོངས་སུ་སྐྱོ་བ			thorough mental aversion
སེམས་ཉིད			intrinsic mind; basic mind
སེམས་པ			attention; intention; will; intentionality
སེམས་པ་འདུན་དང་བཅས་པ			an intention with aspiration  (T)
སེམས་པ་དང་ཡིད་ལ་བྱེད་པ			intention and mental activity
སེམས་པའི་ཟས			nourishment of intention; intention food
སེམས་ཕྱིན་ཅི་ལོག་ཏུ་གྱུར་པ			mistaken mind; which is a mistaken mind
སེམས་རབ་ཏུ་འཛིན་པ			mental apprehension
སེམས་རབ་ཏུ་ཉེ་བར་བཞག་པ			mental establishment
སེམས་རྒོད་པ			mental excitement; mental distraction; excited/distracted mind
སེམས་རྒྱ་ཆེ་བའི་ཕྱིར			due to great mental vastness; because of a very vast mind
སེམས་རྒྱ་ཆུང་བ			slightly vast mind
སེམས་རྒྱུད			mental continuum
སེམས་རྣམ་པར་འཁྲུགས་པ			mental distraction; mental anger; (T) disturbed mind
སེམས་རྣམ་པར་གཡེང་བ			mental distraction; wander mentally
སེམས་རྣམ་པར་གཡེངས་པ			mental distraction; wander mentally
སེམས་རྣམ་པར་གཡོང་བ			mental distraction; wander mentally
སེམས་རྟེན			mental basis
སེམས་སེམས་བྱུང་དང་ལྡན་པར་མ་ཡིན་པའི་འདུ་བྱེད			compositional factor not associated with mind or mental factors
སེམས་ཤིང			thinking; having thought
སེམས་སྐྱོ			mental aversion
སེམས་སྙོམས			sameness of mind; mental sameness
སེམས་སྟོབས་ཞན་པ			mind of little power; inferior being
སེམས་ཏེ			think; thinking
སེམས་ཙམ			Mind Only School; Mind-Only School
སེམས་ཙམ་པ			Mind-Only School; Chittamātra; Proponent of Mind Only
སེམས་ཙམ་པོ			mind-only
སེམས་ཚིམ་པ			pleasing thought  (T)
སེམས་ཚིམ་པར་བྱས་པ			satisfied mind; to satify the mind  (T)
སེམས་ཡང་དག་པར་གནས་པ			mental abiding
སེམས་ཡང་དག་པར་རབ་ཏུ་འཇོག་པ			setting the mind
སེམས་ཡོངས་སུ་བསྔོ་བ			mental dedication
སེམས་ཡོངས་སུ་སྐྱོ་བ			mental aversion
སེམས་ཞུམ་པ			mental slackness/discouragement/weakness/timidness/cowardliness
སེན་མོ			nail
སེང			to raise; to cleanse; lion [abbreviation of seng ge]
སེང་གེ			lion
སེང་གེ་ཆེན་པོའི་རྣམ་པར་བསྒྱིངས་པ			sport of a great lion
སེང་གེའི་འདྲ			lion-like; lion
སེང་གེའི་ན་རོ་ཆེན་པོ			the great lion roar
སེང་གེའི་སྒྲ			lion's roar; sound of a lion
སེར་པོ			yellow
སེར་པོ་ཉིད			yellowness
སེར་སྐྱ			Kapila
སེར་སྣ			miserly; miserliness
སེར་སྣ་བྱེད་པ			miserly; miserliness
སེར་སྣ་ཅན			miserly; having miserliness
སེར་སྣ་མེད			non-miserliness
སེར་སྣ་མེད་པ			non-miserliness
སེར་སྣ་མངོན་གྱུར་སྐྱཻ་བའི་གོ་སྐབས			the chance to generate manifest miserliness(PGP 86)
སེར་སྣ་ཉིད			miserliness
སེར་སྣའི་ཀུན་སྦྱོར			thorough enwrapment of miserliness
སེར་སྣའི་ཀུན་ཏུ་སྦྱོར་བ			thorough enwrapment of miserliness
སེར་སྣའི་སེམས			miserly mind
སྒ			ginger
སྒ་སྐྱ			ginger
སྒ་སྨུག			ginger; brown ginger
སྒང་ལ			on top (of)
སྒེའུ་ཁུང			window
༅སྒེག་མོ་མ,་སྒེག་མོ			[Vajra]lāsyā, offering goddess of dance
༅སྒེག་མོ,་སྒེག་མོ་མ			[Vajra]lāsyā, offering goddess of dance
༅སྒེག་པའི་རྡོ་རྗེ,་སྒེག་རྡོར			Vilāsavajra/ Līlāvajra
༅སྒེག་རྡོར,་སྒེག་པའི་རྡོ་རྗེ			Vilāsavajra/ Līlāvajra
སྒོ			approach; door; mode; gate; infuse; deposit; order
སྒོ་བ			infuse; deposit; order
སྒོ་མང			many doors; Go-mang ("Many Doors") College [of Dre-pung Monastic University]
སྒོ་མང་གྲྭ་ཚང			Go-mang College [of Dre-pung Monastic University]
སྒོ་ནས			[door-from]; from the point of view; from the viewpoint; from the approach of; through; by way of
སྒོ་ང			egg; gonad
སྒོ་ང་ནས་སྐྱེ་བ			[egg-from-born]; egg-born [i.e. bird]
སྒོ་ང་ཕྱེད་ཚལ་པ			Half-Eggists; Half-Eggist School
སྒོག་སྐྱ			white garlic
སྒོག་སྔོན			blue garlic
སྒོམ			meditate; meditation; cultivate; cultivation
སྒོམ་བྱ			object of meditation
སྒོམ་བྱ་གཙོ་བོ			principal object of meditation
སྒོམ་བྱུང			arisen from meditation; [experience] arisen from meditation
སྒོམ་བྱུང་གི་རྟོགས་པ			realization which is a state arisen from meditation
སྒོམ་བྱུང་གི་ཤེས་རབ			wisdom arisen from meditation
སྒོམ་ལམ			path of meditation
སྒོམ་ལམ་གྱི་བྱེད་པ			function of a [Great Vehicle] path of meditation
སྒོམ་ལམ་པའི་མཁྱེན་པ			exalted knower of one on the path of meditation
སྒོམ་ལམ་རྩེ་སྦྱོར			path-of-meditation peak training/ peak training of the path of meditation
སྒོམ་པ			meditate; meditation; meditating; cultivate; cultivation
སྒོམ་པ་བགྱིད			meditate; meditation; cultivate; cultivation; cause to meditate/cultivate
སྒོམ་པ་མེད			not cultivated/meditated; non-cultivation/meditation
སྒོམ་པ་ཞེས་བྱ་བ			meditation
སྒོམ་པའི་འཁོར་གསུམ			three spheres of meditation; (agent, action, and object of meditation)
སྒོམ་པའི་རིམ་པ			[Kamalaśīla's] Stages of Meditation (bhāvanā-krama) [P5310-5312, vol. 102]
སྒོམ་རིམ			[Kamalaśīla's] Stages of Meditation (bhāvanā-krama) [P5310-5312, vol. 102]
སྒོམ་རིམ་བར་པ			the middle [or second] of [Kamalaśīla's] three works on the Stages of Meditation (bhāvanā-krama) [P5310-5312, vol. 102]
སྒོམ་རིམ་དང་པོ			the first of [Kamalaśīla's] three works on the Stages of Meditation (bhāvanā-krama) [P5310-5312, vol. 102]
སྒོམ་རིམ་ཐ་མ			the final [or third] of [Kamalaśīla's] three works on the Stages of Meditation (bhāvanā-krama) [P5310-5312, vol. 102]
སྒོམ་སྤང			that which is abandoned by the path of meditation; object of abandonment by a path of meditation
སྒོམ་སྤང་བདེན་འཛིན			conception of true existence which is abandoned by the path of meditation
སྒོམ་སྤང་སྐོར་དགུ			nine cycles of objects of abandonment by the path of meditation
སྒོམས			meditate; meditation; cultivate; cultivation
སྒོམས་པའི་ཡེ་ཤེས་ཀྱི་རིག་མ			meditated wisdom knowledge woman
སྒོས			infuse; deposit; order; private; especially; particularly
སྒོས་ཆོས			private phenomena
སྒྲ			sound; term; roar
སྒྲ་འཛིན་དབང་མངོན			sense direct perception apprehending sound
སྒྲ་འཇུག			usage of a term; affix a term
སྒྲ་བརྙན			echo
སྒྲ་བཤད			etymology
སྒྲ་བྱས་པ་དང་བྱས་ན་མི་རྟག་པས་ཁྱབ་པ་ཚད་མས་མ་ངེས་པར་བྱས་རྟགས་ལས་སྒྲ་མི་རྟག་པར་འཛིན་པའི་བློ			awareness apprehending sound as impermanent through the sign of [its being] a product without ascertaining by valid cognition that sound is a product and that whatever is a product is necessarily impermanent
སྒྲ་བྱུང་གྲགས་པ			linguistically established; terminological suitability; terminological suitability to call any object by any name
སྒྲ་དང་སྒྲ་མི་རྟག་པ་སྒྲ་འཛིན་མངོན་སུམ་གྱི་སྣང་ཡུལ་དུ་མཚུངས			sound and sound's impermanence are similar in being appearing objects of a direct perception apprehending sound
སྒྲ་དབྱངས			melody; melodious
སྒྲ་དོག་འཇུག			strict usage of a term
སྒྲ་དོན			meaning of a term; term and meaning
སྒྲ་དོན་འདྲེས་རུང་དུ་འཛིན་པ			apprehending sound and meaning [generalities] as suitable to be associated/mixed
སྒྲ་དོན་འདྲེས་རུང་དུ་འཛིན་པའི་ཞེན་རིག			determinative knower that apprehends a sound [generality] and a meaning [generality] as suitable to be associated/mixed
སྒྲ་དོན་འདྲེས་རུང་དུ་འཛིན་པའི་ཞེན་རིག་དང་བྲལ་བ			free from being a determinative knower that apprehends a sound [generality] and a meaning [generality] as suitable to be associated/mixed
སྒྲ་དོན་འདྲེས་རུང་དུ་འཛིན་པའི་ཞེན་རིག་དང་བྲལ་བའི་རིག་པ			awareness free from being a determinative knower that apprehends a sound [generality] and a meaning [generality] as suitable to be associated/mixed
སྒྲ་གཅན			Rāhu [in Indian astronomy, the name of a "planet"]
སྒྲ་གནས་ཀྱི་བསམ་གཏན			concentration of abiding in sound
སྒྲ་ཇི་བཞིན			literal; literally; literal meaning
སྒྲ་ཇི་བཞིན་དུ			literal; literally
སྒྲ་ཇི་བཞིན་གྱི་དོན་གྱི་རྗེས་སུ་འབྲངས་ནས			following the literal meaning
སྒྲ་ཇི་བཞིན་པ			literal; literality
སྒྲ་ཇི་བཞིན་པ་མིན་པར་བཤད་པ			set forth non-literally
སྒྲ་ཇི་བཞིན་པར་ཞེན་པ			adhering to...as literal
སྒྲ་མེད			without a sound; without terms/words
སྒྲ་མི་ཉན			Unpleasant Sound
སྒྲ་མི་རྟག་ཅེས་པའི་ངག་ཙམ་ལ་བརྟེན་ནས་སྒྲ་མི་རྟག་པར་འཛིན་པའི་བློ			awareness apprehending sound as impermanent in dependence upon merely hearing, "Sound is impermanent"
སྒྲ་མི་རྟག་གམ་སྙམ་པའི་ཐེ་ཚོམ			a doubting consciousness that thinks, "Is sound impermanent?" [or, "Sound is probably impermanent."]
སྒྲ་མི་རྟག་པ			impermanence of sound; impermanent sound
སྒྲ་མི་རྟག་པར་སྒྲུབ་པའི་རྟགས			sign/reason proving that sound is impermanent
སྒྲ་མི་རྟག་རྟོགས་ཀྱི་རྗེས་དཔག			inference realizing that sound is impermanent
སྒྲ་མི་རྟག་རྟོགས་ཀྱི་རྗེས་དཔག་སྐད་གཅིག་གཉིས་པ			second moment of an inference realizing that sound is impermanent
སྒྲ་མི་སྙན			unpleasant sound; Kurava
སྒྲ་མི་སྙན་གྱི་ཟླ			Kaurava
སྒྲ་མཐར་ཐར་པ			liberation at the end of sound
སྒྲ་མཐར་ཐར་པ་སྟེར་བའི་བསམ་གཏན			concentration bestowing liberation at the end of sound
སྒྲ་རིག་པ			science of grammar; science of grammar and philology
སྒྲ་རྟག་འཛིན་རྟོག་པ			conceptual conciousness apprehending sound as permanent
སྒྲ་རྟག་གམ་མི་རྟག་སྙམ་པའི་ཐེ་ཚོམ			A doubting consciousness that thinks, "Is sound permanent or impermanent?"
སྒྲ་རྟག་གམ་སྙམ་པའི་ཐེ་ཚོམ			a doubting consciousness that thinks, "Is sound permanent?" [or, "Sound is probably permanent."]
སྒྲ་རྟོག་གིས་བཏགས་པ་ལ་མ་ལྟོས་པར་གྲུབ་པ			establishment without depending on imputation by terms and conceptual consciousnesses
སྒྲ་རྟོག་གིས་བཏགས་པ་ཙམ་ཡིན་གྱི་རང་མཚན་དུ་མ་གྲུབ་པའི་ཆོས			a phenomenon that is merely impued by terms or thought and is not established by way of its own character
སྒྲ་རྟོག་གིས་བཏགས་པའི་ངོ་བོར་རང་གི་མཚན་ཉིད་ཀྱིས་གྲུབ་པ			establishment by way of its own character as an entity for imputation by terms and conceptual consciousnesses
སྒྲ་རྟོག་གིས་བཏགས་ཙམ་མ་ཡིན་པར་རང་གི་མཚན་ཉིད་གྱིས་གྲུབ་པའི་ཆོས			phenomenon which, not merely imputed by terms or thought, is established by way of its own character
སྒྲ་རྟོག་གིས་བཏགས་ཙམ་མ་ཡིན་པར་ཡུལ་རང་གི་ཐུན་མོང་མ་ཡིན་པའི་སྡོད་ལུགས་ཀྱི་ངོས་ནས་གྲུབ་པ			that which, not merely imputed by terms or thought, is established from the side of the object's own uncommon mode of subsistence
སྒྲ་སྒྲོགས་པ			proclaim; call out; roar
སྒྲ་སྒྲོགས་པར			proclaim; call out; roar
སྒྲ་སྙན			pleasant sound
སྒྲ་སྙན་ལྟ་བུའི་སེམས་བསྐྱེད			mind-generation like guitar
སྒྲ་སྤྱི			term-generality; sound-generality
སྒྲ་སྤྱི་ཁོ་ན་འཛིན་པའི་རྟོག་པ			conceptual consciousness that only apprehends a meaning generality
སྒྲའི་འཇུག་གཞི			referent of a term; basis of engagement of a term
སྒྲའི་བརྗོད་བྱ			object expressed/verbalized by a term
སྒྲའི་གཞན་སེལ			verbal other-exclusion
སྒྲའི་གཞི			basis of a term
སྒྲའི་ཁམས			sound-constituent
སྒྲའི་ལྷ			sound deity
སྒྲའི་མི་རྟག་པ			impermanence of sound
སྒྲའི་ཤུགས			force of a term/word
སྒྲའི་སྐྱེ་མཆེད			sound sense-sphere
སྒྲའི་སྙན་པ			melodious; well-sounding
སྒྲའི་ཡུལ་མ་ཡིན			not an object of a term
སྒྲས་བརྗོད་ཀྱིས			terminologically
སྒྲས་བརྗོད་པ་ཙམ			merely expressed/verbalized by a term
སྒྲས་བརྗོད་རིགས་ཀྱི་སྒོ་ནས			terminologically
སྒྲས་བརྗོད་རིགས་ཀྱི་སྒོ་ནས་དབྱེ་བ			terminological division
སྒྲས་ཟིན			literal reading; literal level; literality
སྒྲས་ཟིན་གྱི་དོན			meaning of the literal reading
སྒྲས་ཟིན་ཀྱི་དགོངས་པ			thought of the literal rendering
སྒྲས་ཟིན་ལ་མ་བསྟན			not taught on the literal level; not indicated in the literal rendering
སྒྲས་ཟིན་ལྟར་ན			if taken literally
སྒྲས་ཟིན་སོགས་ཀྱིས་གསལ་བར་མཚོན་པ			clearly characterized/make known by the literal term and so forth
སྒྲེང			raise
སྒྲེངས			raise
སྒྲིབ			obstruct; defile; obstruction; defilement
སྒྲིབ་བྱེད			obstructor; that which obstructs
སྒྲིབ་གཉིས་ཟད་པར་སྤངས་པའི་མཐར་ཐུག་གི་མཁྱེན་པ			final exalted knower that involves a state of having exhaustively abandoned the two obstructions
སྒྲིབ་པ			obstruction; obstruction, defilement
སྒྲིབ་པ་བརྒྱད་ཀྱི་གཉེན་པོ			antidote to the eight obstructions
སྒྲིབ་པ་གཉིས			the two obstructions [namely, afflictive obstructions and obstructions to omniscience]
སྒྲིབ་པ་ལས་ངེས་པར་གྲོལ་བ			definite release from obstructions
སྒྲིབ་པ་ལས་ཐར་པ			liberation from obstructions
སྒྲིབ་པ་མེད			unobstructed; undefiled
སྒྲིབ་པ་མེད་པ			unobstructed; undefiled
སྒྲིབ་པ་ནང་ན་ཡོད་པ			those whose obstruction is internal
སྒྲིབ་པ་ནང་ན་ཡོད་པའི་ཡི་དྭགས			hungry ghost having internal obstructions
སྒྲིབ་པ་ཉོན་མོངས			afflictive obstructions; obstructions to liberation
སྒྲིབ་པ་ཕྲ			subtle obstruction
སྒྲིབ་པ་ཕྱི་ན་ཡོད་པ			those whose obstruction is external
སྒྲིབ་པ་ཕྱི་ན་ཡོད་པའི་ཡི་དྭགས			hungry ghost having external obstructions
སྒྲིབ་པ་ཕྱི་ནང་གཉིས་ཀ་ཡོད་པ			those whose obstructions are both external and internal
སྒྲིབ་པ་ཕྱི་ནང་གཉིས་ཀ་ཡོད་པའི་ཡི་དྭགས			hungry ghost having both external and internal obstructions
སྒྲིབ་པ་སྦྱང་བ			purify obstructions
སྒྲིབ་པ་སྤངས་པའི་སེམས་བསྐྱེད			mind-generation of one who has abandoned the obstructions
སྒྲིབས			obstruction; defilement; obstruct; defile
སྒྲིམ་སྟེ་འཇུག་པ			forcibly engaging; forcible engagement
སྒྲིན			competition
སྒྲོ་འདོགས			superimposition; exaggeration; reification; overestimation; that which superimposes/exaggerates/ reifies/overestimates
སྒྲོ་འདོགས་པ་དང་སྐུར་པ་འདེབས་པ			superimposition and depreciation
སྒྲོ་བ			debate; discuss
སྒྲོ་བཏགས			superimposed; reified; exaggerated; superimposition; reification; exaggeration
སྒྲོ་བཏགས་ཀྱི་ཆ་གཞན་བཀག་ནས			having refuted other superimposed factors
སྒྲོ་བཏགས་པ			superimposed; exaggerated; reified
སྒྲོ་མ་བརྟགས་པའི་ཡུལ			non-reified object
སྒྲོ་སྐུར			superimposition and depreciation
སྒྲོག			proclaim; declare; shout forth
སྒྲོག་བཞིན			constant/continuing reverberation
སྒྲོགས			to proclaim; declare; shout forth
སྒྲོགས་པ			proclaim; declare; shout forth
སྒྲོགས་པར་བྱེད			proclaim; declare; shout forth
སྒྲོལ			liberate; save; free; release
སྒྲོལ་བ			liberate; save; free; release
སྒྲོལ་མ			Tārā; liberatrix
སྒྲོལ་མཛད			liberate; save; free; release; untie; one who liberates/saves/frees/releases/unties
སྒྲོལད			liberate; save; free; release
༅སྒྲོན་གསལ,་སྒྲོན་མ་གསལ་བར་བྱེད་པ་ཞེས་བྱ་བའི་རྒྱ་ཆེར་བཤད་པ			[Candrakīrti's] Brilliant Lamp: Extensive Commentary [on the "Guhyasamāja Tantra"] [P2650, vol. 60]
༅སྒྲོན་མ་གསལ་བར་བྱེད་པ་ཞེས་བྱ་བའི་རྒྱ་ཆེར་བཤད་པ,་སྒྲོན་གསལ			[Candrakīrti's] Brilliant Lamp: Extensive Commentary [on the "Guhyasamāja Tantra"] [P2650, vol. 60]
༅སྒྲོན་མ,་སྒྲོན་མེ			lamp; light
༅སྒྲོན་མེ,་སྒྲོན་མ			lamp; light
སྒྲུབ			achieve; attain; accomplish; prove; complete; practice
སྒྲུབ་འཇུག			collective/complete/holistic/full engagement/engager
སྒྲུབ་འཇུག་གི་བློ			awareness that is a collective/complete/holistic engager
སྒྲུབ་འཇུག་གི་གང་ཟག			person who is a collective/complete/holistic engager
སྒྲུབ་བྱའི་ཆོས			predicate of the probandum; predicate being proven
སྒྲུབ་བྱེད			proof; establish; establisher
སྒྲུབ་བྱེད་འཕེན་པའི་ཐལ་འགྱུར་ཡང་དག			correct consequence which implies a proof check Med for five types??
སྒྲུབ་བྱེད་མེད་པའི་དམ་བཅའ་ཙམ་དུ་ཟད			exhausted as a mere thesis lacking a proof
སྒྲུབ་བྱེད་མི་འཕེན་པའི་ཐལ་འགྱུར་ཡང་དག			correct consequence which does not imply a proof check Med for five types??
སྒྲུབ་བྱེད་ཡང་དག			correct proof
སྒྲུབ་ངག			proof statement; statement of proof
སྒྲུབ་ངག་ཡང་དག			correct proof statement
སྒྲུབ་པ			positive; positive phenomenon; achievement; achieving; proof; practice
སྒྲུབ་པ་བླ་ན་མེད་པ			highest/unsurpassed achievement/accomplishment
སྒྲུབ་པ་ཆེན་པོ་ཉིད			greatness of achievement
སྒྲུབ་པ་དོན་དམ			practice-ultimate [i.e., exalted wisdom of meditative equipoise (mnyam gzhag ye shes)]
སྒྲུབ་པ་ཁྱད་པར་དུ་འགྲོ་བའི་རྒྱུ་ཡོངས་སུ་མ་ཞེན་པ་ལ་འདོམས་པ			guidance concerning thorough nonattachment which is a cause of enhancing achieving
སྒྲུབ་པ་མི་ཉམས་པའི་རྒྱུ་ཐེག་ཆེན་གྱི་ལམ་ཡོངས་སུ་འཛིན་པ་ལ་འདོམས་པ			guidance concerning thoroughly maintaining Great Vehicle paths which is a cause of nondegeneration from achieving
སྒྲུབ་པ་ཕུན་སུམ་ཚོགས་པ་དང་ལྡན་པ			possesses/endowed with the marvel of achievement/accomplishment
སྒྲུབ་པ་པོ			achiever; practitioner; accomplisher
སྒྲུབ་པ་སྒོམ་ལམ			[Great Vehicle] path of meditation of achieving
སྒྲུབ་པའི་ཆེ་བ་ཉིད			greatness of achievement/accomplishment
སྒྲུབ་པའི་ཆོས			doctrine of practice; practice; positive phenomenon
སྒྲུབ་པའི་ཁྱད་པར			feature of achievement/accomplishment
སྒྲུབ་པའི་མཚན་ཉིད			characteristic/definition/qualifications of achievement/accomplishment
སྒྲུབ་པར་འགྱུར་རོ			prove; achieve; accomplish; establish
སྒྲུབ་པར་བགྱིད			prove; achieve; accomplish; establish
སྒྲུབ་པར་བྱེད			prove; achieve; accomplish; establish; cause to prove
སྒྲུབ་པར་བྱེད་པ			proof; probans; establish; prove; achieve; accomplish; cause to prove
སྒྲུབ་པར་དཀའ			difficult to achieve
སྒྲུབ་པར་གྱུར་པའི་ལྡོག་པ་རིགས་གཅིག་པ			positive phenomena which are the same isolate type
སྒྲུབ་པར་མཛད			prove; achieve; accomplish; establish; cause to prove; taken as established
སྒྲུབ་རྟགས་ཡང་དག			correct sign of a positive phenomenon
སྒྲུབ་ཐབས			means of achievement
སྒྲུབ་ཚུལ			mode of proof
སྒྲུབས			achieve; attain; accomplish; prove; complete
སྒྱིད་ལུགས་པའི་ལེ་ལོ			laziness of inadequacy; laziness of low self-esteem
སྒྱུ			deceit; magic; illusion
སྒྱུ་འཕྲུལ་དྲ་བ			magical emanation net; illusory emanation net
སྒྱུ་འཕྲུལ་དྲྭ་བ			magical emanation net; illusory emanation net
༅སྒྱུ་འཕྲུལ,་སྒྱུ་མའི་འཕྲུལ་པ			magical emanation; illusory emanation
སྒྱུ་ལུས			illusory body
སྒྱུ་མ			magician's illusion; illusion [especially those created by magicians]
སྒྱུ་མ་འདྲར			illusion-like; illusory
སྒྱུ་མ་བཞིན་དུ			like a magician's illusion
སྒྱུ་མ་དང་སྤྲུལ་པ་ལྟ་བུ			like an illusion and emanation
སྒྱུ་མ་ལྟ་བུ			illusion-like; like a magician's illusion
སྒྱུ་མ་ལྟ་བུ་གཉིས་སུ་མེད་པར་སྨྲ་བ			Proponent of Illusory-Like Non-Dualism
སྒྱུ་མ་ལྟ་བུའི་སྣང་བ			appearance that is like an illusion; illusion-like appearance
སྒྱུ་མ་ལྟ་བུའི་ཏིང་ངེ་འཛིན			illusion-like meditative stabilization
སྒྱུ་མ་ལྟ་བུར			illusion-like; like a magician's illusion; illusory
སྒྱུ་མ་ལྟར			illusion-like; like a magician's illusion; illusory
སྒྱུ་མ་མཁན			magician
སྒྱུ་མ་མཐོང་བ			see an illusion
སྒྱུ་མ་རིགས་གྲུབ་པ			Reason-Established Illusionist
སྒྱུ་མ་སྤྲུལ་མཁན་པ			magician
སྒྱུ་མའི་ཆོས་ཉིད་ཉེ་བར་བཟུང་ན			if/when the illusory final nature/reality/noumenon is apprehended
སྒྱུ་མའི་རྡེའུ་ཤིང་རྟ་གླང་དུ་མེད			pebbles and sticks of a magicial display do not exist as horses and elephants [but appear as such]
སྒྱུ་མའི་རྒྱུས་མེད་པའི་ལྟད་མོ་བ			member of the audience who is unfamiliar with magic
སྒྱུར			change; transform; affect; control
སྒྱུར་བ			change; transform; affect; control
སྒྱུར་བར་བྱེད་པ			transform
ཤ			meat; flesh; fish
ཤ་བ			deer
ཤ་ཁ་ར			sugar; ground sugar
ཤ་ཁ་རའི་རོ			taste of sugar
ཤ་ཀྱ			Śakya
ཤཱ་ཀྱ			[transliteration of the Sanskrit word] Śākya
ཤཱ་ཀྱ་བཤེས་གཉེན			Śākyamitra
ཤ་ཀྱ་ཐུབ་པ			Śākyamuni
ཤཱ་ཀྱ་ཐུབ་པ			Śākyamuni
ཤ་ཀྱ་ཐུབ་པ་ཆེན་པོ			Mahā-Śākyamuni; the great Śākyamuni
ཤ་ཀྱའི་སྲས་པོ་མ་ཡིན			is not a son of Śākya(muni); (T) is not a son of the Śākya (clan)
ཤ་པ			aśoka tree(LG)
ཤཱ་རིའི་བུ			Śāriputra
ཤ་སྟག			only; simply; merely; mere
ཤ་སྟག་ལ			only; simply; merely; mere
ཤ་ཟ			piśāca; flesh eater
ཤ་ཟ་བསྐལ་དོན་དུ་སོང་བའི་གང་ཟག			a person for whom flesh eaters have become super-sensory objects
ཤའི་སྤྱན			fleshly eye
ཤད			perpendicular stroke (/)
ཤམ་ཐབས			[a nun or monk's] lower garment
ཤན་པ			shepherd; butcher
ཤར			east; eastern direction; eastern quarter
ཤར་བ			dawn; appear; manifest; appearance
ཤར་བའི་སྣང་བ			appearance which dawns
ཤར་ལ			ancillary
ཤར་ལུས་འཕགས་པོ			Pūrvavideha
ཤར་ནུབ་ཀྱི་བྱེར་སྦས			eastern and western Upagupta(BJ 74.1)
ཤར་ཕྱོགས			eastern direction(D1)
ཤར་རྩེ			Shar-tse ("East Point") College of Gan-den Monastic University
ཤར་སྒོམ			reflective meditation
ཤས			emphasis; very strong; powerful; much
ཤས་ཆེ་བ			very strong; powerful; much; many; a good deal
ཤས་ཆེར			very strong; powerful; much; many; a good deal
ཤས་ཆེར་གྱུར་པ			very strong; powerful; much; many; a good deal
ཤས་ཆེས			very strong; powerful; much; many; a good deal
ཤེ་ན			if it is asked
ཤེད་བུ			child of manu(N)
ཤེད་ལས་སྐྱེས་པ			born from manu(N)
ཤེལ			crystal; glass
ཤེལ་དང་བཻ་དཱུ་ར་ཡ			crystal and vaidurya
ཤེལ་ཤིན་ཏུ་གསལ་བ			very clear crystal
ཤེར			wisdom
ཤེར་དོན			meaning of the Perfection of Wisdom Sūtras
ཤེར་མདོ			Perfection of Wisdom Sūtras
ཤེར་ཕྱིན			perfection of wisdom
ཤེར་ཕྱིན་གྱི་མདོ			Perfection of Wisdom Sūtras
ཤེས			to know; cognition; consciousness (=shes pa); knowledge; quote indicator (=shes bya ba) [follows question; see also zhes and ces]
ཤེས་འཆལ			fractured intelligence; scattered intelligence; intelligence gone astray
ཤེས་འདོད་ཆོས་ཅན			subject sought to be known
ཤེས་འདོད་ཆོས་ཅན་སྐྱོན་མེད			faultless subject sought to be known
ཤེས་འདོད་དང་སྟོན་འདོད			wish to know and wish to communicate
ཤེས་བྱ			object of knowledge; knowable; should be known
ཤེས་བྱ་བ			object of knowledge; quote marker [follows question]
ཤེས་བྱ་ཅིག་ཆར་སྣང་བར་བྱེད་པ			simulatneously illuminates [all] objects of knowledge; appearance of [all] objects of knowledge  (T)
ཤེས་བྱ་ཀུན་ལ་མི་ཐོགས			unobstructed with regard to all objects of knowledge  (T)
ཤེས་བྱ་ལ་མ་རྨོངས་པ			not obscured with respect to objects of knowledge
ཤེས་བྱ་ལ་མི་སྲིད་པ			does not occur among objects of knowledge
ཤེས་བྱ་ལ་ཕྱིན་ཅི་མ་ལོག་པ			non-mistaken with respect to objects of knowledge
ཤེས་བྱ་ལ་ཡེ་ཤེས་ཀྱིས་ཁྱབ་པ			pervaded by exalted wisdom with respect to objects of knowledge
ཤེས་བྱ་མི་སྲིད་པ			does not occur among objects of knowledge(BJ 20.7)
ཤེས་བྱ་མཐའ་ཡས་པའི་ཡུལ			limitless object that is an object of knowledge
ཤེས་བྱ་ཐམས་ཅད			all objects of knowledge
ཤེས་བྱ་ཐམས་ཅད་རྣམ་པ་ཐམས་ཅད་དུ་རྟོགས་པ			understand all aspects of all objects of knowledge
ཤེས་བྱ་ཐམས་ཅད་ཡུལ			objects of all objects of knowledge
ཤེས་བྱ་ཡང་དག་རབ་རྣམ་འབྱེད			correct, thorough differentiation of objects of knowledge  (T)
ཤེས་བྱ་ཡོངས་སུ་ཚོལ་བ			thoroughly investigate/examine/research objects of knowledge
ཤེས་བྱའི་དོན་སྤྱི			meaning generality of an object of knowledge
ཤེས་བྱའི་མཚན་ཉིད			character of objects of knowledge
ཤེས་བྱའི་སྒྲིབ་པ			obstructions to omniscience; obstruction to omniscience
ཤེས་བྱའི་ཡུལ			object that is an object of knowledge
ཤེས་བྱེད			revelatory; source; scriptural source(BJ 21.4)
ཤེས་བྱེད་དུ་དྲངས			cited as a scriptural source(BJ 44.5)
ཤེས་བྱེད་ཀྱི་ལུང			scriptural source(BJ 10.2)
ཤེས་བྱེད་ཀྱི་མདོ་དང་སྦྱར			associating that with a sūtra source(BJ 21.4)
ཤེས་བཞིན			introspection
ཤེས་བཞིན་དང་ལྡན་པ			having introspection; introspective
ཤེས་བཞིན་དུ			introspective(ly)
ཤེས་བཞིན་མ་ཡིན་པ			non-introspection
ཤེས་བཞིན་མེད་པ			non-introspection
ཤེས་བཞིན་རབ་ཏུ་ལྡན			introspective
ཤེས་དགོས་པ			have to be known; necessary to know; must be known
ཤེས་གསུམ			three knowledges
ཤེས་ཀྱི་ཁེ་འདོད་པ			desire for selfish profits
ཤེས་མཛད			make known; one who makes known
ཤེས་མྱུར			quick knowledge; quick understanding; understand quickly
ཤེས་ནས			having known; having cognized
ཤེས་ནས་དད་པ་ཐོབ་པ			obtain faith through knowledge  (T)
ཤེས་ནུས			can be known
ཤེས་པ			consciousness; cognition; mind; knower; knowledge; to know; realize; understand; cognize
ཤེས་པ་བརྡ་སྤྲོད་པར་བྱེད་པ			expound [one's] knowledge
ཤེས་པ་དང་མཚུངས་པར་ལྡན་པ			associated with consciousness/knowledge; concordance with consciousness/knowledge
ཤེས་པ་མ་ལགས་པ			non-knowledge; non-cognition; not know; not cognize
ཤེས་པ་མེད་པ			non-knowledge; non-cognition; not know; not cognize
ཤེས་པ་པོ			knower; cognizer
ཤེས་པ་པོ་མ་མཆིས་པ			non-knower; non-cognizer
ཤེས་པ་རྣམ་པར་གཞག་པ			positing of consciousness; posit consciousness (T)
ཤེས་པ་སྐྱེ་བ་མེད་པ			nonproduction of consciousness
ཤེས་པ་ཚད་མ			valid consciousness
ཤེས་པ་ཡིས་དམིགས			object of observation by consciousness; observed by consciousness
༅ཤེས་པ༏་བློ			cognition
༅ཤེས་པ༏་རྣམ་ཤེས			consciousness
ཤེས་པའི་ཀུན་རྫོབ			mental conventionalities
ཤེས་པའི་མཚན་ཉིད			knowledge characteristics
ཤེས་པའི་རྣམ་པ་བསྒོམ་པ			cultivation of/meditation on the aspects of consciousness
ཤེས་པའི་རྣམ་པ་ཤེས་པ་ཉིད			cognition of the aspects of consciousness
ཤེས་པའི་སྤྱོད་ཡུལ			object of activity of consciousness; range of consciousness; sphere of consciousness
ཤེས་པར་འགྱུར་བ			know; cognize
ཤེས་པར་བྱ			object of knowledge; know; will know; cognize; will cognize
ཤེས་པར་བྱ་བ			object to be known; to be known
ཤེས་པར་བྱ་བའི་གང་ཆེན་མཚོ			great ocean of objects of knowledge
ཤེས་པར་བྱ་བའི་ཕྱིར			because of being an object of knowledge
ཤེས་པར་བྱ་བར་འདོད་པ			desire for objects of knowledge
ཤེས་པར་བྱའོ			one should know; you should know
ཤེས་པར་བྱས་ནས			having understood ...
ཤེས་པར་བྱེད			know; cognize; understand
ཤེས་པར་བྱེད་དུ་འཇུག་པ			one who makes known
ཤེས་པར་བྱེད་དུ་བཅུག་པ			one who makes known
ཤེས་པར་དཀའ			difficult to know/cognize
ཤེས་པར་དཀའ་བ་ཉིད			difficult to know/cognize
ཤེས་པར་གྱུར་པའི་ལྡོག་པ་རིགས་གཅིག་པ			consciousnesses which are the same isolate type
ཤེས་པར་གྱུར་པའི་རྫས་རིགས་གཅིག་པ			consciousnesses which are the same type of substantial entity
ཤེས་པས་སྲིད་ལ་མི་གནས			not abiding in cyclic existence through knowledge
ཤེས་པས་སྲིད་ལ་མི་གནས་པའི་གཞི་ཤེས			knower of bases that does not abide in [the extreme of] mundane existence due to knowledge; a knower of bases that does not abide in [the extreme of] cyclic existence through knowledge
ཤེས་པས་སྟོན་པ			teach/demonstrate with knowledge  (T)
ཤེས་རབ			[know-highest]; wisdom
ཤེས་རབ་འབྱུང་གནས་བློ་གྲོས			Prajñākaramati [p.n]
ཤེས་རབ་འཆལ་བ			deficient wisdom; foolish; faulty knowledge
ཤེས་རབ་འཆལ་བའི་རང་བཞིན་ཅན			having a foolish nature(S)
ཤེས་རབ་འཆལ་བར་འགྱུར་བ་དང་མཐུན་པ			concordant with deficient wisdom
ཤེས་རབ་འཆལ་པ			deficient wisdom; foolish
ཤེས་རབ་བརྟན			stable wisdom; firm wisdom; firm in wisdom
ཤེས་རབ་ཅན			wise; having wisdom
ཤེས་རབ་ཆེ་བ			great wisdom
ཤེས་རབ་དང་ལྡན་པ			wise; having wisdom; endowed with wisdom
ཤེས་རབ་གྱི་ཚོགས			collection of wisdom
ཤེས་རབ་ཀྱི་དབང་པོ			power of wisdom; faculty of wisdom
ཤེས་རབ་ཀྱི་གོ་སྒྲུབ			achieving through the armor of wisdom
ཤེས་རབ་ཀྱི་ཕ་རོལ་ཏུ་ཕྱིན་པ་བརྒྱད་སྟོང་པའི་བཤད་པ་མངོན་པར་རྟོགས་པའི་རྒྱན་གྱི་སྣང་བ			Illumination of [Maitreya's] "Ornament for Clear Realization", an Explanation of the Eight Thousand Stanza Perfection of Wisdom by Haribhadra (seng ge bzang po), P. 5189, vol. 90
༅ཤེས་རབ་ཀྱི་ཕ་རོལ་ཏུ་ཕྱིན་པ་གཉིས་སྟོང་ལྔ་བརྒྱ་པ། རབ་ཀྱི་ཚལ་གྱིས་རྣམ་པར་གནོན་པས་ཞུས་པ།			Two Thousand Five Hundred Stanza Perfection of Wisdom Sūtra, P. 736, vol. 21
ཤེས་རབ་ཀྱི་ཕ་རོལ་ཏུ་ཕྱིན་པ་སྡུད་པ་ཚིགས་སུ་བཅད་པ			Condensed Perfection of Wisdom Sūtra, P. 735, vol. 21
ཤེས་རབ་ཀྱི་ཕ་རོལ་ཏུ་ཕྱིན་པ་སྟོང་ཕྲག་བརྒྱ་པ			One Hundred Thousand Stanza Perfection of Wisdom Sūtra, P. 730, vol. 12
ཤེས་རབ་ཀྱི་ཕ་རོལ་ཏུ་ཕྱིན་པ་སྟོང་ཕྲག་ཉི་ཤུ་ལྔ་པའི་མན་ངག་གི་བསྟན་བཅོས་མངོན་པར་རྟོགས་པའི་རྒྱན་གྱི་འགྲེལ་པ			Commentary on (Maitreya's) "Ornament for Clear Realization," Treatise of Quintessential Instructions on the Twenty-five Thousand Stanza Perfection of Wisdom [by Āryavimuktasena ('phags pa grol sde); P5185, vol. 88]
༅ཤེས་རབ་ཀྱི་ཕ་རོལ་ཏུ་ཕྱིན་པ༏་ཤེར་ཕྱིན			perfection of wisdom
༅ཤེས་རབ་ཀྱི་ཕ་རོལ་ཏུ་ཕྱིན་པ༏་ཤེར་ཕྱིན			Perfection of Wisdom
༅ཤེས་རབ་ཀྱི་ཕ་རོལ་ཏུ་ཕྱིན་པའི་མན་ངག་གི་བསྟན་བཅོས་མངོན་པར་རྟོགས་པའི་རྒྱན་ཅེས་བྱའི་འགྲེལ་པ༏་འགྲེལ་པ་དོན་གསལ			Commentary on (Maitreya's) "Ornament for Clear Realization," Treatise of Quintessential Instructions on the Perfection of Wisdom / Clear Meaning Commentary [by Haribhadra (seng ge bzang po), P5191, vol. 90]
ཤེས་རབ་ཀྱི་ཕ་རོལ་ཏུ་ཕྱིན་པའི་མདོ			Perfection of Wisdom Sūtras
ཤེས་རབ་ཀྱི་ཕ་རོལ་ཏུ་ཕྱིན་པའི་སྙིང་པོ			Essence/Heart of the Perfection of Wisdom Sūtra
༅ཤེས་རབ་ཀྱི་ཕར་ཕྱིན་། ཤེས་རབ་ཕ་རོལ་ཕྱིན་པ་། ཤེས་རབ་ཀྱི་ཕ་རོལ་ཏུ་ཕྱིན་པ			perfection of wisdom
ཤེས་རབ་ཀྱི་ཕར་རོལ་ཏུ་ཕྱིན་པ			Perfection of Wisdom
ཤེས་རབ་ཀྱི་ཕུང་པོ			aggregation of wisdom
ཤེས་རབ་ཀྱི་རྒྱུ་ཉིད			cause of wisdom
ཤེས་རབ་ཀྱི་རྟོགས་རིགས་སུ་གནས་པའི་རྗེས་ཐོབ་ཡེ་ཤེས			wisdoms of subsequent attainment that abide as wisdom-types of realization
ཤེས་རབ་ཀྱི་སྦྱིན་པ			giving of wisdom
ཤེས་རབ་ཀྱི་སྣང་བ			light of wisdom; appearance of wisdom
ཤེས་རབ་ཀྱི་སྤྱན			eye of wisdom
ཤེས་རབ་ཀྱི་སྟོབས			power of wisdom; force of wisdom
ཤེས་རབ་ཀྱི་ཚོགས་སྒྲུབ			achieving through the collection of wisdom
ཤེས་རབ་ཀྱིས་འཚོ་བ			living through wisdom; livelihood by means of wisdom  (T)
ཤེས་རབ་ཀྱིས་འཚོ་བ་དང་ལེགས་པར་བཤད་པ			living and explaining well through wisdom  (T)
ཤེས་རབ་ལ་ནི་མི་རྟོག་པ			non-conceptual wisdom
ཤེས་རབ་མགྱོགས་པ			quick wisdom
ཤེས་རབ་མཉམ་པ			sameness of wisdom; equal in wisdom
ཤེས་རབ་མཉམ་པ་མེད་པ			non-sameness of wisdom; unequal in wisdom
ཤེས་རབ་མྱུར་བ			quick wisdom
ཤེས་རབ་ཉམས་པ			inferior wisdom; deficient wisdom
ཤེས་རབ་ཉོན་མོངས་པ་ཅན			afflicted intelligence
ཤེས་རབ་ཕ་རོལ་ཏུ་ཕྱིན་པ			perfection of wisdom
ཤེས་རབ་རྣམ་པར་མི་རྟོག་ཉིད			non-conceptual wisdom
ཤེས་རབ་རྣོ་བ			sharp wisdom
ཤེས་རབ་སྦྱངས་པ			purification of wisdom; purification through wisdom  (T)
ཤེས་རབ་ཐབས་དང་ལྡན་པ			having the methods of wisdom; having wisdom and method
ཤེས་རབ་ཐར་པ			Prajñāmokṣa [p.n.]
ཤེས་རབ་ཏུ་ཡོངས་སུ་བསྔོས་པའི་སྒོ་ནས			from the viewpoint of dedicating/dedication to wisdom  (T)
ཤེས་རབ་ཡེ་ཤེས་ཀྱི་དབང			knowledge-wisdom initiation
ཤེས་རབ་ཡོངས་སུ་དག་པ			very pure wisdom
ཤེས་རབ་ཟབ་པ			deep wisdom; profound wisdom
ཤེས་རྒྱུད			mental continuum
ཤེས་རྣམ་སྒོམ་པ			meditative cultivation of the aspect of a subject [e.g., meditatively cultivating compassion]
ཤེས་སྒྲིབ་ཀུན་བཏགས			artificial obstruction to omniscience
ཤེས་སྒྲིབ་ཀྱི་ཟག་པ			contamination which is an obstruction to omniscience
༅ཤེས་སྒྲིབ། ཤེས་བྱའི་སྒྲིབ་པ			obstructions to omniscience; obscurations of the knowable; obstruction to omniscience; obstruction to simultaneous cognition of all phenomena
ཤེས་ཏེ			knows; cognize(s)
ཤི			to die
ཤི་ནས་ངན་འགྲོར་འཁྱམ་ཚུལ			way/mode of wandering in a bad transmigration upon dying
ཤིག			[imperative particle; connective particle; often untranslatable:] a;\n to loosen (knots)
ཤིག་པ་རྗེས་ལ			loosen; destroy
ཤིགས			to loosen (knots); to destroy
ཤིགས་པ			to destroy; to loosen (knots)
ཤིན་ལྐོག			very hidden phenomenon
ཤིན་སྦྱངས་སྐྱེ་བའི་སྔ་བལྟས			omen of pliancy
༅ཤིན་སྦྱངས༏་ཤིན་ཏུ་སྦྱངས་པ			[very-practiced]; pliancy; flexibility; servicability; suppleness
ཤིན་ཏུ			an intensifier: very; exceedingly
ཤིན་ཏུ་འདའ་བར་བྱ་སྟེ			well passed beyond
ཤིན་ཏུ་འདས་བྱས་ནས			well passed beyond
ཤིན་ཏུ་འདས་ནས			well passed beyond
ཤིན་ཏུ་འདས་པ			well passed beyond
ཤིན་ཏུ་འདས་ཏེ			well passed beyond
ཤིན་ཏུ་འཇམ་པ			very soft; very smooth
ཤིན་ཏུ་འཇིགས་པ			very frightened
ཤིན་ཏུ་འཕགས་པ			very superior
ཤིན་ཏུ་འཕེལ་བར་འགྱུར			greatly increase
ཤིན་ཏུ་བརྒྱན་པ			very adorned
ཤིན་ཏུ་བརྟན་པ			very firm; very stable; p.n. of a Nāga-king
ཤིན་ཏུ་བསགས་པ			well accumulated; well composed
ཤིན་ཏུ་བསྡམ་པ			very concealed; well restrained; well bound
ཤིན་ཏུ་བསྒོམས			thoroghly cultivate/meditate
ཤིན་ཏུ་བསྒོམས་པས			through thoroughly cultivating/meditating
ཤིན་ཏུ་བསྔགས་པ			highly praise; high praise
ཤིན་ཏུ་བཟང་པོ			very good; excellent
ཤིན་ཏུ་ཆེ་བ			very great; very big
ཤིན་ཏུ་ཆུང་བ			very small
ཤིན་ཏུ་དག་པ			completely pure
ཤིན་ཏུ་དག་པའི་གནས			very pure abode/place
ཤིན་ཏུ་དབེན་པ			very isolated; very solitary place
ཤིན་ཏུ་དཀའ་བའི་ལས			very difficult action
ཤིན་ཏུ་དཀར			very white
ཤིན་ཏུ་དཀོན			hard to get/find/grasp; difficult to attain
ཤིན་ཏུ་དམན			very inferior; very small
ཤིན་ཏུ་དམན་པ			very inferior; very small
ཤིན་ཏུ་དྲི་མ་མེད་པ་མ་ཡིན			not very stainless
ཤིན་ཏུ་གསལ་བ			very clear; very bright
ཤིན་ཏུ་གུས་པ་ཉིད			very respectful
ཤིན་ཏུ་གྱ་ནོམ་པ			very auspicious
ཤིན་ཏུ་གཟི་བརྗིད་དང་ལྡན་པ			very hot; very heated; very majestic
ཤིན་ཏུ་ལྕི			very heavy
ཤིན་ཏུ་ལྐོག་གྱུར			very hidden phenomenon; very hidden phenomena
༅ཤིན་ཏུ་ལྐོག་གྱུར་གྱི་གཞལ་བྱ༏་གཞལ་བྱ་ཤིན་ཏུ་ལྐོག་གྱུར			very obscure objects of comprehension
ཤིན་ཏུ་མ་སྐྱེས་པ			very non-produced
ཤིན་ཏུ་མ་ཞུམ་པ			very non-discouraged/slack/weak/timid/cowardly
ཤིན་ཏུ་མང་པོ			very many
ཤིན་ཏུ་མེད་པ			absolutely non-existent
ཤིན་ཏུ་མནར་བ			very tormented; very miserable; harm/torture/torment very much
ཤིན་ཏུ་མོས་པ			very faithful; great belief/faith/interest/inclination towards/zeal/keenness
ཤིན་ཏུ་མཐར་ཕྱིན་པ			well brought to completion; well-finished
ཤིན་ཏུ་མཐོང			good-looking (gods)
ཤིན་ཏུ་མཐོང་བ			Great Perception
ཤིན་ཏུ་མཐུ་དང་ལྡན			very powerful
ཤིན་ཏུ་ངོ་ཚ			very wonderful; very marvellous
ཤིན་ཏུ་ཉེ་བར་གནས་པ			very close abiding  (T)
ཤིན་ཏུ་ཕྲ་མོ			very subtle
ཤིན་ཏུ་ཕྱིས་པ			well wiped; erase well
ཤིན་ཏུ་ཕྱོགས་པར			face to face
ཤིན་ཏུ་རྫོགས་པ			very complete/perfect
ཤིན་ཏུ་རྒྱང་རིང་བར			very far; very far away
ཤིན་ཏུ་རྒྱས་པ			very extensive; Very Extensive [Sūtras]
ཤིན་ཏུ་རྒྱས་པའི་སྡེ			very extensive discourses
ཤིན་ཏུ་རིང			very long; very long time; very far
ཤིན་ཏུ་རིང་པོར			for a very long time
ཤིན་ཏུ་རྣམ་དག			very pure
ཤིན་ཏུ་རྣམ་དག་པ			very pure
ཤིན་ཏུ་རྣམ་པར་དག			very pure
ཤིན་ཏུ་རྣམ་པར་དག་པ			very pure
ཤིན་ཏུ་རྣམ་པར་དག་པར་འགྱུར			very pure; become very pure; is very pure
ཤིན་ཏུ་རྣམ་པར་གྲོལ་བ			very liberated; well-liberated/released
ཤིན་ཏུ་རྣམ་པར་ངེས་པ			very definite; well ascertained; good ascertainment
ཤིན་ཏུ་རྣམ་པར་ངེས་པའི་ཤེས་རབ			exalted wisdom of good ascertainment
ཤིན་ཏུ་རྣོ་བར་འགྱུར			very sharp
ཤིན་ཏུ་རྙེད་པར་དཀའ			difficult to gain; difficult to obtain/attain; hard to get/find
ཤིན་ཏུ་རྟོགས་པ			well-realized; well-understood
ཤིན་ཏུ་རྟོགས་པར་བྱས་ནས			having realized well; having understood well
ཤིན་ཏུ་སྦྱང་བ			very clean; very pure
ཤིན་ཏུ་སྦྱང་དཀའ་བ			very difficult to overcome
ཤིན་ཏུ་སྦྱངས་པ			[very-practiced]; pliancy; flexibility; serviceability; suppleness
ཤིན་ཏུ་སྦྱངས་པ་ཆེ			great pliancy/flexibility/serviceability/suppleness
ཤིན་ཏུ་སྦྱངས་པའི་ལམ			path of pliancy/flexibility/serviceability/suppleness
ཤིན་ཏུ་སྡོམ			very concealed
ཤིན་ཏུ་སྡུག་བསྔལ་འགྱུར			very miserable
ཤིན་ཏུ་སྔ་མ་ཞིག་ན			very long ago
ཤིན་ཏུ་སྤྱངས་པ			[very-practiced]; pliancy; flexibility; servicability; suppleness; tranquillity
ཤིན་ཏུ་སྤྱངས་པའི་ལམ			path of pliancy
ཤིན་ཏུ་སྟོབས་དང་ལྡན་པ			very powerful
ཤིན་ཏུ་ཡངས་པ			very wide; very extensive
ཤིན་ཏུ་ཡུལ་ཆེན			very great object
ཤིན་ཏུ་ཡུན་རིང			very long time
ཤིན་ཏུ་ཡུན་རིང་མོར			for a very long time
ཤིན་ཏུ་ཟབ			very profound; very deep
ཤིང			[connective particle indicating a participle; often accompanying a participle (e.g., ... byas shing = having done ...)]; tree; wood; stick(BJ 21.1)
ཤིང་བལ			cotton
ཤིང་བལ་འདའ་བ			cotton
ཤིང་བཟོ་བ			carpenter
ཤིང་གི་ལྕུག་མ			vine(LWT 193)
ཤིང་གི་ཕུང་པོ			pile of sticks/wood
ཤིང་གཉིས་ལས་མེ་འབྱུང་བ			fire arising from two sticks
ཤིང་ཀུན			asafoetida(D1); fennel
ཤིང་ལས་བགྱིས་པ			made from wood
ཤིང་མཁན			carpenter
ཤིང་མཁན་བཟོ་བོ			carpenter
ཤིང་མཁན་གྱི་སློབ་མ			carpenter's apprentice
ཤིང་ནགས			forest
ཤིང་རྟ			[wooden horse]; chariot; opener of the chariot way [those who clear off paths which have become overgrown, e.g.: Nāgārjuna, Asaṅga, Dzong-ka-ba]; cart
ཤིང་རྟའི་སྲོལ་འབྱེད			opener of the chariot way(N)
༅ཤིང་སལ་གྱི་སྒོན༏་ཤིང་སལ་བལ་གྱི་སྒོན			cotton
ཤིང་སྐམ་པོའི་མེ་ཏོག			flower of a dead tree
ཤིས་ལུགས			mode of dispostion
ཤིས་པ			auspicious
ཤོ			dice
ཤོ་བྱེད་པ			playing dice(TGP 77)
ཤོ་ལོ་ཀ			stanza
ཤོབ་བེ			lie; speak falsely
ཤོབ་བེ་ལྟེ			lie; speak falsely
ཤོབ་བེ་མཆིགས་ཏགས			be false; be in error
ཤོག			[particle indicating the optative:] may it be; come [imperative of 'ong]
ཤོག་བུ			paper
ཤོམ			to prepare; arrange [as in to arrange offerings]
ཤོས			the other of two; [superlative particle]
ཤྲཱི			[transliteration of Sanskrit word—śrī] glorious; glory; fortune
ཤུ			to peel; to transcribe
ཤུབ་བུ			whisper
ཤུག་པ			juniper tree
ཤུགས			force; strength; power; energy; implicit(ly)(BJ 17.2)
ཤུགས་ཆེ			stronger
ཤུགས་ཀྱི			implicit; implicitly
ཤུགས་ཀྱི་བསྒྲུབ་བྱའི་ཆོས			implicit predicate of the probandum
ཤུགས་ཀྱིས			implicitly; through the force
ཤུགས་ལ			implicitly; through the force
ཤུགས་ལ་བསྟན			implicitly indicated(BJ 17.2)
ཤུགས་ལ་གནས་པའི་དོན			the meaning implicitly abiding(DK 23.2)
ཤུགས་ལ་ཤེས			known through the force of ...(BJ 27.4); implicitly known
ཤུགས་རྟོགས			implicit realization
ཤུལ			tracks; trace; remains
ཤུན			skin; peel; hide; bark; name of a river
ཤུན་པ			bark; skin; peel
ཤུས			peeled; to peel; to transcribe
སི་དྷི			[transliteration of Sanskrit word siddhi] power; establishment; accomplishment; feat
སིལ་སྙན			cymbal; instrument; musical instrument
སྐ་བ			astringent
སྐབས			occasion; time; context; chapter; with reference to
སྐབས་འདིར			on this occasion; in this context; at this point
སྐབས་འདིར་བསྟན			indicated on this occasion; indicated in this context; indicated at this point
སྐབས་འདིར་བསྟན་གྱི་ཡིད་མངོན			mental direct perception that is indicated on this occasion [i.e., in Dharmakīriti's Commentary on (Dignāga's) Compilation of Prime Cognition" (tshad ma rnam 'grel, pramāṇavarttika)]"
སྐབས་འདིར་དངོས་སུ་བསྟན་པའི་མཚན་ཉིད་ངོ་བོ་ཉིད་མེད་པའི་དོན			meaning of the character-non-nature explicitly indicated on this occasion
སྐབས་དང་པོའི་སྤྱི་དོན			general meaning of the first chapter
སྐབས་ཁྱད་པར་ཅན་ཡོད་པའི་བསྟན་པ			teaching in relation to which there is occasion for something more special
སྐབས་མ་མཆིས			does not afford an opportunity [for refutation]
སྐབས་མཆིས་པ			affords an occasion [for refutation]; affords an opportunity
སྐབས་མི་འབྱེད			not opening up an opportunity
སྐབས་ཕྱིན			appropriately sized
སྐབས་ཤེས་པ			knowing the occassion
༅སྐབས་སུ་བབ་པ༏་སྐབས་སུ་བབས་པ			appropriate; relevant; germane
༅སྐབས་སུ་བབས་པ༏་སྐབས་སུ་བབ་པ			appropriate; relevant; germane
སྐད			sound(s); language; voice
སྐད་ཅིག			period; instant; moment
སྐད་ཅིག་ཆ་མེད			temporally partless moment
སྐད་ཅིག་གཅིག			momentary; single moment; single instant; single period
སྐད་ཅིག་མ			momentary; moment; momentary phenomenon; instantaneous
སྐད་ཅིག་མ་དང་པོ་དང་ཁྱད་པར་མེད་པ			not different from the first moment/instant/period
སྐད་ཅིག་མ་གཅིག			one instant; one moment
སྐད་ཅིག་མ་གཅིག་གིས་མངོན་པར་རྟོགས་པ			clear realization in a single moment
སྐད་ཅིག་མ་མ་ཡིན་པ			non-momentary; non-instantaneous
སྐད་ཅིག་མ་མ་ཡིན་པ་ལས་སྐད་ཅིག་མ་འབྱུང་བར་ནི་འོས་པ་མ་ཡིན			it is not suitable for the momentary to arise from the non-momentary
སྐད་ཅིག་མ་ཉིད			momentariness; instantaneousness; jsut momentary; just instantaneous
སྐད་ཅིག་མ་རེ་རེ་ལ			in each moment; in each instant
སྐད་ཅིག་མ་ཐ་མ་ལ			in the final moment; in the final instant; in the final period
སྐད་ཅིག་མ་ཡིན་པ			momentary; instantaneous
སྐད་ཅིག་མའི་འབྲས་བུ་ཡིན་པ			being a momentary effect
སྐད་ཅིག་མའི་རྒྱུ་ཡིན་པ			being a momentary cause
སྐད་ཅིག་མའི་སྦྱོར་བ			momentary training
སྐད་ཅིག་རེ་རེ་ལ			in each instant/moment/period
སྐད་ཅིག་རེ་རེ་ལ་བྱུང་བ			arising in each moment/instant/period
སྐད་ཅིག་སྐད་ཅིག			moment by moment
སྐད་ཅིག་ཐ་མ			last moment; final moment; last period; final period; last instant; final instant
སྐད་ཅིག་ཙམ			only a moment; only an instant; a mere moment; a mere instant
སྐད་ཅིག་ཙམ་ཡང			even only a moment/instant/period
སྐད་དོད			equivalent term; translation equivalent; equivalent in the [original] language; [Sanskrit] original
སྐད་གསར་བཅད			new language/vocabulary; new translation system
སྐད་སྨྲས་པ			utter
སྐད་སོར་བཞག་ཏུ་བཞག			the language was left as is
སྐལ			lot; share; fortune
སྐལ་བ			lot; share; portion; share/portion of good or bad fortune
སྐལ་བ་མེད་པ			without the lot; without the fortune
སྐལ་བ་མཉམ་པ			having equal lot
སྐལ་བཟང			fortunate (good lot)
སྐལ་དོན			supersensory object
སྐལ་ལྡན			[fortune-possessor]; one who has fortune; the fortunate; a Bodhisattva; one who has the lot
སྐལ་མཉམ་གྱི་རྒྱུ			cause of equal lot; cause of similar lot
སྐལ་མཉམ་པ			those of equal lot/share/fortune
སྐལ་པ			lot; share; fortune
སྐལ་པ་ཅན			having the lot; having the share; having the fortune
སྐམ			to dry up; wither; parch
སྐར་མ			star
སྐར་མའི་ཚོགས			collection of stars; group of stars; host of stars
༅སཁྱིལ་ཀྲུང༏་སཁྱིལ་མོ་ཀྲུང			cross-legged; cross-legged posture
སཁྱིལ་མོ་ཀྲུང			cross-legged; cross-legged posture
སྐོམ			thirst
སྐོམ་པ			thirst
སྐོམ་པས་གདུངས་པ			tormented by thirst; pained by thirst
སྐོམ་པོ			a hybrid cow that is thin and gives a lot of milk
སྐོང			fill; fulfill; complete
སྐོངས			fill; fulfill; complete
སྐོར			preposition: around; about; surrounding; concerning.verb: to turn round; revolve; encircle; circle.noun: topic; cycle
སྐོར་བ			to turn round; revolve; encircle; circle
སྐྲ			hair
སྐྲ་བཤད་འཛིངས་པ			hair-net
སྐྲ་དང་སྦྲང་བུ་ལ་སོགས་པ			hair, bees, and so forth
སྐྲ་ཁང			barber-shop
སྐྲ་ཟླ་ལ་སོགས་པ་མེད་པ			non-existent hairs, moons, and so forth
སྐྲའི་རྩེ་མོ			tip of a hair
སྐྲད			expel
སྐྲག			fear; fright; terror; horror; panic; alarm; dread; fearfulness; trepidation [and corresponding verbs]
སྐྲག་ཅིང			be afraid; be fearful; dread
སྐྲག་དང་དངང			fear and dread; fear and panic
སྐྲག་པ			fear; fright; afraid; frightened; dread
སྐྲག་པ་དགག་པ			stopping fright; ceasing fear
སྐྲག་པ་མེད་པ			without fear/fright/dread
སྐྲག་པའི་གནས			state of fear/fright/dread
སྐྲག་པའི་གཞིའི་གནས་མ་ཡིན་པ་ཉིད			not a foundation of fear/fright/dread
སྐྲག་པའི་རྒྱུ			cause of fear/fright/dread
སྐྲག་པའི་ཡིད་ཀྱིས			with a mind of fear/fright/dread
སྐྲག་པར་བྱ			be afraid; be fearful; dread
སྐྲག་པར་བྱ་བ			that which is to be feared; object of fear/fright/dread
སྐྲག་པར་བྱེད			cause fear/fright/dread; frighten
སྐྲག་སྟེ			be afraid; be fearful; dread
སྐྲན			tumor
སྐྲུན			make; form; produce
སྐུ			body (hon.); image; statue
སྐུ་འདྲ			religious image
སྐུ་བདུན་དག			seven body areas
སྐུ་བསམ་གྱིས་མི་ཁྱབ			inconceivable exalted body
སྐུ་ཆས			things; possessions (hon.)
སྐུ་ཆེ་དྲང			large straight body
སྐུ་དང་གསུང་དང་ཐུགས་སྤྲུལ་པ			emantions of exalted body, speech, and mind
སྐུ་དཔུང			[body-shoulder]; shoulder (hon.)
སྐུ་གདུང			relics
སྐུ་གསུམ			the three exalted bodies [of a Buddha
སྐུ་གསུམ་ལ་བསྟོད་པ			Praise of the Three Exalted Bodies [by Nāgārjuna; P2015, vol. 46]
སྐུ་ཁམས			health (hon.); constitution
སྐུ་ཁྲུས			[body-wash]; bathing; washing; ablution (hon.)
སྐུ་ལ་དབང་འབྱོར་བ་ཉིད			attainment of mastery with respect to the body
སྐུ་མཆེད			sibling; brother; relation (hon.)
སྐུ་མདོག			[body-color]; color of the body; color (hon.)
སྐུ་མདུན			exalted presence; the presence [H.H. Dalai Lama]
སྐུ་མེད་པ			bodiless
སྐུ་ཚེ་རིང་བ			[body-life-long]; long life (hon.)
སྐུ་ཡོངས་སུ་རྫོགས་པ			fully developed/perfected body
སྐུ་ཟླ			[body-equal]; spouse (hon.)
སྐུའི་ཁྱད་པར			attribute of exalted body; feature of exalted body; physical attribute
སྐུའི་ཕྲིན་ལས			exalted physical activity
སྐུལ			rouse; arouse; entreat; urge on; incite; urge; exhort
སྐུར			deprecate; depreciate; deny
སྐུར་འདེབས			deprecation; depreciation; denial; underestimation
སྐུར་བ			deprecation; depreciation; denial
སྐུར་བ་འདེབས			deprecation; depreciation; denial
སྐུར་བ་འདེབས་པ			deprecation; depreciation; denial
སྐུར་བཏབས			deprecate; depreciate; deny
སྐུར་པ			deprecation; depreciation; denial
སྐུར་པ་འདེབས			deprecation; depreciation; denial
སྐུར་པ་འདེབས་པ			deprecation; depreciation; denial
སྐྱ་བ			paddle
སྐྱ་བས་ལེགས་བསྲབས			churned well by a paddle
སྐྱ་བོ			greyish; whitish grey
སྐྱ་ག			magpie
སྐྱབས			refuge; protection; something like a dandelion which grows in the woods and has three flowers to a stalk
སྐྱབས་བླ་ན་མེད་པ་ཡིན་པ			unurpassed refuge
སྐྱབས་གསུམ			the three refuges [Buddha, his Doctinre, and the Spiritual Community]
སྐྱབས་མེད			without refuge; protectorless
སྐྱབས་སུ་འགྲོ་བ			go for refuge
སྐྱབས་སུ་འགྲོ་བའི་ཁྱད་པར			features of going for refuge
སྐྱབས་སུ་འགྲོ་བའི་སྐབས			occassion of going for refuge
སྐྱབས་སུ་འགྲོ་བར་ངེས་པ			definite/certain to go for refuge
སྐྱབས་སུ་རབ་ཏུ་སླུ་བ			deceived with respect to refuge
སྐྱར་མོ			heron
སྐྱེ			be born; be produced; grow; generate; production; birth
སྐྱེ་བ			birth; production; produce; grow; be born; arising
སྐྱེ་བ་བཟང་པོ			good birth; auspicious birth
སྐྱེ་བ་དང་འགག་པ			production and cessation; birth and cessation
སྐྱེ་བ་དང་མཐུན་པ			concordant with birth; concordant with production
སྐྱེ་བ་དཀར་པོ			wholesome birth
སྐྱེ་བ་དམན་ལ་བརྟེན			dependent on low birth
སྐྱེ་བ་དོན་མེད་པ			purposeless production; pointless production
སྐྱེ་བ་གཅིག་གིས་ཐོགས་པ			impeded by one birth [i.e., removed from enlightenment by only one more birth]
སྐྱེ་བ་གཅིག་གིས་ཐོགས་པའི་བྱང་ཆུབ་སེམས་དཔའ			Bodhisattva who is one lifetime away from [achieving Buddhahood]
སྐྱེ་བ་གཞན་དུ			in another birth; in another lifetime
སྐྱེ་བ་ཁྱད་པར་ཅན་ཐོབ་ནས			having obtained/attained a special birth
སྐྱེ་བ་ལ་དོན་མེད་པ			pointless production; purposeless production
སྐྱེ་བ་ལ་ངེས་པར་འགྱུར་བ			definite to be born/reborn
སྐྱེ་བ་མེད			not born; not reborn; not produced
སྐྱེ་བ་མེད་པ			no production; non-production; birthless
སྐྱེ་བ་མེད་པ་ལ་སོགས་པ			no production and so forth; non-production and so forth; birthless and so forth
སྐྱེ་བ་མེད་པ་ཤེས་པ			knowledge of no more birth
སྐྱེ་བ་མེད་པའི་ཆོས་ལ་བཟོད་པ			forbearance/patience/tolerance/endurance with respect to the doctrine of non-production
སྐྱེ་བ་ངོ་བོ་ཉིད			production-nature; [self-]production-nature; nature of [self-]production
སྐྱེ་བ་ངོ་བོ་ཉིད་མ་མཆིས་པ			production-non-nature; [self-]production-non-nature; naturelessness of [self-]production
སྐྱེ་བ་ངོ་བོ་ཉིད་མེད་པ			without a nature in terms of production; without a nature of production; production-non-nature; [self-]production-non-nature; naturelessness of [self-]production; production naturelessness
སྐྱེ་བ་ངོ་བོ་ཉིད་མེད་པ་ཉིད			production-non-nature; [self-]production-non-nature; naturelessness of [self-]production; production naturelessness
སྐྱེ་བ་རྣམ་པ་བཅུ་བཞི་པོ			fourteen types of birth
སྐྱེ་བ་སྤྲུལ་སྐུ			incarnation emanation body
སྐྱེ་བ་ཙམ			mere production
སྐྱེ་བ་ཡང་མེད་འགག་པ་ཡང་མེད			no production and also no cessation; neither production nor cessation; both no production and no cessation
སྐྱེ་བ་ཡོངས་སུ་ལེན་པ			thoroughly taking birth
སྐྱེ་བ་ཟད་པ			extinction of birth
སྐྱེ་བའི་ཀུན་ནས་ཉོན་མོངས་པ			thorough afflictions of birth
སྐྱེ་བའི་ལུས་བོར་ཏེ་སྤྲུལ་པའི་ལུས་འཛིན་པ			having given up the body of birth, taking an emanation body
སྐྱེ་བའི་ངོ་བོ་ཉིད་མེད་པ			without a nature of production
སྐྱེ་བའི་རྒྱུ			cause of production; cause of birth
སྐྱེ་བའི་སྒོ			door of production; door of biruth
སྐྱེ་བའི་སྐད་ཅིག་མ་དང་པོ་ཕྱིན་ཆད			from the first moment of birth onward
སྐྱེ་བའི་སྤྲུལ་སྐུ			construction emanation body
སྐྱེ་བོ			being; creature; people
སྐྱེ་བོ་བླུན་པ			stupid being
སྐྱེ་བོ་མང་པོ			many beings
སྐྱེ་བོ་མང་པོ་དགའ་བ			liking many beings
སྐྱེ་བོ་མཛའ་བ་ལ་བྱམས་པ			loving friendly beings
སྐྱེ་བོ་ངན་པ			bad/evil being; bad/evil person
སྐྱེ་བོ་ངན་པ་དང་འགྲོགས་པ			acquainting with bad beings; companying with bad beings
སྐྱེ་བོ་ཉོན་མོངས་པ་ཅན་ལ་རྗེས་སུ་བརྩེ་བ			mercy/compassion for beings with afflictions; mercy/compassion for afflicted beings
སྐྱེ་བོ་ཕལ་ཆེར			most beings
སྐྱེ་བོ་ཕལ་པོ་ཆེ			a large crowd of people
སྐྱེ་བོ་རྨོངས་པ			confused being
སྐྱེ་བོ་སྡང་བ་དང་འགྲོགས་པ			acqainting with hateful beings; accompanying with hateful beings
སྐྱེ་བོའི་ཚོགས			group of beings; collection of beings
སྐྱེ་དང་འཆི			birth and death
སྐྱེ་དགག་གནས་གསུམ			the three: production, abiding, and cessation
སྐྱེ་དགག་གནས་གསུམ་མི་རུང་བའི་ཆོས			a phenomenon of which the three—production, abiding, and cessation—are not possible
སྐྱེ་དགག་གནས་གསུམ་རུང་བའི་ཆོས			a phenomenon of which the three—production, abiding, and cessation—are suitable
སྐྱེ་དགུ			[creatures-nine]; all beings
སྐྱེ་དགུའི་བདག་པོ་དང་བཅས་པའི་ལྷ་རྣམས			the gods together with Prajāpati
སྐྱེ་དགུའི་དོན			for the benefit of [all] beings
སྐྱེ་གནས			birth-place; birth-situation
སྐྱེ་མཆེད			sense-spheres; sphere; sense-sphere; sensory sphere; source [of consciousness]
སྐྱེ་མཆེད་བཅུ་གཉིས			twelve sense-spheres
སྐྱེ་མཆེད་དྲུག			six sense-spheres; six sources
སྐྱེ་མཆེད་ལ་མཁས			skill in the sense-spheres
སྐྱེ་མཆོག			supreme person; supreme creature
སྐྱེ་མེད			unborn; unproduced; birthless
སྐྱེ་མེད་གནས་ལ			in the state of non-production
སྐྱེ་རྒ་ན་འཆི			birth, aging, sickness, death
སྐྱེ་སྲིད			birth-state
སྐྱེ་ཚུལ			mode of production; mode of generation
སྐྱེ་ཞིང			is born/produced/generated
སྐྱེ་ཞིང་འབྲི			be produced and diminish
སྐྱེ་ཞིང་འཇིག་པ			is produced and disintegrates; is born and is destroyed
སྐྱེད			produce; generate; engender
སྐྱེད་བྱེད			producer; generator; engenderer; that which produces
སྐྱེད་མོས་ཚལ			grove; park
སྐྱེད་མོས་ཚལ་གྱི་ས			place of a grove; location of a park
སྐྱེད་པ			produce; generate; engender
སྐྱེད་པར་བྱེད			produce; generate; engender
སྐྱེད་པར་མཛད་པ			producer; means of production/generation
སྐྱེད་ཚུལ			mode of production/generation/engendering
སྐྱེལ			verb: escort
སྐྱེལ་བ			to conduct; accompany
སྐྱེལ་བ			take away; carry; send; risk; use; employ
སྐྱེས			be born; be produced; be engendered
སྐྱེས་བུ			being; creature; person
སྐྱེས་བུ་འབྲིང			being of middling capacity; being of medium capacity
སྐྱེས་བུ་འབྲིང་གི་ལམ			path of a being of middling capacity
སྐྱེས་བུ་བླུན་པོ			stupid being/person
སྐྱེས་བུ་བྱེད་པའི་འབྲས་བུ			personally made effect
སྐྱེས་བུ་ཆེ་འབྲིང་ཐུན་མོང་གི་ལམ			a path that is common to beings of great and middling capacity
སྐྱེས་བུ་ཆེན་པོ			being of great capacity
སྐྱེས་བུ་ཆེན་པོའི་ལམ			a path of a being of great capacity
སྐྱེས་བུ་ཆེན་པོའི་མཚན			characteristic of a being of great capacity
སྐྱེས་བུ་ཆུང་འབྲིང་ཐུན་མོང་གི་ལམ			a path that is common to beings of small and middling capacity
སྐྱེས་བུ་ཆུང་ངུ			being of small capacity
སྐྱེས་བུ་ཆུང་ངུ་དང་ཐུན་མོང་པའི་ལམ			path in common with those of lesser capacity
སྐྱེས་བུ་ཆུང་ངུ་ཁྱད་པར་ཅན			special being of small capacity
སྐྱེས་བུ་ཆུང་ངུ་ཁྱད་པར་ཅན་གྱི་ལམ			a path of a special being of small capacity
སྐྱེས་བུ་དམ་པ			excellent being; holy being; true being
སྐྱེས་བུ་དམ་པ་ལ་བརྟེན་པ			relying/acquainting with on a holy/excellent/true being
སྐྱེས་བུ་དམ་པའི་ལས་བྱེད་པ			performing the actions of a holy/excellent/true being
སྐྱེས་བུ་གང་ཟག			person
སྐྱེས་བུ་གསུམ			beings of the three capacities [i.e., small, middling, and great]
སྐྱེས་བུ་གཏི་མུག་ཅན			beclouded/ignorant/confused/befuddled person
སྐྱེས་བུ་ཚད་མ			valid person/being
སྐྱེས་བུའི་རྒྱུད་ཀྱིས་བསྡུས་པའི་རྡུལ་དུ་གྲུབ་པ			that which is atomically established and is included within the continuum of a being
སྐྱེས་བུའི་རྒྱུད་ཀྱིས་མ་བསྡུས་པའི་རྡུལ་དུ་གྲུབ་པ			that which is atomically established and is not included within the continuum of a being
སྐྱེས་བུའི་ཤེས་རྒྱུད			mental continuum of a being
སྐྱེས་བུའི་ཤེས་རྒྱུད་བསྡུས་པ			contained/included within the mental continuum of a being
སྐྱེས་བུའི་ཤེས་རྒྱུད་ཀྱིས་བསྡུས་པའི་གཟུགས			form included within the mental continuum of a being
སྐྱེས་བུའི་ཤེས་རྒྱུད་ཀྱིས་མ་བསྡུས་པའི་གཟུགས			form not included within the mental continuum of a being
སྐྱེས་བུའི་ཤེས་རྒྱུད་མ་བསྡུས་པ			not contained within the mental continuum of a being
སྐྱེས་བུས་བྱེད་པའི་འབྲས་བུ			personally made effect
སྐྱེས་མ་ཐག་ཏུ			immediately/right/just after being born/produced
སྐྱེས་ན			when generated; if generated
སྐྱེས་ནས			having been born; having been produced
སྐྱེས་པ			created phenomenon; created; man; human being [synonymous with skyes bu]; produce; grow; be born; persons; that which is created
སྐྱེས་པ་བུད་མེད			man or woman; man and woman; men and women
སྐྱེས་པ་ཙམ་གྱིས་འཇིག་པར་མི་འགྱུར			due to merely having been produced it is not destroyed
སྐྱེས་པའི་རབས			life stories; discourses on [Buddha's previous] births
སྐྱེས་པའི་རབས་ཀྱི་སྡེ			life stories; discourses on [Buddha's previous] births
སྐྱེས་རབས			life stories; discourses on [Buddha's previous] births
སྐྱེས་ཟིན་པ་ཡང་སྐྱེ་བ་ནི་མ་ཡིན			what has already been produced is not produced again
སྐྱིད			comfort; happiness
སྐྱིད་པ			comfort; happiness
སྐྱོ			grief; sorrow; weariness; pathetic; poor
སྐྱོ་བ			discouragement; sorrow; grief; weariness
སྐྱོ་བ་ཅན			discouraged; weary
སྐྱོ་བ་དང་ལྡན་པ			discouraged; weary
སྐྱོ་བ་མེད་པ			non-discouragement
སྐྱོ་བ་མེད་པ་ཡིད་ལ་བྱེད་པ			taking to mind an absence of fatigue/discouragement/weariness
སྐྱོ་བ་སྤངས་པ			abandoned disregard for
སྐྱོ་བར་འགྱུར་བ			become discouraged/weary/fatigued
སྐྱོ་བར་བྱེད			become discouraged; develop aversion; be averse(S 52.3)
སྐྱོ་བར་བྱེད་པ			develop disregard for; develop weariness toward
སྐྱོ་བར་བྱེད་པར་འགྱུར་ན			when/if one has become weary
སྐྱོ་བར་མི་འགྱུར			not become weary/fatigued/discouraged
སྐྱོ་བཅས་སེམས་ཅན་སྨིན་པར་བྱེད			ripening poor sentient beings
སྐྱོ་མེད			without fatigue/weariness/discouragement
སྐྱོབ་ཅིང			protecting; defending; sheltering
སྐྱོབ་པ			protective; protect; guard; defend; shelter; protector; guardian; defender
སྐྱོབ་པ་པོ			protector; guardian; shelter
སྐྱོབ་པར་བྱེད་ཅིང			protect; guard; defend; shelter
སྐྱོད་པ			arouse; stir; move; cause to go
སྐྱོན			fault; disadvantage; fallacy; defect; flaw
སྐྱོན་འཕེན་པ			casting faults; critique; critic
སྐྱོན་དང་ཡོན་ཏན			faults/defects and good qualities; disadvantages and advantages
སྐྱོན་དང་ཡོན་ཏན་དག་དབྱེ་བ			differentiating faults and good qualities/disadvantages and advantages
སྐྱོན་དང་ཡོན་ཏན་དུ་སོ་སོ་ཡང་དག་པར་རིག་པ			thorough knowledge individually of faults and good qualities/disadvantages and advantages
སྐྱོན་དུ་མི་བྱའོ			not take as a fault/defect/disadvantage
སྐྱོན་མ་མཆིས་པ			flawless; faultless
སྐྱོན་མེད			faultless; flawless; flawlessness
སྐྱོན་མེད་པ			faultless; flawless; flawlessness
སྐྱོན་མེད་པ་ལ་འཇུག་ཉིད			entry into flawlessness
སྐྱོན་མེད་པར་འཇུག་པ་ཡང་དག་པར་འགྲུབ་པ			thorough establishment/accomplishing/achieving of entry into flawlessness
སྐྱོན་མི་འབྱུང			fault will not arise
སྐྱོན་སེལ་མི་ནུས་པ			[you are] not able to avoid/eradicate/remove/clear away/eliminate/exclude the fault that...
སྐྱོན་ཡོན			faults and good qualities; disadvantages and advantages
སྐྱོན་ཡོངས་སུ་ཤེས			thorough knolwedge of faults/flaws/disadvantages
སྐྱོང			keep; sustain; maintain; protect; guard
སྐྱོངས			keep; sustain; maintain; protect; guard
སྐྱོར			recite; repeat; support; hold
སྐྱུ་ན་གསལ			it is clear in the run of the text
སྐྱུ་རུ་ར			olive; sour medicinal fruit
སྐྱུག་ལོག་པ			[vomit-turn-out]; nausea
སྐྱུང་ཀ			a black bird with a red beak
སྐྱུར་བ			sour
སླ			easy; preferable(BJ 40.5)
སླ་བ			easy; preferable
སླ་བོ			easy; preferable
སླ་རིམ་བྱས་བ			if you do it the easy way ...
སླད			to pollute; defile
སླད་དུ			for the sake of; on account of
སླད་ནས			afterwards; later
སླད་རོལ་པ			Forder
སླམ་མེ་བ			glistening; shining; glittering
སླན་ཏེ་འཇོག་པ			re-setting; resetting
སླར			again; once more; back
སླར་མི་ལྡོག་པའི་འགོག་བདེན			a true cessation which is irreversible
སླར་སྡོད་པ			withdrawal
སླར་སྡུད་པ			withdrawal
སླར་ཡང			again(BJ 28.1); further
སླར་ཡང་ཕུལ་དུ་བྱུང་བའི་ཁྱད་པར			features that are further enhancements(BJ 59.1)
སླར་ཞིང་འབྱུང་བ			further arising
སླེབ			reach
སློབ			to learn; teach; train in
སློབ་བརྒྱུད			lineage of disciples
སློབ་དཔོན			[teaching-chief]; master; teacher; instructor
སློབ་དཔོན་འདྲ་བ			like a teacher
སློབ་དཔོན་དང་མི་ལྡན་པ			without teachers
སློབ་དཔོན་དབྱིག་གནེན			the master Vasubandhu
སློབ་དཔོན་གྱི་དཔེ་མཁྱུད			closed-fisted teacher
སློབ་དཔོན་སྐུ་མཆེད			the Master [Asaṅga] and his brother [Vasubandhu](BJ 46.7)
སློབ་དཔོན་སྙིང་རྗེ			compassionate teacher; compassion of the master; the master's compassion
སློབ་དཔོན་ཡང་དག་བདེན་པའི་བརྗེད་བྱང			the master Paramārtha's Purification of Forgetfulness
སློབ་གྲྭ			school
སློབ་གྲྭ་བ			student
སློབ་མ			learner; student
སློབ་མ་བཟང་པོ			good student
སློབ་མ་ཉན་ཐོས			learner Hearer
སློབ་མ་ཉན་ཐོས་ཀྱི་ལམ			learner Hearer path
སློབ་མ་སྙན་ཐོས			Hearer learner
སློབ་མར་གྱུར་པ			is a student
སློབ་པ			learner; to learn; teach; train in
སློབ་པ་ཕྱིར་མི་ལྡོག་པའི་དགེ་འདུན			virtuous aspirants who are irreversible learners
སློབ་པ་པོ			learner
སློབ་པའི་ལམ			paths of learners
སློབ་ཚེན			lesson
སློབས			to learn; teach; train in
སློང			ask; beg; collect; gather; raise; cause to rise; inspire; excite; arouse; urge on
སློང་བ			ask; beg; collect; gather; raise; cause to rise; inspire; excite; arouse; urge on
སློང་བ་པོ			one who asks/begs/collects/gathers/raises/inspires/excites/arouses/causes to rise/urges on
སློང་བ་པོའི་སྐྱེ་བོ			person who asks/begs/collects/gathers/raises/inspires/excites/arouses/causes to rise/urges on
སླུ་བ			to deceive; deceptive
སླུ་བར			deceptive
སླུ་བར་འགྱུར་བ			deceive
སླུ་སྣང			deceptive appearance
སྨད			lower; lower part; May ("Lower") College of Se-ra Monastic University
སྨད་བྱུང			fantastic and marvellous; fantastic; extraordinary
སྨད་དུ་བྱུང			fantastic and marvellous(BJ 29.3)
སྨད་དུ་བྱུང་བ			wonderful
སྨད་པ			blame; lower; lower part
སྨག			black; dark; darkness
སྨག་འཐུག་པོས་ཁྱབ་པ			pervaded by thick darkness
སྨག་རུམ			dark; darkness
སྨན			medicine; drug
སྨན་བཟང་པོ			helpful medicine; good medicine
སྨན་ཁང			[medicine-house]; hospital
སྨན་ལྟ་བུའི་སེམས་བསྐྱེད			mind-generation like medicine
སྨན་པ			physician; doctor
སྨན་པའི་རྒྱལ་པོ་བླ་མེད			highest king of physicians
སྨེ་བ			mole
སྨིག་རྒྱུ			mirage
སྨིག་རྒྱུ་དང་རྨི་ལམ་དང་ཆུ་ཟླ་ལ་སོགས་པ			mirage, dream, moon in water, etc.
སྨིག་སྒྱུ			mirage
སྨིན			ripen; mature; fructify; [for smin ma:] eyebrow
སྨིན་བྱེད			ripener; ripening; maturing
སྨིན་མ			eyebrow
སྨིན་མཚམས་ཀྱི་མཛོད་སྤུའི་ཕྲག			hair-treasure between the eyebrows; hair-tuft between the eyebrows
སྨིན་པ			ripen; mature; fructify; maturation; ripening; matured; ripened
སྨིན་པར་བྱེད			maturing; ripening
སྨིན་པར་བྱེད་པ			maturing; ripening
སྨིན་ཚུགས			eyebrows
སྨོད་པ			loathing; deprecating; deprecates
སྨོན			wish; admire; pray; aspire
སྨོན་ལམ			[wish-path]; prayer-wish; aspirational prayer; wishes; prayer-wishes; prayer; supplication; prayer petition
སྨོན་ལམ་འདེབས			offer a wish
སྨོན་ལམ་འདེབས་པ			offer a wish
སྨོན་ལམ་བཏབ་པ			plant prayer-wishes  (T)
སྨོན་ལམ་ཆེན་པོ་བཅུ་མངོན་པར་སྒྲུབ་པ			manifestly establish the ten great wishes
སྨོན་ལམ་དང་ལྡན་པ			having wishes
སྨོན་ལམ་དང་སྒྲུབ་པའི་ཁྱད་པར			features of wishing and achievement  (T)
སྨོན་ལམ་གྱི་དབང			the force of wishing
སྨོན་ལམ་གྱི་ཁྱད་པར			feature of prayer-wishes (T)
སྨོན་ལམ་གྱི་ཕ་རོལ་ཏུ་ཕྱིན་པ			perfection of wishing
སྨོན་ལམ་གྱི་སྟོབས་ཅན			having the power of wishing
སྨོན་ལམ་ཁྱད་པར་ཅན			having the feature of prayer-wishes  (T)
སྨོན་ལམ་ལ་བརྟེན་པ			in dependence upon wishing
སྨོན་ལམ་མི་གཏོང་བ			not give up prayer-wishes
སྨོན་ལམ་ཤེས་པ			aspirational consciousness
སྨོན་ལམ་ཡིད་ལ་བྱེད་པ			wishing mental contemplation; mental contemplation of wishing
སྨོན་པ			wish; admire; pray; aspire
སྨོན་པ་ལྷུན་གྱིས་གྲུབ་པས			due to a spontaneous wish  (T)
སྨོན་པ་མེད་པ			wishlessness(N)
སྨོན་པ་མེད་པའི་གཞི			basis of wishlessness; wishless basis
སྨོན་པ་མེད་པའི་ཤེས་པ			cognition of wishlessness; wishless consciousness
སྨོན་པ་མེད་པའི་ཏིང་ངེ་འཛིན			meditative stabilization of wishlessness; wishless meditative stabilization
སྨོན་པ་མེད་པར་གྱུར་པ			wishlessness; wishless
སྨོན་པ་རྣམ་པར་སྤངས་པ			exclusion of wish
སྨོན་པ་ཡིད་ལ་བྱེད་པ			aspirational mental contemplation; mental contemplation of wishing
སྨོན་པའི་སེམས			attitude of aspiration; wishing mind; aspirational mind
སྨོན་པར་བྱེད་པ			aspire; wish; pray; vow; resolve
སྨོན་པར་མེད་པ			wishlessness; non-aspiration
སྨོན་སེམས			attitude of aspiration [to full enlightenment]; aspirational mind of enlightenment
སྨོན་སེམས་བསྐྱེད			[aspire-mind-generate]; generate the attitude of aspiration [to full enlightenment]
སྨོས			statement; [desiderative marker]
སྨོས་ཅི་དགོས			what need is there to mention ... (T)
སྨོས་པ			statement; saying:(BJ 38.2)
སྨྲ			propound; speak
སྨྲ་བ			propound; proponent(BJ 22.2); speak; utter; say; advocate
སྨྲ་བ་བླ་ན་མེད་པ			unsurpassed proponent (an epithet of Shākyamuni Buddha)
སྨྲ་བ་བརྗོད་པ			propound; express; state; speak; statement; speaking
སྨྲ་བ་ལ་ཡང་སློབ་པར་བྱེད			learn to propound (T)
སྨྲ་བ་ཉུང་བ			speaks little
སྨྲ་བ་ཟླ་མེད			unmatched proponents [of doctrine] (Buddhas)
སྨྲ་བའི་སྤྲོས			conventional teaching
སྨྲ་བར་བྱེད་དོ			propounding; speak; speaking
སྨྲ་མེད་པ			non-propounding; not propound; unutterable
སྨྲ་མཁས			wise proponent; speak wisely
སྨྲ་མཁས་པ			wise proponent; speak wisely
སྨྲ་མཁས་པ་དང་ལྡན་པ			wise speech; skilled speech; wise/skilled proponent (T)
སྨྲ་མཁས་ཕུན་སུམ་ཚོགས			the marvel of skilled speech  (T)
སྨྲ་ནུས་པ			able to propound; able to speak
སྨྲ་པ			propounding; proponent; speaker; teaching; spoke; taught; speak
སྨྲར་མེད་པ			non-propounding; not propound; unutterable
སྨྲས			propound; speak; utter; say; advocate; "it is said"
སྨྲས་ནས་རིང་མོ་ཞིག་ལོན་པ			speak for a long time
སྨྲས་པ			It is said; propound; speak; utter; say; advocate
སྨྲེ་སྔགས			sorrowful moaning
སྨྲོས			propound; speak; utter; say; advocate
སྨྱིག་རྒྱུ			mirage
སྨྱིག་རྒྱུ་ལྟ་བུ			mirage-like; like a mirage
སྨྱོ			to be mad; insane; crazy; be crazed
སྨྱོན་པའི་གར			dance of the insane(LWT 232)
སྨྱོས			to be mad; insane; crazy; be crazed
སྨྱུ་གུ			pen
སྨྱུག་སྟག			tiger that stays in bamboo groves
སྨྱུང་གནས			fasting
སྣ			(1) nose; nostril; (2) various; varieties
སྣ་བའི་དབང་པོ			nose sense power
སྣ་བའི་རྣམ་པར་ཤེས་པ			nose consciousness
སྣ་དབང			nose sense-power
སྣ་མིན་སྣ་ཚོགས			various kinds
སྣ་རྣམ་ཤེས			nose consciousness
སྣ་རོ			[nose-horn]; the "o" vowel
སྣ་རྩེ			upperpoint (?); tip of the nose (?)
སྣ་རྩེར་འོད་ཐིག་སྒོམ་པ			meditation on a drop of light at the upper point [tip of the nose?] ...(TGP 40)
སྣ་སྒོ			opening
སྣ་ཤེས			nose consciousness
སྣ་ཤེས་ཀྱི་མྱོང་བྱ			apprehended object of a nose consciousness
སྣ་ཚོགས			[various-collection]; variety; the varieties; variegated; various
སྣ་ཚོགས་འདུ་ཤེས་ཞུགས་པ			engage in conceptions of varieties
སྣ་ཚོགས་གཉིས་མེད་པ			Non-Pluralists
སྣ་ཚོགས་ཀྱི་འདུ་ཤེས་དང་བྲལ་བ			free from various conceptions
སྣ་ཚོགས་ཉིད			variousness; variety; variegated
སྣ་ཚོགས་པ			various; variegated; the varieties
སྣ་ཚོགས་རྡོ་རྗེ			variegated vajra
སྣ་ཚོགས་སུ་སྣང་བ			appear as various
སྣའི་དབང་པོ			nose sense-power; nose sense power
སྣའི་རྣམ་ཤེས			nose consciousness
སྣབས			mucus of the nose; nasal mucus; snot
སྣགས			mantra
སྣགས་ཐིག			mantra drop
སྣམ་བུ			woolen cloth(N)
སྣང			to appear; perceive; light; illuminate; appearance
སྣང་བ			appearance; appear; perceive; light; illuminate; illumination
སྣང་བ་འོད			light; radiance; splendor
སྣང་བ་བྱེད་པ			appearance; illuminator; illuminate; perceiver
སྣང་བ་དཀར་ལམ་པའི་སེམས			mind of radiant white appearance
སྣང་བ་ལྟར་གྲུབ་པ			established as it appears; exist as it appears
སྣང་བ་མ་མཆིས་པ			non-appearance; non-perception; no light; non-illumination
སྣང་བ་མཆེད་པའི་ཏིང་ངེ་འཛིན			meditative stabilization of the increase of appearance
སྣང་བ་མེད་པ			non-appearance; non-perception; no light; non-illumination
སྣང་བ་ཉིད་ཀྱང་གཞན་ལས་ངེས་པ			[prime cognizer for which] even the mere appearance is induced by another
སྣང་བ་རང་ལས་ངེས་ཞིང་བདེན་པ་གཞན་ལས་ངེས་པ			[prime cognizer which] induces ascertainment by itself and induces ascertainment of the truth from another
སྣང་བ་རྣམ་བདུན			seven types of appearances
སྣང་བ་ཐོབ་པའི་ཏིང་ངེ་འཛིན			meditative stabilization achieving perception [of emptiness]
སྣང་བའི་འཁྲུལ་པ་ཡོད་པ			appearance that has error
སྣང་བའི་འོད་གསལ			clear light of appearance
སྣང་བའི་དེ་ཁོ་ན			suchness of appearance; suchness of perception
སྣང་བའི་དམིགས་རྐྱེན			appearing object-of-observation-condition; observed-object-conditions in the sense of appearing [to conceptual consciousnesses]
སྣང་བའི་རྒྱུ			cause of appearance/illumination
སྣང་བའི་རྒྱུ་མཚན			cause/sign/reason of appearance/illumination
སྣང་བའི་ཡུལ			object that appears
སྣང་བར་འགྱུར་བ			illuminate; light; appear
སྣང་བར་བགྱིད་པ			to appear; perceive; light; illuminate; appearance
སྣང་བར་བྱ			to appear; perceive; light; illuminate; appearance; illumination
སྣང་བར་བྱེད་པ			illuminator; appearance; perceiver; appear; illuminate; light
སྣང་བར་གྱུར			to appear; perceive; light; illuminate; appearance
སྣང་བར་གྱུར་པ			to appear; perceive; light; illuminate; appearance
སྣང་ཆ			appearance factor
སྣང་དབང་གིས་འཇུག			operate through the power of appearance
སྣང་དབང་གྱིས་མི་འཇུག			not operate throught he power of appearance
སྣང་ལ་མ་ངེས			appearance without ascertainment
སྣང་ལ་མ་ངེས་པ			awareness to which an object appears but is not ascertained
སྣང་ལ་མ་ངེས་པའི་བློ			awareness to which an object appears but is not ascertained; awareness to which an object appears without being noticed
སྣང་མེད			without appearance
སྣང་ངོ			appearance factor; appearance-perspective; appear [with terminator]
སྣང་ངོར			for the appearance factor
སྣང་རུང་མ་དམིགས་པའི་རྟགས			nonobservation sign of the suitable to appear; sign which is a non-observation of the suitable to appear
སྣང་སེམས་ཙམ			mere mental appearance
སྣང་སྟོང་གཉིས་ཚོགས			composite of appearance and emptiness(N)
སྣང་ཙམ			mere appearance
སྣང་ཚུལ			mode of appearance
སྣང་ཚུལ་གནས་ཚུལ་མི་མཐུན་པ			discordant mode of appearance and mode of abiding
སྣང་ཡུལ			appearing object
སྣང་ཡུལ་ལ་ཞིབ་ཆ་དགོས			distinctions are needed with respect to appearing objects
སྣེ			extremity; end
སྣེ་མོ			extremity; end
སྣེའུ			nayu (in particular, the leaves of the plant)
སྔ			previous; former; before; early
སྔ་ལོགས			prior
སྔ་ལོགས་སུ་བྱུང་བ			prior arising
སྔ་ལྟས			former sign; prior sign; omen
སྔ་ལུགས་སུ			prior
སྔ་མ			former; earlier; prior; early
སྔ་མ་ཕྱི་མ་ཁྱད་མེད			no difference between former and later
སྔ་མའི་ལས་ཉོན			former actions and afflictions
སྔ་ན་མེད་ཕྱིར			former non-existence
སྔ་ནས་བསགས་པ			formerly collected
སྔ་ཕྱི			former and later; temporal
སྔ་ཕྱི་བའི་རྟེན			temporal base
སྔ་ཕྱི་མེད་པ			atemporal; no former and later
སྔ་ཕྱི་མེད་པར			atemporal; no former and later
སྔ་ཕྱིར			former and later
སྔ་རྒོལ			former party; former opponent; opponent; other party
སྔ་རོལ་དུ			prior; before
སྔགས			spell; mantra; general word for tantra
སྔགས་ཀྱི་རིགས			chanting(?)
སྔགས་ཀྱི་ཐེག་པ			Mantra Vehicle
སྔགས་མཐུས			by the power of a mantra(S)
༅སྔགས་རིམ,་སྔགས་རིམ་ཆེན་མོ			Tsong-kha-pa's (tsong kha pa) Great Exposition of Secret Mantra
སྔང་བ			appear; appearance; bright; shining
སྔར			before; formerly; previously
སྔར་གྱི་གནས་ཆ་འཇིག་པ			the factor of stability [attained] earlier disintegrates
སྔར་གྱི་མཚན་མ			former sign
སྔར་ཀུན་ནས་ཉོན་མོངས་པ་ཕྱིས་རྣམ་པར་བྱང			formerly afflicted, later purified (T)
སྔར་ལུང་མ་བསྟན			not previously revealed in scripture
སྔར་ནས་ཡོད་པས			since he has from before
སྔར་རྒོལ			challenger (in debate); former party; prior opponent
སྔར་ཨུཏཔ་ལ་མཐོང་མ་མྱོང་བའི་གང་ཟག་གི་རྒྱུད་ཀྱི་ཨུཏཔ་ལའི་ཁ་དོག་འཛིན་པའི་དབང་མངོན			sense direct perception in the continuum of a person—who has not previously experienced seeing an utpala—that apprehends the color of an utpala
སྔོ			dedicate
སྔོ་འཛིན			apprehending blue
སྔོ་ནག			blue black(D1)
སྔོ་སྒ			the leaves of green ginger which has a round type of leaf and grows in snow mountains or in stony areas on mountains where there used to be snow
སྔོ་སྐྱ			bluish(D1)
སྔོན			prior; previous; former
སྔོན་འཛིན			apprehending blue
སྔོན་འཛིན་དབང་མངོན་གྱིས་དྲངས་པའི་སྔོན་པོ་ངེས་པའི་ཤེས་དོན་མཐུན			factually concordant determining consciousness of blue that is induced from a sense direct perceiver apprehending blue (?)
སྔོན་འཛིན་མངོན་སུམ་གྱི་བདག་རྐྱེན			empowering/proprietary condition of a direct perception apprehending blue
སྔོན་འཛིན་མངོན་སུམ་གྱི་དེ་མ་ཐག་རྐྱེན			immediately preceding condition of a direct perception apprehending blue
སྔོན་འཛིན་མངོན་སུམ་གྱི་དམིགས་རྐྱེན			observed object condition of a direct perceiver apprehending blue
སྔོན་འཛིན་མངོན་སུམ་མྱོང་བ་གསལ་རིག་ཙམ་དུ་གཙོ་བོར་དངོས་སུ་སྐྱེད་བྱེད་ཀྱི་རིག་པ			a knower that is the main direct producer of a direct perception apprehending blue only as a luminous and knowing experiential entity
སྔོན་འཛིན་མངོན་སུམ་རང་དབང་དུ་གཙོ་བོར་དངོས་སུ་སྐྱེད་བྱེད			main direct producer of a direct perception apprehending blue under its own power
སྔོན་འཛིན་མངོན་སུམ་རང་གི་རྣམ་ལྡན་དུ་གཙོ་བོར་དངོས་སུ་སྐྱེད་བྱེད			main direct producer of a direct perception apprehending blue as having its aspect
སྔོན་འཛིན་མངོན་སུམ་སྔོན་པོའི་རྣམ་ལྡན་དུ་གཙོ་བོར་དངོས་སུ་སྐྱེད་བྱེད			main direct producer of a direct perception apprehending blue as having the aspect of blue
སྔོན་འགྲོ་ཙམ་ཡིན་པས			since [they] are mere preliminaries
༅སྔོན་འགྲོ,་སྔོན་དུ་འགྲོ་བ			[before-go]; preliminary practices; preliminary; preparation; prerequisite
སྔོན་འགྲོའི་སྦྱོར་བ			preparatory training
སྔོན་འཇུག			prefix
སྔོན་དུ་འགྲོ			precede
སྔོན་དུ་འགྲོ་བ			preliminary; prerequisite
སྔོན་དུ་འགྲོ་ཡེ་ཤེས			preliminary exalted wisdom; previous exalted wisdom
སྔོན་དུ་བསྙེན་པ			prior approximation
སྔོན་དུ་བསྙེན་པ་བྱེད་པ			prior approximation
སྔོན་དུ་མ་སོང་བར			without being preceded by...
སྔོན་དུས་ཀྱི་སྲིད་པ			prior state [from the second moment until death; usually the longest of the four states]
སྔོན་གནས			previous situations
སྔོན་གོམས་པར་བྱས་པ			cultivated previously (T)
སྔོན་གྱི་དུས			former age; earlier time
སྔོན་གྱི་ལས			former action (T)
སྔོན་གྱི་སྨོན་ལམ			former prayer wishes (T)
སྔོན་མ			former
སྔོན་མེད་པ			unprecedented(N)
སྔོན་མེད་པ་སྐྱེ			not previously arisen
སྔོན་པོ			blue
སྔོན་པོའི་ཐ་སྙད་ཀྱི་གཞིར་གྱུར་པའི་སྔོན་པོ			blue that is the referent of the convention “blue”
སྔོན་རོལ			prior; previous
སྔོན་སོང			preceding
སྔོས			dedicate
སྣོད			vessel; environment
སྣོད་བཅུད			environment and beings
སྣོད་ཆུས་བཀང་བ			vessel filled with water/fluid
སྣོད་དུ་གྱུར			which is a vessel; which is an environment
སྣོད་དུ་གྱུར་པ			which is a vessel; which is an environment
སྣོད་དུ་མ་གྱུར་པ་ཉིད			which is not a vessel; which is not an environment
སྣོད་དུ་མ་གྱུར་པའི་སེམས་ཅན			a being who is not a [proper] vessel
སྣོད་དུ་རུང་བ			suitable vessel
སྣོད་དུ་རུང་བར་འགྱུར			suitable to serve as a basis
སྣོད་གྱུར			vessel; environment
སྣོད་གྱུར་པ			vessel; environment
སྣོད་ཀྱི་འཇིག་རྟེན			world of environment; worldly environment
སྣོད་ཉིད་དུ་ནི་བྱེད་པ			not serve as a vessel; not serve as an environment
སྣོད་ཡོངས་སུ་སྦྱོང་བ			very pure vessel; very pure environment; purify/wash/clean the vessel
སྣོམ			carry; take up; brandish; add
སྣོམ་མོ			smell; grasp; carry; take up
སྣོམ་པ			smell; grasp; carry; take up; add
སྣོམས			carry; brandish; take up; add
སྣོན་པོ་བཏབ			add on
སྣྲེལ་གཞི			non-sequential(MA 386.16-17)
སྣྲེལ་ཞི			non-sequential(MA 386.16-17)
སྣུམ			glossy
སྙམ			verb: to think; consider; imagine\n noun: thought
སྙམ་བགྱིད་ལགས་སོ			I thought thus
སྙམ་དུ			thinking
སྙམ་དུ་འཛིན་པ			the conception thinking
སྙམ་དུ་བསམ་ནས			thinking
སྙམ་དུ་དོགས་པ་སྐྱེ			generate a qualm; generate the qualm
སྙམ་དུ་མེད་དོ			not thinking(?)
སྙམ་དུ་རློམ			thinking
སྙམ་དུ་སེམས			thinking
སྙམ་དུ་སེམས་པ			a mind thinking ...
སྙམ་དུ་ཡིད་གཉིས			doubt
སྙམ་སྟེ་དཔྱད་པར་བྱའོ			... I think this, and it should be examined
སྙམས་པར་བྱེད་པ			think
སྙན			ear
སྙན་གྲགས			fame
སྙན་གཏད			[ear-focus] listen; hear
སྙན་པ			pleasant; sweet to hear; fame; renown; glory
སྙན་པ་དང་མི་སྙན་པའི་སྒྲ			pleasant and unpleasant sound
སྙན་པར་རབ་གྲགས			very famous
སྙན་པར་སྨྲ་བ			pleasant statement
སྙན་པར་སྨྲ་ཞིང			speaking pleasantly
སྙན་པོ			pleasant; sweet to hear; fame; renown; glory
སྙན་ཐོས་ཀྱི་མཐོང་ལམ་རྣམ་གྲོལ་ལམ			path of release of a Hearer's path of seeing
སྙན་ཐོས་ཀྱི་སྒོམ་ལམ་རྣམ་གྲོལ་ལམ			path of release of a Hearer path of meditation
སྙེ་མ			fruit cluster
སྙེད			how much; however much
སྙེད་འདུས་པ་ན			as many
སྙེམས་པ			haughtiness; arrogance; pride
སྙིགས			impure; degenerate
སྙིགས་དུས			[impurity-time]; degenerate era; impure time
སྙིགས་དུས་ཀྱི་ཚེ་ཐུང་འདི་ཉིད་ལ			in just this short lifetime of the degenerate era
སྙིགས་མ			impurity; rotten; cruddy
སྙིགས་མ་ལྔ			five impurities; five cruddinesses
སྙིགས་པའི་དུས			[impurity-of-time] degenerate era; impure time
སྙིན་པོ་མེད་པ་ཡིན་པ			essenceless; no essence
སྙིང			heart; mind
སྙིང་བརྩེ་བ་དང་ལྡན་པ			having pity
སྙིང་བརྩེ་བ་ཉེ་བར་བཟུང་ནས			apprehend pity
སྙིང་བརྩེ་བ་ཡོངས་སུ་སྨིན་པའི་མཚན་ཉིད			character of thoroughly mature pity
སྙིང་དགའ་བར་བྱེད་པ			make the heart/mind happy
སྙིང་ཁུ			fluidity
སྙིང་ནས			[heart-from]; from the heart; wholeheartedly; earnestly
སྙིང་ནས་འཇུག་པར་བྱེད			engage in ... wholeheartedly
སྙིང་པོ			essence; (T) matrix
སྙིང་པོ་བསྡུས			condense the essence
སྙིང་པོ་ཆེན་པོའི་གཞན་དབང་དུ་གྱུར			coming under the influence of great compassion(PGP-78)
སྙིང་པོ་མ་མཆིས་པ			essenceless; no essence
སྙིང་པོ་མེད			essenceless; no essence
སྙིང་པོ་མེད་པ			essenceless; no essence
སྙིང་རྗེ			[heart-foremost]; compassion
སྙིང་རྗེ་བ			compassionate person
སྙིང་རྗེ་བ་བྱེད་པ			practice compassion
སྙིང་རྗེ་བར་བྱེད་པ			practice compassion
སྙིང་རྗེ་ཅན			compassionate
སྙིང་རྗེ་ཆེ་ཞིང་སྙིང་བརྩེ་བ			great compassion and pity
སྙིང་རྗེ་ཆེན་པོ			great compassion
སྙིང་རྗེ་ཆེན་པོ་ཉིད			greatly compassionate
སྙིང་རྗེ་ཆེན་པོའི་གཞན་དབང་དུ་གྱུར་པའི་སྒོ་ནས་སེམས་ཅན་གཞན་གྱིས་སངས་རྒྱས་ཐོབ་ཕྱིར་དུ་རྣམ་མཁྱེན་དོན་དུ་གཉེར་བའི་ཆ་ནས་བཞག་པའི་བསམ་པ			a thought that, from the viewpoint of having come under the influence of great compassion, is posited from the viewpoint of seeking [to attain] an exalted knower of all aspects for the sake of other sentient beings' attaining Buddhahood
སྙིང་རྗེ་ཆེན་པོའི་ཚོགས་སྒྲུབ			achieving through the collection of great compassion
སྙིང་རྗེ་དང་ལྡན་པ			compassionate
སྙིང་རྗེ་དང་ལྡན་པར་གནས་པ			the level of having compassion  (T)
སྙིང་རྗེ་ཁྱབ་པ			pervasive compassion
སྙིང་རྗེ་ལ་བརྟེན་ནས་ཚུལ་ཁྲིམས་དང་བཟོད་པ			ethics and patience/forbearance/tolerance/endurance in dependence upon compassion
སྙིང་རྗེ་མེད་པ			non-compassion; pitiless; merciless; cruel
སྙིང་རྗེ་ནི་རྣམ་པར་འཚེ་བའི་གཉེན་པོ			compassion is the antidote for harmfulness  (T)
སྙིང་རྗེ་རྗེ་ལྟར			pitifully
སྙིང་རྗེ་རྣམ་པར་འཕེལ			impel compassion
སྙིང་རྗེ་རྩ་བ			compassionate roots; root of compassion
སྙིང་རྗེ་ཚད་མེད་པ་དང་ལྡན་པ			possessing immeasurable compassion (T)
སྙིང་རྗེ་ཞིང་སྙིང་བརྩེ་བ			compassion and pity
སྙིང་རྗེའི་འཕེལ་བར་འགྱུར་བ			impelled by compassion
སྙིང་རྗེའི་བདག་ཉིད			compassionate nature; nature of compassion
སྙིང་རྗེའི་བདག་ཉིད་ཅན			having a compassionate nature; having a nature of compassion
སྙིང་རྗེའི་བསམ་པ			compassionate thought; thought of compassion
སྙིང་རྗེའི་དབང			power of compassion
སྙིང་རྗེའི་ཁྱད་པར			attribute of compassion
སྙིང་རྗེའི་ལྗོན་ཤིང			tree of compassion  (T)
སྙིང་རྗེའི་ཕན་ཡོན			benefit and qualities of compassion (?)  (T)
སྙིང་རྗེའི་རང་བཞིན			compassionate nature
སྙིང་རྗེའི་རྐྱེན་བསྟན་པ			teach the conditions of compassion
སྙིང་རྗེས་བསྐྱེད་པའི་སྡུག་བསྔལ			suffering/pain produced by compassion
སྙིང་རྗེས་བྱམས་པ་ཁྱད་པར་དུ་འཕགས་པ			compassion is superior to love (T)
སྙིང་རྗེས་བྱས་པའི་སྦྱིན་པའི་ཕན་ཡོན			benefits and qualities of giving which is done with compassion (T)
སྙིང་རྗེས་ཞི་ལ་མི་གནས་པའི་ལམ་ཤེས			knower of paths that does not abide in [the extreme of] peace due to compassion
སྙིང་རྗེས་ཞི་ལ་མི་ཉེ་བའི་ལམ་ཤེས			knower of paths that does not abide in [the extreme of] peace through compassion
སྙིང་སྟོབས			power of heart(N); lightness
སྙིང་སྟོབས			lightness; power of heart
སྙོམ་པ			think; thinking; make even(?); make level(?); equalize(?)
སྙོམས			verb: make even; make level; equalize\n adj.: equal; even
སྙོམས་འཇུག			absorption; meditative absorption
སྙོམས་འཇུག་དགུ			nine [serial] absorptions
སྙོམས་འཇུག་པ			Meditators
སྙོམས་འཇུག་པ			a meditator Nihilist; absorption; meditative absorption; Meditator [Nihilist]
སྙོམས་ལས			indolent; indolence
སྙོམས་ལས་ཀྱི་ལེ་ལོ			laziness of neutral activities
སྙོམས་པ			verb: make even; make level; equalize\n adj.: equal; even
སྙོམས་པར་འཇུག་ལང་བྱེད་ནུས་པ་དང			one is able to enter and arise from absorption(PGP 87)
སྙོམས་པར་འཇུག་པ			absorption; meditative absorption
སྙོམས་པར་ཞུག་སོ			engage in; engage in meditative absorption
སྙོམས་པར་ཞུགས་པའི་ཚེ			when one has engaged in meditative absorption
སྙོམས་པར་ཞུགས་སོ			engage in; engage in meditative absorption
སྙོམས་ཞུགས་ནས			having engaged (in meditative absorption); having entered into (meditative absorption)
སྙོན			deny; to tell a lie
སྙོནད			deny; to tell a lie
སོ			tooth; [particle indicating the end of a statement, following the suffix sa]; [=so so; so so'i; so sor] individual; diverse; separate; different; common
སོ་བ			thick shelled barley
སོ་བདུན			thirty-seven
སོ་བྱ			a big black bird that cannot go into water to get fish, so it stays on the shore and, as the waves push them up, it catches them
སོ་མཐར་གྱི་སྡོམ་པ			discipline of individual emancipation; vow of individual liberation
སོ་སྐྱེ			common being; ordinary being
སོ་སྐྱེ་བོ			common being
སོ་སོ			individual; diverse; discrete; separate; different
སོ་སོ་བ			distinct; discrete; separate; individual; diverse; different
སོ་སོ་བ་མ་ཡིན་པའི་ཆོས			phenomena that are not distinct
སོ་སོ་བའི་ཆོས			phenomena that are distinct
སོ་སོ་ལ			individually; discrete; separate(ly)
སོ་སོ་རང་གི			individual; by oneself; individually
སོ་སོ་རང་གིས			individual; by oneself; individually; by myself(S 2)
སོ་སོ་རང་གིས་རིག་པར་བྱ་བ			object of individual knowledge
སོ་སོ་རང་རིག			individual knowledge; know by myself/oneself
སོ་སོ་རེ་རེ			individually; separately
སོ་སོ་སྦྱར			affix; join together
སོ་སོ་སྐྱེ་བོ			common being
སོ་སོ་སྐྱེ་བོ་ཉིད			state of an ordinary being
སོ་སོ་ཐ་དད་པ			individually distinct
སོ་སོ་ཡང་དག་པར་རིག་པ			individual knowledge
སོ་སོ་ཡང་དག་པར་རིག་པ་བཞི			four correct individual knowledges(PGP 97.5); four individual correct knowledges
སོ་སོ་ཡང་དག་པར་རིག་པ་ཐོབ་པ			attain individual knowledge
སོ་སོ་ཡང་དག་རིག			individual correct knowledg; individual knowledge
སོ་སོའི་བདག			individually (powered)
སོ་སོའི་ལས			individual action/karma
སོ་སོའི་མཐུ			exalted
སོ་སོའི་ནང			internally; individually
སོ་སོའི་སྐྱེ་བོ			common being; ordinary being
སོ་སོར			individually; individual(ly); ordinary; discrete; separate; diverse; different
སོ་སོར་འབྱེད			differentiation; differentiate
སོ་སོར་འཆད་པར་བྱེད་པ			explainer
སོ་སོར་འཆགས་པ			individually confess; individually reveal
སོ་སོར་འཆགས་པར་འགྱུར་བ			individually confess; individually reveal
སོ་སོར་འཆགས་པར་བྱེད			individually confess; individually reveal
སོ་སོར་བཀག་པ			individual negation
སོ་སོར་བརྟག་པ			individual analysis
སོ་སོར་བརྟག་པར་བྱ			object of individual analysis; will individually analyze
སོ་སོར་བརྟག་པར་བྱས་ཏེ			individually analyzes
སོ་སོར་བརྟགས་འགོག			analytical cessation
སོ་སོར་བརྟགས་མིན་གྱི་འགོག་པ			non-analytical cessation(Gön-chok)
སོ་སོར་བརྟགས་ནས			having individually analyzed
སོ་སོར་བརྟགས་པ			individual analysis
སོ་སོར་བརྟགས་པ་དང་བསྒོམས་པའི་སྟོབས			power of individual investigation and meditation
སོ་སོར་བརྟགས་པའི་འགོག་པ			analytical cessation
སོ་སོར་བརྟགས་སྒོམ་པ			analytical meditation
སོ་སོར་བཤགས་པ			reveal; individually reveal; (individually) confer; (individually) confess
སོ་སོར་བཤགས་པར་བྱེད			reveal; individually reveal; (individually) confer; (individually) confess
སོ་སོར་བཤགས་སོ			reveal; individually reveal; (individually) confer; (individually) confess
སོ་སོར་གཅོད			bifurcate
སོ་སོར་མ་བརྟགས་པའི་བཏང་སྙོམས			non-analytical equanimity
སོ་སོར་མཐར་པ			individual emancipation; individual liberation
སོ་སོར་མྱོང་བར་འགྱུར་བ			individually experience; experience
སོ་སོར་ངེས་པ			distinction
སོ་སོར་ཕྱེ་ནས			through making the distinction
སོ་སོར་རང་གིས་འཛིན་པའི་ཕྱིར			due to apprehending by oneself/individually
སོ་སོར་རང་རིག་པའི་ཡེ་ཤེས			exalted wisdom of individual self-knowledge; pristine wisdom of individual self-knowledge
སོ་སོར་རྟོག་གོ			individually investigate; individual investigation
སོ་སོར་རྟོག་པ			individual investigation
སོ་སོར་རྟོག་པ་དང་བསྒོམས་པའི་སྟོབས			power of individual investigation and meditation
སོ་སོར་རྟོག་པ་ཡིད་ལ་བྱེད་པ			mental contemplation of individual investigation
སོ་སོར་རྟོག་པའི་ཤེས་རབ			wisdom of individual analysis
སོ་སོར་རྟོག་པའི་སྟོབས་ལ་བརྟེན་པ			in dependence upon the power of individual investigation
སོ་སོར་རྟོག་པའི་ཡེ་ཤེས			exalted wisdom of individual investigation
སོ་སོར་རྟོགས་པ			individual realization; individually realize
སོ་སོར་སྦྱར			affix; individually affix; connect
སོ་སོར་སྐྱེས་བོ			common being; ordinary being
སོ་སོར་སྐྱེས་བུ			ordinary being
སོ་སོར་སྤོངས			individually abandon
སོ་སོར་ཐར་པ			individual liberation; individual emancipation
སོ་སོར་ཐར་པའི་སྡོམ་པ			vow of individual liberation
སོ་སོར་ཡང་དག་པར་རིག་པ			individual knowledge
སོ་ཐར			individual emancipation
སོ་ཏོ་རོག་པོ			a big black bird that cannot go into water to get fish, so it stays on the shore and, as the waves push them up, it catches them
སོའི་སྐྱེ་བོ			common being; ordinary being
སོག་ཡུལ			Mongolia
སོགས			etc; and so forth
སོགས་པ			etc; and so forth
སོམ་ཉི			doubt
སོམ་ཉི་དང་བཅས་པ			having doubt; doubting
སོམ་ཉི་མེད			non-doubt; free from doubt
སོན			arrive; reach; cross
སོན་ཤིང			having gone; having passed; having become
སོང			gone; passed; become; occured; proceeded; has been accepted(BJ 22.2); has been asserted [with rtags or gsal ba preceeding it]; Liu Sung Dynasty (rgya rje song, 420 - 479 ce) of China
སོང་བ			become; gone; passed; proceeded; occurred
སོང་ཚད་ཀྱི་རྟགས			sign which appears to the mind
སོང་ཚོད་ཀྱི་རྟགས			sign that appears to the mind
སོར			finger
སོར་འདུས			withdrawal
སོར་བཞག			leave as is; leave as it is
སོར་བཞི་ཙམ་གྱིས			just four fingers
སོར་མོ			fingers and toes; fingers; finger
སོར་མོ་ལྔ			five fingers (VM)
སོར་མོར་རིང་བ			long fingers
སོས			to recover; be cured
སྤང			abandon; give up; eliminate; dispel; dispell; set aside
སྤང་བ			abandon; give up; eliminate; dispel
སྤང་བ་ཆེན་པོ			great abandonment
སྤང་བ་དང་བཅས་པ			together with abandonment; having abandonment  (T)
སྤང་བ་མེད་པ			non-abandonment; not giving up
སྤང་བར་བྱ			will abandon; object of abandonment
སྤང་བར་བྱ་བ			will abandon; object of abandonment
སྤང་བར་བྱ་བ་དང་སྤོང་བར་བྱེད་པ			object of abandonment and abandoner
སྤང་བར་བྱ་བ་མཉམ་པ			sameness of objects of abandonment
སྤང་བར་མ་ཡིན་པ			non-abandoning; non-abandonment
སྤང་བླང			(GD:628) abandonment of what is not desirable
སྤང་བྱ			object of abandonment; will abandon
སྤང་བྱ་ཅིག་ཅར་བ			simultaneous objects of abandonment(Gön-chok)
སྤང་བྱ་ཅིག་ཆར་བའི་དགྲ་བཅོམ་པའི་མཁྱེན་པ			exalted knower of a Foe Destroyer who has simultaneous objects of abandonment
སྤང་བྱ་གཅིག་ཆར་བའི་དབང་དུ་བྱས་པ			[paths of release of a Hearer's path of meditation that are] done in terms of a person who has simultaneous objects of abandonment
སྤང་བྱ་ཀུན་བཏགས་ས་བོན་དང་བཅས་པ་སྤོང་བའི་མཐོང་ལམ་ལ་འདོམས་པ			guidance concerning the path of seeing which abandons the artificial objects of abandonment as well as their seeds
སྤང་བྱ་ལྷན་སྐྱེས			innate object of abandonment
སྤང་བྱ་ལྷན་སྐྱེས་ཀྱི་ས་བོན་སྤོང་བའི་སྒོམ་ལམ་ལ་འདོམས་པ			guidance concerning the path of meditation which abandons the seeds of the innate objects of abandonment
སྤང་བྱ་རིམ་གྱིས་པ			gradual objects of abandonment; a gradualist with respect to objects of abandonment[Gön-chok]
སྤང་བྱ་རིམ་གྱིས་པའི་དབང་དུ་བྱས་པ			[paths of release of a Hearer's path of meditation that are] done in terms of a person who has gradual objects of abandonment
སྤང་བྱ་རིམ་གྱིས་པའི་དགྲ་བཅོམ་པའི་མཁྱེན་པ			exalted knower of a Foe Destroyer who has gradual objects of abandonment
སྤང་བྱར་རྣམ་རྟོག་ལྡན་ཚུལ			way of having conceptions as objects of abandonment
སྤང་བྱེད			abandoning; abandoner
སྤང་གཉེན་གྱི་འདོད་ཚུལ			the mode of assertion of [objects of] abandonment and antidotes(PGP 68)
སྤང་པ			abandon
སྤང་ཕྱིར་བརྩོན་འགྲུས			effort for the sake of abandoment  (T)
སྤངས			abandon; give up; eliminate; dispel
སྤངས་བྱ			object of abandonment
སྤངས་ནས			having abandoned; having given up
སྤངས་ནས་རབ་ཏུ་འབྱུང་བ			to come forth [as a monk or nun] having abandoned [the worldly life] ?  (T)
སྤངས་པ			abandonment; have abandoned; abandon; give up; eliminate; dispel
སྤངས་པ			abandonment; have abandoned
སྤངས་པ་ཉིད			abandonment
སྤངས་པ་ཕུན་ཚོགས			perfect abandonment; fulfillment of abandonment
སྤངས་པ་ཟུང་འཇུག			union of abandonment
སྤངས་པར་གྱུར			abandon; give up
སྤངས་པས			due to abandonment; through abandonning  (T)
སྤངས་པས་རབ་ཏུ་ཕྱེ་བ			thoroughly distinguished by having abandoned ...(PGP 70)
སྤེལ			increase; augment
སྤེལ་བ			spread; cause to increase; increase; augment
སྤེལ་མར			alternating
སྤེལ་མར་སྐྱེ་བ			alternating production
སྤེན་པ			saturday
སྤོ			move; change location
སྤོབས་པ			prowess; courage
སྤོབས་པ་དང་ལྡན་པ			courageous; inspired
སྤོབས་པ་མེད་པ			not courageous; uninspired
༅སྤོབས་པ་མི་ཆོད་པ༏་སྤོབས་པ་མ་ཚོད་པ			courage not cut off; inspiration not cut off
སྤོབས་པ་མི་ཚོད་པ			courage not cut off; inspiration not cut off
སྤོབས་པ་ངེས་པ			definite inspiration; definite courage
སྤོབས་པར་འགྱུར་བ			be courageous; inspired
སྤོབས་པར་བྱེད་པ			be courageous; inspired
སྤོང			abandon; eliminate; give up; dispel(BJ 36.4)
སྤོང་འགྱུར			abandon; eliminate; give up; dispel
སྤོང་བ			abandonment; abandon; eliminate; give up; dispel; abandonment(N)
སྤོང་བ་ནི་ལྷག་མ་དང་བཅས་པ			abandonment with remainder
སྤོང་བ་ནི་ལྷག་མ་མཆིས་པ			abandonment without remainder
སྤོང་བའི་འདུ་བྱེད			compositional factors that are abandonned; (T) compositional factors that are to be abandonned  ?
སྤོང་བའི་གང་ཟག			person who abandons
སྤོང་བའི་ལམ			path of abandonment
སྤོང་བའི་མཚན་མ			sign of abandonment
སྤོང་བའི་སྒྲུབ་པ			achievings that are means of abandoning
སྤོང་བའི་ཐབས			efficacious means of abandoning; means of abandoning; method of abandoning
སྤོང་བའི་ཡན་ལག			limb of abandonment
སྤོང་བར་འགྱུར			abandon; eliminate; dispell; give up
སྤོང་བར་བགྱིད་པ			abandon; eliminate; dispell; give up
སྤོང་བར་བྱེད			abandon; abandoner; eliminate; dispel; give up
སྤོང་བར་བྱེད་པ			abandon; abandoner; eliminate; dispel; give up
སྤོང་བྱེད			abandoner
སྤོང་དུ་མེད་པའི་འགལ་བར་ཤེས			know this as an undispellable contradiction(BJ 42.7)
སྤོང་པ			abandon; eliminate; give up; dispel; elimination(D2)
སྤོངས			abandon; eliminate; give up; dispel; abandonment
སྤོངས་པ			abandon; eliminate; give up; dispel; abandonment
སྤོས			incense; perfume
སྤོས་ཀྱི་གླང་པོ			Gandhahastin [p.n. of a Bodhisattva]
སྤྲ			adorned with(BJ 35.7)
སྤྲང་པོ			beggar
སྤྲས			adorned with(BJ 35.7)
སྤྲེའུ			monkey
སྤྲིན			cloud
སྤྲིན་དང་འདྲ་བ			cloud-like; similar to a cloud
སྤྲིན་དང་བྲལ་བའི་འོད་ཟེར་དྲ་བ་ཅན			having rays of light and free from clouds
སྤྲིན་ལ་སོགས་པས་བསྒྲིབས་པ			obstructed by clouds and so forth
སྤྲིན་ལ་ཞོན			Cloud Mount
སྤྲིན་ལྟ་བུ			cloud-like; like a cloud
སྤྲིན་ལྟ་བུའི་སེམས་བསྐྱེད			mind-generation like cloud
སྤྲིན་མེད			Cloudless
སྤྲོ			elaborate; spread out; spread; go out; proceed; emit; emanate; diffuse
སྤྲོ་བ			elaborate; spread out; spread; go out; proceed; be enthusiastic for
སྤྲོ་བ་བསྐྱེད་པ			produce elaborations; elaborate; spread out
སྤྲོ་བ་ཆེ			great elaboration
སྤྲོ་བ་ཆུང་བ			little elaboration
སྤྲོ་བ་ཆུང་ངུ			little elaboration
སྤྲོ་བ་སྐྱེད་པར་འགྱུར་རོ			will produce elaborations
སྤྲོ་བ་སྐྱེས་ན			when [one] generates elaborations
སྤྲོ་བ་ཡིད་ལ་བྱེད་པ			mental engagement with respect to elaborations
སྤྲོ་བར			elaborate
སྤྲོ་བར་བྱ་བ			object of elaboration
སྤྲོ་བར་སྐྱེ་བར་འགྱུར་རོ			will generate elaborations
སྤྲོ་ཅན			elaborate; spread out
སྤྲོ་ན			if [one] does it out more extensively(VM)
སྤྲོ་ཞིང་སྐྱོ་བ་མེད་པ			elaboration and non-aversion
སྤྲོས			elaborate; spread out; spread; go out; proceed; extensively
སྤྲོས་བྲལ			free from elaborations(N)
སྤྲོས་བྲལ་རྟོགས་པའི་བློ			the awareness which realizes that which is free from conceptualization(T1178.3)
སྤྲོས་པ			proliferation; elaboration
སྤྲོས་པ་དང་སྲིད་པར་འདྲེན་པ་ཆད་པ			severing the connection to conceptuality and existence
སྤྲོས་པ་མ་མཆིས་པ			no proliferations/elaborations; non-proliferation/elaboration
སྤྲོས་པ་མེད			no elaborations; non-elaboration
སྤྲོས་པ་མེད་པ			no elaborations; non-elaboration
སྤྲོས་པ་མེད་པ་ཉིད			non-elaboration
སྤྲོས་པ་མེད་པའི་བདག་ཉིད			nature that is free from elaboration; nature of non-elaboration
སྤྲོས་པ་རྣམ་པར་བཅད་ཙམ			mere elimination of proliferations/elaborations
སྤྲོས་པར་བྱ་བ་མ་ཡིན་པ			no object of elaboration; non-elaboration
སྤྲོས་པར་བྱེད			elaboration; elaborate
སྤྲུལ			send forth an emanation; emanate; emanation
སྤྲུལ་འདྲར			like an emanation; emanation-like
སྤྲུལ་བྱས			emanated; sent forth an emanation
སྤྲུལ་བྱས་ཏེ			emanating; having sent forth an emanation
སྤྲུལ་ཆེན་པོ			great emanation
སྤྲུལ་ནས			having emanated; emanating
སྤྲུལ་པ			verb: to send forth an emanation; emanate.\n noun: emanation
སྤྲུལ་པ་དག་གིས་དགའ་ལྡན་གི་གནས་ལ་སོགས་པར་སྐྱེ་བར་ཀུན་ཏུ་སྟོན་པ			emanations teach/demonstrate birth in the lands of The Joyous [Heaven] and so forth  (T)
སྤྲུལ་པ་དོན་དུ་གཉེར་བ			one seeking emanations  (T)
སྤྲུལ་པ་ལ་སོགས་པ			emanations and so forth
སྤྲུལ་པ་པ			emanator; emanation
སྤྲུལ་པ་རྣམ་པ་གསུམ			three kinds of emanation
སྤྲུལ་པ་རྣམས་ཀྱིས་སྟོན་པར་བྱེད་པ			teaching by emanations
སྤྲུལ་པ་སྐུ			emanation body
སྤྲུལ་པའི་གང་ཟག			unembodied emanation
སྤྲུལ་པའི་ངེས་པར་སྟོན་པ			definite teaching of emanations
སྤྲུལ་པའི་སྦྱོར་བའི་ཐབས་ཀྱི་ལས་ཅན			having the activities of methods engaging in emanation
སྤྲུལ་པའི་སྐུ			Emanation Body
སྤྲུལ་པར་མཛད			send forth an emanation; emanate(hon.)
སྤྲུལ་སྐུ			emanation body; Emanation Body
སྤྲུལ་སྐུ			emanation body; Emanation Body
སྤྲུལ་ཏེ			emanating
སྤུ་གྱེན་དུ་འཁྱིལ་བ			hair twisting upward
སྤུ་ལོང			goose bumps
སྤུ་ལོང་བྱེད			to cause goose bumps
སྤྱད			practice; enjoy; make use of; perform
སྤྱད་པ			practice; enjoy; make use of; perform
སྤྱད་པ་རྣམ་སྦྱོང་གི་དམིགས་པ			object of observation for purifying behavior
སྤྱད་པ་སྤྱོད་པ་ན			when one practices
སྤྱད་པར་བྱ་བ་ཡིན་ནོ			practice; enjoy; make use of; perform
སྤྱད་པར་གྱུར་པ			practitioner; enjoyer; performer
སྤྱན			eye; eye(hon.)
སྤྱན་འདྲེན			invite
སྤྱན་དྲང			invite
སྤྱན་དྲངས			invite
སྤྱན་དྲོངས			invite
སྤྱན་ལྔ			five eyes
སྤྱན་རས་གཟིགས			Avalokiteshvara [p.n. of the Buddha of compassion]
སྤྱན་རས་གཟིགས་བརྟུལ་ཞུགས			Avalokitavrata  (? - ?)
སྤྱན་རས་གཟིགས་དབང་ཕྱུག			Avalokiteshvara [p.n. of the Buddha of compassion]; Avalokiteshvara (an alternate name for Kalkī Puṇḍarīka)
སྤྱན་རས་གཟིགས་དབང་ཕྱུག་གི་ཡེ་ཤེས			exalted wisdom of Avalokiteshvara
སྤྱན་རས་གཟིགས་ཀྱི་དབང་ཕྱུག			Avalokiteshvara [p.n. of the Buddha of compassion]
སྤྱན་རྫི			eyelashes
སྤྱན་སྔ			before the eyes; in the presence of
སྤྱན་སྔར			[eye-before]; before the eyes; in the presence of
སྤྱང་པོ			clever(D1)
སྤྱངས་པ			depend on; hold on to; dependence; support
སྤྱི			generality; general; all; universal (GD:269)
སྤྱི་བོ			crown of the head; top of the head
སྤྱི་དང་བྱེ་བྲག			generality and particular
སྤྱི་དངོས་པོ་བ			real universal (GD:403)
སྤྱི་དོན			general meaning commentary; general meaning (textbook)
སྤྱི་གཙུག			crown of the head; top (of the head)
སྤྱི་ཁོ་ན			only generality; (T) generality-only
སྤྱི་ལྡོག			generality isolate; general-isolate
སྤྱི་མཚན			generally characterized phenomenon; general character; general characteristic
སྤྱི་རང་ལས་ངེས་ཤིང་ཁྱད་པར་གཞན་ལས་ངེས་ཀྱི་ཚད་མ			direct perceiver that in general induces ascertainment from itself and in particular induces ascertainment from another
སྤྱི་ཙོ་བོ			Primordial Nature; unique and all-inclusive substratum (GD:152)
སྤྱིའི			general
སྤྱིའི་ཆིངས			general structure
སྤྱིའི་གློར་གནས་པ			abiding in proximity to the generality(LWT-28)
སྤྱིའི་མཚམས་སྦྱར			general transition(BJ 22.6)
སྤྱིའི་མཚན་ཉིད			general character; generally characterized phenomenon
སྤྱིའི་མཚན་ཉིད་དང་ཡོངས་སུ་བརྟགས་པའི་སྒོ་ནས			from the point of view of general characteristics and thorough investigation
སྤྱིའི་ཕུད			apex; top
སྤྱིན་པ			giving
སྤྱིར			in general
སྤྱིར་བཤད་པ			general explanation
སྤྱིར་དོན་སྤྱི			general meaning generality
སྤྱོད			enjoy; make use of; practice; act out; perform; behavior; deeds; performance
སྤྱོད་འཇུག			Śāntideva's Engaging in the Bodhisattva Deeds [P5272, Vol. 99]
སྤྱོད་འཇུག			Śāntideva's Engaging in the Bodhisattva Deeds  [P5272, Vol. 99]
སྤྱོད་ལམ			path of activity; path of deeds; behavior
སྤྱོད་ལམ་རྣམ་པ་བཞི			four types of paths of activities; four types of behavior (T)
སྤྱོད་མེད			non-performance; inactivity
སྤྱོད་པ			deeds; behavior(N); enjoy; make use of; practice; act out; perform; performance
སྤྱོད་པ་བཞི་པོ			the four deeds; the four behaviors  ?  (T)
སྤྱོད་པ་དང་ལྡན་པ			active; having deeds
སྤྱོད་པ་དང་མི་ལྡན་པ			non-active; not having deeds
སྤྱོད་པ་ལ་འཇུག་པ			engage in deeds; engage in practice
སྤྱོད་པ་ཉམས			corrupt deeds; degenerate behavior
སྤྱོད་པ་པ			doer; performer; Mīmāṃsaka
སྤྱོད་པ་རྣམ་སྦྱང་གི་དམིགས་པ			objects of observation for purifying behavior
སྤྱོད་པ་རྣམས			deeds; behaviors; practices
སྤྱོད་པའི་འདུ་ཤེས			conception of behavior; conceptions about deeds
སྤྱོད་པའི་ཕྱོགས			class of deeds(N)
སྤྱོད་པར་བྱེད			performer; doer; deeds; performance; enjoy; make use of; practice; act out; perform
སྤྱོད་པར་བྱེད་པ			enjoyer; performer; doer; deeds; performance; enjoy; make use of; practice; act out; perform
སྤྱོད་པར་གྱུར་པ			deeds; performance; enjoy; make use of; practice; act out; perform
སྤྱོད་པས་ཐོབ་པ			attain through deeds   (T)
སྤྱོད་རྒྱུད			Performance Tantra
སྤྱོད་ཡུལ			objects in the sphere; object of activity; sphere of activity; objects of operation; sense objects; scope
སྤྱོད་ཡུལ་ཅན			having an object of activity; having a scope
སྤྱོད་ཡུལ་མ་ཡིན			no object of activity; no scope
སྤྱོད་ཡུལ་སྣ་ཚོགས			various objects of activity
སྤྱོད་ཡུལ་ཡོངས་སུ་དག་པ			very pure object of activity
སྤྱོང			practice(S)
སྲ་བ			hard
སྲ་བར་བྱེད་པ			harden
སྲ་ཞིང་འཐས་པ			hard and obstructive(D1)
༅སྲ༏་སྲ་བ			obstructive; hard
སྲབ			to diminish; thin out; fine; thin
སྲབ་མོ			fine; thin; to diminish; thin out
སྲབ་མོའི་འོད་གསལ			delicate clear light
སྲབ་པ			smooth; to diminish; thin out; fine; thin
སྲབ་པོ			fine; thin; to diminish; thin out
སྲམ			otter
སྲན་ཆུང་ལེབ་མོ			small flat red bean; red lentil
སྲས			son; child; offspring (hon.)
སྲེ་ད			a greenish type of grain which has a point that is bent like a hook
སྲེད་པ			attachment; craving
སྲེད་པའི་རང་བཞིན			natural craving; nature of craving
སྲེད་པར་གཏོགས་པ			included within attachment/craving
སྲེད་པར་སྤྱོད་པ			practice of attachment
སྲེད་རྒྱུ			cause of attachment
སྲེག			to burn; scorch; scorched; roast; burning; attachment; craving
སྲེག་ལེན་མངོན་དུ་གྱུར་ཏེ			manifest attachment and grasping(PGP 108)
སྲེག་པ			to burn; burning; scorch; scorched; roast; attachment; craving; desire; partridge
སྲེག་པར་བྱེད			burn; scorch
སྲེག་སོགས་མངོན་གྱུར་པ			manifest attachment and so forth
སྲེགས			scorch
སྲིད			be possible; occur; be; depth; height; length; extension
སྲིད་ཆགས་པ			desire for existence; desire to be  (T)
སྲིད་དང་ཞི་བ་མཉམ			equality of mundane existence and peace
སྲིད་དགའ			joy of existence  (T)
སྲིད་གསུམ			three cyclic existences
སྲིད་ལ་མངོན་དགའ			manifest delight in cyclic existence
སྲིད་མཐའ			[existence-end]; extreme of mundane existence; almost non-existence; (T) extreme of existence
སྲིད་པ			lasts (as in ཇི་སྲིད་པ་ as long as…lasts); existence; cyclic existence; be; mundane existence; length; extension; government; be possible; occur; worldly existence
སྲིད་པ་འཕོ་བའི་མདོ			The Transmigration Sūtra
སྲིད་པ་བར་མ			intermediate existence
སྲིད་པ་དང་ཞི་བ་དག་ལས་རྣམ་པར་གྲོལ་བ			liberation from [the extremes of] existence and peace (T)
སྲིད་པ་གསུམ			three existences
སྲིད་པ་ཇི་སྲིད་པར			for as long as existence [lasts]
སྲིད་པ་མཐའ་མའི་བྱང་སེམས			a final lifetime Bodhisattva
སྲིད་པ་ཉེ་བར་ལེན་པ			appropriating of [new] existence
སྲིད་པ་ཡན་ལག			branch of existence
སྲིད་པའི་འབྲོག་དགོན་ཆེན་པོ			the great pit of cyclic existence
སྲིད་པའི་བདེ་བ			happiness of cyclic existence
སྲིད་པའི་མཐའ			extreme of cyclic existence; extreme of mundane existence
སྲིད་པའི་རྩེ་མོ			peak of cyclic existence
སྲིད་པའི་ས་བོན			the seed of cyclic existence(BJ 9.1)
སྲིད་པའི་ཡན་ལག་གི་བག་ཆགས			predispositions of the branches of cyclic existence
སྲིད་པའི་ཡན་ལག་གི་བག་ཆགས			predispositions of the branches of cyclic existence
སྲིད་པར་འགྲུབ་པ			established/establishment in cyclic existence
སྲིད་པར་གནས་པ			abide in cyclic existence
སྲིད་པར་ཀུན་ཏུ་སྦྱོར་བ་ཡོངས་སུ་ཟད་པ			extinguish the entanglements in cyclic existence
སྲིད་པར་སྦྱོར་བ་ཡོངས་སུ་ཟད་པ			extinguish the entanglements in cyclic existence
སྲིད་པར་སོང་བ			gone to cyclic existence
སྲིད་རྩེ			peak of cyclic existence
སྲིད་རྩེ་མཐར་ཐུག་འགྲོ			final peak of cyclic existence
སྲིད་ཞི་མཉམ་ཉིད་ཀྱི་སྦྱོར་བ			training in the equality of mundane existence and peace
སྲིན་བུ			insect; worm; vermin
སྲིན་བུ་མེ་ཁྱེར			fireflies
སྲིན་ལག			ring finger
སྲིན་མཛུབ			ring finger
སྲིན་པོ			rākṣhasas
སྲིང			lengthen; prolong
སྲོག			life; living being; vitality
སྲོག་འཛིན			life bearing [wind]
སྲོག་འཛིན་ཀྱི་རླུང			vitalizing wind
སྲོག་ཆགས			living being
སྲོག་ཆགས་འབྱུང་པོ			living being
སྲོག་ཆགས་ཕྲ་མོ			small living being
སྲོག་དང་འབྲལ			separate from life; separate from life-force; kill
སྲོག་དང་འབྲལ་བར་བྱེད			separate from life; separate from life-force; kill
སྲོག་དང་ལྡན་པའི་ལྡན་མིན་འདུ་བྱེད			non-associated compositional factor which has life
སྲོག་དང་ལོངས་སྤྱོད་དང་ཆུང་མ			life, resources, and a wife  (T)
སྲོག་དེ་ཉིད་ལུས་དེ་ཡིན			that very life is that body  (T)
སྲོག་གཅོད			killing; slaughter
སྲོག་གཅོད་པ			killing
སྲོག་གཅོད་པ་ལ་སོགས་པའི་རྐྱེན་ཅན			having the conditions of killing, etc.
སྲོག་གཅོད་པར་བྱེད་དོ			killing; kills
སྲོག་གི་བར་ཆད			interference with life
སྲོག་གི་དབང་པོ			life-faculty
སྲོག་ལ་བབས་པ			[life-on-descend]; dangerous to one's life; befall dangerously
སྲོག་ལ་ལྟ་བ			view of a soul; view of a living being
སྲོག་མེད་པ			non-life; non-living; no soul
སྲོག་མི་གཅོད་པ			not killing; non-killing
སྲོག་རྩོལ			vitality and exertion; [restraining] vitality and exertion; wind yoga
སྲོག་སིང			vitality-lengthening
སྲོག་སྲིང			lengthening vitality(TGP)
སྲོག་ཏུ་ལྟ་བ			view of a soul
སྲོལ			system; way
སྲོལ་འབྱེད			to open the way; founder
སྲོལ་འཛིན			upholder of the system(N)
སྲོལ་གཏོད			introduce systems [of practice]; open systems [of practice]; establish systems [of practice]; introduce customs
སྲོང			straighten
སྲུང			protect/guard/keep/maintain/preserve/safeguard [e.g., vows and pledges]
སྲུང་བ			protect/guard/keep/maintain/preserve/safeguard [e.g., vows and pledges]
སྲུང་བ་མ			Avantakas
སྲུང་བར་བྱེད			protect/guard/keep/maintain/preserve/safeguard [e.g., vows and pledges]
སྲུང་བྱེད			protect/guard/keep/maintain/preserve/safeguard [e.g., vows and pledges]
སྲུང་མ			protector; guardian
སྲུང་སྡོམ་ཡལ་བར་བཞག་ནས			having neglected/forsaken the vows to be protected/guarded/kept/maintained/preserved/sasfeguarded
སྲུཏ			heard
སྟ་གོན			enhancement; ritual enhancement; ritual preparation and enhancement; preliminary ritual enhancement
སྟབས			in the manner of; power; force; manner; mode; way
སྟག			tiger
སྟག་ཚང་ལོ་ཙ་བ			Tag-tsang-lo-tsa-wa [b. 1405], a Sa-kya scholar who disagreed with Tsong-kha-pa on some central points
སྟག་ཚང་རྭ་བ་སྟོད་པ			name of a monastery in Tibet
སྟན			cushion; seat; mat
སྟར			clean; polish
སྟརད			clean; polish
སྟེ			continuative or participial particle
སྟེགས			platform
སྟེགས་བུ			platform
སྟེན			adhere to; rely on; stay close to
སྟེན་ཅིང			adhere to; rely on; stay close to
སྟེང			upper; above
སྟེང་འོག			upper and lower
སྟེང་འོག་གི་སྣ་སྒོ་གཉིས			the two upper and lower openings(TGP 26)
སྟེང་དུ			[top-on]; on top of; in terms of; in addition to; related with [like the possession of an attribute]; in relation to
སྟེང་གི			in terms of
སྟེང་ཁར			[top-mouth-to]; on top of
སྟེང་ན			on; with (?)
སྟེང་ནས			with
སྟེར			give; bestow
སྟེར་བ			give; bestowal; bestow
སྟོབས			power; force; strength
སྟོབས་བཅུ			ten powers
སྟོབས་ཅན			powerful
སྟོབས་དང་མི་འཇིགས་པ			power and fearlessness
སྟོབས་ཀྱིས			through the force
སྟོབས་མ་མཆིས་པར་བགྱིད			make weak
སྟོབས་ཕུན་སུམ་ཚོགས་པ			marvellous power
སྟོབས་སོགས་སངས་རྒྱས་ཆོས་རྣམས			the qualities of a Buddha, power and so forth
སྟོད་ཐུང			shirt
སྟོན			indicate; teach; demonstrate; reveal
སྟོན			autumn
སྟོན་བྱེད			indicate; teach; demonstrate; show; reveal.
སྟོན་བྱེད་པ			indicate; teach; demonstrate; show; reveal
སྟོན་གྱི་ནམ་མཁའ			autumn sky
སྟོན་ཀ			autumn
སྟོན་ཁ			autumn
སྟོན་པ			verb: indicate; teach; show; demonstrate; revealnoun: teacher; teaching
སྟོན་པ་ལ་འཇུག་པ་དང			one enters into displaying(PGP 86)
སྟོན་པ་ཉིད			indication; teaching
སྟོན་པ་ཕུན་སུམ་ཚོགས་པ			marvellous teaching
སྟོན་པ་ཕུན་ཚོགས			marvellous teaching
སྟོན་པ་སངས་རྒྱས			the teacher Buddha
སྟོན་པ་སྐུ་གསུམ			teacher three bodies
སྟོན་པ་ཐུགས་རྗེ་ཅན			the compassionate teacher
སྟོན་པ་ཚད་མར་གྱུར་པ			valid teacher
སྟོན་པའི་འདུ་ཤེས་སུ་བྱེད་པ			discrimination of a teacher
སྟོན་པའི་གནས			place of displaying
སྟོན་པར་བྱེད			indicate; teach; demonstrate; show; reveal
སྟོང			thousand; 1,000; empty; empty of; vacuity
སྟོང་བ་ཉིད			emptiness
སྟོང་བལྟར་ཀྱི་དོན་ཡོད་པས་སྟོངས་པ			empty of existing the way it appears(MSI 424)
སྟོང་བསྐལ			age of vacuity
སྟོང་ཆ			factor of emptiness
སྟོང་དུ་གྱུར			become empty
སྟོང་གསལ			empty and luminous
སྟོང་གསུམ			one billion
སྟོང་གསུམ་གྱི་སྟོང་ཆེན་པོའི་འཇིག་རྟེན་གྱི་ཁམས་མེ་མར་གྱིས་རབ་ཏུ་གང་བ			the worldly realms of the million, billion [world-systems] filled with fire  (T)
སྟོང་གཞི			base which is empty
སྟོང་གཞི་དོན་དམ་གཞན་སྟོང			the ultimate other-emptiness which is the basis of emptiness
སྟོང་ཉིད			emptiness
སྟོང་ཉིད་བདུན་ཅུ་པ			Nāgārjuna's Seventy Stanzas on Emptiness
སྟོང་ཉིད་དམ་པ			sacred emptiness
སྟོང་ཉིད་ཀྱི་གསལ་སྣང			clear appearance of emptiness
སྟོང་ཉིད་མངོན་སུམ་དུ་རྟོགས་པའི་ཤེས་རབ་དང་སྙིང་རྗེ་ཆེན་པོས་ཟིན་པའི་བྱང་འཕགས་ཀྱི་མཁྱེན་པ			exalted wisdom that directly realizes emptiness and an exalted knower of a Bodhisattva Superior who has been taken hold of by great compassion
སྟོང་ཉིད་རྟོགས་པའི་ལྟ་བ			view realizing emptiness(N)
སྟོང་ཉིད་རྟོགས་པའི་ཤེས་རབ			wisdom realizing emptiness
སྟོང་ཉིད་རྟོགས་པའི་ཡེ་ཤེས			exalted wisdom which realizes emptiness
སྟོང་ཉིད་ཟབ་མོ			profound emptiness
སྟོང་པ			empty; vacuity
སྟོང་པ་མ་ཡིན་མི་སྟོང་མིན			neither empty nor non-empty
སྟོང་པ་ཉིད			emptiness
སྟོང་པ་ཉིད་གཟུགས་སོ			emptiness is form
སྟོང་པ་ཉིད་ཀྱི་ལྷ			emptiness deity
༅སྟོང་པ་ཉིད་ལས་ཀྱང་གཟུགས་གཞན་མ་ཡིན་ཏེ། གཟུགས་ཉིད་སྟོང་པ་ཉིད་སྟོང་པ་ཉིད་གཟུགས་སོ།			form is not other than emptiness; form is emptiness; and emptiness is form
སྟོང་པ་ཉིད་མཆོག་མངོན་པར་རྟོགས་པ			directly realize the highest emptiness
སྟོང་པ་ཉིད་རྣམ་པ་གསུམ			three types of emptiness
སྟོང་པ་ཉིད་སྨོས་པའི་རྣམ་པས			through the aspect of speaking on emptiness
སྟོང་པའི་མཚན་ཉིད			character of emptiness
སྟོང་པའི་ངང			the nature of emptiness
སྟོང་པའི་རྣལ་འབྱོར			emptiness yoga
སྟོང་པའི་ཡེ་ཤེས			exalted wisdom of emptiness
སྟོང་པར་གནས			one who abides in emptiness
སྟོང་ཕྲག			1,000; thousand
སྟོང་རྐྱང			bare emptiness
སྟོང་སང			[empty-pure]; clear emptiness
སྟོང་སང་ངེ་བ			[empty-pure-utter]; utter vacuity; utter clear emptiness
སྟོང་ཐུན་སྐལ་བཟང་མིག་འབྱེད			Kay-drup's Thousand Dosages, Opening the Eyes of the Fortunate
སྟོངས་གཞི			basis of emptiness
སྟོངས་པ			empty
སྟོར			lose
སྟོར་བ			lose; loss
སྟོར་བར་འགྱུར་ཞིང			become lost
སྩལ			bestow; confer; grant; give; speak
སྩལ་བ			bestow; confer; grant; give; speak
སྩལ་མ་ཐག་ཏུ			immediately/right/just after bestowing/conferring/granting/giving/speaking
སྩོལ			bestow; confer; grant; give
སྩོལ་བ			donor; giver; conferer; bestow; confer; grant; give
སྩོལ་བར་མཛད			bestow; confer; grant; give
སྟུམས་བྱེད			monk; meditator
སྟུམས་བྱེད་ཀ་ཏྱའི་བུ་ལས་བརྩམས་ཏེ་བཀའ་སྩལ་བའི་མདོ			Story of Saṃthakatyāyana Sūtra; Sūtra of the Meditator Katyāyana [Anguttara-nikāya V.224.28 - 329.19]
སུ			[accusative, adverbial accusative, dative, and locative particle:] to; in; as; -ly; at; who?
སུ་དག			who? [plural]
སུ་ཀྱང			[who-even]; anyone
སུ་ནི་ཉམས			who abandons?
སུ་ཡི			whose?; of whom?
སུའི			whose?; of whom?
སུག་ལས			action; deed; activity; work; karma
སུམ			three
སུམ་བཅུ			thirty
སུམ་བཅུ་པ			Vasubandhu's The Thirty
སུམ་བཅུ་རྩ་གསུམ			Land of the Thirty-Three; Heaven of the Thirty-Three
སུམ་བཅུ་རྩ་གསུམ་གྱི་བདག་པོ			Lord of the Heaven of the Thirty-Three [epithet of Indra](BJ 73.7)
སུམ་ཅུ་པ			Vasubandhu's The Thirty
སུམ་ཅུ་རྩ་གསུམ			heaven of the thirty-three
སུམ་ཅུ་རྩ་གསུམ་པ			(gods of) the Heaven of the Thirty-Three
སུམ་རྩེན			Palace of Threefold Play
སུམ་སྐོར་མ			the eastern channel at the heart
སུན་འབྱིན			disbelieving; come to disbelieve
སུན་འབྱིན་པ			repudiate; disbelieving; come to disbelieve
སུན་འབྱིན་པར་བྱེད			disbelieving; come to disbelieve
སུན་ཕྱུང			to disbelieve; refute; come to disbelieve(BJ 9/1)
སུས			by whom?
སྭ་ར་སྭ་སྟི			Svarasvatī; Sarasvatī
སྭ་སྟི			[transliteration of Sanskrit word—svasti] well being
ཏ་ཐཱ་ག་ཏ			[thus-gone] One Gone Thus [an epithet of the Buddha]
ཏམ			and; or; particle indicating question
ཏེ			continuative particle indicating there is more to come in the sentence; sometimes setting off appositives and usually indicating there is another clause to the sentence
ཐ་དད			different; distinct; separate; difference; different phenomena
ཐ་དད་ཆོས			different phenomena; phenomena which are different
ཐ་དད་དུ་བརྗོད་པ			express differently; express as different
ཐ་དད་དུ་བྱ་བ་མེད་པ་ཉིད			non-difference
ཐ་དད་དུ་བྱར་མེད་པ་ཉིད			non-difference
ཐ་དད་དུ་དབྱེ་བ			divide; differentiate
ཐ་དད་མ་ཡིན			not different; non-different
ཐ་དད་མེད་པ			not different; non-different
ཐ་དད་མིན			not different; non-different; unbroken; not differentiated
ཐ་དད་པ			different; difference; various
ཐ་དད་པ་མ			not different; non-difference
ཐ་དད་པ་མེད་པ			not different; non-difference
ཐ་དད་པ་ཉིད་དུ་རྣམ་པར་རྟོག་པ			conceive as different
ཐ་དད་པ་ཉིད་ཀྱི་ང་རྒྱལ			pride of difference
ཐ་དད་པའི་འདུ་ཤེས			discrimination of difference
ཐ་དད་པའི་རང་བཞིན་མ་ཡིན་པ			non-difference
ཐ་དད་པར			differently
ཐ་དད་རིགས			different lineage
ཐ་གུའི་ལྟོ			Garlanded Belly
ཐ་མ			last; final
ཐ་མ་མེད་པ			endless; not final
ཐ་མག			cigarette
ཐ་མལ			ordinary; ordinariness
ཐ་མལ་པའི་ང་རྒྱལ			pride of being ordinary; pride of ordinariness
ཐ་མལ་པའི་ངར་རྒྱལ			pride of being ordinary; pride of ordinariness
ཐ་མལ་པའི་སེམས			ordinary mind
ཐ་མར་དགེ་བ			final virtue
ཐ་མར་གལ་ཆེ་བའི་སྙིང་རྗེ			compassion which is important at the end
ཐ་མི་དད			non-different; non-differentiated
ཐ་མི་དད་པ			non-different; non-differentiated
ཐ་མི་ཁ			cigarette
ཐ་ན་སེ་གོལ་གཏོགས་པ་ཙམ་ཞིག			even for the time of a finger-snap
ཐ་ཤལ་བ			the worst
ཐ་སྙད			convention; conventionality; verbal convention
ཐ་སྙད་འདོགས			impute conventions; conventionally impute
ཐ་སྙད་བདེན་པ			conventional truth; nominal truth
ཐ་སྙད་བཏགས་པའི་བཏགས་དོན་བཙལ་བའི་ཚེ་ན་གྲུབ་པ			establishment at the time of searching for the designated object in the designation of a verbal convention
ཐ་སྙད་བྱེད			use [the] verbal convention ...(LG 30.5)
ཐ་སྙད་དངོས་སུ་མཛད་པ			explicitly uses the verbal convention
ཐ་སྙད་དཔྱོད་པའི་རིགས་ཤེས་ཀྱི་རྙེད་དོན་དུ་ཡོད་པ			existing as an object found by a reasoning consciousness distinguishing a conventionality
ཐ་སྙད་དུ			conventionally(N); in conventional terms
ཐ་སྙད་དུ་བརྗོད་པ			express conventionally
ཐ་སྙད་དུ་བྱེད་པ			use [the] verbal convention; make conventions
ཐ་སྙད་དུ་གདགས་པའི་ཚིག			conventional words; conventional expressions
ཐ་སྙད་དུ་མེད་པ			not existent in conventional terms; not exist in conventional terms
ཐ་སྙད་དུ་ཡོད			conventionally existent
ཐ་སྙད་དུ་ཡོད་པ			conventionally existent; nominal existence
ཐ་སྙད་དུས་སུ་ཐ་སྙད་གོ་བའི་ཐ་སྙད			conceptual consciousness understanding a verbal convention at the time of using verbal conventions
ཐ་སྙད་གཅིག་པ			One Convention School (one of the eighteen subschools of the Great Exposition School)
ཐ་སྙད་གདགས་པ			impute conventions; conventionally imputed
ཐ་སྙད་གདགས་པ་ཙམ			merely imputed conventionally
ཐ་སྙད་གདགས་པར་བྱ་བ			imputed conventionally; conventionally imputed
ཐ་སྙད་ཀྱི་དབང་གིས་བཞག་པ་མ་ཡིན་པར			without being posited by the power of conventions
ཐ་སྙད་ཀྱི་གདགས་གཞི			basis of designation of verbal conventions
ཐ་སྙད་ཀྱི་ཁོངས་སུ་གཏོགས			included within conventions(S)
ཐ་སྙད་ཀྱི་ཚིག			conventional words; conventional expressions
ཐ་སྙད་མ་ཡིན་པ			non-conventional
ཐ་སྙད་མེད་པ			non-conventional
ཐ་སྙད་པ་མི་མཁས་པ			not wise with respect to conventions
ཐ་སྙད་པ་མཁས་པ			wise with respect to conventions
ཐ་སྙད་པའི་ཆོས			conventional phenomena(N)
ཐ་སྙད་པའི་དཔྱོད་པ			conventional analysis
ཐ་སྙད་པའི་ཤེས་པ			conventional consciousness(N)
ཐ་སྙད་པའི་ཚད་མ			conventional valid cognition(N); conventional valid cognizer
ཐ་སྙད་པའི་ཚད་མའི་རྙེད་དོན་གཙོ་བོ			main object found by conventional valid cognitions
ཐ་སྙད་སྒྲུབ་ཀྱི་རྟགས			sign proving the expression; sign proving a convention
ཐ་སྙད་སྤྱོད་བྱེད་ཀྱི་ཤེས་པ			consciousness analyzing the conventional
ཐ་ཚིག			equivalent; synonym; fundamental meaning; oath; vow; promise
ཐབས			method; efficacious means; skillful means; techniques
ཐབས་བྱུང			result from method
ཐབས་བཟང			good method  (T)
ཐབས་ཆེན			great method
ཐབས་ཆེན་པོ			great method
ཐབས་ཅིག			together
ཐབས་དང་རྩ་པ			root of method
ཐབས་དང་ཤེས་རབ			method and wisdom; skillful means and wisdom
ཐབས་གཅིག་གིས་བསྐྱོད་པ			single movement
ཐབས་གཅིག་ཏུ			together
ཐབས་ཀྱི་ཆ			factor of method
ཐབས་ཀྱི་རྟོགས་རིགས་སུ་གནས་པའི་རྗེས་ཐོབ་ཡེ་ཤེས			wisdoms of subsequent attainment that abide as method-types of realization
ཐབས་ཀྱི་ཐེག་པ			Method Vehicle
ཐབས་ཀྱི་ཚུལ			many modes of skillful means
ཐབས་ཀྱིས་རིང་བ་མ་ཡིན			not distant due to skill in method
ཐབས་ལ་མཁས་པ			skill in means; skill in method
ཐབས་ལ་མཁས་པའི་ལས			action of skill in means; karma of skill in means
ཐབས་ལ་མཁས་པའི་ཕ་རོལ་ཏུ་ཕྱིན་པ			perfection of skill in means
ཐབས་ལ་མཁས་པའི་རབ་ཏུ་དབྱེ་བ			distinction of skill in means
ཐབས་ལ་རབ་ཏུ་སླུ་བ			deception in method
ཐབས་ལ་སྦྱོར་བ			application/exertion in skill in means
ཐབས་མ་ཡིན			without method
ཐབས་མ་ཡིན་པ			without method
ཐབས་མ་ཡིན་པས་རིང་བ			distant due to non-skill in method
ཐབས་མཆོག་ཤེས་པ			cognition of highest method
ཐབས་མེད			without method
ཐབས་མི་ཤེས་པ			not knowing the method  (T)
ཐབས་མིན			without method
ཐབས་མཁས་ཀྱི་ཚོགས་སྒྲུབ			achieving through the collection of skill in means
ཐབས་མཁས་པ			skill in means
ཐབས་མཁས་པའི་ཡེ་ཤེས་ཀྱི་བྱེ་བྲག			instance of the exalted wisdom of skill in means
ཐབས་མཁས་སྦྱོར་བ			training in skill in means
༅ཐབས་མཁས༏་ཐབས་ལ་མཁས་པ			skill in means; skillful means
ཐབས་མཁྱེན་པ			exalted knower of method
ཐབས་ཉིད་དུ་རུང་བ			suitable as method
ཐབས་རིག			knowledge of method
ཐབས་རྣམས་རྟོགས་པར་འགྱུར་བ			realization of methods; understanding of methods
ཐབས་རྙེད			obtain method; attainment of method
ཐབས་ཤེས			method and wisdom; skillful means and wisdom
ཐབས་ཤེས་དབྱེར་མེད			undifferentiable method and wisdom
ཐབས་ཤེས་པ			method and wisdom; cognition of method
ཐབས་ཤེས་པ་རྙེད་པ			obtain method and wisdom; obtain cognition of method
ཐབས་སུ་འགྲོ་བ			serve as efficacious means; go as efficacious means
ཐབས་སུ་རུང			suitable as method
ཐབས་ཐོབ			obtain method; attainment of method
ཐབས་ཡང་དག་བཟུང་བ			collection of method
ཐད་དྲང			directly in front
ཐད་དུ			directly in front; concerning
ཐད་ཀར			animal
ཐག			distance
ཐག་བཅད			[cord-cut]; decide; abandon; sever
ཐག་ཆོད			decide; abandon; sever
ཐག་གཅད			decide; abandon; sever
ཐག་གཅོད			decide; abandon; sever
ཐག་མི་རིང་བ			not far
ཐག་པ			rope
ཐག་པ་འཁྱིལ་བ			a coiled rope(LWT 193)
ཐག་པ་བསྡོགས་པ་ལ་བཏགས་པའི་སྦྲུལ་ལྟར			like a snake imputed to a coiled rope
ཐག་པ་ཁྲུ་གང་པ་གཅིག			a fifteen inch rope(DASI)
ཐག་རིན་བ			far; distant
ཐག་རིང			far; distant
ཐག་རིང་དུ་བྱེད་པ་ཡིན			become distant
ཐག་ཤིན་ཏུ་རིང་བ			very far
ཐགས་བཟང			well arranged
ཐལ			to logically follow; to be consequent; it follows that ...
ཐལ་འགྱུར			consequence; contradictory consequence
ཐལ་འགྱུར་བ			Prāsaṅgika; Consequentialist
ཐལ་འགྱུར་བའི་གྲུབ་མཐའ་ཤོར་བ			Consequence School's perspective slipped in
ཐལ་འགྱུར་བའི་ལུགས			the Prāsaṅgika system
ཐལ་འགྱུར་དུ་བཀོད་པ			state as a consequence
ཐལ་འགྱུར་ལྟར་སྣང			pseudo/quasi/counterfeit consequence
ཐལ་འགྱུར་པ			Consequence School; Prāsaṅgika; [Middle Way] Consequence School
ཐལ་འགྱུར་ཡང་དག			correct consequence
ཐལ་འགྱུར་ཡང་དག་གང་ཞིག་བཟློག་དོན་ཚུལ་གསུམ་ཚང་བ			that which (1) is a correct consequence and (2) fulfills the three modes of reversing the object/meaning ?? (T)
ཐལ་བ			consequence; contradictory consequence
ཐལ་བ་འཕེན་པའི་ཚུལ་གྱིས			in the manner of flinging consequences [at the opponent ...](LWT 167)
ཐལ་བར་འགྱུར			consequence; contradictory consequence
ཐལ་གོང			between the shoulder blades
ཐལ་ལྕག			slap
ཐལ་མོ			palm (of the hand)
ཐལ་རང			Consequentialist and Autonomists [Prāsaṅgikas and Svātrantikas]
ཐལ་སྐད			opening exclamation for debate
ཐམ་པར་ཚང་བ			fully in number
ཐམས་ཅད			all; all places (everywhere)
ཐམས་ཅད་བཅོམ་པ			conquered/destroyed/triumphed over all
ཐམས་ཅད་བྱང་བ			purify everything
ཐམས་ཅད་ཆོས་ཉིད་ཀྱིས			sameness of all phenomena
ཐམས་ཅད་དང་ལྡན་པ			having everything; with everything
ཐམས་ཅད་དུ			everywhere; everything; always; at all times
ཐམས་ཅད་དུ་སོང་བ			pervading everything
ཐམས་ཅད་གཏོང་བ			renounce/cast away/give away everything
ཐམས་ཅད་ཀྱི་ཕྱིར			for the sake of all
ཐམས་ཅད་ཀྱི་རྗེས་སུ་འགྲོ་བ			all-pervasive; omnipresent; going everywhere
ཐམས་ཅད་ཀྱི་ཐམས་ཅད			for the good of all
ཐམས་ཅད་ལ			everywhere
ཐམས་ཅད་ལ་བཟོད་པ			patience/forbearance/tolerance/endurance with respect to everything
ཐམས་ཅད་ལ་ཁྱབ་བྱེད་དུ་སོང་བ			goes everywhere as a pervader [i.e. pervades everywhere
ཐམས་ཅད་ལུང་བསྟན་པའི་མཚན་ཉིད་ལ་རྣམ་པ་ཐམས་ཅད་དུ་རྗེས་སུ་ཞུགས་པ			enter into all aspects with respect to the characteristics that are taught in all scriptures
ཐམས་ཅད་མཁྱེན			all-knowing; omniscient
ཐམས་ཅད་མཁྱེན་ཉིད			all-knowledge; omniscience
ཐམས་ཅད་མཁྱེན་པ			[all-knowing]; omniscient; omniscience; omniscient one
ཐམས་ཅད་མཁྱེན་པ་ཉིད			all-knowledge; omniscience
ཐམས་ཅད་མཁྱེན་པ་ཉིད་ཀྱི་བདག་གི་དངོས་པོ			omniscient personality
ཐམས་ཅད་མཁྱེན་པ་ཉིད་ཐོབ་པར་བྱ་བ			obtainment of omniscience
ཐམས་ཅད་མཁྱེན་པའི་ཡེ་ཤེས			omniscient exalted wisdom
ཐམས་ཅད་ནས			everywhere; everything
ཐམས་ཅད་ཉིད			all; totality; always; everywhere
ཐམས་ཅད་པ་རྣམ་པར་སྣང་མཛད་པ			Vairochana [p.n. of a Buddha]
ཐམས་ཅད་ཕྱིར			for the sake of all
ཐམས་ཅད་ཤེས་པ་ཉིད			knower of all; all-knoledge; omniscience
ཐམས་ཅད་སྐད་ཅིག་མ་འདུས་བྱས			all momentary things are products
ཐམས་ཅད་སློབ་པ་ཡིན			learn everything; study everything
ཐམས་ཅད་སྟོང་པ			all empty
ཐམས་ཅད་སྟོང་པ			all empty
ཐམས་ཅད་ཡོད་པར་སྨྲ་བ			Proponents of the Existence of Everything
ཐང			a plain; field; T'ang dynasty (618 - 906 ce) of China
ཐང་ཅིག			moment [1/30th of a yud tsam; skad cig = 1/60th of thang cig]
ཐང་ཐང			stretched flesh; strained muscles
ཐར་འགྱུར			become released; liberation; emancipation
ཐར་བར་བྱེད			freeing
ཐར་ཆགས			gradual
ཐར་ལམ			path of liberation; path of release
ཐར་ལམ་གསལ་བྱེད			Clarifier of the Path to Liberation
ཐར་པ			liberation; emancipation
ཐར་པ་འདོད་པའི་གདུལ་བྱ			disciplining the desire for liberation
ཐར་པ་འཐོབ་པར་འགྱུར་བ			obtain liberation
ཐར་པ་ཆ་མཐུན			partial concordance with liberation
ཐར་པ་དོན་གཉེར་གྱི་བློ			awareness strenuously seeking liberation
ཐར་པ་ལ་དབང་བྱེད་པའི་དོན			object that empowers [one] toward liberation
ཐར་པ་ལ་ཀུན་ཏུ་ཞུགས་པ			(thoroughly) enter into liberation
ཐར་པའི་ཆ			portion of liberation
ཐར་པའི་ཆ་དང་མཐུན་པ			partial concordance with liberation
ཐར་པའི་ཆ་དང་མཐུན་པའི་དགེ་བའི་རྩ་བ་མེད་པ			without the roots of virtue that are a partial concordance with liberation
ཐར་པའི་ཆ་མཐུན་དགེ་བ			virtue that is a partial concordance with liberation
ཐར་པའི་ཆ་མཐུན་པ			partial concordance with liberation
ཐར་པའི་དབང་གི་བརྩོན་འགྲུས			effort which empowers liberation
ཐར་པའི་ལམ			path of liberation; path of release
ཐར་པའི་ཕན་ཡོན			benefit of liberation
ཐར་པར་འགྱུར་བ			become liberated; liberation
ཐར་པར་བྱེད			liberation
ཐེ་བོ			thumb
ཐེ་ཚོམ			doubt; qualm; suspicion
ཐེ་ཚོམ་འགྱུར་ལ			doubt
ཐེ་ཚོམ་བསལ་བ་རྟོགས་པ			realize the removal/eradication/elimination/avoidance/exclusion/clearing away of doubt
ཐེ་ཚོམ་དག་ནི་མི་གཅོད			not cut off doubt
ཐེ་ཚོམ་གཅོད་པ			cut off doubt
ཐེ་ཚོམ་གཅོད་པར་བྱེད་པ			cut off doubt
ཐེ་ཚོམ་གཅོམ་པ			cut off doubt
ཐེ་ཚོམ་གྱི་གཉེན་པོ			antidote to doubt
ཐེ་ཚོམ་མེད			no doubts
ཐེ་ཚོམ་མེད་པ			no doubts
ཐེ་ཚོམ་རྣམ་པར་སེལ་བ			eliminate/eradicate/remove/clear away/avoid/exclude doubt
ཐེ་ཚོམ་སྐྱེ་བར་འགྱུར་རོ			produce a doubt
ཐེ་ཚོམ་སྤོང་བ			abandon doubt
ཐེ་ཚོམ་ཡང་གཅོད་པར་འགྱུར			cut off doubts
ཐེ་ཚོམ་ཟ་བ			doubting
ཐེ་ཚོམ་ཟ་བར་འགྱུར			doubting
ཐེ་ཚོམ་ཟ་བར་འགྱུར་ན			doubting
ཐེ་ཚོམ་ཟ་བར་འགྱུར་ཏེ			doubting
ཐེ་ཚོམ་ཟ་བར་དོན			object of doubt
ཐེ་ཚོམ་ཟ་དུས་ནས			when doubting
ཐེ་ཚོམ་ཟར་འཇུག་གོ			engage in doubting; enter into doubt
ཐེབས			a session or a time; plant; establish
ཐེག			vehicle
ཐེག་བླ་ན་མེད་པ			unsurpassed vehicle; highest vehicle
ཐེག་བསྡུས			Summary of the Great Vehicle [by Asaṅga; P5549, vol. 112]
ཐེག་བསྡུས			Summary of the Great Vehicle [by Asaṅga; P5549, vol. 112]
ཐེག་ཆེན			Great Vehicle; Mahāyāna
ཐེག་ཆེན་འཕགས་པ			Great Vehicle Superior
ཐེག་ཆེན་འཕགས་པའི་མངོན་རྟོགས			Great Vehicle Superior’s clear realization
ཐེག་ཆེན་འཕགས་རྒྱུད་ཀྱི་གཞི་ཤེས			knower of bases in the continuum of a Great Vehicle Superior
ཐེག་ཆེན་གདམས་ངག			Great Vehicle guidance
༅ཐེག་ཆེན་གྱི་བྱང་ཆུབ་ཏུ་བགྲོད་པར་བྱེད་པའམ། དེར་བགྲོད་ཟིན་པ་གང་རུང་གིས་བསྡུས་པའི་ཐེག་ཆེན་གྱི་མཁྱེན་པ།			Great Vehicle exalted knower included either within that which causes progress toward the Great Vehicle enlightenment or within having progressed toward the Great Vehicle enlightenment
ཐེག་ཆེན་གྱི་དོན་མངོན་རྟོགས			Great Vehicle clear realization of the meaning
ཐེག་ཆེན་གྱི་ལམ			Great Vehicle path
ཐེག་ཆེན་གྱི་ལམ་ཤེས་པའི་ལམ་ཤེས			knower of paths that know Great Vehicle paths
ཐེག་ཆེན་གྱི་མི་སློབ་ལམ			Great Vehicle path of no more learning
ཐེག་ཆེན་གྱི་མཁྱེན་པ			Great Vehicle exalted knower
ཐེག་ཆེན་གྱི་མངོན་རྟོགས			Great Vehicle clear realizer
ཐེག་ཆེན་གྱི་མཐོང་ལམ			GreatVehicle path of seeing
ཐེག་ཆེན་གྱི་མཐོང་ལམ་བར་ཆད་མེད་ལམ			uninterrupted path of a Great Vehicle path of seeing
ཐེག་ཆེན་གྱི་མཐོང་ལམ་རྗེས་ཐོབ་ཡེ་ཤེས			exalted wisdom of subsequent attainment of a Great Vehicle path of seeing
ཐེག་ཆེན་གྱི་མཐོང་ལམ་རྣམ་གྲོལ་ལམ			path of release of a Great Vehicle path of seeing
༅ཐེག་ཆེན་གྱི་མཐོང་ལམ་རྣམ་གྲོལ་ལམ་ལས་ལངས་པའི་མཁྱེན་པ་ཡང་ཡིན། རང་རྒྱུད་ལྡན་གྱི་གང་ཟག་གི་རྒྱུད་ལ་མངོན་གྱུར་དུ་འབྱུང་བའི་ཐེག་ཆེན་གྱི་བདེན་པ་མངོན་རྟོགས།			(1) an exalted knower of one who has risen from the path of release of a Great Vehicle path of seeing and (2) a Great Vehicle clear realizer of the truth which manifestly occurs in the continuum of persons who possess it in their continuums
ཐེག་ཆེན་གྱི་ངེས་འབྱེད་ཆ་མཐུན			Great Vehicle concordance with a portion of definite discrimination
ཐེག་ཆེན་གྱི་རྒྱུ་འབྲས			Great Vehicle causes and effects
ཐེག་ཆེན་གྱི་རིགས་ཆེན			having the Mahāyāna/Great Vehicle lineage
ཐེག་ཆེན་གྱི་རིགས་ངེས			[a person who is] definite in the Great Vehicle lineage
ཐེག་ཆེན་གྱི་རིགས་སད་པའི་གང་ཟག			a person whose Great Vehicle lineage has been awakened
ཐེག་ཆེན་གྱི་རྗེས་ལ་མངོན་རྟོགས			Great Vehicle subsequent clear realization
ཐེག་ཆེན་གྱི་རྗེས་ལ་མངོན་རྟོགས་རྟོག་བཅས			Great Vehicle subsequent conceptual clear realization
ཐེག་ཆེན་གྱི་རྗེས་སུ་ཡི་རང་སྒོམ་ལམ			Great Vehicle path of meditation of admiration
ཐེག་ཆེན་གྱི་རྣལ་འབྱོར་མངོན་སུམ			yogic direct perception of a Mahāyānist
ཐེག་ཆེན་གྱི་སྦྱོར་ལམ			Great Vehicle path of preparation
ཐེག་ཆེན་གྱི་སྦྱོར་ལམ་དྲོད			Great Vehicle heat path of preparation
ཐེག་ཆེན་གྱི་སྒོམ་ལམ			Great Vehicle path of meditation
ཐེག་ཆེན་གྱི་སྒོམ་ལམ་བར་ཆད་མེད་ལམ			uninterrupted path of a Great Vehicle path of meditation
ཐེག་ཆེན་གྱི་སྒོམ་ལམ་བར་ཆད་མེད་ལམ་ཆུང་ངུའི་ཆུང་ངུ			the small of the small of an uninterrupted path of a Great Vehicle path of meditation
ཐེག་ཆེན་གྱི་སྒོམ་ལམ་མཉམ་བཞག་ཡེ་ཤེས			exalted wisdom of meditative equipoise of a Great Vehicle path of meditation
ཐེག་ཆེན་གྱི་སྒོམ་ལམ་རྣམ་གྲོལ་ལམ			path of release of a Great Vehicle path of meditation
ཐེག་ཆེན་གྱི་སྒྲུབ་པ་ལ་རང་དབང་དུ་འཇུག་པའི་རྒྱུ་སྤྱན་ལྔ་ལ་འདོམས་པ			guidance concerning the five eyes—causes of engaging in Great Vehicle achieving under one’s own power
ཐེག་ཆེན་གྱི་སྒྲུབ་པ་སྒོམ་ལམ			Great Vehicle path of meditation of achieving
ཐེག་ཆེན་གྱི་ཐར་པར་བགྲོད་པའི་གོ་སྐབས་ཕྱེ་ཤུལ་དུ་གྱུར་པའི་བྱང་སེམས་ཀྱི་མངོན་རྟོགས			a Bodhisattva's clear realizer that serves as the passageway opening the opportunity for progressing toward the Great Vehicle liberation
ཐེག་ཆེན་གྱི་ཚོགས་ལམ			Great Vehicle path of accumulation; GreatVehicle path of accumulation
ཐེག་ཆེན་མཐོང་ལམ			Great Vehicle path of seeing
ཐེག་ཆེན་རིགས་ཆེན			having the Mahāyāna/Great Vehicle lineage
ཐེག་ཆེན་སྦྱོར་ལམ			Great Vehicle path of preparation
ཐེག་ཆེན་སེམས་བསྐྱེད			Great Vehicle mind-generation; Mahāyāna [altruistic] mind generation; Great Vehicle [altruistic] mind generation
ཐེག་ཆེན་སྒོམ་ལམ་པ			one on the Great Vehicle path of meditation
ཐེག་ཆེན་སྒྲུབ་པ			Great Vehicle achieving
ཐེག་ཆེན་སྒྲུབ་པ་ལས་མི་ལྡོག་པའི་རྒྱུ་ཡོངས་སུ་མི་ངལ་བ་ལ་འདོམས་པ			guidance concerning thorough nonwearying—a cause of nonreversal from Great Vehicle achieving
ཐེག་ཆེན་སྒྲུབ་པའི་ཆེད་དུ་བྱ་བ			object of intent of Great Vehicle achieving
ཐེག་ཆེན་སྒྲུབ་པའི་དམིགས་པ			object of observation of Great Vehicle achieving
ཐེག་ཆེན་སྒྲུབ་པའི་རྟེན་རང་བཞིན་གནས་རིགས			naturally abiding lineage—the basis of Great Vehicle achieving
ཐེག་ཆེན་ཚོགས་ལམ			Great Vehicle path of accumulation
༅ཐེག་ཆེན། ཐེག་པ་ཆེན་པོ			Great Vehicle
ཐེག་དམན			Lesser Vehicle; Hīnayāna; Inferior Vehicle
ཐེག་དམན་འཕགས་རྒྱུད			continuum of a Lesser Vehicle Superior
ཐེག་དམན་གྱི་སྦྱོར་ལམ			path of preparation of the Lesser Vehicle
ཐེག་དམན་པ			Lesser Vehicle
ཐེག་དོ			go(hon.)
ཐེག་པ			vehicle; path
ཐེག་པ་བག་ཡོད			conscientiousness with respect to the vehicle
ཐེག་པ་བླ་ན་མེད་པ			unsurpassed vehicle; highest vehicle
ཐེག་པ་ཆེན་པོ			Great Vehicle
ཐེག་པ་ཆེན་པོ་བསྡུས་པ			Summary of the Great Vehicle [by Asaṅga; P5549, vol. 112]
ཐེག་པ་ཆེན་པོ་བསྒོམས་ན			when/if cultivating the Great Vehicle
ཐེག་པ་ཆེན་པོ་བཤད་པའི་ཆོས			doctrines that explain the Great Vehicle
ཐེག་པ་ཆེན་པོ་དང་དམན་པ་ལ་མོས་པ			belief/faith/interest/inclined towards/zeal  in the Great Vehicle and the Lesser Vehicle
ཐེག་པ་ཆེན་པོ་གྲུབ་པའི་སྐབས			on the occasion of establishing the Great Vehicle
ཐེག་པ་ཆེན་པོ་ཀུན་བསྡུས་པ			Summary of the Great Vehicle [by Asaṅga; P5549, vol. 112]
ཐེག་པ་ཆེན་པོ་ལ་མོས་པ			belief/faith/interest/inclined towards/zeal in the Great Vehicle
ཐེག་པ་ཆེན་པོ་ལ་སྐྱོ་བ			averse toward the Great Vehicle
ཐེག་པ་ཆེན་པོ་ལ་ཡང་དག་པར་ཞུགས་པ			those engaged in the Great Vehicle
ཐེག་པ་ཆེན་པོ་ལས་ལྡོག་པ			reversed from the Great Vehicle
ཐེག་པ་ཆེན་པོ་ལས་མི་གཡོ་བ			not fluctuate from the Great Vehicle
ཐེག་པ་ཆེན་པོ་ཉིད་རྣམ་པར་དབྱེ་བ			distinguishing the greatness of the [Great] Vehicle  (T)
ཐེག་པ་ཆེན་པོ་རྒྱུད་བླ་མའི་བསྟན་བཅོས			[Maitreya's] Great Vehicle Treatise on the Sublime Continuum / Treatise on the Later Scriptures of the Great Vehicle [P5525, vol. 108]
ཐེག་པ་ཆེན་པོའི་ཆོས			Great Vehicle doctrine(s)
ཐེག་པ་ཆེན་པོའི་ཆོས་རྒྱ་ཆེན་པོ			vast Great Vehicle doctrine(s)
ཐེག་པ་ཆེན་པོའི་མདོ			Great Vehicle sūtra(s)
ཐེག་པ་ཆེན་པོའི་མདོ་སྡེའི་རྒྱན			[Maitreya's] Ornament for the Great Vehicle Sūtras [P5521, Vol. 108]
ཐེག་པ་ཆེན་པོའི་མདོ་ཤིན་ཏུ་རྒྱས་པ་བསྡུས་པ			compendium of the very extensive Great Vehicle sūtras
ཐེག་པ་ཆེན་པོའི་མདོ་ཟབ་མོ་དགོངས་པ་ཅན་གྱི་དོན་རྟོགས་པ			realize the meaning that has [Buddha's] thought with respect to the profound Great Vehicle sūtra(s)
ཐེག་པ་ཆེན་པོའི་རྟེན་ཅན			having a basis in the Great Vehicle
ཐེག་པ་ཆེན་པོའི་རྟོགས་པ			realization of the Great Vehicle; Great Vehicle realization
ཐེག་པ་ཆེན་པོས་འགྲོ་བའི་སེམས་ཅན			being who goes by way of the Great Vehicle
ཐེག་པ་ཆེན་པོས་བསྡུས་པའི་ཐོས་པ			hearing that is included within the Great Vehicle
ཐེག་པ་ཆེན་པོས་ངེས་པར་འབྱུང་བ			definite emergence by way of the Great Vehicle
ཐེག་པ་ཆེན་པོས་ངེས་པར་འབྱུང་བ་ལ་རབ་ཏུ་སླུ་བ			deceived in terms of definite emergence by way of the Great Vehicle
ཐེག་པ་དང་མཐུན་པ			concordant vehicle; concordant with the vehicle
ཐེག་པ་དམན་པ			Lesser Vehicle; Inferior Vehicle
ཐེག་པ་དམན་པས་འགྲོ་བ			go by way of the Lesser Vehicle
ཐེག་པ་གཅིག			one vehicle
ཐེག་པ་གཅིག་ལ་ཞུགས་པ			enter into one vehicle; engage in the one vehicle
ཐེག་པ་གཅིག་པ་ཉིད་ཡོངས་སུ་ཚོལ་བ			thoroughly investigate/examine/research/seek one vehicle
ཐེག་པ་གཅིག་ཏུ་བཤད་པ			explained as one vehicle
ཐེག་པ་གདགས་པ་རྣམ་པར་གཞག་པ			remain in an imputed vehicle
ཐེག་པ་གཉིས			two vehicles
ཐེག་པ་གསུམ			three vehicles
ཐེག་པ་གསུམ་ཆར་ལ་ཚུལ་བཞིན་ཡིད་ལ་བྱེད་པ			mental engagement in accordance with the three vehicles
ཐེག་པ་གསུམ་གང་རུང་གི་འཕགས་ལམ་མ་ཐོབ་པའི་གང་ཟག			person who has not attained the superior's of any among the three vehicles [i.e., the Hearer Vehicle, Solitary Realizer Vehicle, or the Bodhisattva Vehicle]
ཐེག་པ་གསུམ་ལ་རྣམ་པར་དགོད་པ			set/establish in the three vehicles
ཐེག་པ་གཞན			other vehicle
ཐེག་པ་ལ་གསར་དུ་ཞུགས་པ			newly entered into the vehicle; newly engaged in the vehicle
ཐེག་པ་ལ་མཁས་པ			wise with respect to the vehicle
ཐེག་པ་ལ་ཞུགས་ནས་ཡུན་རིང་པོར་མ་ལོན་པ			one who has not taken up engaging in the vehicle for a long time
ཐེག་པ་མཆོག			highest vehicle
ཐེག་པ་མི་འཁྲུགས			undisturbed vehicle; undisturbed with respect to the vehicle
ཐེག་པ་མཐུན་པ་ལ་ཡང་དག་པར་ཞུགས་པ			enter into a concordant vehicle; engage in a concordant vehicle;\n (T) enter correctly into a concordant vehicle
ཐེག་པ་རྣམ་པ་གསུམ			three aspects of the vehicle; three types of vehicle
ཐེག་པ་ཐམས་ཅད་ལ་ཡང་དག་པར་ཞུགས་པ			those engaged in all vehicles
ཐེག་པ་ཐམས་ཅད་སྟོན་པ			teacher of all vehicles
ཐེག་པའི་དོན་མ་མཐོང་བ			not see the meaning of the vehicle
ཐེག་པའི་དོན་མཐོང་བ			see the meaning of the vehicle
ཐེར་ཟུག			everlasting
ཐེར་ཟུག་དུས			forever
ཐེར་ཟུག་གི་དུས			forever(S 33); everlasting time
ཐེར་ཟུག་པ			forever; eternal
ཐེར་ཟུག་ཐེར་ཟུག			forever; eternal
ཐེར་ཟུག་ཐེར་ཟུག་གི་དུས			everlasting everlasting time
ཐི་བ་ཞར་མ			a white bird like the former but has a long beak and red legs and stays near water
ཐིག			line
ཐིག་གདབས			line
ཐིག་ལེ			drop; essential drop
ཐིག་ལེ་ཕྲ་མོ་ལ་སེམས་འཛིན་པ			holding the mind on a subtle drop(TGP 25)
ཐིག་ནག			Black Line (Hell)
ཐིག་པ			drop
ཐིགས་པ			drop
ཐིམ་པ			to dissolve; to melt; dissolve into another object
ཐོ་འཚམ་པ			attempt to hurt; intent upon hurting
ཐོ་བ			hammer
ཐོ་རངས			dawn
ཐོ་རངས་དེ་ཉིད་ལ་དོན་གྱི་འོད་གསལ་མངོན་དུ་བྱས་ནས			having manifested the clear light during that very dawn ...(TGP 60)
ཐོ་ཐོར་ཚུགས			curling individually
ཐོབ			attain; obtain; get
ཐོབ་འགྱུར			will attain; will obtain
ཐོབ་བྱ			object of attainment
ཐོབ་བྱ་མཐར་ཐུག			final object of attainment
ཐོབ་བྱེད			attain; obtain
ཐོབ་ཅིང			having obtained; attaining
ཐོབ་དཀའ			difficult to obtain
ཐོབ་གྱུར་ནས			having attained; having obtained
ཐོབ་མ་ཐག་ཏུ			immediately/right/just after attaining
ཐོབ་ནས			having gained/obtained/attained
ཐོབ་ཉམས་པ			obtain little; little attainment; attain the small
ཐོབ་པ			acquisition; attainment; to attain; obtainer
ཐོབ་པ་དོན་དམ			attainment-ultimate [i.e. nirvāṇa]; ultimate attainment
ཐོབ་པ་ལ་སྒྲིབ་པ			obstruction to attainment
ཐོབ་པ་མེད་པ			non-attainment; not obtaining
ཐོབ་པ་མི་ཉམས་པའི་སྒོམ་པ			meditation for the sake of the non-degeneration of what has been attained
ཐོབ་པ་ཉིད			attainment; obtainment
ཐོབ་པ་ཉིད་དུ་ནུས་པ			able to attain
ཐོབ་པའི་ཁྱད་པར			attribute of attainment
ཐོབ་པའི་ལམ			path of attainment
ཐོབ་པའི་ཕན་ཡོན			benefit attained
ཐོབ་པའི་ཕྱིར་རོ			for the sake of attaining
ཐོབ་པར་འདོད་པ			desire to obtain
ཐོབ་པར་འགྱུར			obtain; will obtain; attain; will attain
ཐོབ་པར་བགྱིད་པ			obtain; attain
ཐོབ་པར་བྱ			object of attainment
ཐོབ་པར་བྱ་བ			object of attainment(N)
ཐོབ་པར་བྱ་བའི་དོན་དམ་པ			ultimate that is the object of attainment
ཐོབ་པར་བྱ་ཕྱིར			attain; obtain
ཐོབ་པར་བྱའོ			you should obtain/attain; one should obtain/attain
ཐོབ་པར་བྱེད་པ			give; cause to obtain
ཐོབ་པར་ངེས་པའི་རྣམ་པ་བསྒོམ་པ			cultivate the aspect of definite attainment
ཐོབ་ཟིན་གོང་འཕེལ་དུ་འགྲོ་བའི་ཕྱིར་སྒོམ་པ			meditation for the sake of increasing what has already been attained
ཐོད་པ			skull
ཐོད་རྒལ			[skull-cross over]; leapover; leap-over
ཐོད་རྒྱལ			leap over
ཐོད་རྒྱལ་དུ			leap-over
ཐོད་རྒྱལ་གྱི་སྙོམས་འཇུག			leapover absorptions
ཐོད་རྒྱལ་གྱི་ཏིང་ངེ་འཛིན			meditative stabilization of leap-over
ཐོག་ཁ			upstairs
ཐོག་མ			beginning; initial
ཐོག་མ་དང་བར་དང་ཐ་མར་དགེ་བ			virtue at the beginning, middle, and end
ཐོག་མ་མེད་པ			[beginning-not-exist]; beginningless
ཐོག་མ་མེད་པ་ནས			from beginningless time
ཐོག་མ་སེམས་བསྐྱེད་ནས			initial mind generation
ཐོག་མའི་སངས་རྒྱས			Initial Buddha; First Buddha
ཐོག་མར			initially; at the beginning
ཐོག་མར་བློ་སྦྱོང་དགོས་པའི་བསམ་པ			thought in which it is necessary initially to train the mind
ཐོག་མར་གལ་ཆེ་བའི་སྙིང་རྗེ			compassion which is important at the beginning
ཐོག་མེད			non-obstructed; unobstructed; Asaṅga [p.n. of one of the founders of the Yogācāra or Mind-Only (sems tsam, cittamātra) School]
ཐོག་མཐའ་གཉིས			beginning and end
ཐོག་ཏུ་འབབ			descend on oneself; befall one; befall oneself
ཐོག་ཏུ་བབས			[top-on-fall]; descend on oneself; befall one; befall oneself
ཐོག་ཏུ་བོབས			befall one; befall oneself
ཐོགས			(1) obstacle; obstructiveness (2) hold up with the hand; bear aloft
ཐོགས་བཅས་ཀྱི་གཟུགས་མེད			absence of obstructive form
ཐོགས་མ་མཆིས་པ			unobstructed
ཐོགས་མ་མེད			unobstructed
ཐོགས་མེད			non-obstructed; unobstructed; Asaṅga [p.n. of one of the main founders of the Yogācāra or Cittamātra (sems tsam, Mind-Only) School]
ཐོགས་མེད་པ			non-obstructed; unobstructed
ཐོགས་མེད་སྐུ་མཆེད			Asaṅga and his brother [Vasubandhu]
ཐོགས་པ			(1) obstacle; obstructiveness (2)  held up with the hand; borne aloft; holding; contact; bump; resistance
ཐོགས་པ་དང་བཅས་པ			together with obstacles; with obstacles
ཐོགས་པ་མ་མཆིས་པ			without obstacles; unobstructed
ཐོགས་པ་མེད			unimpeded; without obstacles; unobstructed
ཐོགས་པ་མེད་པ			non-obstructed; without obstacles; unobstructed
ཐོགས་པ་མེད་པའི་སེམས			unobstructed mind
ཐོགས་པ་མེད་པའི་ཡེ་ཤེས			unobstructed exalted wisdom
ཐོགས་པ་མེད་པར			unobstructedly
ཐོགས་པ་མི་མངའ			without obstacles; unobstructed
ཐོགས་པའི་སྒྲིབ་པ			obstruction of impededness; obstructive afflictions
ཐོགས་པར་འགྱུར་བ			become obstructed
ཐོགས་པར་བྱེད་པ			obstruct
ཐོགས་རེག་གཅིག་པོ་བཀག་ཙམ་གྱི་མེད་དགག			a non-affirming negative which is the mere negation of obstructive contact
ཐོལ			all at once (?)
ཐོན			to develop; produce; come out; depart
ཐོན་པ			develop; produce; come out; depart
ཐོས			hear; Hearer; hearing; learned (as in mang thos); listen
ཐོས་བྱུང			arisen from hearing
ཐོས་ལ་བརྟེན་ནས			in dependence upon hearing
ཐོས་ལ་སོགས་པ			hearing and so forth
ཐོས་མ་ཐག་ཏུ			immediately/right/just after hearing
ཐོས་མང			much hearing; hear much
ཐོས་པ			hearing; hear
ཐོས་པ་འཛིན་པ			grasp what is heard(S)
ཐོས་པ་བྱུང་བར་བྱེད་པ			cause hearing to occur  (T)
ཐོས་པ་དང་བསམ་པ་དང་བསྒོམ་པ་ལས་བྱུང་བའི་ཤེས་པ་གསུམ			three cognitions arisen from hearing, thinking, and meditating
ཐོས་པ་དང་བསམ་པ་དང་བསྒོམས་པ			hearing, thinking, and meditating
ཐོས་པ་དང་བསམ་པ་དང་བསྒོམས་པ			hearing, thinking, and meditating
ཐོས་པ་དང་བསམ་པ་ལས་བྱུང་བ			arisen from hearing and thinking
ཐོས་པ་དང་མི་ལྡན་པ			without hearing
ཐོས་པ་དཔག་ཏུ་མེད			immeasurable hearing
ཐོས་པ་ལ་གོམས་པ			meditate on what is heard; cultivate hearing
ཐོས་པ་ལས་བྱུང་བ			arisen from hearing
ཐོས་པ་ལས་བྱུང་བའི་ཤེས་པ་ཕུན་སུམ་ཚོགས་པའི་རྟེན་ཡིན་པ			is based on the collection of consciousness that is arisen from hearing
ཐོས་པ་མང་བ			much hearing
ཐོས་པ་མཉམ་མེད་ལས་བྱུང			arisen from unequal hearing ?  (T)
ཐོས་པ་ཉུང་བ			little hearing; hear little
ཐོས་པ་ཉུང་ངུ			little hearing; hear little
ཐོས་པ་ཙམ			mere hearing
ཐོས་པའི་ཆོས			doctrines that are heard
ཐོས་པའི་དོན་སྒྲ་ཇི་བཞིན་མ་ཡིན་པར་ཁོང་དུ་ཆུད་པ			understand what is the non-literal meaning of what is heard
ཐོས་པར་འགྱུར་བ			hear
ཐོས་པས་ཉུང་བ			little hearing
ཐོས་སྒྲོགས			Hearer Proclaimer
ཐོས་སྟོབས			power of hearing
ཐུ་རེ			vibrant; vibrantly
ཐུབ་བསྟན			Subduer’s teaching
ཐུབ་དབང			Monarch of Subduers; Lord of Subduers (epithet of a Buddha)
ཐུབ་པ			Subduer [Buddha]; Subduer; Silent One [epithet for Buddha]; short for Śākyamuni, conqueror [over the afflictions]
ཐུབ་པ་མེད་པ			not subdue
ཐུབ་པའི་དབང་པོ			King of the Subduers; an eptithet of a Buddha
ཐུབ་པའི་རྣམ་ཀུན་མཁྱེན་པ་ཉིད			Subduer’s exalted-knower-of-all-aspects
ཐུབ་པའི་རྟོགས་པ			realization of a Subduer [Buddha]
ཐུབ་པའི་ཐུན་མོང་མིན			Subduer’s unshared
ཐུབ་པར་དཀའ་བ			difficult to subdue
ཐུབ་པར་དཀའ་ཞིང་བ			difficult to subdue
ཐུག			meet; meet back to; have source in
ཐུག་མེད			endless
ཐུགས			exalted mind; heart; mind
ཐུགས་འཕྲོག			captivate the mind
ཐུགས་བརྩེ་བ			[mind-love]; mercy; love (hon.)
ཐུགས་བསྐྱེད			exalted mind generation
ཐུགས་ཀ			heart; mind
ཐུགས་ཀྱི་ཕྲིན་ལས			activity of exalted mind  (T)
ཐུགས་ཀྱི་རུས			effort
ཐུགས་ཀྱི་ས་བོན			seed syllable of exalted mind
ཐུགས་ལ་བཞག་པ			set in mind
ཐུགས་མཉམ་པར་མ་བཞག་པ			mind in meditative equipoise
ཐུགས་པར་སླའོ			easily assailed(C)
ཐུགས་རྗེ			compassion
ཐུགས་རྗེ་ཅན			compassionate
ཐུགས་རྗེ་ཆེན་པོ			great compassion
ཐུགས་རྗེའི་བདག་ཉིད			compassionate nature; nature of compassion
ཐུགས་རྗེས་ཕ་རོལ་ཏུ་ཕྱིན་པ			perfect [one's] compassion
ཐུགས་རུས			effort
ཐུགས་སྤྲུལ་པ			mental emanation
ཐུགས་སུ་ཆུད་པ			know; obtain(S)
ཐུགས་ཡོངས་སུ་དག་པ			thoroughly purify the mind
ཐུན			session; period
ཐུན་དྲུག་གི་རྣལ་འབྱོར			six session yoga
ཐུན་མགོ་ལྟ་བུ་ལ			at the beginning of a session(TGP 8)
ཐུན་མོང			share with; common; shared
ཐུན་མོང་བ			shared; common(N)
ཐུན་མོང་དུ			common; shared; together; in common
ཐུན་མོང་མ			uncommon; unshared
ཐུན་མོང་མ་ཡིན་པ			unshared; uncommon
ཐུན་མོང་མ་ཡིན་པའི་འགོག་སྙོམས			uncommon absorption of cessation
ཐུན་མོང་མ་ཡིན་པའི་བདག་འབྲས			uncommon dominant effect of karma
ཐུན་མོང་མ་ཡིན་པའི་བདག་རྐྱེན			uncommon dominant condition; uncommon proprietary condition; uncommon empowering condition
ཐུན་མོང་མ་ཡིན་པའི་གསང་བའི་རྒྱུད			uncommon secret tantra
ཐུན་མོང་མ་ཡིན་པའི་ཁྱད་ཆོས			uncommon distinguishing feature(N)
ཐུན་མོང་མ་ཡིན་པའི་མ་ངེས་པའི་གཏན་ཚིགས			uncommon indefinite reason
ཐུན་མོང་མ་ཡིན་པའི་མཚན་ཉིད			uncommon character; unique character; unique defining character
ཐུན་མོང་མ་ཡིན་པའི་རྒྱུ			uncommon/unshared/unique cause
ཐུན་མོང་མ་ཡིན་པའི་སྡོད་ལུགས			uncommon mode of subsistence(N)
ཐུན་མོང་མིན			uncommon; unshared
ཐུན་མོང་མིན་ཉིད			uncommonness
ཐུན་མོང་པའི་བདག་རྐྱེན			common empowering condition; common dominant condition
ཐུན་མོང་པའི་ལམ			common paths(Lati)
ཐུན་མོངས			common; shared
ཐུན་མོངས་མ་ཡིན་པ			uncommon; unshared
ཐུན་མོངས་མ་ཡིན་པའི་བདག་རྐྱེན			uncommon empowering condition; uncommon dominant condition
ཐུན་མོངས་མ་ཡིན་པའི་ཆོས			uncommon attribute
ཐུན་མོངས་པའི་བདག་རྐྱེན			common empowering condition; common dominant condition
ཐུང			short; brief
ཐུང་འབྲེལ			union(LG)
ཐུང་བ			short; brief(D2)
ཐུང་མཐའ			smallest
ཐུང་ཕྱེད			1/2 a yāma; about 1 1/2 hours
ཐུར			down; downward
ཐུར་ཁྱབ་ཕྱིན་ཅི་ལོག			downward perverse pervasion; downward perverse entailment
ཐུར་ཁྱབ་རྣལ་མ			downward correct pervasion; downward correct entailment
ཐུར་མ			spoon; stick
ཐུར་མ་རིང་པོ			a long stick; a long spoon
ཐུར་སེལ			downward voiding [wind]
ཐུར་སེལ་གྱི་རླུང			downward-voiding wind
ཊི་ཀ			commentary [transliteration of Sanskrit word]
ཊཱི་ཀཱ			commentary [transliteration of Sanskrit word]
ཊི་ཀཀ			commentary; [tranliteration of Sanskrit word]
ཏི་ཀཏ			gentiana chiretta [ (T) type of plant (?); tranliteration of Sanskrit word (?)]
ཏི་ལ་གྱི་འབྲུ			sesame seed
ཏིག་ཏ			gentiana chiretta; [ (T) type of plant](D1)
ཏིལ་དཀར་ནག			white and black sesame grains
ཏིང་འཛིན			meditative stabilization
ཏིང་འཛིན་གསུམ་གྱི་སྤྱོད་ཡུལ			sphere of the three meditative stabilizations
ཏིང་འཛིན་གྱི་སྒོ			door of meditative stabilization
ཏིང་འཛིན་མང་ལྡན			having many meditative stabilizations
ཏིང་འཛིན་མྱུར་དུ་ཐོབ			quickly attain meditative stabilizations
ཏིང་ངེ་འཛིན			meditative stabilization; stabilization
ཏིང་ངེ་འཛིན་འཐོབ་པ			obtain meditative stabilization
ཏིང་ངེ་འཛིན་བསྐྱེད་པར་བྱེད་དོ			produce a meditative stabilization
ཏིང་ངེ་འཛིན་དང་གཟུངས			meditative stabilization and retention (T)
ཏིང་ངེ་འཛིན་དང་ལྡན་པ			having meditative stabilization
ཏིང་ངེ་འཛིན་དཔག་ཏུ་མེད་པ			limitless meditative stabilizations
ཏིང་ངེ་འཛིན་གསུམ			three meditative stabilizations
ཏིང་ངེ་འཛིན་གྱི་དབང			power of meditative stabilization
ཏིང་ངེ་འཛིན་གྱི་དབང་པོ			power of meditative stabilization
ཏིང་ངེ་འཛིན་གྱི་དབྱེ་བ			division of meditative stabilization
ཏིང་ངེ་འཛིན་གྱི་དོན			object of meditative stabilization
ཏིང་ངེ་འཛིན་གྱི་རྒྱུ་ཉིད			cause of meditative stabilization
ཏིང་ངེ་འཛིན་གྱི་རོ་མྱོང་བར་མི་བྱེད་པ			not experience the taste of meditative stabilization
ཏིང་ངེ་འཛིན་གྱི་སྒོ			door of meditative stabilization
ཏིང་ངེ་འཛིན་གྱི་སྤྱོད་ཡུལ			sphere of meditative stabilization
ཏིང་ངེ་འཛིན་གྱི་སྟོབས			power of meditative stabilization
ཏིང་ངེ་འཛིན་གྱིས་རྣམ་པར་རྩེ་བ			play with meditative stabilization
ཏིང་ངེ་འཛིན་ལ་བརྟེན་པ			in dependence upon meditative stabilization
ཏིང་ངེ་འཛིན་ལ་མངའ་བ			sovereignty with respect to meditative stabilization
ཏིང་ངེ་འཛིན་ཉམས་པ			experience/vision of meditative stabilization
ཏིང་ངེ་འཛིན་པ			one in meditative stabilization
ཏིང་ངེ་འཛིན་ཡོངས་སུ་མི་ཉམས་པ			thoroughly uncorrupted meditative stabilization
ཏོ			particle indicating period; (T) terminating particle (rdzogs tshig)
ཏོམ་འཇུག			vague involvement
ཏོམ་འཇུག་གི་མི་འོང་ངོ			it will not come through some vague involvement
ཙ་ན			because [verb + ...]
ཙམ			only; mere; merely; just
ཙམ་ཁོ་ན			only; merely; just
ཙམ་ལ་མི་བྱེད་པར			without referring to merely that
ཙམ་ན			as soon as
ཙམ་པ			how much?; how far?
ཙན་དན			sandalwood
ཙན་དན་གྱི་དྲི			the odor of sandalwood
ཙང			because [verb + ...]
ཚ			hot; intense; salt
ཚ་བ			hot; intense; salt; heat; pungent
ཚ་དམྱལ་བ			hot hell; hot hell being; hot hell-being
ཚ་ཞིང་སྲེག་པ			hot and burning
ཚད			size; measure
ཚད་འབྲས			valid cognition's effect
ཚད་གྲུབ			valid establishment
ཚད་ཁྱད་པར			particular measure
ཚད་མ			valid cognition; epistemology and logic; logic-epistemology; valid cognizer; prime cognition; prime cognizer
ཚད་མ་དང་ལྡན་པ			measureable; having size; valid
ཚད་མ་གསུམ			three valid cognitions (T)
ཚད་མ་ཀུན་བཏུས			Dignāga's Compendium of Valid Cognition (P. 5700, vol. 130)
ཚད་མ་ཀུན་ལས་བསྟུས་པའི་འགྲེལ་བཤད			Jinendrabuddhi's Commentarial Explanation of [Dignāga's] "Compilation of Prime Cognition" [P5766]
ཚད་མ་ཀུན་ལས་བཏུས་པ			Dignāga's Compendium of Valid Cognition (P. 5700, vol. 130, Ce)
ཚད་མ་ཀུན་ལས་བཏུས་པའི་འགྲེལ་པ			Dignāga's Auto-Commentary on the "Compilation of Prime Cognition (P5701, vol. 130)"
ཚད་མ་ལྡན་པ			measureable; having size; valid
ཚད་མ་མཆིས་པ			immeasurable; not valid
ཚད་མ་མེད			not valid; measureless; measurelessness
ཚད་མ་པ			Epistemologists
ཚད་མ་རྣམ་འགྲེལ			[Dharmakīrti's] Commentary on (Dignāga's) "Compilation of Prime Cognition"
ཚད་མ་རྣམ་འགྲེལ་གྱི་དཀའ་འགྲེལ			Devendrabuddhi's Commentary on the Difficult Points of (Dharmakīrti's) "Commentary on (Dignāga's) 'Compilation of Prime Cognition'" [P5717]
ཚད་མ་རྣམ་འགྲེལ་གྱི་ཚིག་ལེའུར་བྱས་པ			[Dharmakīrti's] Commentary on (Dignāga's) "Compilation of Prime Cognition"
ཚད་མ་རྣམ་པར་ངེས་པ			Dharmakīrti's Ascertainment of Valid Cognition (P. 5710, vol. 130; D:4229, Dze)
ཚད་མ་རྣམ་པར་ངེས་པའི་འགྲེལ་བཤད			[Dharmottara's] Explanatory Commentary of [Dharmakīrti's] "Ascertainment of Prime/Valid Cognition"
ཚད་མའི་བློ			prime consciousness
ཚད་མའི་མདོར			Dignāga's Compendium of Valid Cognition
ཚད་མའི་སྐྱེས་བུ			authoritative being; valid person; authoritative person
ཚད་མར་བྱས་ཏེ			serve as a measure
ཚད་མར་མཛད་པ			serve as a measure
ཚད་མས་དམིགས་པ			observed by a valid cognizer; observed by valid cognition; that which is observed by valid cognition
ཚད་མས་དྲང་པ			induced by valid cognition
ཚད་མས་གྲུབ་པ			established by valid cognition; valid establishment; validly established
ཚད་མས་རྟོགས་པ			realize by valid cognition
ཚད་མས་རྟོགས་པར་བྱ་བ			object of comprehension by a valid cognizer
ཚད་མེད			[measure-not-exist]; immeasurable; infinite
ཚད་མེད་འོད			Immeasurable Light; Limitless Light
ཚད་མེད་བདེ			Immeasurable Bliss; Limitless Bliss
ཚད་མེད་བཞི			four mmeasurables; four immeasurables
ཚད་མེད་པ			[measure-not-exist]; measurelessness; immeasurable; infinite
ཚད་མིན་གྱི་བློ			non-prime consciousness
ཚད་མིན་གྱི་ཤེས་པ			non-prime consciousness
ཚད་སེམས			valid mind
ཚད་ཡོད་པ			measureable
ཚག་པར			newspaper; magazine
ཚགས་སུ་ཚུད་པ			internalize
ཚལ			vegetables
ཚན			nang tshan = section; division; part
ཚང			complete; full; entire; complete in; contained in
ཚང་བ			complete; full; entire
ཚང་བར་རྟོགས་པ			realize fully
ཚང་མ			all
ཚང་ཚིང			deep; impenetrable  ?? (T)
ཚངས་བདུན			In Front of Brahmā
ཚངས་ཆེན			Great Brahmā
ཚངས་དབྱངས			voice of Brahma
ཚངས་མང			kitchen
ཚངས་མདུན			In Front of Brahmā; Brahmā Presence
ཚངས་པ			Brahmā; Brahman
ཚངས་པ་གནས་པ			land of Brahmā ?? (T)
ཚངས་པ་མཚུངས་པར་སྤྱོད་པ			practitioner of celibacy; practice celibacy
ཚངས་པའི་དབྱངས་སོ			voice of Brahma
ཚངས་པའི་གནས་པ			level of Brahmā
ཚངས་པའི་ལྟ་བ			view of Brahmā
ཚངས་པའི་སྤྱོད་པ			practice celibacy
ཚངས་པར་གྱུར་པ			is (like) Brahma
ཚངས་པར་སྤྱོད་ཉིད			practice celibacy
ཚངས་པར་སྤྱོད་པ			practice celibacy
ཚངས་རིས			Brahmā Type
ཚར			to finish
ཚེ			time; life; lifespan
ཚེ་འདི			this lifetime
ཚེ་འདི་ལ			in this lifetime
ཚེ་འདི་ཉིད་ལ			in this very lifetime
ཚེ་འདིར་འཚང་རྒྱ་བ			through purification in this lifetime(TGP 73)
ཚེ་དཔག་མེད			Amitāyus [p.n. of a Buddha, also called Amitābha]
ཚེ་གཅིག			one lifetime
ཚེ་གཅིག་སྡུག			the suffering of one lifetime
ཚེ་གསུམ			three lifetimes  (T)
ཚེ་ལ་སོགས་པས་བསྡུས་པ			included within a life and so forth
ཚེ་ཕྱི་མ			next life; later lifetime
ཚེ་ཕྱི་མ་ལ			in the next life; in a later lifetime
ཚེ་ཕྱི་མ་ལ་ཕན་འདོགས་པ			benefit in the next lifetime
ཚེ་ཕྱི་མའི་ཁ་ན་མ་ཐོ་བ			fault of (a) later lifetime(s)   (T)
ཚེ་རབས			[life-lineage]; series of births; continuum of lives
ཚེ་རབས་འཕོས			move to a rebirth; transmigrate
ཚེ་རིག་འཛིན			knowledge-fund of life
ཚེ་ཚིགས་སུ			at that time
ཚེའི་མཐར་ཐུག་པ			final lifetime
ཚེའི་ཚད			measure of a lifetime
ཚེགས			difficulty
ཚེགས་ཆེན			great difficulty
ཚེགས་ཆེན་པོས་རྙེད			obtained with great difficulty
ཚེགས་ཆེས་རྙེད			obtained with great difficulty
ཚེགས་ཆུང་ངུ			little difficulty
ཚེགས་ཆུང་ངུའི་ཐབས			a method of little difficulty(TSV 68b)
ཚེགས་ཆུང་ངུས་འགྲུབ་པ			established with little difficulty
ཚེགས་མེད			effortless; non-difficulty
ཚེགས་མེད་པ			effortless; non-difficulty
ཚེགས་མེད་པར			effortlessly; without difficulty
ཚེམས			to be left or forgotten (T)
ཚེར་མ			thorn
ཚིག			word; phrase
ཚིག་འགྲེལ			word commentary
ཚིག་འགྱུར			word translation
ཚིག་འཕྲད་གྲངས་སུ་མ་ནོར་བཅེས			cherish not mistaking them for instances of connecting particles
ཚིག་བླ་དགས			synonym
ཚིག་བརྩུན་པ			of acceptable speech; plausible talk(er)
ཚིག་དང་དོན་འཆད་པ			explain the words and the meaning  (T)
ཚིག་དང་ཤེས་པ			words and consciousness
ཚིག་དང་ཡི་གེ			words and letters
ཚིག་དབང			word initiation
ཚིག་དོན			meaning of the word
ཚིག་གི་དོན			meaning of the word
ཚིག་གི་དོན་མེད་པ			non-meaning of the word
ཚིག་གི་ལམ་གྱིས་གདགས			designation by the paths of words; designated by the paths of words
ཚིག་གི་རྣམ་གྲངས			enumeration of scripture
ཚིག་གི་ཚོགས			group of words
ཚིག་གིས་བསྟན་ཚོད			measure [that is, level] indicated by the words
ཚིག་གིས་བྱང་བ			purified by words
ཚིག་གིས་སྟོན་པ			indicate by words; teach by words
ཚིག་གིས་ཟིན་པ			held within the words
ཚིག་གསལ			Candrakīrti's Clear Words
ཚིག་ཀུན་གྱིས་སྙན་པ			pleasantness of all words
ཚིག་ལེའུར་བཅད་པ			chapter
ཚིག་པ			fire; on fire
ཚིག་པར་བྱེད			burn; burning
ཚིག་ཕུན་སུམ་ཚོགས་པ			marvellous words
ཚིག་རྩོ་བ			harsh words; harsh speech
ཚིག་རྩུབ			harsh speech
ཚིག་རྩུབ་མོ་མི་འབྱིན་པ			non-harsh words; non-harsh speech
ཚིག་སྒྲུབ			sentences
ཚིག་ཤིན་ཏུ་རིགས་པ			very suitable words
ཚིག་སྐྱོན			verbal fault(BR)
ཚིག་སྐྱོན་གཅོད་པ			eliminate verbal faults(BR)
ཚིག་སྙན་པ			pleasant words; kind words
ཚིག་ཏུ་བཏོན			recitation
ཚིག་ཏུ་རབ་བརྗོད་པ			express in words
ཚིག་ཟིན			verbal reading
ཚིགས་འབྲུ་སྒྲ་ཇི་བཞིན་གྱི་དོན			literal meaning of letters
ཚིགས་བཅད			stanza; verse
ཚིགས་གི་དོན་ནི་གོ་བར་སླའོ			the meaning of the words is easy to understand (T)
ཚིགས་ལྷུགས			prose
ཚིགས་སུ་བཅད་པ			stanza; verses
ཚིགས་སུ་བཅད་པའི་སྡེ			verses; stanza
ཚིལ་ལྦ			fat goiter
ཚིམ			satisfy
ཚིམ་བྱས			satisfied  (T)
ཚིམ་པའི་ཡིད			satisfied mind
ཚིམ་པར་བྱས་པ			satisfy
ཚིམ་པར་བྱེད་པ			satisfies; satisfy
ཚིན			Ch'en Dynasty (557 - 589 ce) of China
ཚོ			particle indicating plural
ཚོགས			group; collection; stock; assembly; gathering; accumulation; community
ཚོགས་འཕེལ་བ			increase a collection  (T)
ཚོགས་བསགས			amassing the collection; accumulate the collections
ཚོགས་བསགས་པ			amassing the collection; accumulate the collections
ཚོགས་བསྟེན་པ			causal collection; prerequisite
ཚོགས་དང་སྤྱོད་པའི་རང་སངས་རྒྱས			congregating Solitary Realizer
ཚོགས་གཉིས་རྫོགས་པར་བྱ་བ			complete/fulfill the two collections [of merit and wisdom]
ཚོགས་ཇི་ལྟ་བར་བྱང་ཆུབ་ཡང་དག་པར་འགྲུབ			correctly achieve enlightenment according to the collections  (T)
ཚོགས་ཀྱི་ལམ			path of accumulation
ཚོགས་ཀྱི་རབ་ཏུ་དབྱེ་བ			differentiation of the collection(s) (T)
ཚོགས་ལམ			path of accumulation
ཚོགས་པ			collections; composite(N)
ཚོགས་པ་དང་བྲལ་བ			free from the collection(s)
ཚོགས་པ་དང་མི་ལྡན་པར་འགྱུར་བ			not having the collection(s); without the collection(s)
ཚོགས་པ་དང་མི་མཐུན་པར་འགྱུར			discordant with the collection(s)
ཚོགས་པ་རྙེད་ནས			having gained the collections
ཚོགས་རྣམས་རྫོགས་པར་བྱེད			complete/fulfill the collections
ཚོགས་སྒྲུབ			achieving through collections; achieving the collections
ཚོགས་སྤྱད་པ			congregating
ཚོགས་སྤྱི			collection generality; collection-generality
ཚོགས་སྤྱོད			Congregating [Solitary Realizer]
ཚོགས་སྤྱོད་པ			Congregating [Solitary Realizers]
ཚོགས་ཡོངས་སུ་མ་རྫོགས་པ			not complete/fulfill the collections
ཚོགས་ཡོངས་སུ་རྫོགས་པར་བྱེད་པ			complete/fulfill the collections
ཚོགས་ཡོངས་སུ་སྨིན་པ			mature the collection(s)
ཚོགས་ཞིང			[assembly/accumulation-field]; field for accumulating; field of assembly
ཚོལ			seek; seek out; investigate; examine; research; look for
ཚོལ་བ			seek; seek out; investigate; examine; research; look for
ཚོལ་བ་མེད་པ			not investigate/examine/research/seek/look for
ཚོལ་བ་པ			seeker; seek; seeker out; investigater; examiner; researcher
ཚོན			hue
ཚོན་པོ			fat
ཚོང་ཁང			shop; store
ཚོར་བ			feeling
ཚོར་བ་བཏང་སྙོམས			neutral feeling
ཚོར་བ་བཏང་སྙོམས་ཀྱི་ས་པའི་རིགས་སུ་གནས་པ			abiding in the type which is a ground of neutral feelings (?)
ཚོར་བ་དྲན་པ་ཉེ་བར་བཞག་པ			establishment in mindfulness of feeling
ཚོར་བ་པོ			feeler(N)
ཚོར་བ་སེམས་བདེ			feeling of mental bliss
༅ཚོར་བ་ཡིད་བདེ༏་ཚོར་བ་སེམས་བདེ			feeling of mental bliss
ཚོར་བའི་དབང་པོ			power of feeling; faculty of feeling
ཚོར་བའི་རྒྱུ			cause of feeling
ཚོར་བར་བྱེད་དུ་འཇུག་པ			engage in feeling
ཚོར་བར་བྱེད་པ་པོ			feeler
ཚོར་བདེ			feeling-bliss
ཚོར་བདེ་འགྱུར་བ་ཅན			mutable blissful feeling
ཚོར་རྐྱེན			have a keen sense of; have an experiential knowledge of
ཚུ་རོལ			near side
ཚུ་རོལ་མཛེས་པ			Hedonist; those [who hold it is] beautiful here; Materialist; Nihilist
ཚུད			enter; go into; get into
ཚུད་པ			to enter; go into; get into
ཚུགས			to be able (T)
ཚུགས་པ			sdod tshugs pa = sit still
ཚུགས་ཐུབ			self-instituting(N); able to set itself up
ཚུགས་ཐུབ་ཏུ་གྲུབ་པ			able to set itself up
ཚུལ			how; mode; way; system; manner; fashion; proper way
ཚུལ་འཆོས			superficial religious performance; hypocritical religious performance [mere outward display of religiosity]
ཚུལ་བསྟན་པ			display the mode
ཚུལ་བཟང་སྤྱད			act in a good manner; act well (T)
ཚུལ་བཞིན			in the right way; proper; properly(S)
ཚུལ་བཞིན་དུ			[way-like]; properly; in the right way; proper
ཚུལ་བཞིན་དུ་འཇུག་ན			engage properly; properly enter into
ཚུལ་བཞིན་དུ་གནས་པར་འགྱུར་བ			abide properly
ཚུལ་བཞིན་དུ་མིན			improperly; not in the right way
ཚུལ་བཞིན་དུ་ཡིད་ལ་བྱེད་པ་ལས			from proper mental activity
ཚུལ་བཞིན་ཀུན་འདྲིས			Vidhivatparipṛcchaka [p.n. of a Bodhisattva]
ཚུལ་བཞིན་མ་ལགས་པ་ལ་ཞུགས་པ			not properly oriented(S)
ཚུལ་བཞིན་མ་ལགས་པ་ཡིད་ལ་བགྱིད་པ			improper mental activity/contemplation/taking to mind
ཚུལ་བཞིན་མ་ཡིན་པ་ལ་སྦྱོར་བ			application/engagement in that which is improper
ཚུལ་བཞིན་མ་ཡིན་པར་ཡིད་ལ་བྱེད་པའི་ཉེས་དམིགས			observing the fault of improper mental application (T)
ཚུལ་བཞིན་མ་ཡིན་ཡིད་ལ་བྱེད			improper mental activity
ཚུལ་བཞིན་མིན་པ			improper
ཚུལ་བཞིན་ཡིད་བྱ			proper mental activity
ཚུལ་བཞིན་ཡིད་བྱེད་པ			proper mental activity
ཚུལ་བཞིན་ཡིད་ལ་བྱ་བ			proper mental activity
ཚུལ་བཞིན་ཡིད་ལ་བྱེད་པ			proper mental activity
ཚུལ་བཞིན་ཞུགས			properly oriented(S)
ཚུལ་དང་འདྲ་བར			similar to the mode/way
ཚུལ་དུ			as the mode; as the way
ཚུལ་གཅིག			one mode; one way
ཚུལ་གཅིག་ཏུ་བསྒྲུབ་པ			established as one mode
ཚུལ་གཅིག་ཏུ་བསྟན་པ			indicate as one mode; teach in one way
ཚུལ་གཅིག་ཏུ་རྟོགས་པ			realize as one mode; understand in one way
ཚུལ་གཉིས			two modes
ཚུལ་གསུམ			three modes [of proof]
ཚུལ་གྱིས			due to the mode; by the mode; through the way
ཚུལ་གྱིས་གནས་པ			abide through the mode
ཚུལ་ཇི་ལྟར་ན			in what way?(BJ 50.6)
ཚུལ་ཁྲིམས			[system-law]; ethics; morality
ཚུལ་ཁྲིམས་འཆལ			faulty ethics
ཚུལ་ཁྲིམས་འཆལ་བ			faulty ethics
ཚུལ་ཁྲིམས་འཆལ་པ			faulty ethics
ཚུལ་ཁྲིམས་འཇོམས			destroyed ethics
ཚུལ་ཁྲིམས་དག་ལ་འགོད་པ			set/establish in ethics
ཚུལ་ཁྲིམས་དག་པ			pure ethics
ཚུལ་ཁྲིམས་དང་བརྡུལ་ཞུགས			conception of ethics and systems of behavior as supreme
ཚུལ་ཁྲིམས་དང་བརྡུལ་ཞུགས་མཆོག་འཛིན			conception of ethics & systems of behavior as supreme
ཚུལ་ཁྲིམས་དང་བརྟུལ་ཞུགས་མཆོག་འཛིན			conception of ethics and modes of conduct as supreme
ཚུལ་ཁྲིམས་དང་བརྟུལ་ཞུགས་མཆོག་ཏུ་འཛིན་པ			conception of ethics and modes of conduct as supreme
ཚུལ་ཁྲིམས་དང་ལྡན་པ			having ethics; ethical
ཚུལ་ཁྲིམས་དང་ལྟ་བ			ethics and views
ཚུལ་ཁྲིམས་ཀྱི་གོ་སྒྲུབ			achieving through the armor of ethics
ཚུལ་ཁྲིམས་ཀྱི་ཕ་རོལ་ཏུ་ཕྱིན་པ			perfection of ethics
ཚུལ་ཁྲིམས་ཀྱི་ཕར་ཕྱིན			perfection of ethics
ཚུལ་ཁྲིམས་ཀྱི་རབ་ཏུ་དབྱེ་བ			differentiation of ethics (T)
ཚུལ་ཁྲིམས་ཀྱི་སྦྱིན་པ			giving of ethics
ཚུལ་ཁྲིམས་ཀྱི་སྡོམ་པ			ethical vow
ཚུལ་ཁྲིམས་ཀྱི་ཚོགས་སྒྲུབ			achieveing through the collection of ethics
ཚུལ་ཁྲིམས་ཀྱི་ཡོན་ཏན			quality of ethics; ethical quality
ཚུལ་ཁྲིམས་ལ་གནས			abide in ethics
ཚུལ་ཁྲིམས་ལ་སོགས་པ་འཇོག་པ			engage in ethics, etc.
ཚུལ་ཁྲིམས་ལ་སོགས་པ་རྣམ་པ་དྲུག་པ			the six aspects, ethics and so forth  (T)
ཚུལ་ཁྲིམས་མ་ཉམས			non-degenerated ethics; uncorrupted ethics
ཚུལ་ཁྲིམས་ངན་པ			bad ethics; immorality; immoral; (T) one who has bad ethics
ཚུལ་ཁྲིམས་ངན་པར་བྱེད་པ			act immorally
ཚུལ་ཁྲིམས་ཉམས་པ			degenerated ethics; corrupted ethics
ཚུལ་ཁྲིམས་ཉམས་པ་མེད་པ			non-degenerated ethics; uncorrupted ethics
ཚུལ་ཁྲིམས་རལ་བ			lost ethics; forgotten ethics
ཚུལ་ཁྲིམས་རྗེས་སུ་དྲན་པ			recollection of ethics
ཚུལ་ཁྲིམས་རྗེས་སུ་དྲན་པའི་མཐར་གྱིས་སྦྱོར་བ			serial training of recollection of ethics
ཚུལ་ཁྲིམས་རྣམ་པར་དག་པ			pure ethics; purify ethics
ཚུལ་ཁྲིམས་སྡོམ་པ			ethical vow
ཚུལ་ཁྲིམས་ཤིན་ཏུ་རྣམ་པར་དག་པ			very pure ethics
ཚུལ་ཁྲིམས་སྐྱོན			faulty ethics
ཚུལ་ཁྲིམས་ཡང་དག་པར་བླངས་པ			correctly assume ethics; correctly take up a system of ethics  (T)
ཚུལ་ཁྲིམས་ཡོངས་སུ་རྫོགས་པར་འགྱུར་རོ			complete perfection of ethics
ཚུལ་ཀྲིམས			ethics
ཚུལ་མ་ལགས་པ			discipline
ཚུལ་མཛད་པ			manifesting the manner; putting on a show
ཚུལ་མཐུན་པ་ཙམ			mere concordant mode
ཚུལ་ནས			from the mode; from the way
ཚུལ་རྣམ་པར་དག་པའི་ཡོན་ཏན་སྟོན་པ			teach the qualities of the pure mode
ཚུན་ཆད			within; up to
ཚུན་ཆད་དུ			up to; except; so far as; within
ཚུན་ཆད་ནས			up to; except; so far as; within
ཚུར			nearby
ཚུར་འཁྱེར			bring to
ཚུར་བྱེད			take in; understand
ཚུར་མཛེས			beautiful here
ཚུར་མཐོང			one who sees nearby [i.e. an ordinary being]; one who looks nearby
ཚུར་མཐོང་གི་ཤེས་པ་རང་དགའ་བ་ལ་སྣང་ཚོད་ལྟར་གྱི་གཟུགས་སོགས་ཀུན་བཏགས་ཡིན			forms and so forth in accordance with how they appear to ordinary consciousnesses of confined beings are imputational
ཚུར་མཐོང་རྒྱུད་ལ			in the continuum of a short-sighted being
ཚུར་རོལ			near; close
ཚུར་རོལ་གྱི་ཆ			near part; close part
ཚུར་རོལ་མཛེས་སྨྲ་བ			Those Who Propound That it is Beautiful Here; Cārvāka; Materialist; Nihilist
ཚྭ			salt
ཚྭ་སྒོ་ཅན			corrosive; caustic; burning  (T)
ཙོང་ཁ་པ			Tsong-kha-pa (1357-1419); founder of the Ge-luk-pa (dge lugs pa) school of Tibetan Buddhism [also known as Lo-sang-drag-ba (blo bzang grags pa)]
ཏུ			accusative; dative; and locative particle: to; in; as; -ly; at
ཨུ་པ			Performance Tantra (T)
ཨུ་རུ་སུ			Russia
ཨུཏ་པ་ལ			lotus; blue lotus
ཨུཏ་པ་ལ་ལྟར་གས་པ			Utpala (Hell)
ཨུཏ་ཝ་ལ			lotus; blue lotus
ཝ			wolf
ཝ			(1) a gutter trough of pipe, usually made of wood; (2) in Tantra, a symbol of the state which has neither a cause nor a consequence ; (3) fox
ཝ་བ			goiter
ཝ་ལ			clear, distinct, plain
ཝ་ལེ			clear, distinct, plain
ཝ་མོ			fox
ཝ་ར			a kind of tea
ཝ་ར་ན་སི			Vārāṇasī, modern day Benares
ཝ་ར་ནཱ་སི			Vārāṇasī, modern day Benares
ཝ་ར་ཎ་སི			Vārāṇasī, modern day Benares
ཝ་རུ་ན			(1) Varuṇa, the god of water  ; (2) a kind of plant  ; (3) p.n. of a nāga
ཝ་སི			a kind of apple
ཝ་སྐྱེས			fox
ཝ་ཏི			[a sanctuary in Nepal]
ཝང་ཁྱི			Wang-kyee [p.n. of a Sa-bdag monster]
ཝེན་ཚེག			Wonch'uk (Korean scholar, Ch. Yüan-ts'e, 613-696); Tripiṭaka Wonch'uk
ཝེན་ཚིག			Wonch'uk (Korean scholar, Ch. Yüan-ts'e, 613-696)
ཝེར་མ			a class of Bon minor deities
ཝོ་ཏི			enlightenment [transliteration of Sanskrit word—bodhi]
ཡ			one of a pair; (T) an odd number
ཡ་བྲལ			separated
ཡ་གིར			up there
ཡབ			father [term of reference] (hon.)
ཡབ་སྲས			[spiritual] son(s)
ཡབ་སྲས་ཀྱི་དགོངས་པ			the thought of the Father and his [spiritual] sons
ཡབ་ཡུམ			parents
ཡག་པོ			good
ཡལ་བ			to disappear; fade
ཡལ་བར་འདོར་བ			abandon; neglect; forsake
ཡལ་བར་འཇོག			neglect
ཡལ་བར་བོར་བ			abandon; neglect; forsake
ཡལ་བར་དོར་བ			abandon; neglect; forsake
ཡལ་ག			branch
ཡལ་ག་གེལ			tree
ཡལ་ག་ལོ་འདབ་དང་ལྡན་པ			having branches, leaves, and trunk
ཡལ་ག་ཕྲ་མོ			twig
ཡན་ཆད			above; X and above
ཡན་ཆོད			above; X and above
ཡན་ལག			limb; branch; member; part; element; link
ཡན་ལག་བཅས་པ			having branches; having limbs
ཡན་ལག་བརྒྱད་ལྡན་གྱི་ལམ			eight-branched path
ཡན་ལག་ཅན			parts-possessor; whole(N)
ཡན་ལག་དང་ཉིང་ལག			limbs and secondary limbs (T)
ཡན་ལག་དྲུག			six branches
ཡན་ལག་དྲུག་ཅུ			sixty branches
ཡན་ལག་གི་ཁ་དོག			secondary color
ཡན་ལག་གི་རླུང			secondary winds
ཡན་ལག་ལྔ་དང་ལྡན་པའི་གསུང			speech having the five branches
ཡན་ལག་མ་ཚང་བ			incomplete branches; incomplete limbs
ཡང			(1) but; even; also; again; and; (2) light [as in not heavy](D1)
ཡང་འདི་སྐད་ཅེས་གསོལ			spoke thus(S)
ཡང་འཇུག			secondary suffix
ཡང་བ			light; lightness
ཡང་དག			real [e.g., objects]; authentic; correct [e.g.; consciousnesses]; reality; right
ཡང་དག་འབྱུང			completely arise
ཡང་དག་འདའ་བར་འགྱུར			correctly pass beyond; real passing beyond
ཡང་དག་འདས			correctly pass beyond; real passing beyond
ཡང་དག་འཛིན			completely apprehend; correctly apprehend
ཡང་དག་འགྲུབ			real establishment; correctly established
ཡང་དག་འགྲུབ་པ			real establishment; correctly established
ཡང་དག་འཐོབ			correctly obtain; real attainment
ཡང་དག་བདེན་པ			Paramārthasamudgata (pn. of bodhisattva); the Indian master Paramārtha
ཡང་དག་བཀོད			correctly/thoroughly set/state/establish/arrange/register/make a record/place [on throne]/put [a signature]/array/affix
ཡང་དག་བླངས་པ			correctly adopt; correct adoption; correct assertion; correctly assume; correctly take up
ཡང་དག་བརྗོད			correctly express; correctly state
ཡང་དག་བརྟེན			correct basis; real basis
ཡང་དག་བཤད			thoroughly explained; correctly explain; completely explain
ཡང་དག་བསྟན			correct teaching; teach correctly
ཡང་དག་ཆོས་རབ་སྟོན			teach correct doctrines
ཡང་དག་ཆོས་སྒྲུབ་བྱེད་ཚེ			when correctly established
ཡང་དག་དད་པའི་རྗེས་འབྲང་བ			followers of right faith
ཡང་དག་གནས་པ་ལ་བརྟེན་ནས			depending upon a correct basis; depending upon a real basis
ཡང་དག་གྲུབ་པ			real establishment; correctly established
ཡང་དག་ཀུན་རྫོབ			real/correct conventionality; concealer/obscurer of reality
ཡང་དག་ཀུན་རྫོབ་བདེན་པ			real/correct concealer-truth; real/correct conventional truth
ཡང་དག་ལྟ			correct view
ཡང་དག་མ་ཡིན			unreal; incorrect
ཡང་དག་མ་ཡིན་ཀུན་རྟོག			unreal imputation; unreal ideation
ཡང་དག་མ་ཡིན་ཀུན་རྟོག་པ			unreal imputation
ཡང་དག་མ་ཡིན་ཀུན་ཏུ་རྟོག་པའི་རྣམ་པར་རིག་པ			cognition of unreal ideation
ཡང་དག་མ་ཡིན་རྟོག་པ			unreal conceptuality
ཡང་དག་མཆོད་བྱེད			worship correctly  (T)
ཡང་དག་མིན			unreal; incorrect
ཡང་དག་མིན་པ་ཉིད			unreality; incorrectness
ཡང་དག་མིན་རྟོག			unreal conceptuality
ཡང་དག་མིན་རྟོག་རྒྱུ་མཚན			cause of unreal ideation
ཡང་དག་མིན་རྟོག་ཡིན་པར་རྟོགས་པ			understand unreal conceptuality
ཡང་དག་མིན་ཡང་དག་མ་ཡིན་མིན			neither real nor unreal
ཡང་དག་མཐའ			limit of correctness; limit of reality; real limit; reality limit
ཡང་དག་ངེས་པར་འབྱུང་བ་སྨྲ			proponent of correct definite emergence ? (T)
ཡང་དག་ཉིད			correctness; real; reality; realness
ཡང་དག་ཉིད་བསྒྲིབས་ནས			having obstructed reality  ? (T)
ཡང་དག་པ			[again-pure]; correct; very pure; real; complete; reality
ཡང་དག་པ་ཇི་བཞིན་ཉིད			real reality
ཡང་དག་པ་ཇི་ལྟ་བ་བཞིན་དུ			as it really is
ཡང་དག་པ་ཇི་ལྟ་བ་བཞིན་དུ་བརྟགས་པ			investigate in accordance with how it really is
ཡང་དག་པ་ཇི་ལྟ་བ་བཞིན་དུ་རྟོགས་པར་བྱ་བ			understanding in accordance with how it really is
ཡང་དག་པ་ཇི་ལྟ་བ་བཞིན་དུ་རྟོགས་པར་བྱེད་པ			understand in accordance with how it really is
ཡང་དག་པ་ཇི་ལྟ་བ་བཞིན་དུ་ཡོངས་སུ་ཤེས་པ			thoroughly cognize in accordance with how it really is
ཡང་དག་པ་མ་ཡིན			incorrect; not pure; not real; incomplete
ཡང་དག་པ་མ་ཡིན་པ་ཀུན་བརྟག་པ			incorrect investigation; investigation of the incorrect (T)
ཡང་དག་པ་མ་ཡིན་པ་ཀུན་བརྟགས་པའི་ངོ་བོ་ཉིད			unreal imputational nature
ཡང་དག་པ་མ་ཡིན་པ་ཀུན་ཏུ་རྟོག་པ			incorrect conception; conception of the incorrect (T)
ཡང་དག་པ་མ་ཡིན་པ་ལ་འཛིན་པ			apprehending what is unreal
ཡང་དག་པ་མ་ཡིན་པ་ལས་ཡོངས་སུ་བརྟགས་པ			imputation of what is unreal
ཡང་དག་པ་མ་ཡིན་པ་མཚན་མ			unreal sign; incorrect sign
ཡང་དག་པ་མ་ཡིན་པ་ཡོངས་སུ་འཛིན་པར་བྱེད			apprehending what is unreal
ཡང་དག་པ་མ་ཡིན་པའི་ཆོས་ཡོངས་སུ་མི་འཛིན་པ			a person who does not apprehend unreal phenomena
༅ཡང་དག་པ་མ་ཡིན་པའི་ཀུན་རྟོག༏་ཡང་དག་པ་མ་ཡིན་པའི་ཀུན་ཏུ་རྟོག་པ་༏་ཡང་དག་མིན་ཀུན་རྟོག			unreal ideation
ཡང་དག་པ་མ་ཡིན་པའི་ཀུན་ཏུ་རྟོག་པ			imputation of what is unreal
ཡང་དག་པ་ཉིད			correctness; completeness; reality
ཡང་དག་པ་ཉིད་དུ་ངེས་པ			faultless reality; faultless correctness; (T) ascertain correctly
ཡང་དག་པ་ཉིད་རྗེས་སུ་རྟོགས་པས			through understanding correctly
ཡང་དག་པ་ཉིད་སྐྱོན་མེད་པ			faultless reality; faultless correctness
ཡང་དག་པའི་འཚོ་བ			correct livelihood  (T)
ཡང་དག་པའི་དེ་བཞིན་ཉིད			real suchness
ཡང་དག་པའི་དམིགས་པ			real object of observation
ཡང་དག་པའི་དོན			true in fact; correct meaning; real object
ཡང་དག་པའི་དོན་དུ་ཐམས་ཅད་མཁྱེན་པ་ཉིད			exalted knower of everything that is true in fact
ཡང་དག་པའི་དོན་གོམས་པ་ཡང་མི་དགོས་པར་གསུངས་སོ			it is not necessary that one become familiar with something which is true in fact(MGP)
ཡང་དག་པའི་དོན་གྱི			which is true in fact; which is the true meaning; which is a real object
ཡང་དག་པའི་དྲན་པ			correct mindfulness
ཡང་དག་པའི་གདམས་ངག			correct advice/instruction/counsel/preceptual instruction/advisory speech/exhortation
ཡང་དག་པའི་གདམས་ངག་རྗེས་སུ་བསྟན་པ			teaching correct advice/instruction/counsel/preceptual instruction/advisory speech/exhortation
ཡང་དག་པའི་ལས་ཀྱི་མཐའ			correct aims of action  (T); correct intentions
ཡང་དག་པའི་ལྟ་བ			correct view
ཡང་དག་པའི་མཐའ			reality-limit
ཡང་དག་པའི་མཐའ་མ་ཡིན་པ			no reality-limit
ཡང་དག་པའི་ངག			correct speech
ཡང་དག་པའི་ངག་དང་ལས་ཀྱི་མཐའ་དང་འཚོ་བ			correct speech, aims of action, and livelihood  (T)
ཡང་དག་པའི་རྟོག་པ			correct conceptuality; conceive correctly
ཡང་དག་པའི་རྩོལ་བ			correct exertion  (T)
ཡང་དག་པའི་སྦྱོར་བ་ཡིད་ལ་བྱེད་པ			applying the mind to correct training; mental application which is correct training
ཡང་དག་པའི་སྒྲུབ་པ			correctly established; correct establishment
ཡང་དག་པའི་ཤེས་པ			consciousness of reality
ཡང་དག་པའི་ཤེས་པས་སེམས་ཤིན་ཏུ་རྣམ་པར་གྲོལ་བ			thoroughly liberate the mind through correct cognition
ཡང་དག་པའི་སྨོན་ལམ			correct vow; real vow; (T) correct prayer-wishes
ཡང་དག་པའི་ཏིང་ངེ་འཛིན			correct meditative stabilization
ཡང་དག་པའི་ཚུལ			correct mode; correct way
ཡང་དག་པའི་ཡེ་ཤེས			correct exalted wisdom; real exalted wisdom
ཡང་དག་པར			correctly; really; completely
ཡང་དག་པར་འབྱེད་པ			completely separate; completely differentiate; completely open
ཡང་དག་པར་འདའ་བ			completely pass beyond; completely transcend
ཡང་དག་པར་འདས་པ			completely pass beyond; completely transcend
ཡང་དག་པར་འདུ་བ			completely collect; completely assemble
ཡང་དག་པར་འདུ་བ་མ་ལགས			not completely collect; not completely assemble
ཡང་དག་པར་འདུ་ཤེས			correct conception; (T) correct discrimination
ཡང་དག་པར་འདུས་པ			completely collect; completely assemble
ཡང་དག་པར་འཛིན་དུ་འཇུག			engage in completely apprehending
ཡང་དག་པར་འཛིན་པ			completely apprehend; correctly apprehend
ཡང་དག་པར་འགོད་པ			truly/correctly set/establish
ཡང་དག་པར་འགྲུབ			truly establish; correctly establish
ཡང་དག་པར་འགྲུབ་པ			truly establish; true establishment; correctly establish
ཡང་དག་པར་འགྲུབ་པར་བྱ་བ			object of true establishment; truly established object
ཡང་དག་པར་འགྲུབ་པར་བྱེད་པ			truly establish
ཡང་དག་པར་འགྱེད་པ			correctly impel; impel
ཡང་དག་པར་འཇོག་པར་བྱེད			correctly posit; establish
ཡང་དག་པར་འཇོམས་པ			completely destroy; completely supress
ཡང་དག་པར་འཇུག			correctly engage in; correctly enter into; real engagement
ཡང་དག་པར་འཇུག་པ			correctly engage in; correctly enter into; real engagement
ཡང་དག་པར་འཇུག་པར་བྱེད			correctly engage in; correctly enter into
ཡང་དག་པར་འཕགས་པ			become completely superior
ཡང་དག་པར་འཕགས་པར་འགྱུར་བ			become completely superior
ཡང་དག་པར་འཕེལ་བར་འགྱུར			completely increase; correctly increase
ཡང་དག་པར་འཐོབ་པ			completely obtain; correctly attain; real attainment
ཡང་དག་པར་བཅོམ			completely destroy/overcome/triumph over
ཡང་དག་པར་བཅོམ་པ			completely destroy/overcome/triumph over
ཡང་དག་པར་བླང་ཏེ་གནས་པ			abide having completely adopted (T)
ཡང་དག་པར་བླངས			completely adopt; completely assume; correctly adopt
ཡང་དག་པར་བླངས་པ			completely adopt; completely assume; correctly adopt
ཡང་དག་པར་བསལ་བ			completely eliminate/eradicate/remove/clear away/avoid/exclude
ཡང་དག་པར་བསྡུ་བར་བྱའོ			one should completely collect/assemble
ཡང་དག་པར་བསྡུས་པ			completely collect/assemble/summarize
ཡང་དག་པར་བསྒྲུབ་པ			truly establish; true establishment; correctly establish
ཡང་དག་པར་བསྒྲུབ་པར་འགྱུར			truly establish; correctly establish
ཡང་དག་པར་བསྒྲུབ་པར་བགྱིས			truly establish; true establishment; correctly establish
ཡང་དག་པར་བསྒྲུབས་པ			truly establish; true establishment; correctly establish
ཡང་དག་པར་བཤད་པའི་དངོས་པོ			thing which is correctly explained
ཡང་དག་པར་བསྐྱེད་པར་འགྱུར			correctly generate; really produce
ཡང་དག་པར་བསྐྱེད་པར་བྱེད			correctly generate; really produce
ཡང་དག་པར་བསྟན་པ			completely teach; correctly teach
ཡང་དག་པར་བསྟེན་པ			completely/correctly rely upon/make use of/stay close to/adhere to
ཡང་དག་པར་བཟུང་བ			correctly apprehend; correctly grasp
ཡང་དག་པར་ཆད་པ			completely cut; complete annihiliation
ཡང་དག་པར་དགའ་བར་བྱའོ			one should be truly happy
ཡང་དག་པར་དམིགས			completely observe; correctly observe
ཡང་དག་པར་གནས་པ			completely abide
ཡང་དག་པར་གྲུབ་པ			true establishment; establishment as its own reality; established as (its own) reality; established as [its own] reality; existence as [its own] reality
ཡང་དག་པར་གསུང་བ			speak correctly
ཡང་དག་པར་གཞོམ་པ			complete destruction; completely destroy
ཡང་དག་པར་གཟིགས་ནས			having correctly seen
ཡང་དག་པར་གཟིགས་པས			through having correctly seen
ཡང་དག་པར་ཀུན་ཤེས་པོས་སེམས་ཤིན་ཏུ་རྣམ་པར་གྲོལ་བ			thoroughly liberate the mind through correct cognition
ཡང་དག་པར་ལེན			correctly appropriate; completely take
ཡང་དག་པར་ལེན་དུ་འཇུག་པ			engage in correct appropriation; correctly appropriate; completely take
ཡང་དག་པར་ལེན་པ			correctly appropriate; completely take
ཡང་དག་པར་ལེན་པར་བྱེད			correctly appropriate; completely take
ཡང་དག་པར་ལྟ			completely view; correctly view
ཡང་དག་པར་མནོས་པ་འི་རྒྱ			completely cause to receive
ཡང་དག་པར་མཐོང			completely view; correctly view
ཡང་དག་པར་མཐོང་བ			completely view; correctly view
ཡང་དག་པར་མྱོང་བ			completely experience
ཡང་དག་པར་ཉམས་པ			completely abandon
ཡང་དག་པར་རབ་ཏུ་འཇོག་གོ			correctly posit
ཡང་དག་པར་རབ་ཏུ་བརྩོན་པ			correct effort
ཡང་དག་པར་རབ་ཏུ་སྟོན་པ			correctly teach; correct teaching; correctly indicate
ཡང་དག་པར་རྫོགས་པའི་བྱང་ཆུབ			complete, perfect enlightenment
ཡང་དག་པར་རྫོགས་པའི་སངས་རྒྱས			complete, perfect Buddha; completely, perfectly Buddhified
ཡང་དག་པར་རིག་པ			correct awareness; correct knowledge
ཡང་དག་པར་རྗེས་སུ་བལྟའོ			correctly view; completely view
ཡང་དག་པར་རྗེས་སུ་མ་མཐོང			not completely observe; incorrectly observe
ཡང་དག་པར་རྗེས་སུ་མི་མཐོང་བ			not completely observe; incorrectly observe
ཡང་དག་པར་རྗེས་སུ་མཐོང			completely observe; correctly observe
ཡང་དག་པར་རྗེས་སུ་མཐོང་བ			completely observe; correctly observe
ཡང་དག་པར་རྟོག་པ			completely conceive
ཡང་དག་པར་རྟོགས་པ			completely realize; correctly realize
ཡང་དག་པར་སྦྱོར་བ			completely train/engage/appply in; completely practice
ཡང་དག་པར་སྡོམ་པ			correctly restrain  (T)
ཡང་དག་པར་སྒྲུབ			true establishment; truly establish; correctly establish
ཡང་དག་པར་སྒྲུབ་པ			true establishment; truly establish; correctly establish
ཡང་དག་པར་སྒྲུབ་པའི་དེ་བཞིན་ཉིད			truly established suchness
ཡང་དག་པར་སྒྲུབ་པའི་དེ་ཁོ་ན			truly established reality
ཡང་དག་པར་སྒྲུབ་པར་བྱེད་དོ			truly establish; correctly establish
ཡང་དག་པར་ཤེས་པ			correct consciousness; correctly cognize
ཡང་དག་པར་ཤེས་པར་འགྱུར			correctly cognize
ཡང་དག་པར་སྐུལ་བ			correctly exhort; correctly arouse; correctly incite
ཡང་དག་པར་སྐྱོན་མེད་པར་ཞུགས་པ			enter into complete faultlessness
ཡང་དག་པར་སྨྲ་བས་སྨྲ་བ་ཡིན			propound through correctly propounding
ཡང་དག་པར་སྣང་བ			completely appear; correctly appear
ཡང་དག་པར་སོ་སོར་རྟོག་པ			correct individual investigation
ཡང་དག་པར་སྤོང་བ			thorough abandoning
ཡང་དག་པར་སྤྱོད་པ			correct practice; correctly prepare
ཡང་དག་པར་སྤྱོད་པར་འགྱུར་རོ			correct practice; correctly prepare
ཡང་དག་པར་སྟོན་པ			completely teach; correctly teach
ཡང་དག་པར་སྟོན་པར་བྱེད་པ			completely teach; correctly teach
ཡང་དག་པར་ཡོད་པ			exist as [its own] reality; really exist
ཡང་དག་པར་ཟད་པ			complete extinction; completely exhaust
ཡང་དག་པར་ཞི་བར་བྱེད་པ			completely pacify
ཡང་དག་པར་ཞུགས་པ			completely enter; correectly approach
ཡང་དག་པར་ཞུགས་པ་འཇུག			completely enter; correectly approach
ཡང་དག་པར་ཞུམ			completely slack/discouraged/weak/timid/cowardly
ཡང་དག་རབ་ཏུ་སྤོང			completely abandon
ཡང་དག་རྫོགས			complete perfect
ཡང་དག་རྫོགས་པ			thoroughly complete
ཡང་དག་རྫོགས་པའི་བྱང་ཆུབ			thoroughly complete enlightement; complete enlightenment; perfect enlightenment
ཡང་དག་རིག			complete awareness; correct awareness; correct knowledge
ཡང་དག་སྒྲུབ་བྱེད་ཚེ			when correctly established
ཡང་དག་སྒྲུབ་པ			real establishment; correctly established
ཡང་དག་སྒྲུབ་པར་བྱེད			correctly establish
ཡང་དག་ཤེས་པ			correct consciousness; completely cognize
ཡང་དག་སྤང་བར་བྱ			should be correctly abandonned  (T)
ཡང་དག་སྤྱོད་པ			correctly practice; correct practice
ཡང་དག་ཡེ་ཤེས			exalted wisdom of reality; correct exalted wisdom  (T)
ཡང་དག་ཡོངས་སུ་སྨིན་པའི་མཚན་ཉིད			completely matured character
ཡང་དང་ཡང			again and again
ཡང་དང་ཡང་དུ			again and again
ཡང་དང་ཡང་དུ་སྦྱིན་པ			give again and again
ཡང་དང་ཡང་དུ་སྟོན་པར་མི་བྱེད་པ			not teach again and again
ཡང་དང་ཡང་དུ་ཡིད་ལ་བྱེད་པ་གོམས་ན			if one familiarizes, taking to mind again and again(TGP)
ཡང་དུ			again and again
ཡང་མ			not yet; not again
ཡང་ན			or; or, in another way; moreover(BJ 48.4)
ཡང་ངེ་གཡེང་ངེ			colloquial speech
ཡང་སོས			Reviving Hell
ཡང་སྲིད་མི་འདོད			not desire further existence
ཡང་སྲིད་པ			further being; be again
ཡང་ཡང			again and again
ཡང་ཡང་བྱས་པ			one who has done again and again
ཡང་ཞིང་གཡོ་བ			light and moving(D1)
ཡངས			wide; broad; extensive; vast
ཡངས་པ			wide; broad; extensive; vast
ཡངས་པ་ཅན			Vaiśali [p.n. of a city]
ཡངས་པ་རྒྱས་པ			extensive
ཡངས་ཤིང་རྒྱ་ཆེ་བར་འགྱུར་རོ			become extensive
ཡས			up
ཡས་བགྲང			counting up
ཡེ་གདོད་མ			primordial start
ཡེ་ལྡན			primordial endowment
ཡེ་མེད་པ			utter non-existence(N)
ཡེ་མེད་པ་...་མ་ཡིན			not utter non-existence
ཡེ་མེད་པས་ནི་མ་ཡིན			nor is it utterly non-existent
ཡེ་ནས་བྱང་ཆུབ་པ			primordially enlightened
ཡེ་ནས་སངས་རྒྱས་པ			primordially enlightened
ཡེ་སངས་རྒྱས་པ			primordial buddhafication
ཡེ་སངས་རྒྱས་པའི་དགོངས་པ			standpoint of primordial buddhafication
ཡེ་ཤེས			pristine wisdom; exalted wisdom; wisdom
ཡེ་ཤེས་འབྱུང་གནས་ཆེན་པོ་འདྲ			like the great source of exalted wisdom  (T)
ཡེ་ཤེས་འཇུག་པ			engage in wisdom; enter into wisdom
ཡེ་ཤེས་བླ་ན་མེད་པ			sublime wisdom; unsurpassed wisdom
ཡེ་ཤེས་ཆེན་པོ་ཉིད			greatness of exalted wisdom
ཡེ་ཤེས་ཆོས་སྐུ			pristine wisdom body of attributes; wisdom truth body; wisdom body of attributes
ཡེ་ཤེས་ཅུང་ཟད་བབས་པ			those upon whom a little wisdom has descended
ཡེ་ཤེས་དང་ལས			wisdom and action
ཡེ་ཤེས་དཔལ			glorious exalted wisdom
ཡེ་ཤེས་གཟིགས་པ			exalted wisdom and seeing
ཡེ་ཤེས་ཁྱད་པར་དུ་འཕགས་པའི་ཕྲིན་ལས			activity of superior exalted wisdom  (T)
ཡེ་ཤེས་ཀུན་གྱི་རྒྱུ་མཚན			cause of all exalted wisdoms
ཡེ་ཤེས་ཀྱི་གནས			level of exalted wisdom; place of exalted wisdom  (T)
ཡེ་ཤེས་ཀྱི་ཁྱད་པར			feature of exalted wisdom  (T)
ཡེ་ཤེས་ཀྱི་ལམ			path of wisdom
ཡེ་ཤེས་ཀྱི་ཕ་རོལ་ཏུ་ཕྱིན་པ			perfection of exalted wisdom
ཡེ་ཤེས་ཀྱི་ཕྱག་རྒྱ			wisdom seal
ཡེ་ཤེས་ཀྱི་རྒྱུ་མཚན			cause of exalted wisdom
ཡེ་ཤེས་ཀྱི་རིག་མ			Wisdom Knowledge Woman
ཡེ་ཤེས་ཀྱི་ཚོགས			collection of wisdom; accumulation of wisdom
ཡེ་ཤེས་ཀྱི་ཚོགས་སྒྲུབ			achieving through the collection of pristine wisdom
ཡེ་ཤེས་ཀྱིས་བསྐུལ་བ			exhort by means of exalted wisdom  (T)
ཡེ་ཤེས་ཀྱིས་ཁྱབ་པ			pervaded by wisdom
ཡེ་ཤེས་ཀྱིས་ཡོངས་ཟིན་པ			thoroughly apprehended by exalted wisdom  (T)
ཡེ་ཤེས་ལ་ཅུང་ཟད་དབང་ཐོབ་པ			those who have achieved slight mastery with respect to wisdom
ཡེ་ཤེས་ལ་ཚོལ་བའི་རྣམ་པ			aspect of seeking/investigating/examining/researching exalted wisdom
ཡེ་ཤེས་ལ་ཡང་དག་པར་དབང་ཐོབ་པ			those who have achieved thorough mastery with respect to wisdom
ཡེ་ཤེས་ལམ			path of wisdom
ཡེ་ཤེས་མ་བསྒྲིབས་པ			unobstructed wisdom
ཡེ་ཤེས་མཚོ་རྒྱལ			p.n. of a female Tantric siddhā, the Tibetan consort of Padmasaṃbhāva
ཡེ་ཤེས་ནི་རྣམ་པ་བཞི			four aspects of exalted wisdom; four types of exalted wisdom  (T)
ཡེ་ཤེས་པ			wisdom being; being of wisdom
ཡེ་ཤེས་པ་གཞུག་པ			entry of the wisdom being; entry of a wisdom being
ཡེ་ཤེས་རྡོ་རྗེ			wisdom-vajra
ཡེ་ཤེས་རྡོ་རྗེ			Tsang-pa Gyay-ray-ye-shay-dor-je (1161-1211), a Ka-gyu (bka' brgyud) scholar (PH;G1:15)
ཡེ་ཤེས་རྣམ་པ་སྣ་ཚོགས་པའི་ཕྲིན་ལས			activities of the various exalted wisdoms  (T)
ཡེ་ཤེས་རྣམ་པར་དག་པ			pure wisdom
ཡེ་ཤེས་ཤིན་ཏུ་རྣམ་དག་པ་གཉིས་སུ་མེད་པའི་དོན			meaning of the non-dual, very pure exalted wisdom  (T)
ཡེ་ཤེས་སྙིང་པོ			essence of wisdom; p.n. of the chief follower of Bhāvaviveka
ཡེ་ཤེས་སྙིང་པོ་ཀུན་ལས་བཏུས			Āryadeva's Compendium of the Essence of Wisdom(BJ 50.3)
ཡེ་ཤེས་ཐམས་ཅད་ཆགས་པ་མ་མཆིས་པ་དང་ཐོགས་པ་མ་མཆིས་པ			unobstructed and unattached with respect to exalted wisdom of all aspects
ཡེ་ཤེས་ཐོགས་པ་མི་མངའ་བ			without obstructions to exalted wisdom  (T)
ཡེ་ཤེས་ཚོགས			collection of wisdom
ཡེ་ཤེས་ཚུལ་སྒོ			modes and doors of wisdom
ཡེ་ཤེས་ཡངས་པ			extensive wisdom
ཡེ་སྟོང་འོད་གསལ			primordial emptiness and luminosity
ཡེ་ཐོག			primeval
ཡེ་ཐོག་གི་གཞི			primeval basis
ཡེ་ཐོག་གཞིའི་གནས་ལུགས			primeval basic mode of subsistence
ཡེངས			distraction
ཡི			[genetive particle] of; '; which; also adjectival genetive; and non-case usage as "but" and "and"
ཡི			(as genitive particle) of; by; in; which. (as non-case particle) and; but; (semi-colon)
ཡི་དགས			preta; hungry ghost
ཡི་དམ			[mind-firm]; personal deity; tutelary deity; promise; vow; one who has a vow; deity
ཡི་དམ་གྱི་ལྷ			personal deity; tutelary deity
ཡི་དམ་ལ་བརྟན་པ			firm in [one's] vow/promise
ཡི་དམ་མ་ཉམས་པ			not forsake [one's] promise/vow
ཡི་དམ་མི་ཉམས་པ			not forsake [one's] promise/vow
ཡི་དྭགས			hungry ghost
ཡི་དྭགས་ཀྱི་རྟེན་ཅན་གྱི་སོ་སོའི་སྐྱེ་བོ			common being having the basis of a hungry ghost
ཡི་དྭགས་ཀྱི་སྐྱེ་གནས			hungry ghost womb
ཡི་དྭགས་ཀྱི་ཡུལ་པ			object of hungry ghosts
ཡི་གེ			letter [of the alphabet]
ཡི་གེ་འབྲི་བ			write letters; write
ཡི་གེ་དང་དོན་དུ་རྣམ་པར་གནས་པ			abide in letters and meanings
ཡི་གེ་དང་ཚིག་དང་ཚིག་འབྲུ			letters, words, and verbal expressions
ཡི་གེ་ལ་དམིགས་པ			observing the letter (T)
ཡི་གེ་ལ་ཕྱིན་ཅི་མ་ལོག་པ			non-perverse letter
ཡི་གེ་ལེགས་པར་ངེས་པར་བཤད་པ			definitely explain letters well
ཡི་གེ་མཉམ་པ་ཉིད			sameness of letters
ཡི་གེ་ཉུང་དུ			in few letters
ཡི་གེ་ཕུན་སུམ་ཚོགས་པ			complete letter; marvellous letter
ཡི་གེའི་ལྷ			letter deity
ཡི་གེའི་ཚོགས			group of letters
ཡི་གེར་འདྲི			write
ཡི་གེར་འདྲི་བ			write; writing
ཡི་གེར་འདྲི་བར་འགྱུར			write
ཡི་གེར་འདྲི་བར་འགྱུར་བ			write
ཡི་གེར་འདྲིར་འཇུག་པ			write; engage in letters
ཡི་གེར་འཇུག་པ			write; engage in letters
ཡི་གེར་བྲིས་ནས་འཆང་བ			bear in mind what is written
ཡི་གེར་མ་ལོག་པ			non-mistaken letter; non-mistaken with respect to letters
ཡི་མུགས་པ			depression; discouragement
ཡི་རང			admiration
ཡིད			mentality; intellect; mind; (main) perceiver; intellect [=nyon yid, afflicted mentality (kliṣṭamanas)]; intellectual faculty
ཡིད་འཛིན			mental apprehension
ཡིད་འགྱུར			transform the mind; mind changing
ཡིད་འགྱུར་པ			transforming the mind; mind changing
ཡིད་འཁྲུགས་པ			mental corruption
ཡིད་འོང			pleasant; attractive
ཡིད་འཕྲོག			captivate
ཡིད་བདེ			mental bliss; mental pleasure
ཡིད་བདེ་བ			bliss; happiness; pleasure; (T) mental bliss
ཡིད་བརྟན			[mind-firm]; confidence; reliance; firm attitude
ཡིད་བརྟན་ནས			having relied; confidently
ཡིད་བརྟན་པ			[mind-firm]; confidence; reliance
ཡིད་བརྟན་རུང་བ			suitable for firmness of mind(N)
ཡིད་བྱེད			mental engagement; mental contemplation; take to mind; arisen from belief
ཡིད་བྱེད་པ			mental engagement; mental contemplation; take to mind
ཡིད་བྱུང་ནས			having become disgusted
ཡིད་བཞིན་གྱི་ནོར་བུ			wish-fulfilling jewel
ཡིད་བཞིན་ནོར་བུ			wishing-granting jewel; wish-fulfilling jewel  (T)
ཡིད་བཞིན་ནོར་བུ་ལྟ་བུའི་སེམས་བསྐྱེད			mind-generation like wish-granting jewel
ཡིད་བཟློག་པ			turn the mind; reverse the mind  (T)
ཡིད་ཆེས			belief; conviction; trust; confidence
ཡིད་ཆེས་ཀྱི་དད་པ			faith of conviction; knowledgable faith; trusting faith
ཡིད་ཆེས་ཀྱི་རྟགས			sign of belief
ཡིད་ཆེས་པ			have conviction in(N); belief
ཡིད་ཆེས་པ་ལ་སྒྲིབ་པ			obstruction(s) to belief
ཡིད་ཆེས་པའི་བསམ་པ			believing thought; thought of belief
ཡིད་ཆེས་པའི་དད་པ			faith of conviction
ཡིད་ཆེས་པའི་ལུང་གི་ཚད་མ			prime cognizer of believable scripture
ཡིད་ཆེས་པར་འགྱུར			believe; have belief in
ཡིད་ཆེས་པར་འགྱུར་ན			if there is belief ... (T)
ཡིད་ཆེས་པར་བྱེད			believe; have belief in
ཡིད་ཆེས་པར་བྱེད་པ			believe; have belief in
ཡིད་ཆེས་རྗེས་དཔག			inference through belief
ཡིད་དང་འཛིན་པ་དང་རྣམ་པར་རྟོག་པ			mentality, apprehension, and conceptuality
ཡིད་དང་འཛིན་པ་དང་རྣམ་པར་རྟོག་པར་སྣང་བ			appearance as mentality, apprehension, and conceptuality
ཡིད་དང་ཆོས			mentality and phenomena
ཡིད་དང་ཀུན་གཞི			mentality and basis-of-all(BAA 2a)
ཡིད་དབང			mental sense-power; mental power
ཡིད་དགའ་བར			mental joy; happiness
ཡིད་དངངས་པ			mentally fear/be afraid/panic
ཡིད་དོར་བ			wish to cast out; want to discard
ཡིད་དཔྱོད			correctly assuming consciousness; correct assumption
ཡིད་དུ་འོང་བ			[mind-to-come]; attractive; handsome; charming
ཡིད་དུ་མི་འོང་བ			[mind-to-not-come]; unattractive; not handsome; not charming
ཡིད་གཉིས			doubt; two-pointed mind
ཡིད་གཉིས་ཅན			doubting; having doubt; having two-pointed mind
ཡིད་གཉིས་མེད			non-doubting; no doubt
ཡིད་གཞན་དུ་གྱུར་པ			mental transformation
ཡིད་ཀྱི་བརྗོད་པ			mental expression; (T) mental repetition ??
ཡིད་ཀྱི་དབང			mental power; mental faculty
ཡིད་ཀྱི་དབང་པོ			mental sense power
ཡིད་ཀྱི་ཀུན་རྟོག་རགས་པ			coarse mental conceptualization
ཡིད་ཀྱི་ལས			mental action; mental activity; mental karma
ཡིད་ཀྱི་མངོན་སུམ			mental direct perception
ཡིད་ཀྱི་མཚོ			Lake Mānasarovara
ཡིད་ཀྱི་ཉེས་པ			mental fault  (T)
ཡིད་ཀྱི་ཉོན་མོངས			mental afflictions
ཡིད་ཀྱི་རྣམ་པར་ཤེས་པ			mental consciousness(LG); (main) perceiver
༅ཡིད་ཀྱི་རྣམ་ཤེས༏་ཡིད་ཀྱི་རྣམ་པར་ཤེས་པ			mental consciousness; (main) perceiver
ཡིད་ཀྱི་ཤེས་པ			mental consciousness
ཡིད་ཀྱི་སྐྱོན་ཡང་དག་པར་སེལ་བ			completely eliminate/eradicate/remove/clear away/avoid/exclude the faults of mind
ཡིད་ཀྱི་ཟས			mental nourishment
ཡིད་ཀྱིས་བསྒོམ་པར་བྱ་བ			object of cultivation by the mind
ཡིད་ཀྱིས་ལེགས་པར་བརྟགས			analyze well with the mind
ཡིད་ལ་བསམ			mental thought
ཡིད་ལ་བསམ་པ			mental thought
ཡིད་ལ་བྱ་བ			mental engagement; mental application; mental contemplation; mental activity; take to mind
ཡིད་ལ་བྱས་པ			mental engagement; mental application; mental contemplation; mental activity; take to mind
ཡིད་ལ་བྱེད			mental engagement; mental application; mental contemplation; mental activity; take to mind; attention
ཡིད་ལ་བྱེད་དང་བཅས			having mental application; having mental engagement
ཡིད་ལ་བྱེད་པ			mental contemplation; taking to mind; mental engagement; mental application; mental activity
ཡིད་ལ་བྱེད་པ་བཅུ་གཅིག			eleven mental contemplations
ཡིད་ལ་བྱེད་པ་བསྒྲུབ་པ			establish mental engagement; establish mental application
ཡིད་ལ་བྱེད་པ་ལ་ཕྱིན་ཅི་མ་ལོག་པ			non-mistaken mental application; non-mistaken with respect to mental application
ཡིད་ལ་བྱེད་པ་ལ་སྒྲུབ་པ			established in mental application
ཡིད་ལ་བྱེད་པ་ལས་འདས་པའི་རྣལ་འབྱོར་པ			yogi who has passed beyond mental contemplation
ཡིད་ལ་བྱེད་པ་ལས་དང་པོ་བ			mental contemplation of a beginner(Lati)
ཡིད་ལ་བྱེད་པ་ལས་དང་པོ་པ			beginner at mental contemplation
ཡིད་ལ་བྱེད་པ་ལས་དང་པོ་པའི་རྣལ་འབྱོར			yoga of a beginner at mental contemplation
ཡིད་ལ་བྱེད་པ་མ་ལོག་པ			non-mistaken mental application
ཡིད་ལ་བྱེད་པ་མི་མཐུན་པའི་ཕྱོགས་སྤངས་པ			abandon the discordances to mental application
ཡིད་ལ་བྱེད་པ་ཕྱིན་ཅི་མ་ལོག་པ			non-mistaken mental application
ཡིད་ལ་བྱེད་པ་ཡོངས་སུ་རྫོགས་པའི་རྣལ་འབྱོར			yoga of one whose mental contemplation is perfected
ཡིད་ལ་བྱེད་པའི་རྣམ་པར་གཡེང་བ			distraction of mental application  (T)
ཡིད་ལ་བྱེད་པས་ཡོངས་སུ་བླང་བས			due to adoption through mental application
ཡིད་ལ་མི་བྱེད			mental non-application; mental non-attention; mental non-contemplation; not take to mind
ཡིད་ལ་མི་བྱེད་པ			mental non-application; mental non-attention; mental non-contemplation; not take to mind
ཡིད་ལ་ཉལ			mental dormancy
ཡིད་ལས་འབྱུང་བ			arise from the mind
ཡིད་ལུས			mental body
ཡིད་ལུས་ཐོགས་པ་མེད་པ			unimpeded mental body
ཡིད་མ་གཏད			inattentive mind; (T) unfocused mind
ཡིད་མི་བདེ			unhappy; displeased; mental discomfort
ཡིད་མི་བདེ་བ			mental discomfort; unhappy; displeased
ཡིད་མི་བདེ་བར་གྱུར་ནས			being unhappy; being displeased
ཡིད་མི་བྱེད			mental non-engagement; mental non-contemplation; mental inactivity; not take to mind
ཡིད་མི་ཆེས་པས་སྐྲག་པའི་ཕྱིར			due to being frightened by non-belief
ཡིད་མི་སྐྲག་པ			non-fearful mind; unfrightened mind
ཡིད་མངོན			mental direct perceiver; mental direct perception
ཡིད་མངོན་བཅད་ཤེས			mental direct perceiver that is a subsequent cognizer
ཡིད་ནང་དུ་འཛིན་པར་བྱེད་པ			apprehend within the mind
ཡིད་ཉེས			mental violence; mental fault
ཡིད་ཕྲ་བ			subtle mind; subtle mentality
ཡིད་རབ་ཏུ་རང			very suitable (to the mind); very pleasing(LG 30.5)
ཡིད་རགས་པ			coarse mentality
ཡིད་རང་མཚན་པ			regular mentality
ཡིད་རྟོན			[mind-confidence]; confidence; reliance
ཡིད་རྟོན་པ			[mind-confidence]; confidence; reliance
ཡིད་རྟོན་པར་འགྱུར་བ			confidence; reliance; be confident; rely
ཡིད་ཤེས			mental consciousness; mental cognition
ཡིད་ཤེས་པ			mental consciousness; mental cognition
ཡིད་ཤེས་སུ་གྱུར་པའི་རྟོག་མེད་ལོག་ཤེས			non-conceptual mistaken consciousness that is a mental consciousness
ཡིད་ཤེས་སུ་གྱུར་པའི་རྟོག་མེད་མངོན་སུམ་ལྟར་སྣང			non-conceptual pseudo/quasi/counterfeit direct perception that is a mental consciousness
ཡིད་སྨོན			admiration; mental wish
ཡིད་སྔང་བ			antipathy(S 52.3)
ཡིད་སྤྱོད			correct assumption
ཡིད་ཞེ་སྡང་གིས་ཀྲུགས་པ་ལ་བརྟེན་ནས་ས་གཞི་དམར་པོར་སྣང་བའི་དབང་ཤེས			sense consciousness to which the basis (earth) appears as red in dependence upon the mind's being disturbed by anger
ཡིག་འབྲུ			syllable
ཡིག་ཆ			textbook literature; monastic textbook; textbook; texts written in debating style
ཡིག་གྲངས			line
ཡིན			is; be
ཡིན་འགྲོ			probably
ཡིན་གྱུར			what something is
ཡིན་ཁྱབ			pervasion of being
ཡིན་ཁྱབ་མཉམ			coextensive; mutually inclusive
ཡིན་ཀྱི་མ་རེད			probably not
ཡིན་ཀྱི་རེད			probably
ཡིན་ལོག			opposite-from-being-something
ཡིན་ལོག་མིན་ལོག			opposite from being [something] and opposite from not being [something]
ཡིན་ལུགས			mode of being(N)
ཡིན་ནའང			yet; however; but
ཡིན་པ			is; (T) being
ཡིན་པ་འདྲ			it seems
ཡིན་པ་ལས་ལོག་པ			opposite from being; non-
ཡིན་པ་མི་སྲིད་པ			occurence is not possible; that [or those] of which being it [or them] is not possible
ཡིན་པ་མི་སྲིད་པའི་རྟག་པ			permanent phenomenon whose occurence is not possible
ཡིན་པ་མི་སྲིད་པའི་ཤེས་བྱ			an object of knowledge whose occurence is not possible; objects of knowledge of which being [them] is not possible
ཡིན་པ་སྲིད་པ			possible occurence; occurrence is possible; that [or those] of which being it [or them] is possible
ཡིན་པ་སྲིད་པའི་རྟག་པ			permanent phenomenon whose occurrence is possible
ཡིན་པ་སྲིད་པའི་ཤེས་བྱ			an object of knowledge whose occurrence is possible; object[s] of knowledge of which being [it or them] is possible
ཡིན་པར་གྱུར་པའི་རྟག་པ			something which a permanent phenomenon is
ཡིན་ཚོད			measure of being
ཡིན་ཚུལ			way of being
ཡིན་ཡང			is, but...; even though; regardless
ཡིས			by; by means of; with; because
ཡིས			[instrumental particle] by; with; by means of; non-case usage as "but" and "and"
ཡོ་བ			crooked
ཡོ་བྱད			goods; necessities; assets; belongings; possessions; requisites [of life]; acquisitions
ཡོ་བྱད་འབྱོར་བ			necessities and acquisitions
ཡོ་ག			transliteration of sanskrit yoga
ཡོ་རེ་བ			whole; looming
ཡོད			exist; existence; exists; have
ཡོད་འགྲོ			probably
ཡོད་དང་མེད			existence and non-existence
ཡོད་དང་མེད་དོན་མངོན་སུམ་པ			one who has direct perception of existence and non-existence (T)
ཡོད་དང་མེད་པ			existence and non-existence; being and non-being
ཡོད་དང་མེད་པ་ཉིད			existence and non-existence; being and non-being
ཡོད་དོ་ཞེས་བྱ་བ་ནི་རྟག་པའི་མཐའོ			it exists is the extreme of permanence
ཡོད་ཁྱབ			pervasion of existence
ཡོད་ཀྱི་མ་རེད			probably not
ཡོད་ཀྱི་རེད			probably
ཡོད་ལུགས			way of existence
ཡོད་མ་ཡིན			non-existent; does not exist
ཡོད་མེད			non-existent; does not exist; not existent
ཡོད་མེད་ཁྱད་པར་མེད་པ			there is no distinction between existing and non-existing  (T)
ཡོད་མེད་ཉིད			existence and non-existence; being and non-being
ཡོད་མིན			non-existent; does not exist; not existent(BJ 38.1)
ཡོད་མཐའ			[existence-extremity]; the extreme of existence
ཡོད་ན			if [something] exists
ཡོད་པ			be; exist; be present; an existent (thing); existence; exists
ཡོད་པ་འདྲ			it seems
ཡོད་པ་དང་མེད་པ			existence and non-existence; being and non-being
ཡོད་པ་དང་མེད་པ་དེ་དག་ཐ་མི་དད་པའི་ཕྱིར			because those existents and non-existents are not different  (T)
ཡོད་པ་དང་མེད་པ་མཉམ་པ་ཉིད			sameness of existence and non-existence
ཡོད་པ་དང་མེད་པ་ཉིད			existence and non-existence; being and non-being
ཡོད་པ་དང་མེད་པའི་དེ་ཁོ་ན			reality of existence and non-existence
ཡོད་པ་དང་ཡིན་པའི་ཁྱད་པར			difference between the existence [that is, presence] of such and such and being such and such
ཡོད་པ་ཀུན་ནས་སྤངས་ཏེ			abandoning all existents
ཡོད་པ་མ་འདྲ			probably not
ཡོད་པ་མ་ཡིན			not existent(N); non-existent
ཡོད་པ་མ་ཡིན་པ་ལ་ཡོངས་སུ་བརྟགས་པ			imagine it whereas it does not exist
ཡོད་པ་མ་ཡིན་ཏེ་བྱུང་བ་མ་ཡིན			does not exist, [since it] does not arise; (T) not existing it does not occur
ཡོད་པ་མེད			non-existence
ཡོད་པ་ཉིད			existence
ཡོད་པ་ཉིད་དུ་བསྟན་པ			indicate/teach as existent  (T)
ཡོད་པ་ཉིད་མ་ཡིན			non-existent
ཡོད་པ་སྤངས་པ			abandon existence
ཡོད་པའམ་མེད་པ			existent or non-existent
ཡོད་པའི་མཐའ			extreme of existence(N)
ཡོད་པའི་མཚན་ཉིད			character of existence; existent character
ཡོད་པར			which is; as existent
ཡོད་པར་འཛིན་པ			apprehend as existent
ཡོད་པར་རྣམ་པར་རྟོག་པ			conceive as existent
ཡོད་པར་ཤེས་པར་བྱའོ			one should cognize as existent; (T) should be known as existent
ཡོད་པས་ཡིན་པར་མི་འགྲུབ			existence [that is, presence] of such and such does not establish being such and such
ཡོད་རྒྱུའི་ཀུན་བཏགས			existent imputational nature
ཡོད་སྒྲུབ			exists proof
ཡོད་སྨྲ་བ			Sarvāstivādin
ཡོན་གཏན			value; quality
ཡོན་པོ			deceiver
ཡོན་ཏན			quality; good qualities; good quality; virtue; attainment
ཡོན་ཏན་འབྱུང			arising of good qualities
ཡོན་ཏན་འབྱུང་གནས			source of good qualities; [p.n.]?  (T)
ཡོན་ཏན་འཆང་བ			hold to good qualities; holder of good qualities  (T)
ཡོན་ཏན་འདོད་པ			desire good qualities
ཡོན་ཏན་འོད			Guṇaprabha [p.n.]
ཡོན་ཏན་འཕེལ་བྱེད			increase good qualities
ཡོན་ཏན་བློ་གྲོས			Guṇamati [p.n.]
ཡོན་ཏན་བརྒྱ་ཕྲག་བཅུ་གཉིས			twelve [sets] of a hundred-fold good qualities(PGP 78)
ཡོན་ཏན་བརྒྱ་ཕྲག་བཅུ་གཉིས་འབྱུང			arising of twelve [sets] of a hundred-fold good qualities
ཡོན་ཏན་བཟང་པོ			Guṇabhadra
ཡོན་ཏན་བཞི			four qualities
ཡོན་ཏན་དང་ལྡན			having good qualities; with good qualities
ཡོན་ཏན་དང་ལྡན་པ			having good qualities; with good qualities
ཡོན་ཏན་དང་ལྡན་པའི་བཤེས་གཉེན			spiritual friend with good qualities; (T) spritual friend with the good quality of ...
ཡོན་ཏན་དང་སྐྱོན་ཡོངས་སུ་བརྟགས་པ			investiage/analyze qualities and faults
ཡོན་ཏན་དེ་གཉིས་སྒྲ་རྟོག་གིས་རྫོགས་པའི་ཚུལ་གྱིས་རྟོགས་མི་ནུས་པའི་ཡོན་ཏན			quality of the inability of thoroughly realizing these two qualities through terms and conceptuality
ཡོན་ཏན་དཔག་ཏུ་མེད་པ			immeasurable good qualities
ཡོན་ཏན་དུ་ལྟ་བའི་ཚུལ			method of viewing good qualities  (T)
ཡོན་ཏན་གསུམ			three qualities
ཡོན་ཏན་གསུམ་པའི་སེམས་པ			intention with three qualities
ཡོན་ཏན་གཏེར			treasury of good qualities
ཡོན་ཏན་གྱི་ཆེ་བ་ཉིད			greatness of qualities
ཡོན་ཏན་གྱི་ཁྱད་པར			special qualities; distinctive qualities
ཡོན་ཏན་གྱི་མི་མཐུན་པའི་ཕྱོགས་ལས་གྲོལ་བ			released from the discordances to good qualities
ཡོན་ཏན་གྱི་སྐབས			occassion of good qualities  (T)
ཡོན་ཏན་གྱིས་ལྕི་བ			heavy with good qualities
ཡོན་ཏན་ཁྱད་པར་ཅན			having special qualities
ཡོན་ཏན་ཁྱད་པར་ཅན་གྱི་སྒྲིབ་པ			obstruction of special good qualities  (T)
ཡོན་ཏན་ཀྱི་རྟེན			basis of good qualities
ཡོན་ཏན་ལ་འཇུག་པ			engage in good qualities
ཡོན་ཏན་ལྷག་མ			special qualities
ཡོན་ཏན་མ་མཆིས་པ			without good qualities; without qualities
ཡོན་ཏན་མང་པོ་དང་ལྡན་པ			(friend) having many good qualities
ཡོན་ཏན་མི་ཟད་པ་དང་མཉམ་པ་མེད་པ་དང་ལྡན་པ་ཉིད			having inexhaustible and incomparable good qualities  (T)
ཡོན་ཏན་མཉམ་པ་མེད་པ་དང་ལྡན་པ་ཉིད			having dissimilar qualities
ཡོན་ཏན་མཐོང་བ			see good qualities  (T)
ཡོན་ཏན་མཚུངས་པ་མེད་པ			dissimilar qualities
ཡོན་ཏན་རྒྱ་མཚོ			ocean of good qualities
ཡོན་ཏན་རྒྱ་མཚོའི་ཕ་རོལ			other side of the ocean of good qualities
ཡོན་ཏན་རིན་ཆེན་སྡུད་པ			compendium of precious qualities ?  (T)
ཡོན་ཏན་རིན་པོ་ཆེ			precious qualities
ཡོན་ཏན་རྣམ་བཅུ			ten types of good qualities; ten-fold good qualities  (T)
ཡོན་ཏན་རྣམ་པར་དབྱེ་བ			differentiation of good qualities  (T)
ཡོན་ཏན་རྣམས་ཀྱི་ལས			activity of good qualities  (T)
ཡོན་ཏན་རྣམས་ཀྱིས་གང་བའི་ཕྱིར			because of being full of good qualities; because it/one is full of good qualities  (T)
ཡོན་ཏན་ཤེས			cognition of (good) qualities; cognize (good) qualities
ཡོན་ཏན་ཚོགས			accumulation of qualities; collection of good qualities
ཡོན་ཏན་ཚུལ			quality; mode of qualities
ཡོང			to come; will
ཡོང་སུ་མི་ཆད་པར་འགྱུར			not cut off; non-annihilation; non-nullification
ཡོངས			whole; wholly; completely; thoroughly
ཡོངས་འདོན			cause to come out; expel; recite; take out
ཡོངས་འདྲེན་པ			leader
ཡོངས་འདུ			divine tree
ཡོངས་འཛིན			retainer; tutor
ཡོངས་འགེངས			fill; fulfill; satiate
ཡོངས་བརྗོད			express
ཡོངས་བརྗོད་པ			express
ཡོངས་བསྡུས			thorough inclusion; thoroughly/completely collect/summarize/include/bring together
ཡོངས་བསྡུས་ནས			having thoroughly collected/summarized/included/brought together
ཡོངས་བསྒོས			infuse; deposit; order
ཡོངས་བསྐོར་བ			thoroughly encircle/surround/revolve/circumambulate/turn round/turn [a wheel]
ཡོངས་བསྔོ			dedicate
ཡོངས་བསྔོ་བར་བྱེད			dedicating; dedicate
ཡོངས་བསྔོས			dedicate
ཡོངས་བསྲུང			thoroughly protect/guard/keep/maintain/preserve/safeguard [e.g., vows and pledges]
ཡོངས་བཟུང			apprehend; grasp; hold; conceive
ཡོངས་དག			thoroughly pure; thorough purity
ཡོངས་དག་པ			thoroughly pure; thorough purity
ཡོངས་གཅོད			discrimination; positive inclusion(N); exclusionary elimination
ཡོངས་གྲུབ			thoroughly established phenomenon; thoroughly established [nature]
ཡོངས་གྲུབ་ཀྱི་མཚན་ཉིད			thoroughly established character
ཡོངས་མི་གཏོང་བ			not let go
ཡོངས་ཉམས			abandon; thoroughly abandon
ཡོངས་ཉམས་པ			abandon
ཡོངས་རྫོགས			thoroughly complete/perfect
ཡོངས་རྫོགས་བྱས་ནས			having completed/perfected/fulfilled
ཡོངས་རྟོག			conceptuality; conceive; think
ཡོངས་རྟོག་པ			conceptuality; conceive; think
ཡོངས་ཤེས			cognize
ཡོངས་ཤེས་ནས			having cognized
ཡོངས་ཤེས་པ			cognize
ཡོངས་སྨིན			thorough maturing; maturing; thoroughly ripen
ཡོངས་སྨིན་བྱ			thoroughly maturing; maturing; thoroughly ripen
ཡོངས་སྨིན་བྱེད			thoroughly maturing; maturing; thoroughly ripen
ཡོངས་སྨིན་པར་བྱེད			thoroughly maturing; maturing; thoroughly ripen
ཡོངས་སྤོང			thoroughly abandon; thorough abandonment
ཡོངས་སྤོང་ཉིད			thorough abandonment
ཡོངས་སུ			wholly; completely; thoroughly
ཡོངས་སུ་འདྲེན་པ			induce; inducer; lead; leader; draw; connect; cite; guide
ཡོངས་སུ་འདྲི་བར་བྱའོ			ask; question
ཡོངས་སུ་འདྲིས་པ			familiarity; thorough familiarity
ཡོངས་སུ་འདྲིས་པར་བྱེད			become thoroughly familiar with; thorough familiarity
ཡོངས་སུ་འདུད་པར་བྱེད			thoroughly pay homage
ཡོངས་སུ་འཛིན			(thoroughly) apprehend; (thoroughly) grasp; (thoroughly) hold; (thoroughly) bear; conceive
ཡོངས་སུ་འཛིན་པ			(thoroughly) apprehend; (thoroughly) grasp; (thoroughly) hold; (thoroughly) bear; conceive
ཡོངས་སུ་འཛིན་པ་མེད་པའི་དོན			meaning of non-grasping (T)
ཡོངས་སུ་འཛིན་པ་ཐམས་ཅད་གཏོང་བ			renounce all grasping; give up all grasping
ཡོངས་སུ་འཛིན་པར་འགྱུར			(thoroughly) apprehend; (thoroughly) grasp; (thoroughly) hold; (thoroughly) bear; conceive
ཡོངས་སུ་འཛིན་པར་བྱེད			(thoroughly) apprehend; (thoroughly) grasp; (thoroughly) hold; (thoroughly) bear; conceive
ཡོངས་སུ་འཛིན་པར་བྱེད་པ			(thoroughly) apprehend; (thoroughly) grasp; (thoroughly) hold; (thoroughly) bear; conceive
ཡོངས་སུ་འགྲིབ			thoroughly diminish; diminishment; diminution
ཡོངས་སུ་འགྲིབ་པ			thoroughly diminish; diminishment; diminution
ཡོངས་སུ་འགྲོལ་བ			become completely free; be thoroughly liberated
ཡོངས་སུ་འགྲུབ་པ			thoroughly establish; thoroughly established
ཡོངས་སུ་འགྱུར་བ			thoroughly transform; change; transformation; evolution
ཡོངས་སུ་འགྱུར་བའི་ཉན་ཐོས་པ			hearer who is changeable
ཡོངས་སུ་འཚལ་བ			(thoroughly) seek; (thoroughly) want; ask; beseech; desire
ཡོངས་སུ་འཚོལ་བ			thoroughly seek/investigate/examine/research/look for
ཡོངས་སུ་བླངས			(thoroughly) adopt; (thoroughly) assume; (thoroughly) take up; take; receive
ཡོངས་སུ་བརྗོད			(thoroughly) express; state; expression; (thoroughly) say
ཡོངས་སུ་བརྗོད་པ			(thoroughly) express; state; expression; (thoroughly) say
ཡོངས་སུ་བརྗོད་པའི་ཚུལ་གྱིས			through the mode of expression; by way of (thoroughly) expressing
ཡོངས་སུ་བརླན་པ			thoroughly wet
ཡོངས་སུ་བརྟག			(thoroughly) analyze; (thoroughly) investigate
ཡོངས་སུ་བརྟག་པ་བཟུང			(thoroughly) analyze; (thoroughly) investigate
ཡོངས་སུ་བརྟགས་པ			thoroughly analyze/investigate
ཡོངས་སུ་བརྟོག་པ			thought; conceptual consciousness; think; (thoroughly) conceive
ཡོངས་སུ་བསམས་པ			think; thought
ཡོངས་སུ་བསྡུ་བ			(thoroughly) collect; (thoroughly) include; (thoroughly) abridge
ཡོངས་སུ་བསྒོམས་པ			thoroughly cultivate/meditate
ཡོངས་སུ་བསྒོས་ནས			having thoroughly infused/deposited
ཡོངས་སུ་བསྒོས་པ			thoroughly infused/deposited
ཡོངས་སུ་བསྒྲགས			widely known; widely renowned
ཡོངས་སུ་བསྒྲགས་ནས			widely known; widely renowned
ཡོངས་སུ་བསྒྲགས་པ			widely known; widely renowned
ཡོངས་སུ་བསྒྲུབ་པ			thoroughly establish; thoroughly established
ཡོངས་སུ་བསྐོར			thoroughly encircle/surround/revolve/circumambulate/turn round/turn [a wheel]
ཡོངས་སུ་བསྐོར་བ			thoroughly encircle/surround/revolve/circumambulate/turn round/turn [a wheel]
ཡོངས་སུ་བསྐོར་བར་གྱུར་པ			thoroughly encircle/surround/revolve/circumambulate/turn round/turn [a wheel]
ཡོངས་སུ་བསྐྱབ			defend; protect; help; rescue; save
ཡོངས་སུ་བསྐྱབ་པ			defend; protect; help; rescue; save
ཡོངས་སུ་བསྐྱབ་པར་བྱའོ			one should protect; one should defend
ཡོངས་སུ་བསླང			thoroughly not ask/beg/collect/gather/raise/inspire/excite/arouse/cause to rise/urge on
ཡོངས་སུ་བསྔོ			(thoroughly) dedicate
ཡོངས་སུ་བསྔོ་བ			thorough dedication; (thoroughly) dedicate
ཡོངས་སུ་བསྔོ་བར་བྱ			(thoroughly) dedicate
ཡོངས་སུ་བསྔོ་བར་བྱེད			(thoroughly) dedicate
ཡོངས་སུ་བསྔོས་པ			(thoroughly) dedicate
ཡོངས་སུ་བསྔོས་པ་ཡིན			is (thoroughly) dedicated
ཡོངས་སུ་བསྔོས་པར་ཆུད་ཡིན			is (thoroughly) dedicated
ཡོངས་སུ་བསྔོས་པས			through (thoroughly) dedicating
ཡོངས་སུ་བསྲུང་བ			thoroughly protect/guard/keep/maintain/preserve/safeguard [e.g., vows and pledges]
ཡོངས་སུ་བསྲུངས་པ			thoroughly protect/guard/keep/maintain/preserve/safeguard [e.g., vows and pledges]
ཡོངས་སུ་བསྟན			(thoroughly) indicate; (thoroughly) teach
ཡོངས་སུ་བསྟན་པ			(thoroughly) indicate; (thoroughly) teach
ཡོངས་སུ་བཏང་བ			thoroughly give/give up/send/let go/renounce
ཡོངས་སུ་བཏང་བར་འགྱུར			thoroughly give/give up/send/let go/renounce
ཡོངས་སུ་བཏང་བར་བྱ་བ			thoroughly give/give up/send/let go/renounce
ཡོངས་སུ་བཏང་བར་བྱའོ			should/will thoroughly give/give up/send/let go/renounce
ཡོངས་སུ་བཙལ			(thoroughly) search; (thoroughly) seek
ཡོངས་སུ་བཙལ་བར			(thoroughly) search; (thoroughly) seek
ཡོངས་སུ་བྱང་བ			(thoroughly) purified; (thoroughly) purify; (thorough) purity
ཡོངས་སུ་བཟུང་བ			thorough sustenance; (thoroughly) apprehend; (thoroughly) grasp; (thoroughly) hold; (thoroughly) conceive
ཡོངས་སུ་བཟུང་བ་མེད་པ			not apprehend; non-apprehension; not grasp; not hold; not conceive; non-conception
ཡོངས་སུ་ཆད་པ			thoroughly cut off; thorough  annihilation
ཡོངས་སུ་ཆད་པ་མེད			not cut off; non-annihilation
ཡོངས་སུ་དག་འགྱུར			(thoroughly) purify; (thorougly) purified
ཡོངས་སུ་དག་པ			purifying; thoroughly pure; (thoroughly) purify; (thorougly) purified; (thorough) purity; thorough purity
ཡོངས་སུ་དག་པ་དང་རྣམ་པར་དག་པ			thorough purity and purity  (T)
ཡོངས་སུ་དག་པའི་ཁྱད་པར			feature of thorough purity  (T)
ཡོངས་སུ་དག་པའི་ས་པ			one on the ground of thorough purity  (T)
ཡོངས་སུ་དག་པར་འགྱུར་བ			(thoroughly) purify; (thoroughly) purified
ཡོངས་སུ་དག་པར་བྱ་བ			object of (thorough) purification; (thoroughly) purify; (thoroughly) purified
ཡོངས་སུ་དག་པར་བྱེད་པ			(thoroughly) purify; (thoroughly) purified
ཡོངས་སུ་དགྲོལ			thoroughly liberate; thoroughly release; thoroughly loosen
ཡོངས་སུ་དགྲོལ་བ			thoroughly liberate; thoroughly release; thoroughly loosen
ཡོངས་སུ་དཔྱོད་པ			(thoroughly) investigate; thorough investigation; (thoroughly) examine; discrimination
ཡོངས་སུ་དྲིས་པ			question; ask
ཡོངས་སུ་དུལ་བ			(thoroughly) discipline; (thorough) disciplining; (thoroughly) tame
ཡོངས་སུ་དུལ་བར་བྱེད			(thoroughly) discipline; (thorough) disciplining; (thoroughly) tame
ཡོངས་སུ་གཡོ་བ			(thoroughly) move; (thoroughly) fluctuate; (thoroughly) remove
ཡོངས་སུ་གཅོད			(thoroughly) cut; (thoroughly) decide; (thoroughly) eliminate
ཡོངས་སུ་གཅོད་པ་བྱེད་པ			(thoroughly) cut; (thoroughly) decide; (thoroughly) eliminate
ཡོངས་སུ་གདུང་བ			(thoroughly) torment; (thorough) mortification; be (thoroughly) tormented; be scorched; desire; long for
ཡོངས་སུ་གདུང་བ་མེད་པ			non-torment; non-mortification; not tormented; not scorched; non-desire; not long for
ཡོངས་སུ་གནས་པ			(thoroughly) abide; (complete) abode
ཡོངས་སུ་གོམས་པ			thoroughly cultivate; meditate
ཡོངས་སུ་གྲགས་པ			widely known; widely renowned
ཡོངས་སུ་གྲོལ་བ			thoroughly liberate; thoroughly release(d); thoroughly loosen(ed)
ཡོངས་སུ་གྲོལ་བར་འགྱུར་རོ			thoroughly liberate; thoroughly release; thoroughly loosen
ཡོངས་སུ་གྲོལ་བར་བྱེད་དེ			thoroughly liberate; thoroughly release; thoroughly loosen
ཡོངས་སུ་གྲུབ			thoroughly established
ཡོངས་སུ་གྲུབ་པ			thoroughly established
ཡོངས་སུ་གྲུབ་པའི་མཚན་ཉིད			the thoroughly established character
༅ཡོངས་སུ་གྲུབ་པའི་ངོ་བོ་ཉིད༏་ཡོངས་སུ་གྲུབ་པའི་རང་བཞིན			thoroughly established nature
༅ཡོངས་སུ་གྲུབ་པའི་ངོ་བོ་ཉིད། ཡོངས་སུ་གྲུབ་པའི་རང་བཞིན			thoroughly established nature; thoroughly established entityness
ཡོངས་སུ་གྲུབ་པའི་རང་བཞིན			thoroughly established nature
ཡོངས་སུ་གསལ་བར་བྱས			serve to clarify knowledge
ཡོངས་སུ་གཏད་པ			bestowal; entrusting; favors; favored
ཡོངས་སུ་གཏང་བ			(thoroughly) send; (thoroughly)  give away; (thoroughly) let loose
ཡོངས་སུ་གཏང་བ་མེད་པ			not give away; not send; not let loose
ཡོངས་སུ་གཏང་བར་བྱའོ			thoroughly give; treat; cast away; send; let go; give away; let loose; play [an instrument]
ཡོངས་སུ་གཏོང			thoroughly give/treat/cast away/send/renounce
ཡོངས་སུ་གཏོང་བ			thoroughly give/treat/cast away/send/renounce
ཡོངས་སུ་གཏོང་བར་བྱེད་དོ			thoroughly give/treat/cast away/send/renounce
ཡོངས་སུ་གཏུགས་པ			finalization
ཡོངས་སུ་གྱུར་པ			(thoroughly) change; (thoroughly) transform
ཡོངས་སུ་གཟུང			(thoroughly) apprehend; (completely) identify
ཡོངས་སུ་གཟུང་བ			(thoroughly) apprehend; (completely) identify
ཡོངས་སུ་གཟུང་བ་མེད་པ			not apprehend; non-identification
ཡོངས་སུ་ཁེབས་པ			thoroughly covered/enveloped
ཡོངས་སུ་ལེན་པ			(thoroughly) appropriate; (thoroughly) take; obtain
ཡོངས་སུ་ལོངས			(thoroughly) appropriate; obtain; accept
ཡོངས་སུ་ལོངས་སྤྱད་པ			(thorough) enjoyment; resources
ཡོངས་སུ་ལོངས་སྤྱོད་པ			(thorough) enjoyment; resources
ཡོངས་སུ་ལྟུང་བས			completely fallen into
ཡོངས་སུ་མ་བཏང་བ			not thoroughly give/give up/send/let go/renounce
ཡོངས་སུ་མ་བྱང་བ			not completely pure; not purified
ཡོངས་སུ་མ་བཟུང			not apprehend; not grasp; not hold; not conceive
ཡོངས་སུ་མ་དག་པ			not thoroughly pure; not pure
ཡོངས་སུ་མ་གྲུབ་པ			thoroughly non-established; not thoroughly established
ཡོངས་སུ་མ་ཉམས་པ			non-degenerate; not corrupted  (T)
ཡོངས་སུ་མ་རྫོགས་པ			not complete; imperfect; not perfect
ཡོངས་སུ་མ་ཤེས་པ་ཡོངས་སུ་ཤེས་པར་བྱ་བའི་དབང་པོ			the power which cognizes what is not yet cognized
ཡོངས་སུ་མ་སྨིན་པ			not (thoroughly) matured; not (thoroughly) ripened; immature
ཡོངས་སུ་མ་ཞེན་པ			nonattachment
ཡོངས་སུ་མི་གཏོང་བ			not thoroughly give/treat/cast away/send/renounce
ཡོངས་སུ་མི་ངལ			non-fatigue; non-weariness
ཡོངས་སུ་མི་ཉམས་པའི་ཆོས་ཅན			non-degenerated subject; thoroughly undefiled subject
ཡོངས་སུ་མི་ཤེས			non-consciousness; not cognize
ཡོངས་སུ་མི་སྐྱོ			non-aversion; not averse
ཡོངས་སུ་མཁྱེན་པ			thoroughly know; complete exalted knower
ཡོངས་སུ་མྱ་ངན་ལས་འདའ་བ			parinirvāṇa; thoroughly passed beyond sorrow; thorough passing beyond sorrow
ཡོངས་སུ་མྱ་ངན་ལས་འདས་བྱ་བ			thoroughly passed beyond sorrow; thorough passing beyond sorrow
ཡོངས་སུ་མྱ་ངན་ལས་འདས་པ			parinirvāṇa; thoroughly passed beyond sorrow; thorough passing beyond sorrow
ཡོངས་སུ་མྱ་ངན་ལས་མི་འདའ་བའི་ཆོས་ཅན			a subject that has not thoroughly passed beyond sorrow  (T)
ཡོངས་སུ་མྱ་ངན་ལས་ཟློག་པ			thoroughly turned away from sorrow; thoroughly reversed from sorrow  (T)
ཡོངས་སུ་ངལ་བ			wearying
ཡོངས་སུ་ངེས་པ			(thoroughly) ascertain; (thorough) ascertainment; very definite; (thoroughly) determine
ཡོངས་སུ་ཉམས			(thoroughly) degenerated; (thoroughly) spoiled; (thoroughly) corrupted
ཡོངས་སུ་ཉམས་པ			(thoroughly) degenerated; (thoroughly) spoiled; (thoroughly) corrupted
ཡོངས་སུ་ཉམས་པར་འགྱུར			(thoroughly) degenerated; (thoroughly) spoiled; (thoroughly) corrupted
ཡོངས་སུ་ཉམས་པར་འགྱུར་བ			(thoroughly) degenerated; (thoroughly) spoiled; (thoroughly) corrupted
ཡོངས་སུ་རྫོགས་པ			[thorough-ly-finished]; full complement; completely perfected; thoroughly finished/complete
ཡོངས་སུ་རྫོགས་པའི་རྐྱེན			condition of thorough completion; condition of complete perfection
ཡོངས་སུ་རྫོགས་པའི་ཚུལ་ཁྲིམས			thoroughly perfect/complete ethics
ཡོངས་སུ་རྫོགས་པར་བྱ་བ			thorough perfection/completion
ཡོངས་སུ་རྫོགས་པར་བྱ་བའི་དོན			object/meaning of thorough perfection/completion
ཡོངས་སུ་རྫོགས་པར་བྱེད་པ			completely perfect; thoroughly finish
ཡོངས་སུ་རྫོགས་པར་གྱུར་ཅིག			may it become complete/completely perfect
ཡོངས་སུ་རྒྱས			thoroughly extend; increase; thoroughly fill; spread
ཡོངས་སུ་རྒྱས་པ			thoroughly extend; very extensive; increase; thoroughly fill; spread
ཡོངས་སུ་རྟོག་པ			thought; conceptual thought; conceptual consciousness; impute; imputation
ཡོངས་སུ་རྟོག་པ་མ་མཆིས་པ			no conceptual thought; no conceptual consciousness; not impute; non-imputation
ཡོངས་སུ་རྟོགས་པ			(thoroughly) realize; (thoroughly) cognize; (thoroughly) understand; (thoroughly) cognize
ཡོངས་སུ་སྦྱང་བ་བགྱིས			thoroughly purify/wash/practice/train/cleanse/clean
ཡོངས་སུ་སྦྱང་བ་བྱས་པ			thoroughly purified/washed/practiced/trained/cleansed/cleaned
ཡོངས་སུ་སྦྱང་བར་བྱ			will/should thoroughly thoroughly purify/wash/practice/train/cleanse/clean
ཡོངས་སུ་སྦྱང་པ			thoroughly purify/wash/practice/train/cleanse/clean
ཡོངས་སུ་སྦྱངས་པ			thoroughly purify/wash/practice/train/cleanse/clean
ཡོངས་སུ་སྦྱངས་པ་བྱས་པའི་རྣལ་འབྱོར			yoga of someone who is practiced
ཡོངས་སུ་སྦྱོང་བ			thorough purification/cleansing/washing/practicing/training/cleaning
ཡོངས་སུ་སྦྱོར་བ			thoroughly join/connect/apply/exert
ཡོངས་སུ་སྡུད་པ			(thoroughly) collect; (thoroughly) include; (thoroughly) abridge
ཡོངས་སུ་སྡུད་པར་འགྱུར་རོ			(thoroughly) collect; (thoroughly) include; (thoroughly) abridge
ཡོངས་སུ་སྡུད་པར་བྱེད			(thoroughly) collect; (thoroughly) include; (thoroughly) abridge
ཡོངས་སུ་སྒོམ་པ			(thoroughly) cultivate; meditate
ཡོངས་སུ་སྒྲོགས་པའི་ཚུལ་གྱིས			through the mode of (thoroughly) proclaiming/declaring
ཡོངས་སུ་སྒྲུབ་པ			thoroughly establish; thoroughly established
ཡོངས་སུ་སྒྱུར་བ			change; completely/thoroughly change/transform/affect/control
ཡོངས་སུ་སྒྱུར་བར་བྱེད་པ			completely/thoroughly change/transform/affect/control; that which completely/thoroughly changes/transforms/affects/controls; cause to completely/thoroughly change/transform/affect/control
ཡོངས་སུ་ཤེས			knowledge; thorough knowledge; (thoroughly) cognize
ཡོངས་སུ་ཤེས་གྱུར་པ			know; thoroughly know; (thoroughly) cognize
ཡོངས་སུ་ཤེས་པ			knowledge; thorough knowledge; (thoroughly) cognize; thorough knowledges
ཡོངས་སུ་ཤེས་པའི་འབྲས་བུ			fruit of knowledge
ཡོངས་སུ་ཤེས་པར་བྱ			should thoroughly know  (T)
ཡོངས་སུ་ཤེས་པར་བྱ་བ			object of thorough knowledge
ཡོངས་སུ་སྐྱོ་བ			thorough aversion; completely averse
ཡོངས་སུ་སྐྱོ་བ་མེད་པ			non-aversion; non-averse
ཡོངས་སུ་སྐྱོབ་པ			protect; guard
ཡོངས་སུ་སྐྱོབས་པ			protect; guard
ཡོངས་སུ་སྐྱོང་བ			guard; keep; sustain; protect
ཡོངས་སུ་སྨིན་བྱ			thoroughly ripen; thoroughly mature
ཡོངས་སུ་སྨིན་པ			thoroughly ripened; thoroughly matured
ཡོངས་སུ་སྨིན་པའི་མཚན			sign of thorough ripening
ཡོངས་སུ་སྨིན་པར་འགྱུར་བ			thoroughly ripen; thoroughly mature
ཡོངས་སུ་སྨིན་པར་བྱ་བ			object of thorough ripening; thoroughly ripen; thoroughly mature
ཡོངས་སུ་སྨིན་པར་བྱེད			thoroughly ripen; thoroughly mature
ཡོངས་སུ་སྨིན་པར་བྱེད་པ			thoroughly ripen; thoroughly mature
ཡོངས་སུ་སྨིན་པར་བྱེད་པ་བྱ་བ			thoroughly ripen; thoroughly mature
ཡོངས་སུ་སྨིན་པར་གྱུར་ནས			having thoroughly ripened
ཡོངས་སུ་སྨིན་པར་མཛད་པ			thoroughly ripen; thoroughly mature
ཡོངས་སུ་སྨིན་པར་རུང་བར་བྱ་བ			suitable as thoroughly ripened
ཡོངས་སུ་སྣང་བ			appear; appearance
ཡོངས་སུ་སྤང་བ			(thoroughly) abandon; (thorough) abandonment
ཡོངས་སུ་སྤང་བའི་ཐབས			method of thorough abandonment
ཡོངས་སུ་སྤང་བར་བྱ་བ			object of thorough abandonment; thoroughly abandon
ཡོངས་སུ་སྤངས			(thoroughly) abandon; (thorough) abandonment
ཡོངས་སུ་སྤངས་པ			(thoroughly) abandon; (thorough) abandonment
ཡོངས་སུ་སྤོང			(thoroughly) abandon; (thorough) abandonment
ཡོངས་སུ་སྤོང་བ			(thoroughly) abandon; (thorough) abandonment
ཡོངས་སུ་སྤྱད			(thoroughly) practice; (thoroughly) enjoy; (thoroughly) make use of; perform
ཡོངས་སུ་སྤྱད་པ			(thoroughly) practice; (thoroughly) enjoy; (thoroughly) make use of; perform
ཡོངས་སུ་སྤྱོད			(thoroughly) enjoy; (thoroughly) make use of; (thoroughly) practice; (thoroughly) act out; perform; deeds; performance; practice(s)
ཡོངས་སུ་སྤྱོད་པ			(thoroughly) enjoy; (thoroughly) make use of; (thoroughly) practice; (thoroughly) act out; perform; deeds; performance; practice(s)
ཡོངས་སུ་སྟོན			(thoroughly) teach; (thoroughly) indicate
ཡོངས་སུ་སྟོན་པ			(thoroughly) teach; (thoroughly) indicate
ཡོངས་སུ་སྟོན་ཕྱིར			(thoroughly) teach; (thoroughly) indicate
ཡོངས་སུ་ཐར་པར་བྱའོ			one should (thoroughly) release; one should (thoroughly) liberate(d)
ཡོངས་སུ་ཚོལ			thoroughly seek/investigate/examine/research/look for
ཡོངས་སུ་ཚོལ་བ			thorough examination; thoroughly seek; thoroughly investigate; thoroughly examine; thoroughly research; thoroughly look for
ཡོངས་སུ་ཟད་པ			(thoroughly) use up; (thoroughly) exhaust; (thorough) extinction
ཡོངས་སུ་ཞེན་པ			attachment
ཡོངས་སུ་ཞུ			ask; question
ཡོངས་སུ་ཟིན་པ			(thoroughly) conjoined with; (thoroughly) affected by; (thoroughly) grasp; (thoroughly) hold
ཡོངས་ཞུས་པ			offer; receive; ask; request
ཡོངས་ཟིན			to be done with; conjoined with; affected by; grasp; hold; conjoin with
ཡོངས་ཟིན་པ			to be done with; conjoined with; affected by; grasp; hold; conjoin with
ཡུ་བ			stem; stick; handle
ཡུད			1/30th of a day; moment
ཡུད་ཙམ			1/30th of a day; moment
ཡུད་ཙམ་ཞིག			1/30th of a day; moment
ཡུལ			object; place; area(BJ 28.2); sphere; objects of operation; sense objects
ཡུལ་འཁོར་སྐྱོང་མདོ			Sūtra of the Questions of Raṣṭapala
ཡུལ་བྷ་ར་ཎ་ཞི			(in the area of) Vāraṇasī, modern-day Benares
ཡུལ་ཅན			object possessor; subjective [i.e. a mind]; object-possessor
ཡུལ་ཅན་དོན་དམ			subjective ultimate(N)
ཡུལ་ཅན་དོན་དམ་དངོས			actual subjective ultimate(N)
ཡུལ་ཅན་གྱི་དགག་བྱ			object of negation of an object-possessor [i.e. a mind; these are necessarily existent]
ཡུལ་ཅན་གྱི་ལྟ་བ			subjective view
ཡུལ་ཅན་མཐུན་པའི་དོན་དམ			concordant subjective ultimate(N)
ཡུལ་ཅན་རྣམ་གྲངས་པའི་དོན་དམ			non-metaphoric subjective ultimate
ཡུལ་ཆུང་བ			small object
ཡུལ་དང་དུས			direction and time
ཡུལ་དབང་འཕྲད			meeting of sense power and object(LG)
ཡུལ་དེ་གཉིས་སྣང་གི་རྣམ་པར་འཆར་བ			object appearing in the aspect of dualistic appearance; an object's appearing in the aspect of dualistic appearance
ཡུལ་དེ་ཉིད་ན་གནས་པའི་འདུ་བྱེད			discrimination which abides in that very object (T)
ཡུལ་དོན་དམ			objective ultimate(N)
ཡུལ་དུརག			six objects
ཡུལ་གང་དུ			in whatever direction; in which direction
ཡུལ་གྱི་དགག་བྱ			objective object of negation
ཡུལ་གྱི་ལྟ་བ			objective view
ཡུལ་གྱི་སྒོ་ནས			from the viewpoint of the place; from the viewpoint of the object  (T)
ཡུལ་གྱི་སྐྱེ་མཆེད			object-source
ཡུལ་གྱི་སྟེང་ནས་གྲུབ་པ			objective establishment; establishment right with the object; objective existence
ཡུལ་གཞན་དུ་འགྲོ་བ			go to another place
ཡུལ་གཞན་དུ་འཕོ་བ			move to another place  (T)
ཡུལ་གཞན་དུ་ཕྱིན་པ			go to another place
ཡུལ་གཞན་ན་གནས་པ			abide in another place
ཡུལ་ལ་ལར			in some places
ཡུལ་མེད			objectless; non-object; non-place
ཡུལ་མི་མེད་པ			not objectless
ཡུལ་མཐུན་པའི་དོན་དམ			concordant objective ultimate(N)
ཡུལ་ན་གནས་པ			abide in an object; abide in a place
ཡུལ་ངེས			determining [mental] factor; determining factor
ཡུལ་ངེས་པ			limited place
ཡུལ་ཕྱོགས			[area-direction]; region
ཡུལ་རྣམ			object aspect
ཡུལ་རྣམ་གྲངས་མ་ཡིན་པའི་དོན་དམ			non-metaphoric objective ultimate(N)
ཡུལ་རྣམ་གྲངས་པའི་དོན་དམ			metaphoric objective ultimate(N)
ཡུལ་རྣམས་ལ་མ་ཆགས་པའི་ལམ			path of non-attachment to obejcts
ཡུལ་རྟོགས་མཁན			consciousness realizing an object; realizers of their objects
ཡུལ་ཤེས་པ			object consciousness; consciousness of a place
ཡུལ་སོ་སོ་ངེས་པ			determining [mental] factor
ཡུལ་སྟེང་ནས			objectively
ཡུལ་སྟེང་ནས་གྲུབ་པ			objective establishment; establishment from within the object; objective existence
ཡུལ་ཐོབ་པར་བྱ་བའི་ཕྱིར			through obtaining an object
ཡུལ་ཡོན་ཏན་ལྡན			having other qualities
༅ཡུལ༏་དོན			object
ཡུམ			mother
ཡུམ་གྱི་ལྷུམས་སུ་འཇུག་པ			enter into mother's womb
ཡུམ་རྒྱས་འབྲིང་བསྡུས			extensive, middling, and condensed mothers [i.e., Perfection of Wisdom Sūtras]
ཡུན			duration; period
ཡུན་རིང			[period-long]; long time; long duration
ཡུན་རིང་བར			for a long time
ཡུན་རིང་དུ			for a long time
ཡུན་རིང་དུ་གནས་པར་བྱ་བ			abiding for a long time
ཡུན་རིང་མོ			for a long time; long time; long duration
ཡུན་རིང་མོ་ཞིག			for a long time; long time; long duration
ཡུན་རིང་པོ			long time; long duration
ཡུན་རིང་པོ་ནས			for a long time
ཡུན་རིང་པོར་གནས་པར་གྱིས་ཤིག			abide for a long time
ཡུན་རིང་པོར་ནས			for a long time
ཡུན་ཙང			period of time(Gön-chok); length of time; duration
ཡུངས་འབྲ			mustard seed
ཟ			food; to eat
ཟ་བ			eat; food
ཟ་བ་པོ			eater
ཟ་ཁང			[food-house]; restaurant
ཟ་མ			androgynous; neuter; neuter person
ཟའོ			food; to eat
ཟབ			deep; profound
ཟབ་བོ			profound; deep
ཟབ་ཅིང་རྒྱ་ཆེ་བ			profound and extensive; (T) the profound and the vast
ཟབ་ཅིང་རྒྱ་ཆེ་བ་ལེགས་པར་བཤད་པའི་ཆོས			profound and extensive well explained doctrines
ཟབ་ཅིང་རྒྱ་ཆེ་བའི་ཆོས			profound and extensive doctrines; profound and extensive phenomena
ཟབ་ཅིང་རྒྱ་ཆེ་བའི་མཚན་ཉིད			profound and extensive character
ཟབ་ཅིང་རྒྱ་ཆེ་ལེགས་པར་བཤད་པའི་ཆོས			profound and extensive well explained doctrines
ཟབ་ཅིང་རྒྱ་ཆེ་ཐོས་པ			profound and extensive hearing
ཟབ་ཅིང་རྒྱ་ཆེར་བཤད་པ			profound and extensive explanation
ཟབ་དོན			the profound meaning
ཟབ་གསལ་གཉིས་མེད			non-duality of profound and manifest
ཟབ་གསལ་གཉིས་མེད་ཀྱི་རྣལ་འབྱོར			yoga of the non-duality of the profound and the manifest
ཟབ་མོ			deep; profound
ཟབ་ཉིད			just profound; profundity; depth
ཟབ་པ			deep; profound
ཟབ་པ་ཉིད			more profound; profundity; depth
ཟབ་པོ			profound; profundity; deep; depth
ཟད			use up; exhaust; consume; subsume; extinction; removal; exhaustion; used up; exhausted; extinct; extinguished; consumed; subsumed; [with negative:] not only; inexhaustible
ཟད་འགྱུར			use up; exhaust; consume; subsume; extinguish
ཟད་མེད			non-extinction; non-exhaustion; not used up
ཟད་མི་ཤེས			non-extinction; not exhausted; not used up
ཟད་མི་ཤེས་པ			non-extinction; not exhausted; not used up
ཟད་མི་ཤེས་པ་དམ་པ			ultimate non-extinction
ཟད་པ			use up; exhaust; consume; subsume; extinguish; exhaust; extinction; removal; exhaustion; used up; exhausted; extinct; extinguished; consumed; subsumed[with negative:] not only; inexhaustible
ཟད་པ་དང་བྲལ་བ			free from extinction
ཟད་པ་མེད་པ			non-extinction; inexhaustible; not exhausted; not used up; not consumed
ཟད་པ་ཤེས་པ			knowledge of extinction  (T)
ཟད་པར་འགྱུར			become extinct; extinguish; use up; become exhausted; exhaust; consume
ཟད་པར་འགྱུར་བ			become extinct; extinguish; use up; become exhausted; exhaust; consume
ཟད་པར་བཅུ			ten totalities
ཟད་པར་བཅུའི་བདག་ཉིད			entities of the ten totalities
ཟད་པར་བྱ་བ			object of extinction; use up; exhaust; consume; subsume; extinguish
ཟད་པར་སྟོན་པ			teach exhaustively  (T)
ཟད་པས་འཇིགས་པ་མེད་པ			unafraid of extinction
ཟད་ཤེས			extinguish; use up; extinction; exhaust; cognize extinction
ཟད་ཤེས་པ			extinguish; use up; extinction; exhaust; cognize extinction; cognition of extinction
ཟག་བཅས			[contamaination-having]; contaminated; tainted; contaminated thing
ཟག་བཅས་ཀྱི་ལས			contaminated action
ཟག་བཅས་པ			contaminated(D2); contaminated thing
ཟག་བཅས་སྒོམ་ལམ			contaminated path of meditation
ཟག་བཅས་ཐམས་ཅད་སྡུག་བསྔལ་བ			all contaminated things are miserable
ཟག་མེད			[contamination-not-exist]; uncontaminated; non-contaminated; untainted; non-polluted
ཟག་མེད་བདེན་པའི་རྣམ་ཅན་གྱི་ལམ			path having the uncontaminated truths as its aspect
ཟག་མེད་དབྱིངས			uncontaminated realm
ཟག་མེད་ཀྱི་ལས			uncontaminated actions
ཟག་མེད་སྒོམ་ལམ			uncontaminated path of meditation
ཟག་པ			contamination
ཟག་པ་བཅས་པ			[contamination-having]; contaminated; contaminated thing
ཟག་པ་དང་བཅས་པ			[contamination-having]; contaminated; contaminated thing
ཟག་པ་དང་བཅས་པའི་དག་པ			purification of contamination
ཟག་པ་དང་བཅས་པའི་དངོས་པོ			contaminated thing
ཟག་པ་མེད			uncontaminated
ཟག་པ་མེད་ཆོས			uncontaminated phenomenon
ཟག་པ་མེད་པ			uncontaminated
ཟག་པ་མེད་པའི་དབྱིངས			uncontaminated realm
ཟག་པ་ཟད་པ			extinction of contamination; extinguished contamination
ཟག་པ་ཟད་པ་ཉིད			extinction of contamination
ཟག་པར་ཟད			extinction of contamination
ཟག་ཟད་ཀྱི་མངོན་ཤེས			clairvoyance knowing that all defilements have been extinguished
ཟམ་པ			bridge
ཟམ་པ་ལྟ་བུར་འགྱུར་བར་བྱ་བ་ཡིན			like a bridge; bridge-like; is like a bridge
ཟམ་པར་གྱུར་པ			is a bridge; which is a bridge
ཟང་ཐལ			unhindered
ཟང་ཟིང			material things; things; objects; disarranged; confused; various things
ཟང་ཟིང་ཅུང་ཟད་ཙམ་འདོད			desire mere small things
ཟང་ཟིང་ལ་ཆགས་པ			attachment to things; attachment to objects
ཟང་ཟིང་ལྷུར་བྱེད			intent on things; intent on objects
ཟང་ཟིང་མེད་པ			non-object; not disarranged; unconfused; non-thing
ཟངས			copper; brass
ཟངས་བུམ			a copper pot
ཟངས་ལྟར་དམར་པོ			a microscopic organism/parasite called "red like copper"
ཟངས་མདོག			copper-colored; brass-colored
ཟར་མ			a type of bean
ཟས			food; sustenance; nourishment
ཟས་བྱིན་པ			give food; giving food
ཟས་བཞི			the four foods; the four sustenances
ཟས་ལ་འདོད་བྱེད			desire food
ཟེར			say; ray; beam; shaft of light
ཟེར་པ			say; ray; beam; shaft of light
ཞ་ལུ			Sha-lu
ཞ་སྨྱུག			pencil
ཞབས			foot; foot (hon.); feet; base; honorable
ཞབས་འབུར་མི་མངོན			inconspicuous ankles
ཞབས་བསྡོལ			having a hole in the bottom; bottomless
ཞབས་ཀྱི་མཐོ་བ			big toe
ཞབས་ཕྱི			servant(hon.)
ཞབས་རྡོལ་བ			bottomless; having a hole in the bottom
ཞག			day
ཞག་དང་ཉི་མ			a day and a night
ཞགས་པ			noose
ཞལ			face (hon.); presence; countenance; mouth
ཞལ་གྱིས་བཞེད			assert(LG 25.1)
ཞལ་ལུང			sacred word
ཞལ་པར			telephone (hon.)
ཞལ་སྦྱོར			face to face; in union
ཞལ་སྔ་ནས			presence; exalted presence; holy
ཞལ་ཏ			advice
ཞལ་ཏ་བ			steward
ཞལ་ཏའི་སྤྲིང་ཡིག			letter of advice
ཞར་བྱུང			ancillary
ཞེ་དང			hatred
ཞེ་དྲག			very
ཞེ་ལོག			[disposition-reverse]; revulsion; nausea
ཞེ་ན			if it is asked; if someone asks; if one adheres to ...(BJ 21.3)
ཞེ་སྡང			[disposition-hate];hatred; anger; rage
ཞེ་སྡང་བསྐྱེད			generate anger; generate hatred
ཞེ་སྡང་མེད་པ			non-hatred
ཞེ་ཐག			the depths
ཞེན			adherence; determination; conception; attachment
ཞེན་གཞི			referent
ཞེན་པ			adherence; determination; conception; attachment
ཞེན་པ་མེད			non-adherence; non-conception
ཞེན་རིག			conceptual knower; determining knower; determinative knower
ཞེན་ས			thing conceived(BJ 81.1)
ཞེན་ཡུལ			conceived object; referent object; determining; determined object
ཞེར་འདེབས་པ			strike
ཞེས			thus; particle indicating quote
ཞེས་འབྱུང་བའི་ཕྱིར			because it says "..."  (T)
ཞེས་བགྱི			(quote indicator)
ཞེས་བྱ			quote indicator: thus
ཞེས་བྱ་བ			quote indicator: thus
ཞེས་བྱ་བའི་ཕྱིར			because it says "..."  (T)
ཞེས་བྱ་ན			quote indicator: thus
ཞེས་བྱའོ			quote indicator: thus
ཞེས་བྱར			quote indicator: thus
ཞེས་པ			quote indicator: thus
ཞེས་པ་བརྗོད་ནས			spoke thus:
ཞེས་ཟེར་པ			quote indicator
ཞི			be peaceful; be calm; peace; pacification
ཞི་འདོད			desire peace
ཞི་བ			pacification; quiescence; peace; be peaceful; be calm
ཞི་བ་འདོད་རྣམས			those who desire pacification
ཞི་བ་འཐོབ་པ			obtain pacification; attain peace
ཞི་བ་འཚོ			Śāntarakṣita [p.n.]
ཞི་བ་བགྲོད་པ་གཅིག་པུ་པའི་ཉན་ཐོས་པ			hearer who progresses solely to peace
ཞི་བ་དང་གཉེན་པོའི་དོན་ལྡན་པ			possessing pacification and the antidotal object ? (T)
ཞི་བ་ལྷ			Śāntideva [p.n.; the author of Engaging in the Bodhisattva Deeds (byang chub sems dpa'i spyod pa la 'jug pa) and the Compendium of Learnings (bslab pa kun las btus pa'i tshig le'ur byas pa)]
ཞི་བ་མཆོག་དང་ལྡན			having the supreme peace
ཞི་བ་མེད			non-pacification
ཞི་བ་ཕུན་སུམ་ཚོགས་པ			complete pacification; marvellous pacification
ཞི་བ་ཙམ་གྱི་ང་རྒྱལ			pride of mere pacification
ཞི་བའི་བློ་གྲོས			Śānta-mati [p.n.]
ཞི་བའི་བསམ་པས་ཟིན་པ			conjoined with peaceful thoughts; conjoined with the thought of pacification  (T)
ཞི་བའི་དོན			object of pacification; meaning of pacification
ཞི་བའི་ལས			pacifying activities
ཞི་བའི་རྣམ་པ			aspect of pacification
ཞི་བའི་སེམས			pacified mind; peaceful mind
ཞི་བར་འགྱུར			pacify; become peaceful; be calm
ཞི་བར་བྱ			pacify; be peaceful; be calm
ཞི་བར་བྱེད			pacifying
ཞི་བར་བྱེད་པ			pacifying
ཞི་བར་གནས་པ			calm abiding
ཞི་བར་ཞུགས་པ			engage in pacification
ཞི་བྱ་བ			pacifying; pacify; object of pacification
ཞི་བྱེད			pacifying
ཞི་དགའ			joy of pacification ? (T)
ཞི་གནས			calm abiding
ཞི་གནས་དང་ལྷག་མཐོང			calm abiding and special insight
ཞི་གནས་དང་ལྷག་མཐོང་གི་ས			the level of calm abiding and special insight
ཞི་གནས་དང་རབ་ཏུ་འཛིན་པ་དང་བཏང་སྙོམས་ཀྱི་རྒྱུ་མཚན			cause of calm abiding, apprehension, and equanimity
ཞི་གནས་ཀྱི་ཕྱོགས་དང་མཐུན་པ			concordance(s) with calm abiding
ཞི་གནས་ཀྱི་རྒྱུ་མཚན་ཡིད་ལ་བྱེད་པ			mental contemplation that is the cause of calm abiding
ཞི་གནས་ཀྱི་ཚོགས་སྒྲུབ			achieving through the collection of calm abiding
ཞི་གནས་ལ་སོགས་པའི་རྒྱུ་མཚན་གསུམ			the three causes of calm abiding, etc.
ཞི་གནས་ལམ			path of calm abiding
ཞི་གནས་ཙམ་གྱིས་མངོན་པའི་ང་རྒྱལ་བྱེད་པ			manifest pride due to mere calm abiding
ཞི་གནས་ཡིད་ལ་བྱེད་པ			mental contemplation of calm abiding
ཞི་ལ་རབ་ཏུ་ཞི་བ			peaceful; clear; calm
ཞི་ལྷག			calm abiding and special insight
ཞི་ལྷག་ཟུང་འབྲེལ			union of calm abiding and special insight
ཞི་ལྷག་ཟུང་འབྲེལ་གྱི་ཏིང་ངེ་འཛིན			a meditative stabilization that is a union of calm abiding and special insight
ཞི་མི			cat
ཞི་མཐའ			extreme of peace; extreme of solitary peace
ཞི་ཉིད			pacification; peacefullness; peace
ཞི་རགས			grossness-peacefulness
ཞི་རགས་རྣམ་ཅན			having the aspect of grossness; having the aspect of peacefulness
ཞི་རགས་རྣམ་ཅན་གྱི་ལམ			path having the aspect of grossness-peacefulness
ཞི་སྲིད་ཡོན་ཏན་སྐྱོན			the good qualities of pacification and the faults of existence (T)
ཞིབ་མོ			subtle; fine
ཞིབ་མོ་དཔྱད་ན			detailed analysis
ཞིབ་མོ་རྣམ་པར་འཐག་པ་ཞེས་བྱ་བའི་མདོ			Nāgārjuna's Treatise Called "The Finely Woven" (P. 5225, vol. 95)
ཞིབ་མོ་རྣམ་ཐག			Nāgārjuna's Treatise Called "The Finely Woven" (P. 5225, vol. 95)
ཞིབ་པར			detail; finely; in detail
ཞིབ་ཏུ			in detail
ཞིབ་ཏུ་དཔྱད			analyze in detail(BJ 48.5)
ཞིབ་ཏུ་མ་ཕྱེ་བར			without distinguishing in detail
ཞིག			(1) particle indicating "a" [often untranslatable]; (2) disintegrate; destroy; perish [past tense]
ཞིག་གྱུར			disintegrate; destroy; perish
ཞིག་པ			destroy; disintegrate; perish; disintegratedness
ཞིག་པར་འགྱུར			destroy; disintegrate; perish
ཞིམ			fragrant; pleasant smelling; pleasant tasting
ཞིམ་པ			fragrant; pleasant smelling; pleasant tasting
ཞིམ་པའི་དྲི་མི་མཉམ་པ			unequal fragrant odor
ཞིམ་པའི་དྲི་མཉམ་པ			equal fragrant odor
ཞིམ་པའི་ལྷན་སྐྱེས་ཀྱི་དྲི			fragrant natural odor
ཞིམ་པའི་སྦྱར་བྱུང་གི་དྲི			fragrant manufactured odor
ཞིམ་པོ			fragrant; pleasant smelling; pleasant tasting
ཞིང			(1) present and past participle; (2) field; ground; province; sphere; (3) connective particle; sometimes accompanying particle: and; or
ཞིང་བཀོད་པ			create/set/array a [Buddha] field
ཞིང་དག			pure land
ཞིང་དག་བླ་ན་མེད་པ			unsurpassed pure land
ཞིང་དག་སྦྱོར་བ			training in a pure land; training in purifying a land
ཞིང་ཀ			field (agricultural)
ཞིང་ནི་རྣམ་པར་དག་པ			pure land; purify a land
ཞིང་པ			farmer
ཞིང་རྣམ་པར་དག་པ			very pure land
ཞིང་སྦྱང			purify a land; purify a [Buddha] field
ཞིང་སྦྱོང			purify a land; purify a [Buddha] field
ཞིང་ཡོངས་སུ་དག་པ			pure land; pure [Buddha] field
ཞིང་ཡོངས་སུ་སྦྱོང་བ			thoroughly purify a land; thoroughly purify a [Buddha] field
ཞོ			yogurt
ཞོ་འཐུང			Sho-thung
ཞོ་ཤས་འཚོ་བ་དག			wage-earners (this may refer to paid soldiers)
ཞོག			posit
ཞོན་པ			mount; ride  (T)
ཞུ			1. offer; receive; question; ask a question; request; request and receive 2. melt; drip
ཞུ་བ			offer; receive; melt; digest; question; ask a question; asked; entreated
ཞུ་བ་ཞུས་པ			asked; entreated(S)
ཞུ་མར			lamp
ཞུག			enter; go into; engage
ཞུགས			enter; go into; approach
ཞུགས་གནས			approacher(s) and abider(s)
ཞུགས་མེ་མུ་ཟེ			match(hon.)
ཞུགས་ནས			having entered; having engaged in
ཞུགས་པ			approacher; enter; go into; approach; engage in
ཞུགས་པའི་གནས			level of an approacher  (T)
ཞུགས་པའི་སྒོམ་པ			meditation of an approacher (T)
ཞུགས་པར་གྱུར			enter; go into; approach; engage in
ཞུགས་ཏེ			having entered; having engaged in
ཞུམ			slackness; discouragement; become weak/timid/cowardly; flat
ཞུམ་མེད			not slack/discouraged/weak/timid/cowardly
ཞུམ་པ			slackness; become slack/weak/timid/cowardly
ཞུམ་པ་དང་རྒོད་པ			slackness and excitement
ཞུམ་པ་མེད་པ			non-slackness; non-discouragement
ཞུམ་པའི་གཉེན་པོ་ཏིང་ངེ་འཛིན་གྱི་རྣམ་པ་བསྒོམ་པ			meditate on the aspects of meditative stabilization as an antidote to slackness
ཞུམ་པའི་སེམས			discouraged/slack mind
ཞུམ་པའི་སེམས་མེད			non-discouraged/non-slack mind
ཞུམ་པར་འགྱུར			become/be slack/discouraged
ཞུམ་པར་བྱེད			make discouraged/slack/weak/timid/cowardly
ཞུམ་པར་གྱུར			is/became discouraged/slack/weak/timid/cowardly
ཞུན་མ			melted
ཞུས			offer; receive; ask; request; request and receive
ཞུས་པ			offer; receive; ask; request; request and receive
ཞྭ་མོ			hat
ཟིལ			magnificence
ཟིལ་གནོན			surpass; outshine
ཟིལ་གནོན་བརྒྱད			eight magnificences
ཟིལ་གྱིས་གནོན			surpass; outshine; suppress
ཟིལ་གྱིས་གནོན་པ			surpass; outshine; suppress; surpassed; outshined
ཟིལ་གྱིས་གནོན་པའི་སྐྱེ་མཆེད			source of surpassing
ཟིལ་གྱིས་མི་ནོན་པ			unsurpassed; not outshined; not surpass; not suppress
ཟིལ་གྱིས་མནམ་པར་བྱ་བ			surpass; outshine
ཟིལ་གྱིས་མནན			outshone
ཟིལ་གྱིས་ནོན་པ			surpass; outshine; suppress; surpassed; outshined
ཟིལ་གྱིས་ནོན་པར་འགྱུར			surpass; outshine; suppress
ཟིལ་གྱིས་ནོན་པར་གྱུར་པ			surpass; outshine; suppress; surpassed; outshined
ཟིལ་མནན			surpass; outshine
ཟིན			verb: to be done with; conjoined with; to be affected by; grasp; hold; supplement; conjoin with\n adv.: [past perfect indicator; particle indicating past (sometimes untranslatable)]; already [e.g.: gong du brjod zin, already explained above](LG 30.2)
ཟིན་པ			verb: to be done with; conjoined with; to be affected by; grasp; hold; supplement; conjoin with\n adv.: particle indicating past [sometimes untranslatable]: already\n adj.: conjoined(D1); apprehension
ཟིན་པའི་འབྱུང་བ་ལས་གྱུར་པའི་སེམས་ཅན་དུ་མི་སྟོན་པའི་སྒྲ་མི་སྙན་པ			unpleasant inarticulate sound caused by elements conjoined with consciousness
ཟིན་པའི་འབྱུང་བ་ལས་གྱུར་པའི་སེམས་ཅན་དུ་མི་སྟོན་པའི་སྒྲ་སྙན་པ			pleasant inarticulate sound caused by elements conjoined with consciousness
ཟིན་པའི་འབྱུང་བ་ལས་གྱུར་པའི་སེམས་ཅན་དུ་སྟོན་པའི་སྒྲ་མི་སྙན་པ			unpleasant articulate sound caused by elements conjoined with consciousness
ཟིན་པའི་འབྱུང་བ་ལས་གྱུར་པའི་སེམས་ཅན་དུ་སྟོན་པའི་སྒྲ་སྙན་པ			pleasant articulate sound caused by elements conjoined with consciousness
ཟིན་པའི་འབྱུང་བ་ལས་གྱུར་པའི་སྒྲ			sound arisen from elements not conjoined with consciousness
ཟླ			moon; month; object
ཟླ་བ			moon; month; object; monday
ཟླ་བ་དཁྱིལ་འཁོར			moon-maṇḍala; moon-disk
ཟླ་བ་གྲགས་པ			Candrakīrti [p.n.]
ཟླ་བ་ལྟ་བུའི་སེམས་བསྐྱེད			mind-generation like moon
ཟླ་བ་ཉ་བ་ལྟ་བུ			a previous moon, for example; like a previous moon
ཟླ་བ་ཕྱེད			half-moon
ཟླ་བ་ཞབས			the honorable Candrakīrti
ཟླ་བའི་གཟུགས་བརྙན			reflection of the moon
ཟླ་བོ			spouse
ཟླ་གཅིག་ཟླ་གཉིས་སུ་སྣང་བའི་དབང་ཤེས			a sense consciousness to which one moon appears as two moons
ཟློ			repeat; next
ཟློག			opposite; reverse; turn around
ཟློག་པ			opposite; reverse; turn around
ཟློག་པར་བྱེད་པ			opposite; reverse; turn around
ཟློག་ཕྱོགས			opposite class
ཟློས་པའི་བག་ཆགས			predispositions of verbal repetition
ཟློས་པའི་གར			dance; drama; emanation
ཟླུམ			round; spherical
ཟླུམ་པོ			round; spherical(D1)
ཟོ			eat; food
ཟོ་ཆུན་རྒྱུད			water wheel
ཟོས			eat [imperfect stem]; food
ཟོས་པ			eat [imperfect stem of za, to eat]; food
ཟུང			pair; two; side
ཟུང་འབྲེལ			[two-connect]; noun: unification; union\n verb: unify; unite
ཟུང་འབྲེལ་བ			[two-connect]; noun: unification; union\n verb: unify; unite
ཟུང་འཇུག			union
ཟུང་དུ			[side-ly]; separately
ཟུང་དུ་འབྲེལ་བ			[two-connect]; noun: unification; union\n verb: unify; unite
ཟུང་དུ་འབྲེལ་པ			union
ཟུངས			hold; bear; grasp; apprehend [imperfect stem of 'dzin]
ཟུར			corner; part
ཟུར་དུ			different from(BJ)
ཟུར་དུ་ཕྱེ་བ			to separate
ཟུར་གཉིས			the second part(BJ 66.6)
ཟུར་མཆན			separate annotations
ཟུར་སྔ་མ			the first part; the early part(BJ 22.1)
ཟུར་ཙམ་ཡང་མ་གསུངས			not even a phrase is said
འཛམ་བུ་གླིང			Jambudvīpa; the Indian subcontinent; the world
འགྱུར་ཕྱག			translator's homage
བསྙེལ་བ་མི་མངའ་བ			not endowed with forgetfulness/ not having forgetfulness
དགེ་བའི་བཤེས་གཉེན			[virtuous-friend]; spiritual guide; ge-shay; ge-she [a person who has completed the scholastic phase of monastic training]; geshe
དོགས་པ་ཁོང་སློང			hypothetical qualm
དེའི་ཚེ			correlative construction: when
གོ་རིམས་བཞིན་དུ			respectively
གནས་པ་དུས་མཉམ			established simultaneously, abide simultaneously, and disintegrate simultaneously
འཇིག་པ་དུས་མཉམ			established simultaneously, abide simultaneously, and disintegrate simultaneously
གཙོ་བོར་གྱུར་པ			mainly; chiefly; principally
གཞི་མཐུན་མི་སྲིད་པའི་ཆོས			phenomena (1) that are different and (2) a common locus is impossible
ཐ་སྙད			convention
ལྡེམ་དགོངས			intention; hidden intention; indirect intention
དོན་དམ་པར་དོན་བྱེད་ནུས་པ་ཡང་ཡིན་པའི་གཞི་མཐུན་པར་དམིགས་པ			an observed common locus between being an affirming negative other-eliminator and being ultimately able to perform a function
མགོ་སྨོས་པས་གོ་བ་མ་ཡིན་པ			understands through mentioning the beginning and does not understand through mentioning the beginning; those who...
མོས་པའི་སྒོམ་ལམ			[Great Vehicle] path of meditation of belief
ངོ་བོ་གཅིག་ལ་ལྡོག་པ་ཐ་དད་པ			one entity but different isolates
རང་འདྲེན་བྱེད་ཀྱི་རྣམ་གྲོལ་ལམ་རྫོགས་རྗེས་སུ་བྱུང་བའི་ཆ་ནས་བཞག་པའི་ཉན་ཐོས་ཀྱི་བདེན་པ་མངོན་རྟོགས			Hearer's clear realizer of truth which is posited from the viewpoint of: (1) being a Hearer's path of seeing which is neither an uninterrupted path nor a path of release of a Hearer's path of seeing; and (2) arises after the completion of the path of rele
ཕན་ཚུན་སྐྱེ་བ་ལ་གེགས་མི་བྱེད་པ་ཡང་ཡིན་པའི་གཞི་མཐུན་དུ་དམིགས་པ			observed as a common locus between different substantial entities [established at] the same time and does not serve as an obstacle to mutual production
ཕན་ཚུན་སྐྱེ་བ་ལ་གེགས་མི་བྱེད་པ་ཡང་ཡིན་པའི་གཞི་མཐུན་དུ་དམིགས་པ			that which is observed as a common locus of being associated with the five types of mutual association and not acting as an obstacle to their mutual production
ངོ་བོ་ཉིད			nature; inherent existence; inherent nature
རང་མཚན			specific character; specifically characterized phenomenon
རྗེས་ལ་འགྲོ			follow; go afterward
རྣམ་དག་དམིགས་པའི་གཙོ་བོ			main object of observation of purification
རྣམ་དག་ལམ་གྱི་དམིགས་ཡུལ			object of observation by a path of purification
རྣམ་ཀུན་མཁྱེན་པ་ཉིད			exalted-knower-of-all-aspects
རྣམ་ཀུན་མངོན་པར་རྫོགས་པར་རྟོགས་པ			complete training in the aspects
རྣམ་ཀུན་མངོན་པར་རྫོགས་པར་རྟོགས་པ			complete training in all the aspects; complete realization of all the aspects
བསྒྱུར་བ་ལ་ལྡེམ་པོར་དགོངས་པ			indirectly intending translation
སྦྱོར་བ་བཞི			four trainings
རབ་ཀྱི་ཚལ་གྱིས་རྣམ་པར་གནོན་པས་ཞུས་པ			Two Thousand Five Hundred Stanza Perfection of Wisdom Sūtra, P. 736, vol. 21
ཤེས་རབ་ཀྱི་ཕ་རོལ་ཏུ་ཕྱིན་པ			perfection of wisdom
ཤེས་རབ་ཕ་རོལ་ཕྱིན་པ			perfection of wisdom
ཤེས་བྱའི་སྒྲིབ་པ			obstructions to omniscience; obscurations of the knowable; obstruction to omniscience; obstruction to simultaneous cognition of all phenomena
གཟུགས་ཉིད་སྟོང་པ་ཉིད་སྟོང་པ་ཉིད་གཟུགས་སོ			form is not other than emptiness; form is emptiness; and emptiness is form
དེར་བགྲོད་ཟིན་པ་གང་རུང་གིས་བསྡུས་པའི་ཐེག་ཆེན་གྱི་མཁྱེན་པ			Great Vehicle exalted knower included either within that which causes progress toward the Great Vehicle enlightenment or within having progressed toward the Great Vehicle enlightenment
རང་རྒྱུད་ལྡན་གྱི་གང་ཟག་གི་རྒྱུད་ལ་མངོན་གྱུར་དུ་འབྱུང་བའི་ཐེག་ཆེན་གྱི་བདེན་པ་མངོན་རྟོགས			(1) an exalted knower of one who has risen from the path of release of a Great Vehicle path of seeing and (2) a Great Vehicle clear realizer of the truth which manifestly occurs in the continuum of persons who possess it in their continuums
ཐེག་པ་ཆེན་པོ			Great Vehicle
ཡོངས་སུ་གྲུབ་པའི་རང་བཞིན			thoroughly established nature; thoroughly established entityness
འཛམ་གླིང			Jambudvīpa; the Indian subcontinent; the world
འགྱུར་གྱི་ཕྱག			translator's homage
བསྙེལ་བ་མི་མངའ			not endowed with forgetfulness/ not having forgetfulness
དགེ་བཤེས			[virtuous-friend]; spiritual guide; ge-shay; ge-she [a person who has completed the scholastic phase of monastic training]; geshe
དམན་པ			{dman pa/ 'bring/ mchog/} inferior, middling, and superior
འབྲིང			{dman pa/ 'bring/ mchog/} inferior, middling, and superior
མཆོག			{dman pa/ 'bring/ mchog/} inferior, middling, and superior
དོགས་པ་ཁོང་བསླང			hypothetical qualm
གང་གི་ཚེ			correlative construction: when
གོ་རིམས་བཞིན			respectively
གྲུབ་པ་དུས་མཉམ			established simultaneously, abide simultaneously, and disintegrate simultaneously
གཙོ་བོར			mainly; chiefly; principally
ཁྱོད་ཐ་དད་ཀྱང་ཡིན			phenomena (1) that are different and (2) a common locus is impossible
ཀུན་རྫོབ			convention
ལྡེམ་པོར་དགོངས་པ			intention; hidden intention; indirect intention
མ་ཡིན་དགག་གི་གཞན་སེལ་ཡང་ཡིན			an observed common locus between being an affirming negative other-eliminator and being ultimately able to perform a function
མགོ་སྨོས་པས་གོ་བ			understands through mentioning the beginning and does not understand through mentioning the beginning; those who...
མོས་པ་སྒོམ་ལམ			[Great Vehicle] path of meditation of belief
ངོ་བོ་གཅིག་ལ་ལྡོག་པ་ཐ་དད			one entity but different isolates
ཉན་ཐོས་ཀྱི་མཐོན་ལམ་བར་ཆད་མེད་ལམ་དང་རྣམ་གྲོལ་ལམ་གང་རུང་མ་ཡིན་པའི་ཉན་ཐོས་ཀྱི་མཐོང་ལམ་ཡང་ཡིན			Hearer's clear realizer of truth which is posited from the viewpoint of: (1) being a Hearer's path of seeing which is neither an uninterrupted path nor a path of release of a Hearer's path of seeing; and (2) arises after the completion of the path of rele
ཕན་ཚུན་དུས་མཉམ་རྫས་ཐ་དད་ཀྱང་ཡིན			observed as a common locus between different substantial entities [established at] the same time and does not serve as an obstacle to mutual production
ཕན་ཚུན་མཚུངས་ལྡན་རྣམ་པ་ལྔ་མཚུངས་ཀྱང་ཡིན			that which is observed as a common locus of being associated with the five types of mutual association and not acting as an obstacle to their mutual production
རང་བཞིན			nature; inherent existence; inherent nature
རང་གི་མཚན་ཉིད			specific character; specifically characterized phenomenon
རྗེས་འགྲོ			follow; go afterward
རྣམ་དག་གི་དམིགས་པའི་གཙོ་བོ			main object of observation of purification
རྣམ་དག་ལམ་གྱི་དམིགས་པ			object of observation by a path of purification
རྣམ་ཀུན་མཁྱེན་ཉིད			exalted-knower-of-all-aspects
རྣམ་རྫོགས་སྦྱོར་བ			complete training in the aspects
རྣམ་རྫོགས་སྦྱོར་བ			complete training in all the aspects; complete realization of all the aspects
སྦྱོར་བ་ལ་ལྡེམ་པོར་དགོངས་པ			indirectly intending translation
སྦྱོར་བཞི			four trainings
ཤེས་རབ་ཀྱི་ཕ་རོལ་ཏུ་ཕྱིན་པ་གཉིས་སྟོང་ལྔ་བརྒྱ་པ			Two Thousand Five Hundred Stanza Perfection of Wisdom Sūtra, P. 736, vol. 21
ཤེས་རབ་ཀྱི་ཕར་ཕྱིན			perfection of wisdom
ཤེས་སྒྲིབ			obstructions to omniscience; obscurations of the knowable; obstruction to omniscience; obstruction to simultaneous cognition of all phenomena
སྟོང་པ་ཉིད་ལས་ཀྱང་གཟུགས་གཞན་མ་ཡིན་ཏེ			form is not other than emptiness; form is emptiness; and emptiness is form
ཐེག་ཆེན་གྱི་བྱང་ཆུབ་ཏུ་བགྲོད་པར་བྱེད་པའམ			Great Vehicle exalted knower included either within that which causes progress toward the Great Vehicle enlightenment or within having progressed toward the Great Vehicle enlightenment
ཐེག་ཆེན་གྱི་མཐོང་ལམ་རྣམ་གྲོལ་ལམ་ལས་ལངས་པའི་མཁྱེན་པ་ཡང་ཡིན			(1) an exalted knower of one who has risen from the path of release of a Great Vehicle path of seeing and (2) a Great Vehicle clear realizer of the truth which manifestly occurs in the continuum of persons who possess it in their continuums
ཐེག་ཆེན			Great Vehicle
ཡོངས་སུ་གྲུབ་པའི་ངོ་བོ་ཉིད			thoroughly established nature; thoroughly established entityness
འཇིག་ལྟ			view of the transitory; view of the transitory collection [as a real I and mine]
འཁོར་འདས			cyclic existence and nirvāṇa
འཁོར་ལོ་སྒྱུར་བ			universal monarch
འཁོར་ཞི་རོ་གཅིག་པ			one taste of cyclic existence and peace
ཨ་ཝ			child; children
ཨན་ད་རྙིལ			[transliteration of Sanskrit word, indranīla]
བཅད་ཤེས			subsequent cognition
བཅས་པ			having; together with
བཅས			having; together [with]
བཅོས་མིན			non-artificial; non-fabricated; uncontrived
བདེ་གཤེགས་སྙིང་པོ			matrix-of-one-gone-to-bliss
བཀུར			respect; respectful; service; honor
བསེ་རུ་ལྟ་བུ			Rhinoceros-like [Solitary Realizer]
བཏགས་པ			imputed; imputation; designated; designation; impute; designate; hang; imputed [phenomena]
ཅང			at all; anything
ཆོས་དབྱིངས་སྟོད་པ			Nāgārjuna's Praise of the Basic Element of [Superior] Qualities (dharmadhātustava)
ཆོས་མངོན་པའི་མཛོད་ཀྱི་ཚིག་ལེའུར་བྱས་པའི་འགྲེལ་པ་མངོན་པའི་རྒྱན			Chim-jam-pel-yang's (mchims 'jam dpal dbyangs) Commentary on [Vasubandhu's] "Stanzas of the Treasury of Manifest Knowledge": Ornament of Manifest Knowledge
ཆོས་མངོན་པར་རྟོགས་པ			clear realizer of doctrine
ཅི་ཕྱིར			why?; for what reason?
ཅི་ཡང			at all; anything
ཅིའི་ཕྱིར			why?; for what reason? [lit.: because of what?]
དབུ་མ་རྩ་བའི་འགྲེལ་པ་བུདད་པཱ་ལི་ཏ			Buddhapālita's (sangs rgyas bskyangs) Commentary on [Nāgārjuna's "Treatise on the Middle" [P5242, vol. 95]
དབུ་མ་རྩ་བའི་འགྲེལ་པ་ཚིག་གསལ་བ			Clear Words, Commentary on Nāgārjuna's) "Treatise on the Middle" [by Candrakīrti (zla ba grags pa); P5260, vol. 98]
དེ་བཞིན་ཉིད			thusness
དེ་ཉིད			suchness; reality; principle
དེ་ཉིད			suchness
དེ་ཡང་དེ་དང་འདྲ་བ་ཉིད་དུ་གྱུར			it is just like that, and will be just like that(S1)
དགག་བཞག་སྤོང་གསུམ			the three—refuting [other's mistakes], establishing [our own system], and dispelling [objections with respect to our own system]
༅དགེ་བཤེས			[virtuous-friend]; spiritual guide; ge-shay; ge-she [a person who has completed the scholastic phase of monastic training]; geshe
དགོངས་འགྲེལ			[thought-unravel]; Saṃdhinirmocana-sūtra; Sūtra Unraveling the Thought [title of a third-wheel sūtra considered to be definitive by the Mind-Only School]; commentary on the thought
དགོངས་པ་ངེས་པར་འགྲེལ་པའི་མདོ			[thought-unravel-sūtra]; Saṃdhinirmocana-sūtra; Sūtra Unraveling the Thought [title of a third-wheel sūtra considered to be definitive by the Mind-Only School; P774, Vol. 29]
དགོངས			thought; thinking; thinking of; hidden meaning; intention; notion
དཀར			white; wholesome
དཁྱིལ་འཁོར་གྱི་ཆོ་ག			maṇḍala rite
དཁྱིལ་ཆོག			maṇḍala rite
དཀོན			rare; rarity; precious; scarce
དངོས་སྟོབས་རྗེས་དཔག			inference through the power of the fact; inference by the power of the fact
དོགས་པ་ཁོང་བསླང			hypothetical qualm
དོན་དམ་པ་ངོ་བོ་ཉིད་མེད་པ་ཉིད			ultimate-naturelessness; ultimate-non-nature
དབ༹ང་བའི་དད་པ			faith of clarity
གཡས་བསྐོར			circumambulate clockwise; circumambulate from the right
གཡས་ནས་བསྐོར			circumambulate clockwise; circumambulate from the right
གཡོན་ནས་བསྐོར			counter-clockwise; counter-clockwise motion
གང་ཟག			person
གཉུག་མའི་སེམས			fundamental mind
གོ་རིམ་བཞིན			in order; in accordance with the order; respectively
གྲེལ་ཆུང་དོན་གསལ			[Haribhadra's] Short Commentary: Clear Meaning (spuṭhārtha, 'grel pa don gsal), or Commentary on (Maitreya's) Ornament for Clear Realization, Treatise of Quintessential Instructions on the Perfection of Wisdom" (abhisamayālaṃkāranāmaprajñāpāramitopad
གྲེལ་པ་དོན་གསལ			[Haribhadra's] Clear Meaning Commentary (spuṭhārtha, 'grel pa don gsal), or Commentary on (Maitreya's) Ornament for Clear Realization, Treatise of Quintessential Instructions on the Perfection of Wisdom" (abhisamayālaṃkāranāmaprajñāpāramitopadeśaśāst
གསང་འདུས			Guhyasamāja; Guhyasamāja [Tantra]
གསང་བ་འདུས་པ			Guhyasamāja; Guhyasamāja [Tantra]
གཏན་ལ་འབེབས་པ			delineate; settle; ascertain; revise/finalize [e.g., a translation]
གུང་ཐང་འཇམ་དཔལ་དབྱངས			Gung-thang Jam-pal-yang [1762-1823; also known as Gung-thang Kön-chog-tan-pay-drön-may]
གཞན་དག་གིས་གཞིག་པར་བྱ་བ			susceptible to destruction by others
གཞན་དབང་གི་ངོ་བོ་ཉིད			other-powered nature
གཟུང་བྱ			object of apprehension
ཀ་བུམ			pillar and pot, pillar-and-pot
ཀ་ནས་དག་པ			[beginning-pure]; essential purity; pure from the beginning; pure from ka, the first letter of the alphabet
ཁོར་བ་ལས་ངེས་པར་འབྱུང་བ			definite emergence/deliverance/leaving from cyclic existence
ཀློང་ཆེན་པ			Long-chen-pa (1308-1363, a central Nying-ma [rnying ma] scholar-yogi)
ཀྲི་ཡ			transliteration of Sanskrit kriyā [action; Action Tantra]
ཀྲི་ཡཱ			transliteration of Sanskrit kriyā [action; Action Tantra]
ཀུན་འབྱུང་བ			source; origin; origination
ཀུན་འབྱུང་བདེན་པ			true sources/origins; truth of sources/origins [the second of the four noble truths]
ཀུན་འབྱུང་གི་བདེན་པ			true sources/origins; truth of sources/origins [the second of the four noble truths]
ཀུན་འགྲོ			omnipresent; all-pervading; omnipresent factor; omnipresent mental factor
ཀུན་བཏགས་ཀྱི་རང་བཞིན			imputational nature; imaginary nature
ཀུན་བཟང			thoroughly good; Samantabhadra [name of Bodhisattva; in Nying-ma, name of primordial being]
ཀུན་དཀྲིས			thorough entanglement; entanglement
ཀུན་གཞི་རྣམ་པར་ཤེས་པ			mind-basis-of-all
ཀུན་གཞི་རྣམ་ཤེས			mind-basis-of-all
ཀུན་ནས་དཀྲིས་པ			entanglement; thorough entanglement
ཀུན་ནས་ཉོན་མོངས་ཅན			that which has thoroughly affliction; that which is thoroughly afflicted
ཀུན་ནས་ཉོན་མོངས་པ་ཅན			that which has thoroughly affliction; that which is thoroughly afflicted
ཀུན་ནས་ཉོན་མོངས་པ			thoroughly afflicted
ཀུན་ནས་ཉོན་མོངས			thoroughly afflicted; thorough affliction
ཀུན་ནས་སློང་བ			motivation; ask; beg; collect; gather; raise; cause to rise; inspire; excite; arouse; urge on
ཀུན་ཉོན་མོངས			thoroughly afflicted; afflictive emotion; thorough affliction; affliction
ཀུན་རྫོབ་བདེན་པ			conventional truth; obscurational truth; truth-for-a-concealer; concealer-truth; relative truth; truth-for-an-obscured-mind; obscured truth; truth-for-an-obscured-awareness; truth for a conventional [mind]
ཀུན་རྫོབ			convention
ཀུན་རྟོག			ideation; comprehensive imagination; comprehensive construction
ཀུན་སྦྱོར			thorough enwrapment
ཀུན་ཤེས་པ			all-knowingness
ཀུན་ཤེས			all-knowingness
ཀུན་ཏུ་འབྱུང་བ			origination; origin; arising; source
ཀུན་ཏུ་བཟང་པོ			Samantabhadra [p.n. of a Bodhisattva]; thoroughly good; the thoroughly good [basic reality]
ཀུན་ཏུ་སྤྱོད་པ			enjoyment; usage; behavior; life-style; partaking
ལྷོ་འཛམ་བུ་གླིང			the southern continent of Jambudvīpa; the Indian subcontinent; the world
ལྷུན་གྲུབ			spontaneity; spontaneously
མིག་གི་རྣམ་པར་ཤེས་པ			eye consciousness
མཁས་གྲུབ			Khay-drub [1385-1438; one of Tsong-kha-pa's two main students and 3rd abbot of Gan-dan (dga' ldan) monastery]
མཁས་པའི་དམིགས་པ			object of observation for [developing] skill
མཁྲིས			bile
མངོན་བྱང			clarification; full enlightenment
མངོན་དགའ			great joy
མངོན་མཐོ			[manifestly-high]; high status; sublime state; high type
མངོན་པར་དགའ་བ			manifest joy; great joy
མངོན་ཕྱོགས			approach
མངོན་རྟོགས			clear realization; clear realizer
མངོན་ཤེས			clairvoyance
མངོན་སུམ་མཛད			manifest
མངོན་ཞེན			exaggerated adherence; manifest conception; strong adherence
མཐོ་བཙམས			malevolence; evil intent
མཐུན་པར་བྱས་པ་ཡིན			is concordant; make concordant (with)
མཚན་མེད			signless; signlessness
མུ་སྟེགས་ཅན			Forder [a non-Buddhist]; [non-Buddhist] Forders
ངེས་འབྱིན			deliverance; salvation; rescue
ངེས་དོན			definitive meaning; definitive; definitive object
ངེས་ལེགས			definite goodness [of liberation from cyclic existence and/or omniscience]; summum bonum; highest boon; the definitely good
ངེས་པའི་ཚིག			creative etymology; contextual etymology
ངེས་པར་འབྱུང་བ			definite emergence [from cyclic existence]; renunciation
ངེས་ཚིག			contextual etymology; creative etymology
ངོ་བོ་གཅིག་ལྡོག་པ་ཐ་དད			same entity and/but different isolates
ངོ་ཚ་བ			shame
ཉམ་ང་བ་མེད་པ			fearless sound
ཉེས་པ			fault
ཉོན་སྒྲིབ			afflictive obstruction
པགས་པ			skin; body
ཕ་རོལ་ཏུ་ཕྱིན་པ			perfection
ཕ་རོལ་ཏུ་ཕྱིན་པ			[other side-to-went]; perfection; that which has gone beyond
ཕགས་པ་དགོངས་པ་ཟབ་མོ་ངེས་པར་འགྲེལ་པའི་མདོ་རྒྱ་ཆེར་འགྲེལ་པ			Extensive Commentary on the "Superior Sūtra Unraveling the Profound Thought" [by the Korean scholar-monk Won-ch'uk (612/613-696; Tibetan: rdzogs gsal / wen tshig / wen tshegs / wanydzeg; Chinese: Yüan ts'e); P5517, vol. 116]
ཕྱི་དབྱངས			external expanse of the sky
རབ་ཏུ་ཕྱེ་བ			distinguished; posit; posited; thoroughly distinguish; thoroughly differentiates
རང་བཞིན་གྱིས་གྲུབ་པས་སྟོང་པའི་སྟོང་པ་ཉིད			emptiness of inherent existence
རང་བཞིན			nature; inherent existence; inherent nature; own-being; exist inherently; fundamental nature
རྒྱུའི་ཚོགས			prerequisite
རྒྱུད་གཞན་གྲུབ་པ་ཞེས་བྱ་བའི་རབ་ཏུ་བྱེད་པ			[Dharmakīrti's] Proof of Other Continuums [P5716, vol. 130]
རྒྱུད་གཞན་གྲུབ་པ			[Dharmakīrti's] Proof of Other Continuums [P5716, vol. 130]
རིས་ཆད			separate
རྗེན་ཆར			nakedly
རྗེས་སུ་སྤྱད་པ			analyze; subsequently analyze
རྣམ་དག་གི་དམིགས་པའི་གཙོ་བོ			main object of observation of purification
རྣམ་དག་ལམ་གྱི་དམིགས་པ			object of observation by a path of purification
རྣམ་གཅོས་ཡོང་གཅོད			an exclusionary elimination and an inclusionary elimination
རྣམ་ཀུན་མངོན་པར་རྫོགས་པར་རྟོགས་པ			complete training in all the aspects; complete realization of all the aspects
རྣམ་མཁྱེན			knower of all aspects; exalted knower of all aspects; omniscient consciousness; omniscience
རྣམ་པ་ཐམས་ཅད་མཁྱེན་པ་ཉིད			exalted knower of all aspects
རྣམ་པར་རིག་པ			cognition
རྣམ་པར་རིག་པར་བྱེད་པའི་གཟུགས			revelatory form
རྣམ་པར་ཤེས་པ			consciousness
རྣམ་རྫོགས་སྦྱོར་བ			complete training in all the aspects; complete realization of all the aspects
རྣམ་རྟོག			conceptuality
རྣམ་རྟོག			conceptual consciousness
རྟེན་འབྱུང			dependent-arising
རྟེན་འབྱུང			dependent-arising
རྩ་ཉོན			root afflictions; root afflictive emotions
སའི་དངོས་གཞི			Asaṅga's Actuality of the Levels / Levels of Yogic Practices, P.5536-8, vol.109-10
སྦྱར་བ			conjunction; association
སྦྱོར་བ་ལ་ལྡེམ་པོར་དགོངས་པ			indirectly intending translation; intending translation
སེམས་དཔའི་སཁྱིལ་ཀྲུང			the cross-legged Bodhisattva posture [the half-lotus posture, with the right leg on the left]
སེམས་གནས་དགུ			nine mental abidings
སྒེག་མོ་མ			[Vajra]lāsyā, offering goddess of dance
སྒེག་མོ			[Vajra]lāsyā, offering goddess of dance
སྒེག་པའི་རྡོ་རྗེ			Vilāsavajra/ Līlāvajra
སྒེག་རྡོར			Vilāsavajra/ Līlāvajra
སྒྲོན་གསལ			[Candrakīrti's] Brilliant Lamp: Extensive Commentary [on the "Guhyasamāja Tantra"] [P2650, vol. 60]
སྒྲོན་མ་གསལ་བར་བྱེད་པ་ཞེས་བྱ་བའི་རྒྱ་ཆེར་བཤད་པ			[Candrakīrti's] Brilliant Lamp: Extensive Commentary [on the "Guhyasamāja Tantra"] [P2650, vol. 60]
སྒྲོན་མ			lamp; light
སྒྲོན་མེ			lamp; light
སྒྱུ་འཕྲུལ			magical emanation; illusory emanation
ཤེས་པ			cognition
ཤེས་པ			consciousness
ཤེས་རབ་ཀྱི་ཕ་རོལ་ཏུ་ཕྱིན་པ			perfection of wisdom
ཤེས་རབ་ཀྱི་ཕ་རོལ་ཏུ་ཕྱིན་པ			Perfection of Wisdom
ཤེས་རབ་ཀྱི་ཕ་རོལ་ཏུ་ཕྱིན་པའི་མན་ངག་གི་བསྟན་བཅོས་མངོན་པར་རྟོགས་པའི་རྒྱན་ཅེས་བྱའི་འགྲེལ་པ			Commentary on (Maitreya's) "Ornament for Clear Realization," Treatise of Quintessential Instructions on the Perfection of Wisdom / Clear Meaning Commentary [by Haribhadra (seng ge bzang po), P5191, vol. 90]
ཤིན་སྦྱངས			[very-practiced]; pliancy; flexibility; servicability; suppleness
ཤིན་ཏུ་ལྐོག་གྱུར་གྱི་གཞལ་བྱ			very obscure objects of comprehension
ཤིང་སལ་གྱི་སྒོན			cotton
སྐབས་སུ་བབ་པ			appropriate; relevant; germane
སྐབས་སུ་བབས་པ			appropriate; relevant; germane
སཁྱིལ་ཀྲུང			cross-legged; cross-legged posture
སྔགས་རིམ			Tsong-kha-pa's (tsong kha pa) Great Exposition of Secret Mantra
སྔོན་འགྲོ			[before-go]; preliminary practices; preliminary; preparation; prerequisite
སྤོབས་པ་མི་ཆོད་པ			courage not cut off; inspiration not cut off
སྲ			obstructive; hard
ཐབས་མཁས			skill in means; skillful means
ཚོར་བ་ཡིད་བདེ			feeling of mental bliss
ཡིད་ཀྱི་རྣམ་ཤེས			mental consciousness; (main) perceiver
ཡོངས་སུ་གྲུབ་པའི་ངོ་བོ་ཉིད			thoroughly established nature
ཡུལ			object
འཇིག་ཚོགས་ལ་ལྟ་བ			view of the transitory; view of the transitory collection [as a real I and mine]
འཁོར་བ་དང་མྱ་ངན་ལས་འདས་པ			cyclic existence and nirvāṇa
འཁོར་སྒྱུར			universal monarch
འཁོར་བ་དང་ཞི་བ་རོ་གཅིག་པ			one taste of cyclic existence and peace
ཨ་ལྦ			child; children
ཨན་དྷ་རྙིལ			[transliteration of Sanskrit word, indranīla]
དཔྱད་ཤེས			subsequent cognition
བཅས			having; together with
བཅས་པ			having; together [with]
བཅོས་མ་མིན་པ			non-artificial; non-fabricated; uncontrived
བདེ་བར་གཤེགས་པའི་སྙིང་པོ			matrix-of-one-gone-to-bliss
བཀུར་སྟི			respect; respectful; service; honor
བསེ་རུ་ལྟ་བུའི་རང་རྒྱལ			Rhinoceros-like [Solitary Realizer]
རྣམ་བརྟགས			imputed; imputation; designated; designation; impute; designate; hang; imputed [phenomena]
ཅི་ཡང			at all; anything
ཆོས་ཀྱི་དབྱིངས་སུ་བསྟོད་པ			Nāgārjuna's Praise of the Basic Element of [Superior] Qualities (dharmadhātustava)
མཆིམས་མཛོད			Chim-jam-pel-yang's (mchims 'jam dpal dbyangs) Commentary on [Vasubandhu's] "Stanzas of the Treasury of Manifest Knowledge": Ornament of Manifest Knowledge
ཆོས་མངོན་རྟོགས			clear realizer of doctrine
ཅིའི་ཕྱིར			why?; for what reason?
ཅང			at all; anything
ཅི་ཕྱིར			why?; for what reason? [lit.: because of what?]
འགྲེལ་པ་བུདདྷ་པཱ་ལི་ཏ			Buddhapālita's (sangs rgyas bskyangs) Commentary on [Nāgārjuna's "Treatise on the Middle" [P5242, vol. 95]
ཚིག་གསལ			Clear Words, Commentary on Nāgārjuna's) "Treatise on the Middle" [by Candrakīrti (zla ba grags pa); P5260, vol. 98]
ཏཐཱཏཱ			thusness
དེ་ཁོ་ན་ཉིད			suchness; reality; principle
དེ་ཁོ་ན་ཉིད			suchness
དེ་ཡང་དེ་དང་འདྲ་བ་ཉིད་དུ་འགྱུར་རོ			it is just like that, and will be just like that(S1)
འཁྲུལ་བ་དགག་པ་རང་ལུགས་བཞག་པ་དེ་ལ་རྩོད་པ་སྤོང་བ			the three—refuting [other's mistakes], establishing [our own system], and dispelling [objections with respect to our own system]
༅དགེ་བའི་བཤེས་གཉེན།			[virtuous-friend]; spiritual guide; ge-shay; ge-she [a person who has completed the scholastic phase of monastic training]; geshe
དགོངས་པ་ངེས་པར་འགྲེལ་པའི་མདོ			[thought-unravel]; Saṃdhinirmocana-sūtra; Sūtra Unraveling the Thought [title of a third-wheel sūtra considered to be definitive by the Mind-Only School]; commentary on the thought
མདོ་སྡེ་དགོངས་འགྲེལ			[thought-unravel-sūtra]; Saṃdhinirmocana-sūtra; Sūtra Unraveling the Thought [title of a third-wheel sūtra considered to be definitive by the Mind-Only School; P774, Vol. 29]
དགོངས་པ			thought; thinking; thinking of; hidden meaning; intention; notion
དཀར་པོ			white; wholesome
དཁྱིལ་ཆོག			maṇḍala rite
དཁྱིལ་འཁོར་གྱི་ཆོ་ག			maṇḍala rite
དཀོན་པོ			rare; rarity; precious; scarce
དངོས་སྟོབས་ཀྱི་རྗེས་དཔག			inference through the power of the fact; inference by the power of the fact
དོགས་པ་ཁོང་སློང			hypothetical qualm
དོན་དམ་པ་ངོ་བོ་ཉིད་མེད་པ			ultimate-naturelessness; ultimate-non-nature
དང་བའི་དད་པ			faith of clarity
གཡས་ནས་བསྐོར			circumambulate clockwise; circumambulate from the right
གཡས་བསྐོར			circumambulate clockwise; circumambulate from the right
གཡོན་བསྐོར			counter-clockwise; counter-clockwise motion
སྐྱེས་བུ			person
གཉུག་སེམས			fundamental mind
གོ་རིམ་བཞིན་དུ			in order; in accordance with the order; respectively
འགྲེལ་པ་དོན་གསལ			[Haribhadra's] Short Commentary: Clear Meaning (spuṭhārtha, 'grel pa don gsal), or Commentary on (Maitreya's) Ornament for Clear Realization, Treatise of Quintessential Instructions on the Perfection of Wisdom" (abhisamayālaṃkāranāmaprajñāpāramitopad
འགྲེལ་ཆུང་དོན་གསལ			[Haribhadra's] Clear Meaning Commentary (spuṭhārtha, 'grel pa don gsal), or Commentary on (Maitreya's) Ornament for Clear Realization, Treatise of Quintessential Instructions on the Perfection of Wisdom" (abhisamayālaṃkāranāmaprajñāpāramitopadeśaśāst
གསང་བ་འདུས་པ་ན			Guhyasamāja; Guhyasamāja [Tantra]
གསང་འདུས			Guhyasamāja; Guhyasamāja [Tantra]
གཏན་ལ་འབབས་པ			delineate; settle; ascertain; revise/finalize [e.g., a translation]
གུང་ཐང་དཀོན་མཆོག་བསྟན་པའི་སྒྲོན་མེ			Gung-thang Jam-pal-yang [1762-1823; also known as Gung-thang Kön-chog-tan-pay-drön-may]
གཞན་གྱིས་གཞིག་ནུས་པ			susceptible to destruction by others
གཞན་དབང་གི་རང་བཞིན			other-powered nature
བཟུང་བྱ			object of apprehension
ཀ་བ་དང་བུམ་པ			pillar and pot, pillar-and-pot
ཀ་དག			[beginning-pure]; essential purity; pure from the beginning; pure from ka, the first letter of the alphabet
ངེས་འབྱུང			definite emergence/deliverance/leaving from cyclic existence
ཀློང་ཆེན་པ་དྲི་མེད་འོད་ཟེར			Long-chen-pa (1308-1363, a central Nying-ma [rnying ma] scholar-yogi)
ཀྲི་ཡཱ			transliteration of Sanskrit kriyā [action; Action Tantra]
ཀྲི་ཡ			transliteration of Sanskrit kriyā [action; Action Tantra]
ཀུན་འབྱུང			source; origin; origination
ཀུན་འབྱུང་གི་བདེན་པ			true sources/origins; truth of sources/origins [the second of the four noble truths]
ཀུན་འབྱུང་བདེན་པ			true sources/origins; truth of sources/origins [the second of the four noble truths]
ཀུན་ཏུ་འགྲོ་བ			omnipresent; all-pervading; omnipresent factor; omnipresent mental factor
ཀུན་བཏགས་ཀྱི་ངོ་བོ་ཉིད			imputational nature; imaginary nature
ཀུན་ཏུ་བཟང་པོ			thoroughly good; Samantabhadra [name of Bodhisattva; in Nying-ma, name of primordial being]
དཀུན་ནས་དཀྲིས་པ་ན			thorough entanglement; entanglement
ཀུན་གཞི་རྣམ་ཤེས			mind-basis-of-all
ཀུན་གཞི་རྣམ་པར་ཤེས་པ			mind-basis-of-all
ཀུན་དཀྲིས			entanglement; thorough entanglement
ཀུན་ནས་ཉོན་མོངས་པ་ཅན			that which has thoroughly affliction; that which is thoroughly afflicted
ཀུན་ནས་ཉོན་མོངས་ཅན			that which has thoroughly affliction; that which is thoroughly afflicted
ཀུན་ནས་ཉོན་མོངས			thoroughly afflicted
ཀུན་ནས་ཉོན་མོངས་པ			thoroughly afflicted; thorough affliction
ཀུན་སློང			motivation; ask; beg; collect; gather; raise; cause to rise; inspire; excite; arouse; urge on
ཀུན་ནས་ཉོན་མོངས་པ			thoroughly afflicted; afflictive emotion; thorough affliction; affliction
ཀུན་རྫོབ་ཀྱི་བདེན་པ			conventional truth; obscurational truth; truth-for-a-concealer; concealer-truth; relative truth; truth-for-an-obscured-mind; obscured truth; truth-for-an-obscured-awareness; truth for a conventional [mind]
ཐ་སྙད			convention
ཀུན་ཏུ་རྟོག་པ			ideation; comprehensive imagination; comprehensive construction
ཀུན་ཏུ་སྦྱོར་བ			thorough enwrapment
ཀུན་ཤེས			all-knowingness
ཀུན་ཤེས་པ			all-knowingness
ཀུན་འབྱུང			origination; origin; arising; source
ཀུན་བཟང			Samantabhadra [p.n. of a Bodhisattva]; thoroughly good; the thoroughly good [basic reality]
ཀུན་སྤྱོད			enjoyment; usage; behavior; life-style; partaking
འཛམ་གླིང			the southern continent of Jambudvīpa; the Indian subcontinent; the world
ལྷུན་གྱིས་གྲུབ་པ			spontaneity; spontaneously
མིག་གི་རྣམ་ཤེས			eye consciousness
མཁས་གྲུབ་རྗེ་དགེ་ལེགས་དཔལ་བཟང་པོ			Khay-drub [1385-1438; one of Tsong-kha-pa's two main students and 3rd abbot of Gan-dan (dga' ldan) monastery]
མཁས་པར་བྱེད་པའི་དམིགས་པ			object of observation for [developing] skill
མཁྲིས་པ			bile
མངོན་པར་རྫོགས་པར་བྱང་ཆུབ			clarification; full enlightenment
མངོན་པར་དགའ་བ			great joy
མངོན་པར་མཐོ་བ			[manifestly-high]; high status; sublime state; high type
མངོན་དགའ			manifest joy; great joy
མངོན་དུ་ཕྱོགས་པ			approach
མངོན་པར་རྟོགས་པ			clear realization; clear realizer
མངོན་པར་ཤེས་པ			clairvoyance
མངོན་སུམ་དུ་མཛད			manifest
མངོན་པར་ཞེན་པ			exaggerated adherence; manifest conception; strong adherence
མཐོ་མཚམས			malevolence; evil intent
དང་མཐུན་པར་བྱས་པ་ཡིན			is concordant; make concordant (with)
མཚན་མ་མེད་པ			signless; signlessness
མུ་སྟེགས་པ			Forder [a non-Buddhist]; [non-Buddhist] Forders
ངེས་པར་འབྱིན་པ			deliverance; salvation; rescue
ངེས་པའི་དོན			definitive meaning; definitive; definitive object
ངེས་པར་ལེགས་པ			definite goodness [of liberation from cyclic existence and/or omniscience]; summum bonum; highest boon; the definitely good
ངེས་ཚིག			creative etymology; contextual etymology
ངེས་འབྱུང			definite emergence [from cyclic existence]; renunciation
ངེས་པའི་ཚིག			contextual etymology; creative etymology
ངོ་བོ་གཅིག་ལ་ལྡོག་པ་ཐ་དད			same entity and/but different isolates
ངོ་ཚ			shame
སྒྲ་ཉམ་ང་བ་མེད་པ			fearless sound
ཉེས་དམིགས			fault
ཉོན་མོངས་པའི་སྒྲིབ་པ			afflictive obstruction
ལུས			skin; body
ཕར་ཕྱིན			perfection
ཕར་ཕྱིན			[other side-to-went]; perfection; that which has gone beyond
རྒྱ་ནག་འགྲེལ་ཆེན			Extensive Commentary on the "Superior Sūtra Unraveling the Profound Thought" [by the Korean scholar-monk Won-ch'uk (612/613-696; Tibetan: rdzogs gsal / wen tshig / wen tshegs / wanydzeg; Chinese: Yüan ts'e); P5517, vol. 116]
ཕྱི་དབྱངས་དབྱིངས			external expanse of the sky
རབ་ཏུ་བཞག་པ			distinguished; posit; posited; thoroughly distinguish; thoroughly differentiates
རང་བཞིན་སྟོང་པ་ཉིད			emptiness of inherent existence
ངོ་བོ་ཉིད			nature; inherent existence; inherent nature; own-being; exist inherently; fundamental nature
རྒྱུ་ཚོགས			prerequisite
རྒྱུད་གཞན་གྲུབ་པ			[Dharmakīrti's] Proof of Other Continuums [P5716, vol. 130]
རྒྱུད་གཞན་གྲུབ་པ་ཞེས་བྱ་བའི་རབ་ཏུ་བྱེད་པ			[Dharmakīrti's] Proof of Other Continuums [P5716, vol. 130]
རིས་སུ་ཆད་པ			separate
རྗེན་ཆེར			nakedly
རྗེས་སུ་དཔྱད་པ			analyze; subsequently analyze
རྣམ་དག་དམིགས་པའི་གཙོ་བོ			main object of observation of purification
རྣམ་དག་ལམ་གྱི་དམིགས་ཡུལ			object of observation by a path of purification
རྣམ་བཅད་ཡོངས་གཅོད			an exclusionary elimination and an inclusionary elimination
རྣམ་རྫོགས་སྦྱོར་བ			complete training in all the aspects; complete realization of all the aspects
རྣམ་པ་ཐམས་ཅད་མཁྱེན་པ་ཉིད			knower of all aspects; exalted knower of all aspects; omniscient consciousness; omniscience
རྣམ་མཁྱེན			exalted knower of all aspects
རྣམ་རིག			cognition
རྣམ་པར་རིག་བྱེད་ཀྱི་གཟུགས			revelatory form
རྣམ་ཤེས			consciousness
རྣམ་ཀུན་མངོན་པར་རྫོགས་པར་རྟོགས་པ			complete training in all the aspects; complete realization of all the aspects
རྟོག་པ			conceptuality
རྟོག་པ			conceptual consciousness
རྟེན་ཅིང་འབྲེལ་བར་འབྱུང་བ			dependent-arising
རྟེན་ཅིང་འབྲེལ་བར་འབྱུང་བ			dependent-arising
རྩ་བའི་ཉོན་མོངས			root afflictions; root afflictive emotions
རྣལ་འབྱོར་སྤྱོད་པའི་ས			Asaṅga's Actuality of the Levels / Levels of Yogic Practices, P.5536-8, vol.109-10
ལྡན་པ			conjunction; association
བསྒྱུར་བ་ལ་ལྡེམ་པོར་དགོངས་པ			indirectly intending translation; intending translation
སེམས་དཔའི་སཁྱིལ་མོ་ཀྲུང			the cross-legged Bodhisattva posture [the half-lotus posture, with the right leg on the left]
སེམས་གནས་པ་རྣམ་པ་དགུ			nine mental abidings
སྒེག་མོ			[Vajra]lāsyā, offering goddess of dance
སྒེག་མོ་མ			[Vajra]lāsyā, offering goddess of dance
སྒེག་རྡོར			Vilāsavajra/ Līlāvajra
སྒེག་པའི་རྡོ་རྗེ			Vilāsavajra/ Līlāvajra
སྒྲོན་མ་གསལ་བར་བྱེད་པ་ཞེས་བྱ་བའི་རྒྱ་ཆེར་བཤད་པ			[Candrakīrti's] Brilliant Lamp: Extensive Commentary [on the "Guhyasamāja Tantra"] [P2650, vol. 60]
སྒྲོན་གསལ			[Candrakīrti's] Brilliant Lamp: Extensive Commentary [on the "Guhyasamāja Tantra"] [P2650, vol. 60]
སྒྲོན་མེ			lamp; light
སྒྲོན་མ			lamp; light
སྒྱུ་མའི་འཕྲུལ་པ			magical emanation; illusory emanation
བློ			cognition
རྣམ་ཤེས			consciousness
ཤེར་ཕྱིན			perfection of wisdom
ཤེར་ཕྱིན			Perfection of Wisdom
འགྲེལ་པ་དོན་གསལ			Commentary on (Maitreya's) "Ornament for Clear Realization," Treatise of Quintessential Instructions on the Perfection of Wisdom / Clear Meaning Commentary [by Haribhadra (seng ge bzang po), P5191, vol. 90]
ཤིན་ཏུ་སྦྱངས་པ			[very-practiced]; pliancy; flexibility; servicability; suppleness
གཞལ་བྱ་ཤིན་ཏུ་ལྐོག་གྱུར			very obscure objects of comprehension
ཤིང་སལ་བལ་གྱི་སྒོན			cotton
སྐབས་སུ་བབས་པ			appropriate; relevant; germane
སྐབས་སུ་བབ་པ			appropriate; relevant; germane
སཁྱིལ་མོ་ཀྲུང			cross-legged; cross-legged posture
སྔགས་རིམ་ཆེན་མོ			Tsong-kha-pa's (tsong kha pa) Great Exposition of Secret Mantra
སྔོན་དུ་འགྲོ་བ			[before-go]; preliminary practices; preliminary; preparation; prerequisite
སྤོབས་པ་མ་ཚོད་པ			courage not cut off; inspiration not cut off
སྲ་བ			obstructive; hard
ཐབས་ལ་མཁས་པ			skill in means; skillful means
ཚོར་བ་སེམས་བདེ			feeling of mental bliss
ཡིད་ཀྱི་རྣམ་པར་ཤེས་པ			mental consciousness; (main) perceiver
ཡོངས་སུ་གྲུབ་པའི་རང་བཞིན			thoroughly established nature
དོན			object
དཀའ་བ་སྤྱད་པ			[difficult-deed] asceticism; austerities; difficult deed; difficult act; performing difficult deeds
དཀའ་བ་སྤྱོད་པ			[difficult-deed] asceticism; austerities; difficult deed; difficult act; performing difficult deeds
དཀའ་སྤྱད			[difficult-deed] asceticism; austerities; difficult deed; difficult act; performing difficult deeds
དཀའ་སྤྱོད			[difficult-deed] performing difficult deeds; asceticism; austerities; difficult deed; difficult act
དཀོན་མཆོག་བསྟན་པའི་སྒྲོན་མེ			Kön-chog-ten-pay-drön-may (1762-1823) [aka. {gung thang dkon mchog bstan pa'i sgron me}; {gung thang 'jam dpal dbyangs}]
གུང་ཐང་དཀོན་མཆོག་བསྟན་པའི་སྒྲོན་མེ			Gung-thang Kön-chog-tan-pay-drön-may [1762-1823; aka {dkon mchog bstan pa'i sgron me}; {gung thang 'jam dpal dbyangs}]
གུང་ཐང་འཇམ་དཔལ་དབྱངས			Gung-thang Jam-pal-yang [1762-1823; aka {dkon mchog bstan pa'i sgron me}; {gung thang dkon mchog bstan pa'i sgron me}]
ཀུན་འབྱུང་བའི་བདེན་པ			true sources/origins; truth of sources/origins [the second of the four noble truths]
ཀུན་འབྱུང་བདེན་པ			true sources/origins; truth of sources/origins [the second of the four noble truths]
ཀུན་འབྱུང་གི་བདེན་པ			true sources/origins; truth of sources/origins [the second of the four noble truths]
ཀུན་སོང			gone everywhere; omnipresent; all-pervasive
ཀུན་ཏུ་སོང			gone everywhere; omnipresent; all-pervasive
ཀུན་ཏུ་སོང་བ			gone everywhere; omnipresent; all-pervasive
ཀུན་ཏུ་རྨོངས་པ			thorough obscuration; ignorance; delusion
ཀུན་རྨོངས			thorough obscuration; ignorance; delusion
ཀུན་རྨོངས་པ			thorough obscuration; ignorance; delusion
ཀུན་ཏུ་སོང			[all-to-go]; all-pervasive; omnipresent; go everywhere
ཀུན་ཏུ་སོང་བ			[all-to-go]; all-pervasive; omnipresent; go everywhere
ཀུན་སོང			[all-to-go]; all-pervasive; omnipresent; go everywhere
རྡོ་རྗེ་སཁྱིལ་ཀྲུང			vajra-posture [i.e., the full-lotus posture]; adamantine posture; vajra posture
རྡོར་སཁྱིལ			vajra-posture [i.e., the full-lotus posture]; adamantine posture; vajra posture
རྡོ་རྗེ་སཁྱིལ་མོ་ཀྲུང			vajra-posture [i.e., the full-lotus posture]; adamantine posture; vajra posture
རྡོར་སཁྱིལ			vajra-posture [i.e., the full-lotus posture]
རྡོ་རྗེ་སཁྱིལ་ཀྲུང			vajra-posture [i.e., the full-lotus posture]
རྡོ་རྗེ་སཁྱིལ་མོ་ཀྲུང			vajra-posture [i.e., the full-lotus posture]
རྒྱ་ནག་འགྲེལ་ཆེན			Chinese Great Commentary; Extensive Commentary on the "Sūtra Unraveling the Thought" [by the Korean scholar-monk Won-ch'uk (612/613-696; Tibetan: rdzogs gsal / wen tshig / wen tshegs / wanydzeg; Chinese: Yüan ts'e); P5517, vol. 116]
རྒྱ་ནག་གི་འགྲེལ་ཆེན			Chinese Great Commentary; Extensive Commentary on the "Sūtra Unraveling the Thought" [by the Korean scholar-monk Won-ch'uk (612/613-696; Tibetan: rdzogs gsal / wen tshig / wen tshegs / wanydzeg; Chinese: Yüan ts'e); P5517, vol. 116]
འཕགས་པ་དགོངས་པ་ངེས་པར་འགྲེལ་པའི་མདོའི་རྒྱ་ཆེར་འགྲེལ་པ			Chinese Great Commentary; Extensive Commentary on the "Sūtra Unraveling the Thought" [by the Korean scholar-monk Won-ch'uk (612/613-696; Tibetan: rdzogs gsal / wen tshig / wen tshegs / wanydzeg; Chinese: Yüan ts'e); P5517, vol. 116]
རྒྱུད་བླ་མ			[Maitreya's] Great Vehicle Treatise on the Sublime Continuum / Treatise on the Later Scriptures of the Great Vehicle [P5525, vol. 108]
རྒྱུད་བླ			[Maitreya's] Great Vehicle Treatise on the Sublime Continuum / Treatise on the Later Scriptures of the Great Vehicle [P5525, vol. 108]
ཐེག་པ་ཆེན་པོ་རྒྱུད་བླ་མའི་བསྟན་བཅོས			[Maitreya's] Great Vehicle Treatise on the Sublime Continuum / Treatise on the Later Scriptures of the Great Vehicle [P5525, vol. 108]
ཡང་དག་པ་མ་ཡིན་པའི་ཀུན་རྟོག			unreal ideation
ཡང་དག་པ་མ་ཡིན་པའི་ཀུན་ཏུ་རྟོག་པ			unreal ideation
ཡང་དག་མིན་ཀུན་རྟོག			unreal ideation
རྣམ་པར་ཤེས་པ			consciousness; cognition
རྣམ་ཤེས			consciousness; cognition
ཤེས་པ			consciousness; cognition
