# form	pos	lemma	sense	freq
ཀ་ཁོལ་མ			This is a text of religious history, a will left by King Songtsen Gampo and concealed in a pillar marked with tree leaves in the Lhasa Cathedral, which was later discovered by the great teacher, AtiSa This text is also known by the name Guide to Lhasa ({lha sa'i dkar chag}).
ག་ཏྱཱའི་བྱ			[kātyāyana]/ A direct disciple of Buddha [ṡākyamuni] known especially for his knowledge of Vinaya, and who was also the founder of the Theravadin tradition, one of the four main schools of the Theravada tradition.
ཀ་དག			1. Primordially pure or pure from the beginning; the original mode of abidance of that which is basically unarisen; a term used in Nyingma teachings.\n2. Emptiness.
ཀ་དག་ལྷན་སྐྱེས			Innately pure from the beginning; the primordial principle
ཀ་དག་གདོད་མའི་གཤིས་ལུགས			The nature of primordial purity; the primordial reality.
ཀ་དག་ཁྲེགས་ཆོད			The primordial breakthrough-path. A core transmission of the secret {rdzog chen} practice, the quintessential instruction for liberating lazy disciples effortlessly. Through the mastering of this instruction one is able to maintain the meaning of primordial reality in its instinctive and natural ...
ཀ་གདམས་བདེ་གཤེགས			Kadampa Desheg. His real name is Sherab Senge, but is also known by the name Pobpa Thaye. Born in the Water-Tiger year (1122) of the second sexagenerary at Dokham, eastern Tibet, he built Kathog monastery in the Palyul district of the Kham region. He was a great master belonging to the Nyingma tr...
ག་ཎ་ཡ			Spear-noose; harpoon; a spear with a noose at its end used as a tantric implement.
ཀ་ནིཥ་ཀ			Kanis.ka/ An early Indian King. With his military power he conquered small kingdom and build the Ganghola kingdom during the first century, but at the end of his life became a Buddhist and erected many temples and stupas. He accepted [ācārya āryaṡūra] ({rta dbyangs}) as his teacher and patronized...
ཀ་མ་ལ་ཤཱི་ལ			[kamalaṡīla]/ An Indian [ācārya] professing the philosophy of the [yogācārya] [madhyamaka] school which developed in the eastern part of India during the eighth century A.D. During the reign of King Tri-Song Deu-Tsan he was invited to Tibet and defeated the Chinese monk Hashang [mahāyāna] holding...
ཀརཎི་སྒོ་བཞིའི་མཆོད་རྟེན			A stupa with four gates built on the highway north of the Lhasa cathedral. It is believed to be a holy place where the great meditator, Thangtong Gyalpo spent many years practising meditation before 1368 A.D.
ཀརྨ་བཀའ་བརྒྱུད			The Karma Kagyud Tradition of Tibetan Buddhism; one of the many lineages of Kagyud traditions founded by the first Karmapa Dusum Khyenpa (1110-1193), who was a distinguished disciple of Gampopa (see {sgam po pa}). He established Tsurphu Monastery, the main seat of his tradition, in the north-west...
ཀི་ལི་ཀི་ལིའི་སྒྲ་ཅན			That which pronounces ki-li ki-li, one of the eight cemeteries (see {dur khrod chen po brgyad}).
ཀུ་མཱ་ར་ཇཱི་བ			[kumārajiva]. A a great translator from Kotan (li-yul). His father, although of Indian origin, married a princess of a northern Kotan (li-yul) king, and gave birth to this translator there. At a young age he entered monkhood, and received the name Zhonu Tsering. He studied Sanskrit language and H...
ཀུ་རུ་ཀུ་ལླེ			A goddess of power called Rigje-ma ({rig byed ma}) common to Sakya's golden transmission lineage ({gser chos}).
ཀུ་ཤ			The [kuṡa] grass, literally meaning that which dispels evil or the supreme grass. It has a fine and rich, crispy tassel of leaves, it is sweet flavoured, moderate to digest, and has the power to prolong one's life and increase the essential energy of the human body.
ཀུ་ཤའི་གྲོང་ཁྱེར			[kuṡinagarī]/ The city of Kusha, Kushinagara where Buddha [ṡakyamuni] passed away into [parinirvāṇa]. Located close to the border of India and Nepal near Gorakhpur.
ཀུ་ས་ར			An Indian pandit who was invited to Tibet during the reign of King Songtsen Gampo. He translated many tantric texts of different levels from Sanskrit into Tibetan.
ཀུ་སུ་ལུ			A Yogi mendicant; a yogi who practices the art of tantric exorcism and penance.
ཀུ་སཱ་ལིའི་ཚོགས་གསོག			A cut-ritual ({gcod}) practice in which one offers one's body as a feast ({tshog}) to accumulate merit.
ཀུན་དཀྲིས			The ever-binding factors; fetters. Those categories of delusions that are responsible for making repeated obstacles for one's mind during meditation on calm-abiding ([ṡamatha]) and equanimity ([upekṣā]/ {btang snyoms}). There are four (see {kun dkris bzhi}) and three levels of wrong activities wh...
ཀུན་དཀྲིས་བརྒྱད			[aṣṭa paryavasthāna]/ The eight ever-binding factors; eight fetters. The delusions that disturbs the mind repeatedly during meditation on calm-abiding ([ṡamatha]) and equanimity (btang-snyoms). These are:\n1. {rmugs pa} [styāna]/ mental sloth\n2. {gnyid/} [middha]/ sleep\n3. {rgod pa/} [auddhatya...
ཀུན་དཀྲིས་བཅུ			[daṡa paryavasthāna]/ The ten ever-binding factors; the ten fetters: 1-8. (see {kun dkris brgyad})\n9. {khro ba/} [krodha]/ anger\n10. {'chab pa/} [mrakṣa]/ concealment.
ཀུན་དཀྲིས་བཞི			[catvāri paryavasthāna]/The four ever-binding factors; the four fetters. A breach of the Bodhisattva or tantric vows is complete if these four factors are present:\n1. {nyes dmigs mi lha ba/} not regarding the breach as wrong\n2. {spyod 'dod ma log pa/} not wishing to avoid it in the future\n3. {...
ཀུན་མཁྱེན་ཀློང་ཆེན			The Omniscient Lama Longchen Rabjam (1308-1363). A Nyingma Lama regarded as a great visionary by all the four schools of Tibetan Buddhism; who was influenced greatly by a vision of [ācārya Padmasambhava]. Out of more than two hundred treatises some of his major works include the Seven Treasures (...
ཀུན་གྱིས་བཀུར་བའི་སྡེ			[saṃṃatīya]/ A school of Buddhist philosophy (see {mang pos bkur ba'i sde}).
ཀུན་དགའ་རྒྱལ་མཚན			The real name of [sakya paṇḍita] (see {sa skya pan+di ta}).
ཀུན་དགའ་སྙིང་པོ			Kunga Nyingpo (1092-1158). One of the five foremost masters of the Sakya tradition. He was the abbot of the Sakya monastic university at Sakya for forty-six years.
ཀུན་དགའ་བོ			[ānanda]; one of the twelve close disciples of Buddha [ṡakyamuni] known for his knowledge of scriptures. He was second of the seven hierarchs (see {ston pa'i gtad rabs bdun}) after the passing away of Buddha and recited by heart the [sūtrapitaka] during the first council held at [rājagṛha]. He wa...
ཀུན་འགྲོ			A. Space B. Snake С. Mental factor or factors (see {kun 'gro lnga/}) that accompanies every instance of mind or mental activity.
ཀུན་འགྲོ་ལྔ			[pañca sarvagaḥ]/ Five ever-functioning mental factors. Mental factors that accompany every instance of mind and mental activity. These are:\n1. {tshor ba} [vedanā]/ feeling\n2. {'du shes/} [saṃjñā]/ recognition\n3. {sems pa} [centanā]/ perception\n4. {reg pa/} [sparṡa]/ contact\n5. {yid la byed ...
ཀུན་འགྲོའི་རྒྱུ			Ever-functioning cause. One of the six types of causes (see {rgyu drug}). Those delusions (phra-rgyas) that occur in or travel through all the three realms of existence and act as an obstacle for attaining the state of liberation ([nirvāṇa]).
ཀུན་ཉོན་གྱི་དབང་པོ་ལྔ			The five feelings (see {tsor ba Ing}) within the mental continuum of ordinary persons.
ཀུན་ཏུ་རྒྱུ་ཆེན་པོ་ལྔ			The five great disciples; the five ascetics (see {'khor lnga sde bzang po}).
ཀུན་ཏུ་རྒྱུ་གནག་ལྷས་ཀྱི་བུ			[maskarin Goṡalīputra]. One of the six non-Buddhist teachers; a self-professed teacher of Hindu philosphy during the time of Buddha [ṡakyamuni]. He taught that the sufferings of all sentient beings were spontaneous without any reliance upon causes and conditions.
ཀུན་ཏུ་བརྗོད་པའི་ཆོ་འཕྲུལ			[ādeṡanā prātihārya]/ Miracle of speech. The power of Buddha enables him to read others minds (meritorious or non-meritorious) and teach accordingly.
ཀུན་ཏུ་བརྟགས་པའི་མཚན་ཉིད			[parikalpita lakṣaṇa]/ Imputed phenomena. One of the three phenomena (see {matsan nyid gsum}). The existence of a thing by mere conceptual labelling, i.e. the confused mind labels persons and phenomena by misconception and identifies existents as I, self, mine or name, upon imputation.
ཀུན་ཏུ་བཟང་པོ			[samantabhadra]/ A. Those existents that are pure or virtuous throughout all of its parts. B. The sphere of reality ([dharmadhātu]) or the nature truth body ([dharmakāya]). С. [tathāgata samantabhadra]. D. Bodhisattva Samantabhadra, one of the eight close spiritual sons of Buddha [ṡakyamuni] (see...
ཀུན་རྟོག			[saṃkalpa]/ A. Thorough investigation; the process of\nconceptual analysis. В. Thoughts, concepts, conceptualization and imagination.
ཀུན་བརྟགས			[parikalpita]/ Conceptual imputation; intellectual imputation; artificial labelling or imputation. Misconception of the true nature of phenomena developed through reasoning rooted in philosophical and intellectual study or training.
ཀུན་བརྟགས་གཉིས			The two types of imputed phenomena\n1. {rnam grangs pa'i kun brtags/} [pariyāya parikalpita]/ nominally imputed phenomena\n2. {mtshan } {nyid yongs su chad pa'i kun brtags/} [alakṣaṇa parikalpita]/ imputed phenomena lacking identity.
ཀུན་བརྟགས་པའི་གཟུགས			[parikalpita rūpa]/ Imputed form. Forms seen in imagination, e.g. horse, elephant, house, etc., seen in a dream, and seeing all surroundings filled with skeletons in concentration meditation ([samādhi]).
ཀུན་བརྟགས་ཀྱི་ཉོན་མོངས་པ			[parikalpita kleṡa]/ Imputed delusions. Deluded views and such that disturb the peace of mind as a result of wrong conceptual labelling of the meaning of reality imposed by a mind tainted with a wrong philosophy.
ཀུན་བརྟགས་ཀྱི་མ་རིག་པ			[parikalpita avidyā]/ Imputed ignorance. Lack of understanding of the mode of reality of phenomena conjoined with deluded views of a wrong philosophy.
ཀུན་ཏགས་པའི་སྟོབས			[parikalpita bala]/ Power of imputation. Lack of attachment towards all outer and inner phenomena; having seen all phenomena as being empty and lacking self nature through wisdom combined with concentration ([samādhi]).
ཀུན་བདེ་གླིང			A monastery established in the Wood-Tiger year (1794) located to the south-west of the Potala palace in Lhasa Tagtra Rinpoche was the chief Lama of this monastery. Two masters of this lineage have been regents of Tibet.
ཀུན་བདེན་གྱི་སྤང་བྱ་བདུན			Seven abandonments of the truth of origin. The seven things abandoned by a person having seen the truth of origin of all sufferings within this desire realm. These are:\n1. {ma rig pa/} [avidyā]/ ignorance\n2. {'dod chags/} [rāga]/ desire-attachment\n3. {khong khro/} [pratigha]/ hatred-anger\n4. ...
ཀུན་འདར་མ			Literally 'all-shaking'. This refers to the central energy channel. It is called this because the central energy channel is responsible for generating the essential drop, bliss within energy, and bliss from wind-energy.
ཀུན་ནས་ཉོན་མོངས་པ			[saṁkleṡa]/ Thoroughly afflicted phenomena The six primary delusions (see {rataza nyon drug}) and twenty near-delusions (see {nye nyon nyi shu}) motivated by cause or intent that motivates.
ཀུན་ནས་ཉོན་མོངས་པ་དང་རྣམ་པར་བྱང་བ			[saṁkleṡa vaiyadānika]/ Thoroughly afflicted and purified phenomena. The ever-afflictive and the ever-wholesome side of phenomena The truth of suffering and origin are the ever-afflictive and the truth of cessation and path are the ever-wholesome side.
ཀུན་ནས་ཉོན་མོངས་པའི་བདེན་པ			[samkleṡa satya]/ The thoroughly afflicted phenomena This refers to the truth of origin of suffering.
ཀུན་ནས་ཉོན་མོངས་ཕྱོགས་ཀྱི་དབང་པོ་བཅུ་བཞི			The fourteen faculties of the ever-afflicted phenomena 1-6. {mig gi dbang po nas yid kyi dbang po bar drub/} eye faculty to mental faculty.\n7. {pho'i dbang po} [puruṣendriya]/ faculty of maleness\n8. {mo'i dbang po/} [strīndriya]/ faculty of femaleness\n9. {srog gi dbang po/} [jīviendriya]/ facu...
ཀུན་ནས་ཉོན་མོངས་ཕྱོགས་ཀྱི་འགྲེལ་རྐང་ང་གསུམ			The fifty three divisions of ever-afflicted phenomena: 1-5. {phung po lnga/} [pañca skandha]/ five aggregates (see {phung po Ing}) 6-11. {dbang po drug} [ṣaḍ indriya]/ six sense faculties (see {dbang po drug}) 12-17. {rnam shes drug} [ṣaḍ vijñana]/ six consciousnesses (see {rnam shes tsogs brgyad...
ཀུན་སྤངས			A. Complete abandonment or thorough release. B. The\nprimary vein ({rataza}) of the heart. С A mendicant, a recluse. D. The state of liberation ([nirvāṇa]).
ཀུན་བྱེད་རྒྱལ་པོ			The universal principle.\nA. Mind or consciousness.\nB. Emptiness.\nС. The god, Brahma\nD. In {rdzogs chen} doctrine it refers to the basic mind, the [tathāgata] essence or Buddha nature which is the origin of all phenomena within [saṁsara] and beyond, or the basis or source of all misconceptions...
ཀུན་འབྱུང་བདེན་པ			The truth of origin of suffering. All those karma and delusions that become causes for the origination of the impure world and its inhabitants including the human body.
ཀུན་འབྱུང་བདེན་པའི་ཁྱད་ཆོས་བཞི			[catvāri saṁvṛttisatya guṇa]/ The four features of the truth of the origin of suffering.\n1. {rgyu/} [hetu]/ cause\n2. {kun 'byung /} [samudaya]/ origin of all\n3. {rab skyes/} [prabhava]/ production\n4. {rkyen/} [pratyayaḥ]/ condition.
ཀུན་འབྱུང་བདེན་པའི་རྣམ་པ་བརྒྱད			[aṣṭa samudaya satyaguṇa]/ The eight features of the truth of origin.\n1. {'dod chags dang bral ba'i rnam pa/} turning away from desire-attachment\n2. {mi gnas pa'i rnam pa/} non-abidance\n3. {zhi ba'i rnam pa/} peacefulness\n4. {'dod chags med pa'i rnam pa/} lack of desire-attachment\n5. {zhe sd...
ཀུན་སྦྱོར་གསུམ			[tri saṁyojana]/ The three constant fetters; three ever-binding factors. These refer to the three types of delusions that are abandoned upon reaching the Path of Seeing (third of the five paths).\n1. {'azig lta kun btags/} [satkayadṛṣṭi]/ the intellectually acquired view of the transitory collect...
ཀུན་སྦྱོར་དགུ			[nava saṁyojana]/ The nine constant fetters; nine ever-binding factors. These are the ever-binding:\n1. {rjes su chags pa/} [rāga]/ attachment\n2. {khong khro ba/} [krodha]/ anger\n3. {nga rgyal/} [māna]/ egotistic pride\n4. {ma rig pa} [avidya]/ ignorance\n5. {lta ba/} [dṛṣṭi]/ wrong view\n6. {m...
ཀུན་རྫོབ་ཀྱོ་ཀུན་རྫོབ			The obscuring conventional phenomena. One of the three conventional truths. For instance, an illusion, a mirage, a cataract ({mi yor}), etc., that cannot perform their respective functions properly.
ཀུན་རྫོབ་ཀྱི་སྐྱབས			[saṁvṛti ṡaraṇa]/ The conventional refuge; the conventional object of worship, e.g. an image of Buddha [ṡakyamuni].
ཀུན་རྫོབ་གཉིས			The two conventional existences; the two types of relative existence.\n1. {yang dag kun rdzob/} [saṃyag saṃvṛti]/ correct conventional truth, e.g. a pillar\n2. {log pa'i kun rdzob/} [mithya saṃvṛti]/ incorrect conventional truth, e.g. a mirror image.
ཀུན་རྫོབ་རྟོགས་པའི་ཤེས་རབ			[saṁvrti pratijñāna]/ A. Wisdom that has gained mastery over the five sciences of learning (see {rig pa'i gnas Ing}). B. Wisdom understanding conventional phenomena; the discriminative awareness that understands things on the conventional level of truth, e.g. a wisdom understanding the illusory n...
ཀུན་རྫོབ་བདེན་པ			[saṁvṛti satya]/ The conventional truth; the relative truth; generally referring to phenomena other than emptiness.
ཀུན་རྫོབ་བྱང་ཆུབ་ཀྱི་སེམས			[saṁvṛti bodhicitta]/ The conventional bodhicitta; the conventional mind of enlightenment. This includes the wishing bodhicitta (see {smon pa sems bskyed}) and the committed bodhicitta (see {'jug pa sems bskyed}).
ཀུན་རྫོབ་གསུམ			The three types of conventional truths. These are:\n1. {kun rdzob kyi kun rdzob/} conventional nature of the conventional truth.\n2. {yang dag pa ma yin pa'i kun rdzob/} incorrect conventional truth and\n3. {yang dag pa'i kun rdzob/} correct conventional truth. Or:\n1. {btags pa'i kun rdzob/} [up...
ཀུན་གཞི་རྣམ་ཤེས			[ālayavijñana]/ The foundational consciousness; mind basis of all; one of the eight types of consciousnesses (see {rnam shes tsogs brgyad}) asserted by the Mind Only school of Buddhist philosophy; believed to be primary and the store-house of all mental imprints.
ཀུན་གཞི་གནས་ཀྱི་འཁོར་ལོ			The point at the heart level where all energy channels are collected.
ཀུན་བཟང་མཆོད་སྤྲིན			[samantabhadra pūjāmegha]/ A cloud of Samantabhadra's offerings; in the [s_utra] tradition this refers to the panoply of offerings filling all of space and formed by Bodhisattva's holding one material of offering from which emanates many duplicates, each emanating further duplicates; in the tantr...
ཀུན་བཟང་ཐུགས་ཀྱི་བསྟན་པ			In the Nyingma tradition this refers to the doctnne of {dzog pa chen po}.
ཀུན་སློང			[samutthāna]/ Motivation; a primary consciousness directed towards a goal. There are two types of motivation.\n1. {rgyu'i kun } {slong /} causal motivation\n2. {dus kyi kun slong /} actual motivation at the time of action.
ཀོང་སྤྲུལ་ཡོན་ཏན་རྒྱ་མཚོ			Kongtrul Yonten Gyatso (1813-1899). Also knows as Garwang Lodoe Thaye, was born in the Water-Bird year of the fourteenth sexagenerary at Dokham. He compiled The Jewel Treasure ({rin chen gter mdzod}), The Instruction Treasure ({gdams ngag mdzod}) and The Secret Transmission Treasure ({bka' brgyud...
ཀླུ			[nāga]/ A kind of being regarded as belonging to the animal class; believed to abide in subterranean realms, having control over rain, ponds, rivers and soil productivity. Some are helpers while others can bring retribution if disturbed. Often in Buddhist art and in written accounts, they are por...
ཀླུ་སྒྲུབ			[nāgārjuna]/ The great [nāgārjuna], founder of the Madhyamaka school of philosophy and of the lineage of the profound teachings of emptiness (see {zab mo lta brgyud}). His works include The Six Treatises (see {rigs tshogs drug}), Letter to a King ({bshes spring}), and Jewel Garland ({rin chen phr...
ཀླུ་སྒྲུབ་ཀྱི་ཐུགས་སྲས་བདུན			The seven spiritual sons of [nāgārjuna].\n1. {shwakya mi tra/} [ṡākyamitra]\n2. {klu'i byang chub/} [nāgabodhi]\n3. {'phags pa lha/} [āryadeva]\n4. {ma tang ki/} [mataṅga]\n5. {sangs rgyas bskyangs/} [buddhapalita]\n6. {legs ldan 'byed/} [bhāvaviveka]\n7. {slob dpon dpa' bo/} [aṡvaghoṡa].
ཀླུ་ཆེན་བརྒྱད			[aṣṭa mahā nāgarāja]/ The eight [nāga] kings. There are two ways of listing these. A. I. {klu'i rgyal po mtha' yas/} [nāgarāja Ananta] 2. {klu'i rgyal po 'jog po/} [nāgarāja Takṣaka] 3. {klu'i rgyal po stobs rgyu/} [nāgarāja Karkoṭaka]\n4. {klu'i rgyal po rigs ldan/} [nāgarāja Kulika]\n5. {klu'i ...
ཀླུ་གཉན			A. Malignant or harmful nagas. B. Lord of the earth. There are two types of these, known as [nāgas] or {gnyan }. These are spirits belonging to the category of animals or hungry ghost.
ཀློང་ཆེན་སྙིང་ཐིག			A treasure doctrine of the Nyingma tradition, mind-revelation of Rigzin Jigme Lingpa (1729-1798).
ཀློང་ཆེན་མཛོད་བདུན			The seven treasure texts. The treatises composed by Longchen Rabjampa (see {kun mkhyen klong chen rab 'byams}), a fourteenth century master of the Nyingma tradition. These are:\n1. {grub mtha' mdzod/} The Treasure of Philosophy\n2. {theg chen mdzod/} The Greater Vehicle Treasure\n3. {yid bzhin md...
ཀློང་ཆེན་རབ་འབྱམས			The great master Longchen Rabjampa (see {kun mahayen klong chen rab 'byams}).
ཀློང་སྡེ			The Centrists. A transmission of Atiyoga practice within {rdzogs chen } doctrine, the lineage of which comes from Longde Dorje Zampa, [ācārya ṡri Simha] the great translator,\nVairocana and others. This doctrine professes that within the self-arisen primordial wisdom, i.e. the subjective ever who...
དཀའ་ཐུབ			[tapas]/ Asceticism; austere practices.
དཀར་པོ་རྣམ་གསུམ			The three lay masters of Sakya tradition.\n1. Sachen Kunga Nyingpo (1092-1158)\n2. Sonam Tzemo (1142-1182)\n3. Jetsun Dakpa Gyaltsen (1147-1158).
དཀར་པོ་ས་བོན་གྱི་སྟོབས			The power of the white seed. The strong determination to collect merit and eliminate obstacles in order to develop an enlightened attitude; one of the five powers (see {stobs lnga}); the wish to be able to develop the enlightened attitude in one's future lifetimes, generated at the time of death.
དཀར་པོའི་ལས			White karma; wholesome karma. The process of activity whereby happiness and fortunate consequences follow as the result of previously committed virtuous actions. Synonymous with all virtuous actions.
དཀར་པོའི་ཆོས་བཞི			[catvāri ṡukladharma]/ The four white actions; the four wholesome actions. The four virtuous actions producing white karmic results which prevent the degeneration of bodhicitta, the enlightened motive of a Bodhisattva, namely:\n1. {srog gam than bzhad gad kyi phyir yang shes bzhin du rdzun mi smr...
དཀར་ཕྱོགས་ཀྱི་ལྷ			The gods and goddesses of the white side. This includes all divinities that align with the virtuous and righteous factions.
དཀོར			[dhana]/ Spiritual material. Offerings made to the objects of refuge, in a temple, to a monastic community or to an individual lama. It can also means offerings misused by a monk or nun or else monks and nuns spoiled by too many offerings.
དཀྱིལ་འཁོར			[maṇḍala]/ A. Round shaped, e.g. the full moon. B. A complete feature of something, e.g. of face. С In (antra, this constitutes the complete celestial mansion or abode of a principal deity surrounded by his or her retinue, representing the paths and fruits of that particular cycle of practices. O...
དཀྱིལ་འཁོར་རྒྱལ་མཆོག			The supramundane victorious [maṇḍala] . Also called {dkyil 'khor rgyal mchog gi ting nge 'dzin}. Roughly translated as meditation on the supramandane deity, one of the three stages of meditation on the generation stage practice of (antra, in which one visualizes and places all deities of a partic...
བཀའ			[buddha vacana]/ Teachings or words of Buddha. Either originally spoken by Buddha himself, recorded in any of the three collections ({lung gi sde snod gsum}) or the insight and realizations ({rtogs pa'i chos}) within Buddha's mental continuum.
བཀའ་བརྒྱུད			Kagyud Tradition. One of the four Tibetan Buddhist traditions holding the commissioned lineage of Buddha Vajradhara. In Tibet, this transmission was divided into two schools, the Shangpa Kagyud started by Mahasiddha Kyungpo Nyaljor (978-1079) and the Dakpo Kagyud by Lhodrak Marpa (1012-1099). The...
བཀའ་བརྒྱུད་ཆེ་བཞི			The four major schools of the Kagyud tradition.\n1. {'ba' rom/} Barong Kagyud established by Barompa Darma Wangchuk\n2. {phag gru} Phagdru Kagyud established by Phagdru Dorjee Gyalpo (1110-1170)\n3. {karma tshang /} Karma Kagyud established by Karma Duesum Khyenpa (1110-1193)\n4. {tshal pa/} Tsal...
བཀའ་འགྱུར			Kangyur; the collection of Buddha's teachings translated from Sanskrit into Tibetan, generally consisting of 108 volumes, but the number varies according to different editions.
བཀའ་ཆེན			Kachen; the title or academic degree awarded at Tashi Lhunpo monastery, probably equivalent to the Geshe Degree of other monastic institutions.
བཀའ་ཉན			[ājñakara]/ Attendant; member of a retinue; minister.
བཀའ་བསྟན			A. The collection of Buddhist canons, the teachings of Buddha and their commentaries by Indian master-scholars; the former consists of 108 volumes and the latter 225, varying slightly according to the edition. B. The collection of sacred scriptures.
བཀའ་ཐང་སྡ་ལྔ			The Annals; the five prophetic texts. The five texts left as wills by Guru Padmasambhava as discovered by Ogyan Lingpa from Samye and Yeldag in the Wood-Bird year (1285) of the fifth sexagenerary. These are texts concerning:\n1. {rgyal po bka' thang /} the king ({rgyal po bka' thang})\n2. {btsun ...
བཀའ་དྲིན་གསུམ་ལྡན			[tri parigrahaka gurū]/ He possessing the three kindnesses. According to the [sūtra] tradition, this refers to a spiritual master from whom one has received vows, teachings and oral tansmission, and according to tantra, this refers to a spiritual master from whom one has received initiation, tant...
བཀའ་གདམས			Kadampa tradition. A tradition of Tibetan Buddhism founded by [atiṡa]. Dromtonpa, Potowa and Chekawa are some of the great masters belonging to this tradition.
བཀའ་གདམས་སྐུ་མཆེད་གསུམ			The three spiritual brothers of the Kadampa tradition.\n1. {phu chung pa gzhon nu rgyal mtshan/} Puchungwa Zhonu Gyaltsen\n2. {po to ba rin chen gsal/} Potowa Rinchen Sel\n3. {spyan snga ba tshul khrims 'bar/} Chengwa Tsultrim Bar.
བཀའ་གདམས་རྙིང་མ			The Kadampa tradition accepting the three doctrine and four deities (see {bka' gdams lha chos bdun}) passed down from Dromtonpa to Je Tsong Khapa.
བཀའ་གདམས་གདམས་ངག			The Kadampa's teachings. These constitute the basic view or philosophy as transmitted by the founder of the Kadampa tradition, [atiṡa], to Chen-ngawa on the Four Noble Truths, the transmission of teachings on dependent arising as transmitted by Phuchungba, and the teachings on the two truths (con...
བཀའ་གདམས་ཕ་ཆོས་བུ་ཆོས			The father and son transmission of Kadampa doctrine. The secret transmission of the Kadampa tradition, rooted in Atisha as received by Dromtonpa Gyalwe Jungne, is known as the father-transmission (pha-chos): that received by Ngog Loden Sherab and Khuton Tsondm is known as the son-transmission (bu...
བཀའ་གདམས་ཕུགས་ནོར་བཅུ			The ten innermost jewels of the Kadampa tradition. A. {gtad pa bzhi/} The four entrustments:\n1. {blo phugs chos la gtad/} entrusting yourself to the dharma as the simplest way of thought\n2. {chos phugs sprang la gtad/} entrusting yourself to poverty as the simplest way of practising dharma\n3. ...
བཀའ་གདམས་ཕོ་བྲང			The Kadampa palace, name of two chambers at Radreng and Tashi Lhunpo.
བཀའ་གདམས་མན་ངག་པ			Kadampas of the instruction lineage. The lineage of Kadampa teachings coming from the Kadampa master Chen-ngawa to Jayulwa, primarily based on study and practice of the Graded Path teachings combined with the Heart [sūtra] of Dependent Origination and oral transmission of the masters.
བཀའ་གདམས་རྩ་གཞུང			The fundamental texts of Kadampa tradition. Entering the Two Truths {bden gnyis la 'jug pa} and Instruction on Middle View{_dbu ma'i man ngag} composed by [atiṡa], primarily concerning the middle way teaching; Lamp of Essential Moral Conduct {spyod bsdus sgron me/} and Essential Conduct {spyod bs...
བཀའ་གདམས་གཞུང་དྲུག			The six texts of Kadampa tradition. Treatises which formed the fundamental basis of practice of the past Kadampa masters. These are: Life Stories of Buddha {skyes rabs/} and Specific Teachings {ched du brjod pa'i tshoms/} for inspiring faith and devotion; Bodhisattva Grounds {byang sa/} and Ornam...
བཀའ་གདམས་གཞུང་པ་བ			Kadampas of the textual lineage. The lineage of Kadampa teachings coming from the Kadampa master Geshe Potowa to Sharawa, primarily based on study and practice of the Graded Path teachings combined with the major texts of the Kadampa tradition (see {bka' gdams gzhung drug}).
བཀའ་གདམས་ལམ་རིམ་པ			Kadampas of the path lineage. The lineage of Kadampa teachings coming from the Kadampa master Gonpowa to Neuzur, primarily based on study and practice of the Graded Path teachings combined with miscellaneous texts of the Kadampa tradition.
བཀའ་གདམས་ལྷ་བཞི			The four deities of the Kadampa tradition; the four divinities\nof the Kadampas.\n1. {thub pa/} Buddha [ṡākyamuni]\n2. {spyan ras gzigs/} [avalokiteṡvara]\n3. { sgrol ma/} [Та_га_]\n4. {mi g.yo ba/} [acalā].
བཀའ་གདམས་ལྷ་ཆོས་བདུན			The four deities and three texts of the Kadampa tradition. 1-4. (see {bka' gdams lha bzhi}). 5-7. (see {sde snod gsum}).
བཀའ་གདམས་གསར་མ			The New Kadampa. The lineage of teachings directly originating from Tsong Khapa, based on the examples of the life and deeds of past Kadampa masters inclusive of the middle way view and secret mantrayana paths. This refers to the Gelug tradition.
བཀའ་བསྡུ་གསུམ			The Three Buddhist Councils. The first council was held during the same summer of the Buddha's passing into [parinirvāṇa] at [rājagṛha] sponsored by King [ajātaṡatru], in which [ānanda] recited the collection of [sūtra] teachings and [upāli] recited the collection of Abhidharma teachings. The sec...
བཀའ་པོད་ལྔ			The five major texts. The five subjects of Buddhist philosophy studied in the Geshe Degree curriculum in the great monastic universities of Tibet and India.\n1. {phar phyin/} [prajñapāramitā]/ Perfection of Wisdom\n2. {dbu ma/} [madhyamaka]/ Middle Way\n3. {tshad ma} [pramāṇa]/ Valid Cognition\n4...
བཀའ་བབ་བཞི			A. The four great disciples of Marpa:\n1. {rngog chos sku rdo rje/} Ngog Choku Dorje\n2. {mtshur ston dpang gi rdo rje/} Tsurton Wangi Dorje\n3. {mes ston chen po/} Meton Chenpo\n4. {mi la ras pa/} Milarepa. B. The four commissioned lineages:\n1. {sgyu lus dang 'pho ba'i bka' bab/} the yoga of il...
བཀའ་བཞི་པ			Kazhipa. A Geshe Degree conferred on someone who has merely studied and fulfilled the requirements of an examination after completing his study on the Perfection of Wisdom ({phar phyin}), the Middle Way View ({dbu ma}), the Monastic Discipline ({'dul ba}) and the Treasure of Knowledge ({mdzod}).
བཀའ་ལུང			Oral transmission; prophesy; prediction.
བཀོད་མའི་ཆུ་ལྟ་བུའི་སེམས་བསྐྱེད			[pravasravaṇodaka cittotpāda]/ Fountain-water-like Bodhimind. The bodhicitta or motive of enlightenment associated with the power of retention (see {gzungs}/ [dharani]) and confidence possessed by the Bodhisattva on the three pure grounds, i.e. the 8th, 9th and 10th grounds.
བཀྲ་ཤིས་རྟགས་བརྒྱད			[aṣṭa man'galacihna]/The auspicious signs; the eight auspicious emblems.\n1. {gdugs/} [chattra]/ an umbrella\n2. {daser nya/} [suvarṇamatsya]/ a pair of golden fish\n3. {bum pa/} [kalaṡa]/ a treasure vase\n4. {pad ma/} [padma]/ a lotus\n5. {dung dkar} [ṡaṅkha]/ a white conchshell with whorls turn...
བཀྲ་ཤིས་རྫས་བརྒྱད			[aṣṭa maṅgala dravya]/ The eight lucky articles; the eight auspicious substances.\n1. {me long /} [ādarṡa]/ a looking-glass/ mirror\n2. {b+hi wang /} [gorocanā]/ medicinal concretion from the brains of elephants\n3. {zho/} [dadhi]/ curd\n4. {rtswadur ba/} [dūrvā]/ fine green grass\n5. {shigan tog...
རྐང་གླིང			Human thighbone trumpet; femur trumpet. This is used as a ritual implement in certain tantric practices of exorcism to remind one of death and impermanence.
རྐང་མིག་པ			[ṛṣi Akṣapāda]/ Rishi Akshapada. Founder of the non-Buddhist school of philosophy called Nyaya (see {rig pa can pa}).
རྐུ་ཐབས་སུ་གནས་པ			[steyasaṁvāsika]/ Living a lie. The lifestyle of living like a monk without having received monk vows; or without changing one's heart, even though one has externally taken the vows.
རྐང་མ			[Lalanā]/ The left energy channel. The left channel in our body which is white in colour and stands adjacent to the central channel. It runs from the level of The eyebrows to the point between the navel. The specific details vary according to the lineage of the practice concerned.
རྐྱེན			[pratyaya]/ Conditions. Conditions or circumstances which are a necessary prerequisite for a cause to produce an effect.
རྐྱེན་གསུམ			[tri pratyayāḥ]/ The three types of conditions.\n1. {g.yo ba med pa'i rkyen/} [nrīha pratyaya]/ unchanging condition\n2. {mi rtag pa'i rkyen/} [anitya pratiyaya]/ impermanent condition\n3. {nus pa'i rkyen/} [samartha pratyaya]/ effective condition.
རྐྱེན་བཞི			[catvāri pratyayāḥ]/ The four conditions; the four conditions for a cognition.\n1. {rgyu rkyen/} [hetu pratyaya]/ causal condition\n2. {dmigs rkyen/} [ālambana pratyaya]/ objective condition\n3. {bdag rkyen/} [adhipati pratyaya]/ fundamental condition\n4. {de ma thag rkyen/} [samanantara pratyaya...
ལྐོག་གྱུར			[parokṣa]/ Hidden phenomenon; obscure phenomenon. A phenomenon that cannot initially be cognized by a direct perception but can only be understood by an inference generated in dependence upon a correct reason, e.g.\nimpermanence of a vase.
ལྐོག་ཆོས			[parokṣa dharma]/ The secret transmission. Oral transmission of certain doctrines handed down by Lamas only to ripe and deserving disciples.
སྐད་ཅིག་མ			[Ekakṣaṇa]/ Momentary. An impermanent thing—the definition of impermanence.
སྐད་ཅིག་མའི་སྦྱོར་བ			[kṣaṇikaprayoga]/ The momentary training; the training of a single-instant; the yoga of the last moment before enlightenment. The seventh of the eight topics (see {dngos po brgyad}), exclusive to the path of [ārya Bodhisattva].
སྐད་ཅིག་མའི་སྦྱོར་བ་མཚོན་བྱེད་ཀྱི་ཆོས་བཞི			[catvāri kṣaṇika prayoga dharmāḥ]/ The four topics that\ncharacterize the momentary training.\n1. {rnam par smin pa'i skad cig sbyor pa/} [vipāka kṣaṇika prayoga]/ the fruitional or matured momentary training\n2. {rnam par ma smin pa'i skad cig sbyor ba/} [avipāka kṣaṇika prayoga]/ non-fruitional...
སྐབས་གསུམ་པ			He who sees the three times; the gods. Metaphorically used for the gods who see the three times (past, present and future) through clairvoyance.
སྐལ་མཉམ་གྱི་རྒྱུ			[sabhāga hetu]/ Congruent cause; equal-state cause. A cause that subsequently produces something of similar type to itself; one of the six types of causes (see {rgyu drug}).
སྐལ་བ་དྲུག་ཕུན་སུམ་ཚོགས་པ་དྲུག			[ṣaḍ saṃpanna bhāga]/ The six fortunate possessions; six excellent riches. Excellent:\n1. {dbangaphyug} [īṡvara saṃpanna bhāga]/ power and wealth\n2. {gzugs/} [rūpa saṃpanna bhāga]/ physical form\n3. {dpal/} [dhānya saṃpanna bhāga]/ glory\n4. {grags pa/} [kīrtī saṃpanna bhāga]/ fame or reputation...
སྐུ་ངེས་པ			[kāya niyata]/ Certainty of body; certainty of physical form. The feature of a Buddha's Complete Enjoyment Body ([sambhogakāya]), who is adorned with the 32 major marks (see {matsan bzang po sum cu rtsa gnyis}) and 80 minor marks (see {dpe byed bzang po brgyad bcu}).
སྐུ་ལྔ			[pañca kāya]/ The five bodies of a Buddha. A. The five bodies\nof a Buddha. 1-3. (see {sku gsum})\n4. {ngo bo nyed sku} [svabhāvakāya]/ Nature Truth Body\n5. {mi 'byur rdo rje'i sku} [avikāra vajrakāya]/ Immutable Varja Body. B. In some Nyingma tantra these are listed as: 1-3. (see {sku gsum})\n4...
སྐུ་གཉིས			[dvi kāya]/ The two bodies of a Buddha.\n1. {gzugs sku} [rūpakāya]/ Form Body\n2. {chos sku} [dharmakāya]/ Truth Body.
སྐུ་ཐང			Thangka painting; scroll painting. Traditional Tibetan Buddhist art of painting Buddhas, Bodhisattvas, deities and various mystical representations upon a canvas.
སྐུ་ཐུགས་ཟུང་འཇུག			The union of body and mind. The unity of the illusory body and the clear light mind of a yogi.
སྐུ་གདུང			A. Dead body. B. Relics. С A stupa containing relics or remains of a holy being.
སྐུ་ཕྲེང			Incarnate lineage. The lineage of successive incarnate lamas or a single incarnation who is such a succession._
སྐུ་རྫུ་འཕྲུལ་གྱི་ཆོ་འཕྲུལ			[kāya ṛddhi pratiharya]/ Physical miraculous activity. One of the three miraculous activities of a Buddha (see {cho 'phrul rnam gsum}) by which sentient beings are tamed and lead to the righteous path.
སྐུ་བཞི			[catvāri kāya]/ The four bodies of a Buddha.\n1. {ngo bo nyid sku}\n[svabhāvakāya]/ Nature Truth Body\n2. {ye shes chos sku} [jñānakāya]/ Wisdom Truth Body\n3. {longs sku} [saṃbhogakāya]/ Complete Enjoyment Body\n4. {spul sku} [nirmāṇakāya]/ Emanation Body.
སྐུ་གསུམ			The three bodies of a Buddha.\n1. {chos sku/} [dharmakāya]/ Truth Body\n2. {longs sku/} [saṃbhogakāya]/ Complete Enjoyment Body\n3. {sprul sku/} [nirmāṇakāya]/Emanation Body.
སྐུ་གསུམ་ལམ་འཁྱེར			Taking the three bodies of a Buddha as paths. The tantric practice of taking death as the dharmakaya, the intermediate state of rebirth as the sambhogakaya and the rebirth as the nirmanakaya of a Buddha in one's meditation practice.
སྐུར་འདེབས			[abhyākhyāna]/ Depreciation; underestimation. The assertion of the existence of something that does not exist conventionally, or to under rate somebody's qualities below deserving limits. For instance, asserting the non-existence of the law of causality.
སྐྱ་བསེང་གི་བུ་ལྔ			[pāṇḍava]/ The Pandavas.\n1. {g.yul ngor brtan pa/} [yudhiṣṭhira]\n2. {'jigs lde/} [bhīmasena]\n3. {rigs med/} Nakula\n4. {srid sgrub/} Arjuna\n5. {lha bcas/} Sahadeva.
སྐྱབས་གསུམ			[tri ṡaraṇa]/ The three objects of refuge; the three protectors-Buddha Dharma and [saṅgha].
སྐྱབས་ཀྱི་སྦྱིན་པ			[ṡaraṇa dāna]/ The generosity of giving protection; the way of giving protection to somebody afraid of or in a crucial situation. One of the three types of giving (see {sbyin pa rnam gsum}).
སྐྱབས་གསུམ་འཛིན་པའི་དགེ་བསྙེན			[tri ṡaraṇagrāhaka upāsaka]/ a lay person ordained by refuge precepts. A Buddhist layman who has taken formal refuge or vow of precepts to accept the Three Jewels as the ultimate object of refuge for one's life-time. One of the four nominally ordained lay persons (see {dge bsnyen btags pa ba bzhi}).
སྐྱིད་གྲོང་འཕགས་པ			The [avalokiteṡvara] of Kyidrong. According to a common belief among Tibetans, the Tibetan King Songtsen Gampo once emanated himself in the form of a Gelong and came to Nepal, where he fell a sandal tree in which he is said to have found four self-born images of Avalokiteshvara. The Kyidrong Phag...
སྐྱིལ་ཀྲུང་བཞི			[catvāri paryaṅka]/ The four cross-legged positions. 1-3. three vajra cross-legged positions (see {ne~Xta})\n4. {bde steng gi skyil krung /} cross-legged position of non-dual bliss and void.
སྐྱིལ་ཀྲུང་གསུམ			[tri paryaṅka]/ The three vajra cross-legged positions of the energy channels, wind and drops {rtsa rlung thig le'i rdo rje skyil krung gsum/} Syn. with {rdo rje skyil krung gsum}.
སྐྱེ་དགུ་སྐྱེ་རྒུ			[prajā]/ Sentient being; living being. Lit: nine-fold births refering to all beings for they take rebirth from the desire realm within the three realms; the form realm within the three realms; and from the formless realm within the three realms.
སྐྱེ་མཆེད			[āyatana]/ Sources of perception; the senses and their respective objects.
སྐྱེ་མཆེད་བཅུ་གཉིས			[dvādaṡa āyatanāni]/ Twelve sources of perception. A. 1-6. Six outer sources of perception (see {yul drug}) B. 7-12. Six inner sources of perception (see {dbang po drug}).
སྐྱེ་མཆེད་དྲུག་གི་རྟེན་འབྲེལ			[ṣaḍ āyatana pratītyasamutpāda]/ The interdependent link of six sources of perception; the link of six cognitive faculties. The fifth link in the twelve linked chain of interdependent origination; the period of time when the six sense powers of a foetus first emerge although they are still unable...
སྐྱེ་གནས་བཞི			[catvāro yonayaḥ]/ The four types of birth. The four types of sentient beings differentiated according to the way they are born.\n1. {mngal skyes/} [jārāyu jāḥ]/ those born from a womb\n2. {sgong skyes/} [aṇḍa jāḥ]/ those born from an egg\n3. {drod gsher las skye ba/} [saṁsveda jāḥ]/ those born f...
སྐྱེ་བ			[Jāti]/ The birth-state; birth. One of the four states of existences of a being (see {srid pa bzhi}) in genial; for human beings, the very moment of conception in the mother's womb.
སྐྱེ་བ་ངོ་བོ་ཉིད་མེད་པ			[utpattiniḥ svabhāvatā]/ One of the three lackings of identity. Because all phenomena are generated, or come into being in reliance upon causes and conditions, not only does a multicoloured rope lack a snake's existence, but also, it's inherent existence as a rope, as it is the product of many th...
སྐྱེ་བ་སྤྲུལ་སྐུ			[Janma nirmaṇakāya]/ The Emanation Body of a Buddha by birth. The way a Buddha takes an emanated form of a god, animal, bridge and living beings in order to tame sentient beings.
སྐྱེ་མེད་དོན་གྱི་གསུང			The ultimate teachings lacking birth. One of the five teachings (see {gsung lnga}) of a Buddha according to Nyingma tradition. This refers to the inexpressible reality itself which forms the basis or root of all meanings. Consequently, it is also called the ultimate teaching of the unborn truth b...
སྐྱེ་མེད་བདེ་ཆེན			[ajāta mahāsukha]/ The unborn great bliss. This refers to the state of liberation or state beyond suffering.
སྐྱེ་སྲིད			[upapattibhava]/ The state of birth or existence. One of the four states of existence, e.g. the consciousness that has just connected to the conception taken place in the womb.
སྐྱེས་ཐོབ་ཀྱི་མུ་སྟེགས་པ			A non-Buddhist by birth. Those who hold the wrong view that phenomena exist truly by way of their own accord.
སྐྱེས་བུ་གསུམ			The three types of persons (see {sakayas bu chung ngu/ spyes bu' bring and skyes bu chen po}).
སྐྱེས་བུ་ཆུང་ངུ			[adhama puruṣa]/ Person of small scope. A practitioner who merely seeks a higher state of rebirth impelled by fear of the lower rebirths.
སྐྱེས་བུ་ཆུང་བ་ཁྱད་པར་ཅན			[viṡeṣakādhama puruṣa]/ The superior person of small scope. A practitioner who has generated disgust of the expenence of this life and has produced an uncontrived or natural interest in a better future life through contemplating the difficulty and significance of finding a human rebirth endowed w...
སྐེས་བུ་ཆུང་ངུའི་ལམ			[adhama puruṣa mārga]/ The paths of a person of small scope. The intent or wish for, primarily, seeking a higher rebirth within cyclic existence ([saṁsara]) for the sake of oneself alone.
སྐྱེས་བུ་ཆེན་པོ			[uttama puruṣa]/ Person of great scope. A practitioner with great spirit who voluntarily seeks to place all sentient beings throughout the expanse of space in the state of complete enlightenment (Buddhahood), and who therefore is able to work extensively for the sake of others.
སྐྱེས་བུ་ཆེན་པོའི་ལམ			[uttama puruṣa mārga]/ The paths of a person of great scope. All paths of the greater vehicle ([mahāyāna]) that are conjoined by resolute intent (lhag-bsam), the sixth of the seven-fold causes and result (see {rgyu 'bras man ngag bdun}) transmission.
སྐྱེས་བུ་ཐ་མ			[anta puruṣa]/ The person of small scope (same as skyes-bu chung-ngu).
སྐྱེས་བུ་འབྲིང			[madhyama puruṣa]/ Person of middling scope. A practitioner who wishes himself or herself to be free of the sufferings of cyclic existence and seeks to achieve the state of liberation.
སྐྱེས་བུ་འབྲིང་གི་ལམ			[madhyama puruṣa mārga]/ The paths of a person of middling scope. All those paths that are conjoined with a wish primarily to achieve the state of liberation for one's own sake by being disgusted with the marvels of cyclic existence ([saṁsara]).
སྐྱེས་བུ་ཟུང་བཞི			[catvāri yampuruṣa]/ Four categories of a person (on the paths).\n1. {rgyun zhugs/} [ṡrotāpanna]/ Stream-winner\n2. {phyir 'ong /} [sakṛdāgāmin]/ Once-returner\n3. {phyir mi 'ong /} [anāgāmin]/ Never-returner\n4. {dgra bcom/} [arhat]/ Foe-destroyer.
སྐྱེས་བུ་གསུམ་གྱི་ལམ་རིམ			The stages of paths of the three types of persons and the texts that explain these paths.
སྐྱེས་བུས་བྱེད་པའི་འབྲས་བུ			[pauruṣeya phala]/ Fruit produced by a person. The commonly shared environment and the general conditions of life in this universe as experienced by an individual being, who is dependent upon them.
སྐྱེས་རབས			[Jātaka]/ Life stories ([jātakas]); rebirth stories. Accounts of Bodhisattva practices that Buddha encountered in his previous lives; a geniune examplary teaching.
སྐྱོས་ཤས			[kheda]/ Attitude of disgust. A subdued state of mind which is disgusted with the uncontrolled cycle of birth, sickness and death that ultimately desires liberation, thus transforming into renunciation.
སྐྱོན་ཡོན			[doṣa and guṇa]/ Faults and good qualities; merits and demerits.
སྐྱོབ་པ་འཇིག་རྟེན་མགོན་པོ			Kyopa Jigten Gonpo (1143-1217). The founder and one of the foremost masters of the Drikung Kagyu tradition of Tibetan Buddhism.
སྐྱོར་དཔོན			Class monitor in a monastic university.
སྐྱོར་གྲྭ			A regular class in a monastery where students recite the texts by heart at an assembly after they have memorized them.
སྐྲ་ཤད་འཛགས་སྣང			[keṡoṇḍuka]/ A false appearance of falling hair. An example of what a person with a cataract seems to see with distorted non-conceptual sensory perception.
བརྐྱངས་ཕྱག			Full-length prostration.
བསྐལ་ཆུང			The small aeon. According to the Abhidharma tradition, a small aeon refers to the extent of time it takes for the human life-span to increase from ten years of age up to a maximum of eighty-thousand at a rate of only one year every century, as well as to decrease down to a minimum often years of ...
བསྐལ་ཆེན			[mahākalpa]/ The great aeon. According to Abhidharma tradition, every cycle of eighty small aeons comprises one great aeon. This comes to trillions of human years. A great aeon consists of eighty intermediate aeons divided into twenty aeons of formation, persistence, dissolution and vacuity.
བསྐལ་ཆེན་གྲངས་མེད			[asaṃkyeya kalpa]/ An incalculable aeon. One sixtieth of a great aeon, i.e. the sixty digit number of years in calculation. Thrice this limit of calculation becomes the three great countless aeons ({skal chen grangs med gsum}).
བསྐལ་དོན			Obstructions. Obstructions caused either by an object, time or nature that do not allow, the visual perception of something.
བསྐལ་དོན་གསུམ			The three-fold obstructions.\n1. {dus kyi bskal don/} obstruction by time, e.g. not enabling one to perceive something due to a duration of time\n2. {yul gyi bskal don/} obstruction by object, e.g. not enabling one to perceive something due to distant location of the object of perception\n3. {ran...
བསྐལ་པ			[kalpa]/ An aeon; world age.
བསྐལ་པ་གཉིས			The two aeons.\n1. {sgron bskal/} The aeon of light ({sgron bskal}), referring to that period when the doctrine of Buddha flourishes.\n2. {mun bskal/} The aeon of darkness ({mun bskal}), referring to that period when the doctrine of Buddha does not flourish.
བསྐལ་པ་གཉིས་ལྡན			The two-fold aeon. Following the further degeneration of the three-fold aeon, it is believed that people will observe only two of the ten virtuous activities; this period is known as the two-fold aeon and is equivalent to eight hundred and sixty-four thousand human years.
བསྐལ་པ་བར་མ			[antara kalpa]/ The intermediate aeon. According to the Abidharma tradition, two small aeons make an intermediate aeon. This comes to billions of human years.
བསྐལ་པ་བར་མ་གསུམ			The aeons that falls within eighteen intermediate periods. This comprises the three aeons known as the aeon of starvation, the aeon of sickness and the aeon of weapons.
བསྐལ་པ་རྫོགས་ལྡན			[kṛtayuga]/ The perfect aeon; the excellent aeon. According to the Abhidharma tradition, it is explained that after the origination of human beings in this universe for a long period the system of private ownership did not exist and the people were perfectly pure in their moral conduct committing...
བསྐལ་པ་ཡ་ཐོག			The earliest aeon. This refers to the fortunate aeon (bskal-pa rdzogs-ldan) during which human beings lived to the age of ten thousand years, and were nourished by natural oil from the ground and unharvested crops such as rice seedlings.
བསྐལ་པ་གསུམ་ལྡན			[tretā yuga]/ The three-fold aeon. Following the degeneration of the perfected aeon, it is said that people will observe only three of the ten virtuous activities; this period is known as the three-fold aeon. This period is equivalent to one million two hundred and ninety-six thousand human years.
བསྐལ་པའི་དུས་བཞི			The four periods of an aeon: 1. the fortunate (see {bskal pa rdzogs ldan}) 2. the three-fold (see {bskal pa gsum ldan}) 3. the two-fold (see {bskal pa gnyis ldan})\n4. The corrupt age (see {rtsod idam gyi dus}).
བསྐྱེད་རིམ			[utpattikiama]/ The generation stage practice. The tantric practice of transforming appearance, sound and wisdom respectively into a deity, mantra and wisdom of that particular meditalional deity in order to purify the four types of birth along with their latencies.
བསྐྱེད་རིམ་ཕྲ་མོ			The subtle generation stage practice. Meditation on the implements of a deity, i.e. the subtle vajra meditative concentration.
བསྐྱེད་རིམ་རགས་པ			The gross generation stage practice. Tantric meditation on the face and arms of a deity.
བསྐྱོད་ཡས			A limit of calculation. The fifty-fifth fraction of the sixtieth limit of counting according to the Abhidharma tradition.
ཁ་སྐོང་སྦྱིན་སྲེག			Complementary fire-[pūja]. A commitment of performing the rite of fire-[pūja] at the conclusion of a retreat on a particular deity in order to purify the omissions and commissions one may have made in the course of meditation on that deity.
ཁ་ཅིག			Opponent: another view point. Proponents of a philosophical position other than one's own or other than those held by the author of a philosophical treatise, who introduces his opponent's views by the phrase {'kha chig}, then proceeds to refute them.
ཁ་ཆེམས			An oral will. An oral testament given, especially at the time of death, describing how one's affairs are to be handled.
ཁ་དོག་གི་ཟིལ་གནོན་བཞི			The four surpassing concentrations on colors. One of the eight surpassing concentrations, in which a yogi visualizes the four colors blue, yellow, white and red as radiant and luminous through the power of meditation and thus gains control of magical hallucinations.
ཁ་བརྡའི་རྟེན་འབྲེལ་སྒོ་འབྱེད			Welcoming the day through reciting words of auspiciousness. This refers to the custom of greeting everybody with the words,«Good luck and happy New Year. May you be prosperous forever,» thereby offering and accepting bits of chang, and phye-mar, i.e. sweet ground roasted barley.
ཁ་ན་མ་ཐོ་བ			[avadya]/ Misdeeds. All wrong doings, non-virtues and negative activities prone to produce pain and suffering as their consequences.
ཁ་ན་མ་ཐོ་བ་གཉིས			The two types of misdeeds; two kinds of non-virtues.\n1. {bcas pa'i kha na ma tho ba/} [pratikṣepaṇa sāvadya]/ proscribed misdeed\n2. {rang bzhin gyi kha na ma tho ba/} natural misdeed.
ཁ་ན་མ་ཐོ་བའི་སྒྲིབ་པ			[avadyāvaraṇa]/ The obscuration from misdeeds. The ten non-virtues and other wrong doings. These are also called karmic obscurations (las-kyi sgrib-pa).
ཁ་བབ་རྣམ་བཞི			The four great rivers coming from the four directions of Mt. Kailash.\n1. {gang+ga} The Ganges from the opening of a rock like an elephant to the east;\n2. {sin+d+hu} the Sindhu from the opemng of a rock like a peacock to the south;\n3. {pak+Shu/} the Pakshu from the\nopening of a rock like a hor...
ཁ་སྦྱོར་ཡན་ལག་བདུན་ལྡན			[saptāṅga saṁbhukta]/ The seven features of divine embrace; the seven features of Buddhas in [sambhogakāya] form.\n1. {longs spyod rdzogs pa'i yan lag} [saṁbhogāṅga]/ complete enjoyment\n2. {kha sbyor gyi yan lag} [saṁbhuktāṅga]/ kissing\n3. {bde ba chen po'i yan lag} [mahāsukhāṅga]/ great bliss\...
ཁ་གསག			[Lapanā]/ Flattery. One of the five means of wrong livelihood (see {log 'atso Ing}), getting someone to give you something by flattering him or her.
ཁང་ཚན			Monastic house. A smaller community within a monastic univeristy in which monks from one geographical area live.
ཁམས			[dhātu]/ A. A locality, region, domain or realm. B. A family or caste. С Elements or nature. D. Cause or seed. E. Spheres, faculty or senses.
ཁམས་དཀར་དམར			The white and red constituents; semen and blood.
ཁམས་ལྔ			[pañca dhātu]/ The five elements. A. Generally the:\n1. {sa/} [bhū]/\nearth\n2. {chu/} [jala]/ water\n3. {me/} [tejas]/ fire\n4. {rlung /} [anila]/ wind\n5. {nam mkha'} [ākāṡa]/ space. B. In medical tantras and astrology these are identified as:\n1. {shing /} [vṛkṣa]/ wood\n2. {me/} [tejas]/ fire...
ཁམས་ལྡའི་ཡོན་ཏན			The natural qualities of the five elements. The earth element has five qualities—sound, touch, taste, form and smell; the water element has four—sound, touch, taste and form; the fire element has three qualities—sound, touch and taste; the wind element has two qualities—sound and touch; and the s...
ཁམས་བཅོ་བརྒྱད			[aṣṭadaṡa dhātu]/ The eighteen spheres of perception. 1-6. {dmigs pa yul gyi khams drug} the six objects as the bases\n1. {gzugs/}\n[rūpa]/form\n2. {sgra} [ṡabda]/sound\n3. {dri/} [gandha]/ smell\n4. {ru/} [rasa]/ taste\n5. {reg bya/} [spraṣtavya]/ tangible object\n6. {chos/} [dharma]/ phenomena ...
ཁམས་དྲུག			The six elements." 1-5. (see {khams lnga})\n6. {rnam shes} vijnana/ consciousness.
ཁམས་དྲུག་ལྡན			Human beings possessing six elements. According to Vajrayana teachings the rebirth of human beings is superior for tantric practices due to the fact that human being possesses the six elements (see {khams drug}).
ཁམས་བཞི			[catvāri dhātu]/The four elements (see {khams lnga}, 1 -4).
ཁམས་གསུམ			[traidhātu]/ The three realms.\n1. {'dod khams/} [kāma dhātu]/ the desire realm\n2. {gzugs khams/} [rūpa dhātu]/ the form realm\n3. {gzugs med khams/} [arūpa dhatu]/ the formless realm.
ཁམས་གསུམ་ས་དགུ			[traidhātu nava bhūmi]/ The three realms and nine levels.\n1. {'dod khams/} [kāma dhātu]/ desire realm\n2. {bsam gtan dang po/} [prathama dhyāna]/ first concentration\n3. {bsam gtan gtan gnyis pa/} [dvītiyadhyāna]/ second concentration\n4. {bsam gtan gsum pa/} [tritīyadhyāna]/ third concentration...
ཁས་འཆེས་པའི་དགེ་སློང			[pratijñābhikṣu]/ A nominal [bhikṣu]; an insincere monk. A person who claims to be a monk without having received monastic vows or by having lost the vows through transgressing any of the root vows.
ཁུ་ཁྲག			Semen and menstrual blood; semen and egg. Male and female substances.
ཁུ་རྔོག་འབྲོམ་གསུམ			The three principal disciples of [atiṡa] the Great. They are {khu ston brtson 'grus g.yung drung /} Khuton Tsondru Yung Drung, {rngog legs pa'i shes rab/} Ngog Legpe Sherab, and {'brom ston rgyal ba'i 'byung gnas/} Dromton Gyalwe Jungne.
ཁུར་བཞི			[catvāri bhāra]/The four burdens.\n1. {phung po'i khur/} [skandha bhāra]/ burden of aggregate\n2. {brtson 'grus kyi khur/} [virya bhāra]/ burden of effort\n3. {nyon mongs pa'i khur} [kleṡa bhara]/ burden of delusions\n4. {dam bca'i khur/} [pratijña bhāra]/ burden of pledges.
ཁེངས་པ			{khengs dregs/}\n[stambha]/ Conceit; pride; arrogance; haughtiness.
ཁོང་དུ་ཆུད་པའི་ལེའུ་གསུམ			The three chapters of total comprehension. This refers to the first three durations of the ten sets of five hundred years being the life-span of Buddha [ṡākyamuni]'s doctrine. These three are known as {dgra bcom pa'i le'u/} the chapter of Arhats,{_phyir me 'ong pa'i le'u/} the chapter of Never-re...
ཁོང་རྩུབ			Cruel-minded; nasty; conniving.
ཁོང་འཛིན			[vaira]/ Grudge. Stubbornly holding a grudge and seeking to take revenge.
ཁོར་ཡུག་གི་རི			The surrounding mountains. According to Abhidharma this refers to the iron mountains surrounding the outskirts of the four cardinal directions. The outer circumference of this is said to be three crores six lakhs twenty-six thousand and twenty five (3,602,625) yojanas.
ཁྱབ་འཇུག་པ			[vaiṡṇava]/ [viṣṇu] worshippers. A propounder of non-Buddhist tenets who follow [viṣṇu], asserting a permanent and partless
ཁམས་བཞི			[catvāri dhātu]/ The four elements (see {khams lnga}, 1 -4).
ཁམས་གསུམ			[traidhātu]/ The three realms.\n1. {'dod khams/} [kāma dhātu]/ the desire realm\n2. {gzugs khams/} [rūpa dhatu]/ the form realm\n3. {gzugs med khams/} [arūpa dhātu]/ the formless realm.
ཁམས་གསུམ་ས་དགུ			[traidhātu nava bhūmi]/ The three realms and nine levels.\n1. {'dod khams/} [kāma dhātu]/ desire realm\n2. {bsam gtan dang po/} [prathama dhy_ana]/ first concentration\n3. {bsam gtan gnyis pa/} [dvītiyadhyāna]/ second concentration\n4. {bsam gtan gsum pa/} [tritīyadhyāna]/ third concentration\n5....
ཁས་འཆེས་པའི་དགེ་སློང			[pratijñābhikṣu]/ A nominal [bhikṣu]; an insincere monk. A person who claims to be a monk without having received monastic vows or by having lost the vows through transgressing any of the root vows.
ཁུ་ཁྲག			Semen and menstrual blood; semen and egg. Male and female substances.
ཁུ་རྔོག་འབྲོམ་གསུམ			The three principal disciples of [atiṡa] the Great. They are {khu ston brtson 'gus g.yung drung /}\nKhuton Tsondru Yung Drung, {rngog legs pa'i shes rab/} Ngog Legpe Sherab, and {'brom ston rgyal ba'i 'byung gnas/} Dromton Gyalwe Jungne.
ཁུར་བཞི			[catvāri bhāra]/ The four burdens.\n1. {phung po'i khur/} [skandha bhāra]/ burden of aggregate\n2. {brtson 'grus kyi khur/} [virya bhāra]/ burden of effort\n3. {nyon mongs pa'i khur/} [kleṡa bhāra]/ burden of delusions\n4. {_dam bca'i khur/} [pratijñā bhāra]/ burden of pledges.
ཁེངས་པ			[stambha]/ Conceit; pride; arrogance; haughtiness.
ཁེངས་དྲེགས			[stambha]/ Conceit; pride; arrogance; haughtiness.
ཁོང་དུ་ཆུད་པའི་ལེའུ་གསུམ			The three chapters of total comprehension. This refers to the first three durations of the ten sets of five hundred years being the life-span of Buddha [ṡākyamuni]'s doctrine. These three are known as {dgra bcom pa'i le'u/} the chapter of Arhats, {phyir mi 'ong pa'i le'u/} the chapter of Never-re...
ཁོང་རྩུབ			Cruel-minded; nasty; conniving.
ཁོན་འཛིན			[vaira]/ Grudge. Stubbornly holding a grudge and seeking to take revenge.
ཁོར་ཡུག་གི་རི			The surrounding mountains. According to Abhidharma this refers to the iron mountains surrounding the outskirts of the four cardinal directions. The outer circumference of this is said to be three crores six lakhs twenty-six thousand and twenty five (3,602,625) yojanas.
ཁྱབ་འཇུག་པ			[vaiṡṇava]/ [viṣṇu] worshippers. A propounder of non-Buddhist tenets who follow [viṣṇu], asserting a permanent and partless self. The practice of vase-like meditation and meditation on the syllable OM is asserted as their path of liberation.
ཁྱབ་འཇུག་གི་འཇུག་པ་བཅུ			The ten emanations of [viṣṇu].\n1. {nya/} [matsya]/ a fish\n2. {rus sbal/} [kacchapa]/ a tortoise\n3. {phag rgod/} [vārāha]/ a wild pig\n4. {mi'i seng ge/} [narasiṁha]/ human-lion\n5. {rA ma Na/} [rāmā candra]/ the God Rama\n6. {mi'u thung /} [vāmana]/a dwarf\n7. {nag po/} [kṛṣṇa]/the God Krishna...
ཁྱབ་པ			[vyāpti]/ Pervasion. A logical relationship e.g., if "X" is pervasive with "Y," then all instances of "X" are necessarily "Y," but all "Y" are not necessarily "X."
ཁྱབ་པ་སྒོ་བརྒྱད			[aṣṭa vyāptidvāra]/ Eight types of pervasion. A logical relationship, in which the eight requirements of congruency for two things are mutually inclusive. {yin khyab gnyis/}1.if it is "X" it is "Y" 2. if it is "Y" it is "X" {min khyab gnyis/} 3. if it is not "X" it is not "Y" 4. if it is not "Y" ...
ཁྱབ་པ་འདུ་བྱེད་ཀྱི་སྡུ་བསྔལ			[saṁskāra dhuḥkhatā]/ Pervasive suffering. The most subtle suffering inherent in the very nature of the five contaminated aggregates which, like a magnet, attract suffering directly or indirectly.
ཁྱབ་པ་རྣལ་མ་བཞི			[mūla vyāpti]/ Four positive pervasions.\n1. {rjes khyab/} subsequent pervasion (see {rjes khyab})\n2. {sdogakhyab/} counter pervasion (see {ldog khyab})\n3. {'galakhyab/} contrary pervasion ('gal-khyab)\n4. {thur khyab/} downward pervasion (see {thur khyab}).
ཁྱབ་པའི་དམིགས་པ			[spharaṇālaṃbana]/ Pervasive object. One of the four meditative objects (see {rnal 'byor gyi dmigs pa bzhi}) of a yogi practising mental quiescence meditation (zhi-gnas) in which the suchness that pervades all existents is taken as the object of developing samatha.
ཁྱབ་པའི་དམིགས་པ་བཞི			[catvāri spharaṇālaṃbana]/ Four objects of pervasion. The pervasive objects of mental quiescence are:\n1. {rnam par rtog pa dang bcas pa'i gzugs brnyan/} [savikalpa]/ conceptual pervasive object\n2. {rnam par rtog pa med pa'i gzugs brnyan/} [nirvikalpa]/ nonceptual pervasive object\n3. {dngos po'...
ཁྱབ་བྱེད་ཀྱི་རླུང			The pervasive wind energy. One of the five principal winds (see {rataza ba'i rlung lnga}) located at the heart, it spreads liquids such as blood throughout the body, and is responsible for the movements of the body and limbs.
ཁྱིམ་པ་སུན་འབྱིན			Disturbing the householder's faith; an act of placing bad impressions about the [saṅgha] community in the eyes of householders.
ཁྲི་དྲུག་འགྱིགས			Six ornaments of a throne; six adornments of a throne. A.\n1. {bya khyung /} an eagle\n2. {klu gdengs ka can/} a water-spirit ([nāga]) with multiple hoods behind the head\n3. {chu srin/} a crocodile-like sea monster ([makara]) with a criss-cross ornmental pattern on its body\n4. {mdzes pa'i bu ch...
ཁྲིད			Discourse; teaching; explanation; transmission.
ཁྲིད་རྒྱུན			Lineage of a teaching. A transmission of the lineage of a teaching in which a scriptural text is explained word by word from written commentaries and oral tradition.
ཁྲིད་ལུང			Oral transmission. A discourse in which a textual transmission is given by the recitation of a text, often with a brief explanation.
ཁྲིད་ཆེན་བརྒྱད			The eight great transmissions; the eight great teachings. A.{phyag chen khrid chen brgyad/} The eight great transmissions on the Great Seal ([mahāmudrā]):\n1. {bla ma sku gsum gyi khrid/} teaching on guru devotion and the three bodies of a Buddha\n2. {byams snying rje'i khrid/} teaching on love a...
ཁྲུ			[hasta]/ Cubit.\n1. The length measuring from the elbow to the main joints of the little finger with the hand in a fist or the length of measurement from the elbow to the tip of middle finger. The former is called the short cubit and the latter the full-length cubit.\n2. According to Vinaya, divi...
ཁྲུས་བྱ་བ			Taking a bath. One of the three requirements before a disciple is prepared to enter the [maṇḍala] during an initiation. A disciple visualizes taking a bath from the water of the ritual vase. This is symbolically done by sipping, rinsing and spitting water just before entenng the hall of mitiation...
ཁྲུས་གསུམ་བྱེད་པ			Taking a three-fold bath. A practice of [kriyā] tantra.{phyi'i khrus yan lag lnga khrus/} Taking the outer bath by washing the five limbs of the body, {nang gi khrus rtsa ltung dag par byed pa/} taking the inner bath by purifying the root downfalls and {gsang ba'i khrus mtshan rtog dag par byed p...
ཁྲེལ་མེད			[anapatrāpya]/ Inconsideration; indifference to blame. Lack of concern for the consequences of actions done to others or the lack of any sense of embarassment.
ཁྲེལ་ཡོད་པའི་ནོར			[apatrāpyaadhana]/ The wealth of sense of concern. One of the seven vealths of the [āryas] (see {'phags nor bdun}). Avoiding committing wrong doings because of sense of embarrassment in regard to others. In other words, one tries to protect the wholesome deeds and avoid committing wrong-doings. T...
ཁྲོ་གཉེར			[bhṛkuti]/ Wrinkles of wrathfulness. A sign of wrath on the nose or brow of a tantric meditational deity.
ཁྲོ་ཕུ་བཀའ་བརྒྱུད			Khrophu Kagyud Tradition. A lineage of the Kagyu tradition of Tibetan Buddhism coming from Phagmo Drupa's disciple Rinpoche Gyaltsab and his younger brother Kunden Repa, through Khrophu Lotsawa, Jampa Pel and others.
ཁྲོ་བ			[krodha]/ Wrath; aggressiveness.
ཁྲོ་བོ་བཅུ			Ten wrathful deities; the ten protectors.\n1. {gshin rje gshed/} [yamāntaka]\n2. {gzhan gyis mi thub pa/} [aparājita]\n3. {rta mgrin/} [hayagrīva]\n4. {bdud rtsi 'khyil ba/} [amṛtakuṇḍalin]\n5. {mi g.yo ba/} [acala]\n6. {'dod rgyal/} [takkirāja]/ [kāmarāja]\n7. {dbyug rngon can/} [nīladaṇda]\n8. ...
ཁྲོ་བོ་བཅུ་གཅིག			Eleven wrathful deities. 1-10. (see {khro bo bcu})\n11. {rdo rje sa 'og} [vajrapātāla].
ཁྲོ་བོའི་བཞད་པ་བརྒྱད			The eight terrifying laughs of a wrathful deity. {sdigs pa'i gad mo ha ha/} Ha Ha as the threatening; {dgyes pa'i gad mo he he/} He He as the pleasing; {sgeg pa'i gad mo hi hi/} Hi Hi as the elegant; and {zil gyis gnon pa'i gad mo ho ho/} Ho Ho as the outshining laugh.
ཁྲོམས་ཆོགས་ཀྱི་ཚུལ			The manner of being in a crowded assembly. One of the manners of visualizing the merit field (tshogs-zhing) in which one visualizes the principal deity in the center surrounded by other masters and disciples forming a circle of a crowded assembly.
མཁན་པོ			[upādhyāya]/ An abbot or abbess. The head of a monastery or the principal master from whom monastic vows are received.
མཁན་བརྒྱུད			[upādhyāya paramparā]/ The abbot lineage. A. The ordination\nlineage of monastic vows. B. The lineage of abbots of a monastery, also called «abbot lineage» ({mkhan rabs}).
མཁན་སློབ			A. The master and his disciple. B. The Abbot and Assistant Abbot. According to the Vinaya tradition a spiritual master who fulfills the three qualities of being: 1. pure in the observance of moral discipline as the foundation of all qualities 2. learned in the ritual and rites explained in the Vi...
ནཁན་སློབ་སྤྱིའི་མཚན་ཉིད་དྲུག			Six characteristics of the abbot and assistant abbots in general.\n1. {tshul khrims dang ldan pa/} purity of moral discipline\n2. {'dul ba'i cho ga shes pa/} knowledge of monastic code\n3. {nad par snying brtse ba/} kindness towards sick people\n4. {nang 'khor dag pa/} purity of close disciples\n...
མཁའ་ཁྱབ་ཀྱི་ཏིང་ངེ་འཛིན			A universal meditative concentration free of being biased or sectarian in nature.
མཁའ་འགྲོ			[ḍākinī]/ sky-goer; sky-walker. Female celestial beings capable of flying through space, residing in a pure land or within cyclic existence. In tantras dakinis are the class of female deities embodying the wisdom aspect of a practitioner who has attained the uncommon siddhi. A goddess born in the...
མཁའ་འགྲོ་སྡེ་ལྡ			[pañca ḍākinī]/ The five families of dakinis.\n1. {shar rdo rje mkha' 'ag}\n[vajra ḍākinī] to the east\n2. {lho rin chen mkha' 'gro} Ratna [ḍākini] to the south\n3. {nub pad ma mkha' 'gro} [padma ḍākinī] to the west\n4. {byang las kyi mkha' 'gro} [karma ḍākinī] to the north\n5. {dbus sangs rgyas ...
མཁའ་འགྲོ་སྙིང་ཐིག			The Heart Drop Doctrine of [ḍākini]. A secret Nyingma transmission of Guru Padmasambhava given to Khado Yeshe Tsogyal that was later discovered by Padma Ledrel Tsal from a treasure (i.e. Terma).
མཁའ་སྤྱོད			[khasarpaṇa]/ A. A practitioner who utilizes the sky as the realm of existence. B. A [ḍākinī].
མཁའ་སྤྱོད་ཀྱི་དངོས་གྲུབ			[khasarpaṇa siddhi]/ The Siddhi of Khechari field. One who has either attained the eight worldly siddhis (see {'jig rten pa'i dbang phyug brgyad}), one of the eight common siddhis (see {thun mong gi dngos grub brgyad}), or has the capability to travel into the celestial Khechari fields such as th...
མཁའ་སྤྱོད་སྐོར་གསུམ			The three cycles of [khasarpaṇa ḍākinī] teachings of the Sakya tradition of Tibetan Buddhism.\n1. {nA ro mkha' spyod/} Naro Khacho\n2. {s+d+ri mkha' spyod/} Indra Khacho\n3. {mai traI mkha' spyod/} Metri Khacho.
མཁའ་སྤྱོད་ཆུང་ངུ			The Lesser [khasarpaṇa]. Those practitioners who utilize space or fly in the sky of the form realm, six gods of the desire realm (see {'dod lha rigs drug}), human world or otherwise being uncertain in terms of their destination.
མཁའ་སྤྱོད་ཆེན་པོ			The Greater [khasarpaṇa] Those practitioners who possess the following eight qualities:\n1. {rdul phra rab kyi ngo bo nyid dang /} who can transform their body into a size as tiny as dust particles\n2. {lus yang ba nyid dang /} who has a light body\n3. {'jig rten gsum po mtha' dag khyab par byed ...
མཁའ་སྤྱོད་ཀྱི་གནས			[khasarpaṇa kṣetra]/ The [ḍakinī] Land.
མཁའ་སྤྱོད་དབང་པོ			The lord of the sky, [garuḍa] bird.
མཁའ་སྤྱོད་མ			[khasarpaṇa] goddess.
མཁའ་ལ་རྒྱུ་བའི་ཡི་དྭགས			The hungry ghosts travelling in the sky, e.g. the malignant spirits and dwarves (Vrang) of the human world.
མཁས་པའི་དམིགས་པ			[paṇḍitālaṁbana]/ The object of the wise ones. One of the four objects of calm-abiding ([ṡamatha]) meditation (see {rnal 'byor gyi dmigs pa bzhi}). One who has the wisdom to judge his or her objects of meditation with respect to the aggregates, the spheres, the sources of perception, the links of...
ནཁས་པའི་ཡོན་ཏན་ལྔ			[pаññа paṇḍitālaṁbana]/ The five qualities of a master-scholar.\n1. {mang du thos pa/} extensive hearing & study\n2. {don la mkhas pa/} mastery over meaning\n3. {yi ge la mkhas pa/} mastery over diction\n4. {nges pa'i tshig la mkhas pa/} mastery over definite words\n5. {sngon dang phyi ma'i mtha'...
མཁས་པའི་བྱ་བ་གསུམ			The three activities of a master-scholar.\n1. {'chad pa/} preaching\n2. {rtsod pa/} debating\n3. {rtsom pa/} wnting.
མཁས་བཙུན་བཟང་གསུམ			Learned, pure, wise. A person who is knowledgeable in the sciences of learning, is morally pure with respect to the three gates of activity and unsullied by negativities, and has the pure spirit to benefit others.
མཁྱེན་པ			[jñāna]/ Knowledge; wisdom; understanding; insight.
མཁྱེན་པ་གཉིས			Two kinds of knowledge.\n1. {ji lta ba khyen pa/} [yathāvajjñāna]/ knowledge of all conventional phenomena\n2. {ji snyed pa mkhyen pa/} [yāvajjñāna]/ knowledge of all ultimate phenomen.
མཁྱེན་པ་གསུམ			Three kinds of knowledge.\n1. {gzhi shes/} [vastujñāna]/ the omniscient mind\n2. {lam shes/} [mārgajñāna]/ the knowledge of paths\n3. {rnam mkhyen/} [sarvajñana]/the knowledge of bases.
མཁྱེན་པ་ལྡ			The five knowledges. Same as the five wisdoms (see {ye shes Ing}).
མཁྱེན་གསུམ་གྱི་ཆོས་སུམ་ཅུ			The thirty topics that characterize the three knowledges explained in the Ornament of Clear Realization ([abhisamayālaṇkāra]). These constitute the ten topics that characterize the omniscient mind (see {rnam mkhyen mtshon byed kyi chos bcu}), the eleven topics that characterize the knowledge of t...
མ་ཁྱེན་གསུམ་བ་བསྡུས་སྒོམ			Meditation on the union of the three knowledges/wisdoms. Condensed, abbreviated meditation on the three wisdoms i.e. basic wisdom, path wisdom and omniscient wisdom.
འཁོན			The Khon lineage. The patriarchal lineage of the hierarchies of the Sakya tradition. It is said that a celestial being known by the name Yapang Kye (g.ya'-spang-skyes) tamed Kyareng Tragme (skya-rengs khrag-med), a demon, and accepted his wife Yadrag Silema (g.ya'-'brag si-le-ma) to his court as ...
འཁོན་པ་བསྡུམས་པའི་གསོ་སྦྱོང			The confession ceremony for pacifying disputes. One of the ceremonies of the monastic community held at irregular intervals whenever there is a need to hold such an assembly to pacify a major dispute between [saṅgha] communities.
འཁོར་སྒྱུར་གྱི་འཁོར་ལོའི་ཁྱད་ཆོས་དྲུག			The six qualities of the wheel of a universal monarch. These are:\n1. {myur du 'gro ba/} speedy\n2. {gzhan du 'gro ba/} migrant\n3. {ma rgyal ba las rgyal bar byed pa/} victorious over those uncaptured\n4. {rgyal ba rnal du 'god pa/} controls those already captured\n5. {mtho ba la 'phar ba/} elim...
འཁོར་སྒྱུར་གྱི་ཉེ་བའི་རིན་ཆེན་བདུན			The seven near precious articles of a universal monarch. These are:\n1. {ral gri rin po che/} precious sword\n2. {pags pa rin po che/} precious skin\n3. {khyim rin po che/} precious householder\n4. {tshal rin po che/} precious garden\n5. {gos rin po che/} precious garment\n6. {lham rin po che/} p...
འཁོར་སྒྱུར་ལྔ			[pañca cakravartin]/ The five universal monarchs. These are:\n1. {nga las nu/} [māndhatṛ]\n2. {mdzesapa/} [cāru]\n3. {nye mdzes pa/} [upacāru]\n4. {mdzes ldan/} [cārumanta]\n5. {nye mdzes ldan/} [upacārumanta].
འཁོར་ངེས་པ			Certainty of disciples. A feature of a sambhogakaya Buddha who only teaches to a circle of [ārya] Bodhisattva disciples.
འཁོར་ལྔ་ལྡེ་བཟང་པོ			[pañca bhadrapariṣadyā]/ The five ascetics. The group of five disciples who were the direct recipients of Buddha's First Turning of the Wheel of Doctrine at Varanasi.\n1. {kun shes kauNaDi n+ya/} [ajñanata Kauṇḍinya]\n2. {rta thul/} [aṡvajit]\n3. {rlangs pa/} [vāṣpa]\n4. {ming chen/} [mahānāma]\n...
འཁོར་རྣམ་བཞི			[catvāri pariṣadyāḥ]/ The four types of followers of Buddha [ṡākyamuni].\n1. {khyim pa pho mo gnyis/} male and female householders\n2. {rab byung pho mo gnyis/} novice monks and nuns\n3. {dge slong pha ma gnyis/} fully ordained monks and nuns\n4. {dge bsnyen pha ma gnyis/} ordained layman and lay...
འཁོར་ཕུན་སུམ་ཚོགས་པ			[sampanna pariṣadḸ]a/ The perfect retinue. One of the five excellences (see {phun sum tshogs pa lnga}); the fact that a Buddha is being encircled by Bodhisattvas who have attained the spiritual grounds and the knowledge bearers (tantrikas).
འཁོར་བ			[saṁsāra]/ Cyclic existence ([saṁsāra]). The vicious beginningless cycle of rebirth, fraught with sufferings of birth, sic jiess, aging and death, arising from ignorance as contrast to the state of peace, liberation.
འཁོར་བ་ཉམས་ལེན			The practice of [saṁsāra]. The practice of forbearance and willingly accepting the pains and sufferings within cyclic existence.
འཁོར་བའི་ཁྱིམ			A. The household of [saṁsāra], family life. B. the queen's palace.
འཁོར་བའི་འཁོར་ལོ་ཆ་ལྔ་པ			The painting of the wheel of life traditionally depicted on the wall of the portico of a monastery.
འཁོར་བའི་དག			The enemy of [saṁsāra]. A. The wisdom realizing selflessness. B. The state of liberation.
འཁོར་བའི་རྒྱ་མཚོ			The ocean of [saṁsāra]. The immeasurable and unlimited suffering that seems to have no beginning and no end of its own.
འཁོར་བའི་རྒྱུན			The continuity of [saṁsāra]. The continuity of this aggregate propelled by karma and delusion that knows no beginning.
འཁོར་བའི་སྒོ			[saṁsāra dvāra]/ The door of [saṁsāra]. Karma and delusion.
འཁོར་བའི་འཆིང་བ			[saṁsāra bandhana]/ The bindings of [saṁsāra]. The karma and delusion that binds us within [saṁsāra] life.
འཁོར་བའི་སྡུག་བསྔལ			[saṁsāra duḥkhatā]/ The sufferings within [saṁsāra]. The sufferings of birth, old age, sickness, death and of hunger, thirst and the like.
འཁོར་བའི་སྣ་འདྲེན			The leader of [saṁsāra]. The truth of origin of suffering; the karma and delusion that spearheads every experience within samsaric life.
འཁོར་བའི་རྩ་བ			[saṁsāra mula]/ The root of [saṁsāra]. The six root delusions that bind us to [saṁsāra]; desire-attachment, hatred-anger, pride, ignorance, deluded views or philosophy, and doubt.
འཁོར་བའི་ལམ			[saṁsāra mārga]/ The paths of [saṁsāra]. A. The twelve links of interdependent origination (see {rtena'abrel yan lag bcu gnyis}). B. The non-virtuous activities.
འཁོར་བའི་ལམ་གསུམ			The three paths within cyclic existence; the circle of three paths.\n1. {nyon mongs pa'i lam/} [kleṡa mārga]/ the path of delusions that give rise to accumulation of karmas\n2. {las kyi lam/} [karma marga]/ the path of karma that give rise to sufferings\n3. {sdug bsngal gyi lam/} [duḥkhatā mārga]...
འཁོར་ལོ་ལྔ			[pañca cakra]/ The five channel wheel. 1-4. (see {'khor lo bzhi})\n5. {gsang gnas su bde skyong 'khor lo/} the wheel of sustaining bliss at the secret organ.
འཁོར་ལོ་ཆེན་པོ་བཞི			[catvāri mahācakra]/ The four great wheels.\n1. {mthun par gyur ba'i yul na gan pa/} living in a harmonious environment\n2. {skyes bu dam pa la brten pa/} relying upon a holy or spiritual person\n3. {smon lam btab pa/} making prayers\n4. {bsod nams bsags pa/} having accumulated merits. This is al...
འཁོར་ལོ་ཆེན་པོ་རྫོགས་རིམ་བྱིན་རླབས་བཞི			The great wheel of four-fold blessings according to the completion stage practice of tantra.\n1. {lus byin rlabs/} blessings of body\n2. {ngag byin rlabs/} blessings of speech\n3. {yid byin rlabs/} blessings of mind\n4. {de kho na nyid kyi byin rlabs/} blessings of the suchness.
འཁོར་ལོ་རྣམ་གསུམ			The three-fold wheels.\n1. {klog pa thos bsam gyi 'khar lo/} the wheel of study through reading, listening and contemplation\n2. {spong ba bsam gtan gyi 'khor lo/} the wheel of abandonment through concentration\n3. {bya ba las kyi 'khor lo/} the wheeel of service through activities.
འཁོར་ལོ་བཞི			[catvāri cakra]/ The four channel wheels\n1. {gtsug tor du bde chen gyi 'khor lo/} the wheel of great bliss at the crown\n2. {mgrin par longs spyod kyi 'khor lo/} wheel of enjoyment at the throat\n3. {snying khar chos kyi 'khor lo/} the wheel of phenomena the heart\n4. {lte bar sprul pa'i 'khor l...
འཁོར་ལོ་རིམ་པ་གསུམ			The three turnings of the wheel of doctrine (see {'khor lo gsum/}).
འཁོར་ལོ་གསུམ			Tri cakra/ A. The three-fold wheels (see { 'khor lo rnam gsum}). B. The three turnings of the wheel of doctrine, (see {'khor lo dang po/}).
འཁོར་ལོ་དང་པོ			[prathama dharmacakra]/ The first turning of the wheel of doctrine. The first teaching at Dear Park, Sarnath, in which Buddha [ṡākyamuni] expounded the Four Noble Truths and set forth the basis of the Hinayana philosophy that phenomena have a truly eixstent nature.
འཁོར་ལོ་བར་པ			[madhya dharmacakra]/ The second turning of the wheel of doctrine. The teaching at Vulture Peak (Grdhrakuta) in which Buddha [ṡākyamuni] taught the Perfection of Wisdom [sūtra]s, the teaching which is the basis of the Middle View philosophy, introducing the doctrine that all phenomena lack a trul...
འཁོར་ལོ་ཐ་མ			[antya dharmacakra]/ The third turning of the wheel of doctrine. The teaching at [vaishāli] in which Buddha [ṡākyamuni] taught the [sūtra] of Clear Discrimination, the teaching laying the basis of the Mind-Only School and introducing the doctrine that imputed phenomena lack a truly existent natur...
འཁོར་ལོས་སྒྱུར་བའི་རྒྱལ་པོ			[cakravartin]/The universal monarch. The monarchs wielding wheels in their hands. These monarchs appear only during the time when the human life span stretches between infinite to eighty thousand years.
འཁོར་གསུམ			The three wheels. A. {mtshon cha mda' gri mdung gsum/} The arrow, sword and spear B. The three turnings of the wheel of doctrine (see {'khor lo gsum}) С {byed pa po dasang /} {bya ba'i las/} {bya ba'i yul gsum/} The three circles of an activity, e.g. the agent, the activity and the goal D.{_lus n...
འཁོར་གསུམ་རྣམ་དག			The purity of the three circles. The Bodhisattva's practice at the seventh Bodhisattva ground of sealing all the three-agent, activity and goal—as lacking inherent existence in nature.
འཁོར་གསུམ་རྣམ་པར་མི་རྟོག་པ			The lack of conceptual imagination of the three circles. The wisdom that is free of any conceptual recognition of the three—agent, activity and goal—as having any inherent identity of their own, and knows these as being empty or free of inherent existence.
འཁྱེར་སོ་གསུམ་གྱི་རྣལ་འབྱོར			The three modes of yoga; the yogic practice of the triple\nways.\n1. {snang ba sku'i 'khyer so/} the yoga of taking all appearances as\nthe body of a Buddha\n2. {sgra grags gsung gi 'khyer so/} the yoga of taking all sounds as the speech of a Buddha\n3. {dran rtog thugs kyi 'khyer so/} the yoga o...
འཁྲུགས་པ་སྡེབ་པའི་བསྟན་བཅོས			A compiled treatise. A treatise that is a compilation of fragments on a particular topic from all [sūtra]s, e.g., the Ornament of Discourses ([mahāyānasūtrālaṃkāra]/ mdo-sde-rgyan) or the Compendium of Precepts ([ṡikṣasamucchaya]/ bslab-btus).
འཁྲུལ་རྒྱུ			The cause or condition of deceptive cognition. A. The ultimate cause of deceptive knowledge, e.g. mistaking all- that is selfless or non-inherently existent as having self or inherently existence. B. The temporary cause of deceptive perception, e.g. misjudging things through defective vision.
འཁྲུལ་རྒྱུ་བཞི			The four causes of deceptive perception or knowledge.\n1. {'khrul rgyu gnas la yod pa/} deception caused by the venue, e.g. seeing trees as running while one is journeying in a boat\n2. {'khrul rgyu rten la yod pa/} deception caused by sense faculty, e.g. seeing falling hairs by a person with cat...
འཁྲུལ་སྣང			False appearance; deceptive appearance. The mode of appearance of seeing things as different from their actual mode of abidance.
འཁྲུལ་ཞིག་པ			One who has released all deceptions. A person who has realized emptiness through releasing all misconceptions.
འཁྲུལ་ཤེས			[bhrānta jñāna]/ A. Misconception; misunderstanding. Wrong ideas and ways of judging things because of one's misunderstanding or recognition. B. Deceptive cognition. An awareness that is deceived with respect to the object that appears to it (snang-yul), synonymous with apparent direct perception...
གང་མང་གི་ཞི་བ			Resolution by the majority. One of the seven ways of pacifying quarrels and arguments (see {rtsod pa zhi byed kyi chos bdun}) within the [saṅgha] community according to the Vinaya rules. If any dispute could not be resolved through the eight appellate procedures (see {mngon sum brgyad kyis zhi ba...
གང་ཟག			[pudgala]/ A. person. Any person, man or creature imputed upon any of the five aggregates. Lit: ups and downs, meaning such beings have both merits and demerits occasionally growing (gang-ba) or waning (zag-pa/ 'jig-pa).
གང་ཟག་གི་བདག་འཛིན་གཉིས			[dvi pudgalātmagrāha]/ Two kinds of grasping at the self of a person.\n1. {gang zag gi bdag 'dzin lhan skyes/} [sahaja pudgalātmagrāha]/ innate grasping at the self of a person\n2. {gang zag gi bdag 'dzin kun datags/} [parikalpita pudgalātmagrāha]/ intellectual grasping at the self of a person.
གང་ཟག་གི་གདགས་གཞི			The basis of imputation of a person. The five aggregates comprising form, feeling, recognition, perception and consciousness.
གང་ཟག་གི་བསམ་པ་ལ་དགོངས་པ			[pudgalāṡayābhiprāya]/ Determining the interest of a person. A type of interpretative teaching of Buddha, e.g. the teaching, highlighting the importance of the practice of generosity as the best, in which Buddha's basic intention is to teach the equal importance of the practice of six perfections.
གང་ཟག་སྟ་གོན			Individual preparation. A ritual and rite for the [saṅgha] community preparing for their three months rainy season retreat.
གང་ཟག་སྙན་བརྒྱུད			The human whispered lineage. The lineage of the three inner yogas according to the Nyingma tradition—Mahayoga, Anuyoga and Atiyoga transmissions passed to successive disciples stemming from [ācarya] Padmasambhava and the great scholar, Vimalamitra.
གང་ཟག་བདག་མེད			[pudgala nairātmya]/ Selflessness of person. In its highest sense it is the lack of inherent existence of person. According to the [vaibhāṣika], [sautrāntikas], [cittamātrins] and [svātrantikas] selflessness of person is either the non-existence of a permanent, single, independent person or the n...
གང་ཟག་བདག་མེད་ཕྲ་མོ			[sūkṣama pudgalanairātmya]/ Subtle selflessness of person. According to [vaibhāṣika]s, Sautrantikas, [cittamātrin]s and Svatantrikas it is the non-existence of a self-sufficient substantially existent person, and according to Prasahgika it is the non-inherently existent person.
གང་ཟག་བདག་མེད་རགས་པ			[sthūla pudgalanairātmya]/ Coarse selflessness of person. According to the [vaibhāṣika], [sautrāntikas], [cittamātrins] and [svātrantikas] the coarse selflessness of person is the nonexistence of a permanent, single, independent person, and according to [prāsaṅgika] it is the non-existence of sel...
གང་ཟག་བདག་འཛིན			[pudgalātmagrāha]/ Grasping at the self of person. The misconception of the self of person as being truly existent. The perverted conception of a person being inherently existent.
གང་ཟག་མ་ཡིན་པའི་ལྡན་མིན་འདུ་བྱེད་ཉིར་གསུམ			Twenty-three impersonal, non-associated compositional factors; phenomena that are neither form or consciousness nor a person.\n1. {thob pa/} [prāpta]/ attainment\n2. {'du shes med pa'i snyoms 'jug} [asaṃjñāsamāpatti]/ meditative absorption without discrimiantion\n3. {'gog pa'i snyoms 'jug} [nirod...
གང་ཟག་བཞི			[catvāri pudgala]/ Four types of persons; four categories of persons.\n1. {mun pa nas mun par 'gro ba/} person moving from darkness to darkness\n2. {mun pa nas snag par 'gro ba/} person moving from darkness to light\n3. {snang ba nas snang bar 'gro ba/} person moving from light to light\n4. {snan...
གངས་ཏི་སི			Mt. Kailash. Also called the holy mountain (gangs rin-po-che) located in the district of Purang in Ngari region of western Tibet, and is venerated by Bonpos, Hindus and Buddhists alike. It is located ai a height of 6656 meters above sea к Д and is the source of the river Ganges. After every cycle...
གཎ་གཡོག			The wooden stick used for beating the wooden gong used in a monastery to call the community for a congregation. Also called {gaNaDI the'u}.
གཎྜཨཱཨི			[gaṇḍī]/ Wooden gong. A long gong of wood, beaten as a bell to call the congregation of monks and nuns to bi-monthly ceremony, work, mourn at the demise of a fellow monk, and for other emergency matters.
གར་གྱི་ཉམས་དགུ			[nava nātakabalā]/The nine features of dance.\n1. {sgeg pa/} [lāsya]/ charming\n2. {dpa' ba/} [vīra]/ heroic\n3. {mi sdug pa/} [aṡubha]/ ugly\n4. {drag shul/} [ūgra]/ aggressive\n5. {bzhad gad/} [hasita]/ smiling 6. krodha/ wrathful\n7. {snying rje/} [kāruṇika]/ compassionate\n8. {rngams pa/} [ad...
གར་ཐིག་དབྱངས་གསུམ			Dancing, drawing and chanting. The three-fold trainings of the monks—performing monastic dance, learning how to draw or build a [maṇḍala] and chanting of prayers.
གལ་ཆེན་སྦྱོང་བའི་ས			The path of significant purification. According to Nyingma tradition, this is the third ground of a Yogi referring to the third level of the Path of Preparation (second of the five paths), where all manifest delusions obstructing the actualization of the clear light mind on the Path of Seeing (th...
གུ་རུ་མཚན་བརྒྱད			The eight manifestations of Guru Rinpoche.\n1. {gu ru shAkya seng+ge/} Guru [ṡākya] Senge\n2. {gu ru pad+ma saMb+ha/} Guru Padmasambhava\n3. {gu ru nyi ma 'od zer/} Guru Nyiman Odzer\n4. {gu ru seng+ge sgra sgrog} Guru Senge Dradog\n5. {gu ru rdo rje gro lod/} Guru Dorje Drolo\n6. {gu ru mtsho sk...
གུ་རུ་རིན་པོ་ཆེ			Guru Padmasambhava. An Indian pandit of the eighth century, and an incarnation of Buddha, who introduced the tantric form of Buddhism into Tibet and is revered by ail traditions of Tibetan Buddhism, especially the Nyingma tradition.
གོ་སྒྲུབ			[samnāhapratipatti]/ Achievement through armour. A Bodhisattva's practice of carrying out all the six perfections within the practice of each perfection. Synonymous with «Bodhisattva wisdom» (byang-sems kyi mkhyen-pa).
གོ་ཆའི་བརྩོན་འགྲུས			[saṁnāha vīrya]/ Armour-like effort. One of the three types of efforts or enthusiastic perseverence (see {b.ratazon 'grus rnam gsum}) with which a practitioner would happily endure suffering in order to help liberate others from suffering.
གོ་ཆའི་ལྷ་ཡུམ་དྲུག			The six goddesses of putting on the armour. These are\n1. {rdo rje phag mo/} [vajravarāhī]\n2. {gshin rje ma/} [yāminī]\n3. {rmongs byed ma/} [mohinī]\n4. {skyong byed ma/} [saṃcālinī]\n5. {skrag byed ma/} [Saṃtrāsinī]\n6. {tsaNaDi ka/} [caṇḍikā].
གོ་མི་དགེ་བསྙེན			[gomi Upāsaka]. A layman who in addition to observing the eight precepts of the one day vows (see {bsnyen gnas yan lag brgyad}) receives permission to shave his head and wear robes if he so chooses.
གོང་མའི་ཆ་མཐུན་ལྔ			[pañcordhoa bhāgīya kles'a]/ Five fetters with respect to the higher realm.\n1. {gzugs kyi 'dod chags/} [rūpa rāga]/ longing desire of the form realm\n2. {gzugs med pa'i 'dod chags/} [arūpa rāga]/ longing desire of the formless realm\n3. {rgod pa/} [āuddhatya]/ mental agitation\n4. {nga rgyal/} [...
གོང་མའི་ཆ་མཐུན་གྱི་ཀུན་སྦྱོར་ལྔ			The five constant fetters of the higher realms (see {gong ma'i cha mthun lnga}).
གོང་སའི་སྙོམས་འཇུག་དག་པ་བ་བཞི			The four pure meditative absorptions of the higher (form and formless) realm.\n1. {gnas pa cha mthun/} aid to existence\n2. {nyams pa cha mthun/} aid to degeneration\n3. {khyad par cha mthun/} aid to regeneration\n4. {nges 'byed cha mthun/} aid to definitive discrimination.
གོང་མའི་གནས་གཙང་ལྡ			The five pure states of gods in the higher realm (the form and formless realms). Synonymous with the five pure states (see {gnas gtsang lnga}).
གོང་སའི་སྙོམས་འཇུག			The meditative absorption of the higher realm, i.e. the meditative absorptions of the form and formless realms.
གོང་སའི་དབང་པོ			The lord of the higher realm. This may mean: A. Brahma, the lord of the form realm B. The sensory faculties within the higher realms.
གོར་གོར་པོ			The hard-fleshy foetus. The fourth of the five stages of foetus development of a human being in the womb of a mother during its fourth week when the foetus is just able to resist pressure.
གོས་སྔོ་ཅན			[nīlāmbaradhara]/ The one with blue robes. This may mean: A. Sky B. [vajrapāni] С. Saturday (Saturn) D. [mahābala] (stobs-bzang) the brother of [viṣṇu] (khyab-'jug).
གྱ་ནོམ་སྣང			[sudarṡana]/ The excellent experience. The sixth state of the fourth level of concentration. The gods in this state enjoy ecstatic bliss of body and mind and see the supreme dharma (chos-kyi mchog). One of the five pure states of gods.
གྱེན་རྒྱུའི་རླུང			Upward-moving wind energy. One of the five energy winds (see {rataza ba'i rlung lnga}) that controls swallowing, speaking and breathing, and seated in the centre of the chest.
གྱི་ན་བ			A. Ordinary person B. Inferior one С. Lethargic.
གྲགས་ཆེན་བཅོ་བརྒྱད			The eighteen major texts. Eighteen major texts of Buddhist studies in the Sakya monastic universities.\n1. {so sor thar pa'i mdo/} Individual Liberation [sūtra] ([pratimokṣa sūtra])\n2. {'dul ba mdo rtsa ba/} Root Discipline [sūtra] ([vinaya sūtra])\n3. {mngon rtogs rgyan/} Ornament of Clear Real...
གྲགས་པ་རྒྱལ་མཚན			Sakya Lama Dakpa Gyaltsen (1147-1216). A great master of the Sakya tradition of Tibetan Buddhism, said to have taken many previous births as Indian and Tibetan Mahasiddhas. He composed many works including commentaries to the Cakrasamvara tantra, Hevajra and so forth.
གྲགས་པ་ཉམས་པའི་རྒྱུ་དྲུག			The six causes of defamation.\n1. {rgyan po 'gyed pa/} gambling\n2. {'dus pa la blta ba/} witnessing public fair\n3. {le lo/} laziness\n4. {chang 'thung ba/} taking intoxicants\n5. {sdig grogs bsten pa/} associating with non-virtuous friends\n6. {natshan mo grong du 'gro ba/} wandering about at n...
གྲགས་པའི་རྗེས་དཔག			Inference by notion. An inferential cognition based on popular convention. For instance, the idea infering that «that with rabbit» can be called «moon». One of the three inferential cognitions (see {rjes dpag gsum}).
གྲགས་པའི་མཚན་མ			Valid notion. Something that needs no explanation for it is obvious to all.
གྲགས་པའི་བསལ་བ			The exclusion by notion. A term used in Buddhist logic studies. Any expression or assertion that is absolutely contradictory to common notion, e.g. to call a vase a moon or to state that a human skull is a clean substance.
གྲང་དམྱལ་བརྒྱད			[aṣṭa ṡītanaraka]/ Eight cold hells.\n1. {chu bur can/} [arbudaḥ]/ blistering\n2. {chu bur rdol/} [nirarbudaḥ]/ broken blister\n3. {so tham/} [aṭaṭaḥ]/ chattering teeth\n4. {a chu zer ba/} [huhuvaḥ]/ «a-chu» sneezing\n5. {kye hud zer ba/} [hahavaḥ]/ «kye-hud» crying\n6. {u+ud pal ltar gas pa/} [u...
གྲངས་ཅན་པ			[saṁkhyā]/ The Enumerators. Propounders of non-buddhist tenets also called Kapilas, who assert that all objects of knowledge can be enumerated into twenty-five categories of phenomena (see {she bya nyer lnga}). They also assert that the Fundamental Principle which is partless, permanent and the a...
གྲི་གུག			A curved knife. A curved knife with a vajra handle on the lateral face. A ritual implement held by a tantric deity.
གྲུབ་མཐའ			[siddhānta]/ Tenets; pholosophical theory. The study of philosophical positions and principles of the classical Buddhist and non-Buddhist schools of thought.
གྲུབ་མཐའ་སྨྲ་བ་གཉིས			The two schools of philosophy.\n1. {nang pa'i grub mtha' smra ba/} school of Buddhist philosophy and\n2. {phyi rol pa'i grub mtha' smra ba/} school of non-Buddhist philosophy.
གྲུབ་མཐའ་སྨྲ་བ་བ་ཞི			The four schools of philosophy; the four classical schools of Buddhist philosophy.\n1. {bye brag smra ba/} [vaibhāṣika]\n2. {mdo sde pa/} [sautrāntika]\n2. {sems tsam pa/} [cittamātra]\n4. {dbu ma pa/} [mādhyamika].
གྲུབ་པའི་འབྲས་བུའི་ཡན་ལག			The set of actualized results. Birth, aging and death are the set of actualized results in the twelve links of interdependent origination.
གྲུབ་བདེ་དབྱེར་མེད་ཀྱི་རྫས་གཅིག			Indivisible substances of simultaneous existence. Two separate substances that exist and are produced simultaneously; therefore their origination, sustenance and disintegration takes place at the same time. These two are both substances, and the appearance of one necessitates the appearance of th...
གྲུབ་བདེ་རྫས་གཅིག			Substances of simultaneous existence. The simultaneity of different, reversed entities—the production, sustenance and disintegration of which takes place at the same time, and are necessarily substances.
གྲུབ་པའི་སྤྱོད་པ			The conduct of a [mahāsiddha]. One of the four ways of utilizing tantric realizations. An adept having actualized the feat of utilizing the sky through tantric practices, complements this with practices of the six perfections\naccording to tantra, and finally gains a state of three-fold vajra con...
གྲུབ་པའི་དབང་ཕྱུག			A lord of actualization; [mahāsiddha]. One who has attained supreme realizations of either or both the [sūtra] and tantra traditions.
གྲུལ་བུམ			[kumbhāṇḍa]/ A monstorous demigod somewhat like a vampire in western mythology; a kind of spirit.
གྲོང་འཇུག			Entering a corpse. The practice of entering a corpse. An exalted tantric practice through which a yogi having gained control of his energy winds and mind purposely abandons his body and transfers his consciousness into another serviceable corpse. This enables him to maintain his life even after t...
གྲོལ་ལུགས་ཆེན་པོ་བཞི			The four great releases or liberations. A transmission of {rdzogs chen} practice in which four ways of releasing Rigpa (intutive mind) into dharmakaya are explained. These are:\n1. {ye grol/} Primordial release\n2. {rang grol/} self-release\n3. {gcer grol/} bare release\n4. {mtha' grol/} limitles...
གླིང་དྲུག			The six continents. According to [kālacakra] tantra these are:\n1. {zla ba'i gling /} moon continent\n2. {'od dkar gyi gling /} white light continent\n3. {ku sha'i gling /} kusha grass continent\n4. {mi'am ci'i gling /} probable human continent\n5. {khrung khrung gi gling /} crane continent\n6. {...
གླིང་བདུན			The seven continents. 1-6. (see {gling drug})\n7. {'dzam gling chen po/} [jambu dvī]pa/ the world we live in.
གླིང་ཕྲན་བརྒྱད			[aṣṭa kṣudradvīpāh]/ The eight sub-continents. 1-2. {lus dang lus 'phags/} Deha and Videha around the east. 3-4. {rnga yab dang rnga yab gzhan/} [cāmara] and Apara [cāmara] around the south 5-6. {g.yo ldan dang lam mchog 'gro} [ṡāthā and Uttaramantriṇa]/ around the west 7-8. {sgra mi snyan dang s...
གླིང་བཞི			The four continents.\n1. {shar lus 'phags po/} [pūrvavideha] to the east\n2. {lho 'dzam bu gling /} [Jambudvīpa] to the south\n3. {nub ba lang spyod/} [avaragodāniya] to the west\n4. {byang sgra mi snyan/} [uttarakuru] to the north.
གླུ་དབྱང་ཀྱི་ངེས་པ་བདུན			The seven principles of sounds and chanting\n1. {drug skyes rma bya'i skad ltar sgrog} drag-skyes like the sound of a peacock\n2. {drang srong ba glang skad kyis rtsom/} drang-srong like the sound of a mendicant\n3. {sa 'dzin skyes ni ra yi skad/} sa-'dzin-skyes like the sound of a goat\n4. {bar ...
གླུ་དབྱངས་ལྟ་བུའི་སེམས་བསྐྱེད			[gītopamā cittotpāda]/ The song-like bodhicitta. The Bodhisattva motive of enlightenment associated with primordial cognition possessed by the Bodhisattva on the tenth stage, surpassing the practice of primordial wisdom.
གླུད			Scapegoat. A clay or dough effigy of a person consecrated and sent away as ransom to appease harmful spirits which causes sickness or interference.
གླེང་གཞིའི་སྡེ			The introductory teachings. One of the twelve scriptual categories (see {gsung rab yan lag bcu gnyis}); teachings given by Buddha to specific people. For instance, the [sūtra] that prescribes the act of stealing as a proscribed misdeed because of the behaviour of Nor-can, the son of a potter.
གློ་བུར་གྱི་དྲི་མ			Adventitious defilement; incidental stains. Usually refers to all obscurations that temporarily obscure the pristine mind.
གློ་བུར་རྣམ་དག་གི་ཆར་གྱུར་བའི་ངོ་བོ་ཉིད་སྐུ			Nature truth body that is pure from adventitious stains. For instance, the noble truth of cessation within Buddha's mental continuum.
དགག་པ			[pratisedha]/ A negative phenomenon. An object which is realized through the explicit elimination of an object of negation. For instance, a non-vase thing.
དགག་བྱ			[pratiṣedhya]/ An object of negation. An object of refutation, or that which is to be disproved in a logical argument.
དགག་བྱ་གཉིས			The two objects of refutation.\n1. {lam gyi dgag bya/} [mārga pratiṣedhya]/ refutation on the path of practice\n2. {rigs pa'i gagag bya/} [yukti pratiṣedhya]/ refutation through logical analysis.
དགག་བྱའི་ཆོས			[pratiṣedhya dharma]/ The object of refutation; antithesis. That which is to be refuted in a logical argument, the opposite of the subject and the predicate taken together in a logical syllogism.
དགག་བྱའི་མཐའ་བཞི			[catvāri pratiṣedhyāntā]/ The four extremes to be refuted.\n1. {yod pa'i mtha'} [astyanta]/ extreme of existence\n2. {med pa'i mtha'/} [nāstyanta]/ extreme of non-existence\n3. {gnyis ka'i mtha'/} [ubhyānta]/ extreme of being both\n4. {gnyis ka ma yin pa'i mtha'/} [advyānta]/ extreme of being nei...
དགག་བྱའི་བདག			[pratiṣedhyātman]/ The self to be refuted. The self to be refuted, the direct opposite of the selflessness to be explicitly negated when one realizes the true selflessness.
དགག་བྱའི་བདག་གཉིས			The two kinds of self to be refuted.\n1. {gang zag gi bdag} [pudgalātman]/ self of a person\n2. {chos kyi bdag} [dharmātman]/ self of a phenomenon.
དགག་བྱའི་དོན་སྤྱི			[pratiṣedhyārthasāmānya]/ Meaning generality or generic image of an object to be refuted.
དགག་དབྱེ			[pravāraṇā]/ The ceremony of lifting the restrictions. Lifting restrictions particularly laid down for individual monks\nduring the three month rainy season retreat; the last day of the rainy season retreat.
དགག་གཞི			The basis of negation. For instance, the vase being the basis of negation upon which the conception of that vase being a permanent phenomena is refuted or expelled.
དགག་བཞག་སྤོང་གསུམ			Refutation, establishment and responding to an assertion. A traditional scholarly means of refuting the stand of others, through establishing one's own position and responding to the criticism of one's own position. A systematic debate in the study of Buddhist logic should fulfill these three ess...
དགའ་སྡན			[tuṣita]/ A. The Heaven of Joy. The Tusita Buddha field; the pure land where the future Buddha, Maitreya would give teachings, also called the joyous field of virtue and mental happiness (dga'-ldan yid-dga' chos-'dzin); one of the six heavens of the gods of desire realm. It is also known to be th...
དགའ་ལྡན་ཕྱག་རྒྱ་ཆེན་པོ			The [mahāmudrā] of the Gelug tradition. A transmission of developing calm abiding and penetrative insight meditation by taking one's mind as the object of meditation in the Gelug tradition as a means to finding the right view through meditation.
དགའ་ལྡན་ཁྲི་པ			The holder of Ganden throne; the successor to the throne of Je Tsong Khapa
དགའ་བ་ཚད་མེད			Immeasurable joy. One of the four immeasurables (see {tsad med bzhi}). A meditation on joy in which one takes immeasurable sentient beings as one's object of meditation and wishes them never to be separated from a genuine Happiness free of suffering.
དགའ་བ་བཞི			The four joys. The joys experienced through the flow of melting regenerative fluid in stages from crown to secret organ in the highest tantric practices.\n1. {dga' ba/} [muditā]/joy\n2. {mchog dga'/} [pramuditā]/ great joy\n3. {khyad dga'} [viṡeṣa muditā]/ exalted joy\n4. {lhan skyes kyi dga' ba/...
དགའ་བ་ཡང་དག་བྱང་ཆུབ་ཀྱི་ཡང་ལག			[pntīsaṁbodhyaṅga]/ The perfect joy as a limb to enlightenment. One of the seven limbs of enlightenment (see {byang chub yan lag bdun}), the contentment and benefit that is physically and mentally received by the joy of reaching the first Bodhisattva ground.
དགའ་བཞི་ཕྲུལ་གྱི་ལྷ་ཁང			The miraculous cathedral of four-fold joy. Another name of the Lhasa cathedral. The name was given due to jubiliance shown by man, gods, nagas and spirits at the beginning of the building of the Lhasa cathedral.
དགེ་སྐོས			A monk disciplinarian. The monk in charge of enforcing the monastic rules and regulations.
དགེ་བསྙེན			[upāsaka]/ Ordained lay person. A layman or laywoman who has taken any or all of the five precepts—not killing, not lying, not indulging in sexual misconduct, not stealing and not taking intoxicants.
དགེ་བསྙེན་དངོས་གནས་པ་སུམ			The three fully fledged lay persons.\n1. {yongs rdzogs dge bsnyen/} а full\nfledged ordained lay person observing all the five vows until death while remaining as a householder e.g. Marpa, the great translator.\n2. {tshangs spyod dge ba snyen/} a full fledged ordained lay person observing all the...
དགེ་བསྙེན་བཏགས་པ་བ་བཞི			The four nominal ordained lay persons.\n1. {skyabs 'gro tsam gyi dge bsnyen/} a lay person ordained merely through seeking refuge in the three jewels\n2. {sna gcig dge bsnyen/} an ordained lay person observing only one of the four root vows\n3. {sna gnyis tsam bsrung ba'i dge bsnyen/} an ordained...
དགེ་བསྙེན་དྲུག			The six kinds of ordained lay persons (upasaka).\n1. {skyabs 'gro'i dge bsnyen/} an ordained lay person (merely) by having taken refuge in the three jewel\n2. {sna gcig dge bsnyen/} an ordained lay person observing only one of the five vows\n3. {sna dga'i dge bsnyen/} an ordained lay person obser...
དགེ་སྟོང་སྡིག་སྟོང			Emptiness of virtue and non-virtue. The lack of inherent existence of both virtue and non-virtue in their ultimate sense.
དགེ་འདུན			[saṅgha]/ The holy community; the supreme assembly; the [saṅgha] One of the three objects of refuge conventionally represented by the community of monks and nuns (above three or four) devoted to study and practice of the teachings of Buddha, and ultimately, the [saṅgha] comprises those on and abo...
དགེ་འདུན་ཀུན་རྭ			The debate courtyard or the main assembly hall of a monastic community.
དགེ་འདུན་དབྱེན་འབྱེད་པ			Creating a schism in the [saṅgha] community. Causing disunity in the monastic community with at least four people on each side. Such an act constitutes one of the five heinous crimes (see {matsams med lnga}).
དགེ་འདུན་དགྱི་དབྱེན་གསུམ			The three schisms within a monastic community.\n1. {'khor lo'i dbyen/} schism by a defection, i.e., by way of diverting devotion to a non-Buddhist teacher and precepts during the presence of Buddha [ṡākyamuni] himself or his hierarchies\n2. {blas kyi dbyen/} schism by behavior\n3. {'khrugs long g...
དགེ་འདུན་ཉེ་ཤུ			[viṃṡatiḥ saṇgha]/ The twenty [saṅgha] members. The twenty\nexemplary [saṅgha] members comprising 1-5. {rgyun zhugs lnga /} the five stream-winners 6-8. {phyir 'ong gsum/} the three once-returners 9-18. {phyir mi 'ong bcu/} the ten never-returners\n19. {dgra bcom zhugs pa/} the enterers into Arha...
དགེ་འདུན་ཐ་དད་པ			A [saṅgha] of different orders. The [saṅgha] members belonging to different schools within the same tradition.
དགེ་འདུན་ཕལ་པོ་ཆེའི་སྡེ་པ་ལྔ			The five Mahasanghika schools.\n1. {shar gyi ri bo'i sde pa/} [purvaṡaila]\n2. {nub kyi ri bo'i sde/} [aparaṡaila]\n3. {gangs kyi ri bo'i sde/} Himavata\n4. {'jig rten las 'das par smra ba'i sde/}\n[Lokottaravādin]\n5. {rtag par smra ba'i sde/} [prajñāpativādin].
ད་གེ་འདུན་དབུ་སྡེ་གཉིས			The two honourable classes of [saṅgha].\n1. {rab byung dge 'dun gyi sde/} the ordained monks\n2. {gos dkar lcang lo can gyi sde/} the tantrikas bearing matted hair knots on their head, as were honoured by King Tri Ralpa Chen, who spread two silken scarves bound to his head and let a member of eac...
དགེ་འདུན་བཙུན་པ			The honoured [saṅgha], referring to the community of monks and nuns who hold moral disciplines as laid down in the Vinaya teachings.
དགེ་འདུན་བཞི་སྡེ			The four-fold [saṅgha] members. A group of four fully ordained monks already on the paths of attainments or a gathering of four fully ordained monks in their ordinary state having received their Biksu ordination by means of four-fold requests.
དགེ་འདུན་གསུམ			The three [saṅgha] members.\n1. {so so skye bo'i dge 'dun/} the ordinary fully ordained [saṅgha] member—a group of four or more ordinary [saṅgha] members who have all received their full ordination of a Biksu by means of four-fold requests\n2. {slob pa'i dge 'dun/} [saṅgha] member on the path of ...
དགེ་ལྡན་པའི་སྨོན་ལམ་སྔ			The five prayers of Gelug tradition.\n1. {bzang spyod smon lam/} Prayer of Good Deeds\n2. {byams smon/} Prayer of Buddha Maitreya\n3. {thog 'tha' ma/} Prayer of Beginning and the End\n4. {bde smon} Prayer of the Blissful Fields\n5. {spyod 'jug smon lam/} Prayer of the Deeds of a Bodhisattva.
དགེ་བ་བཅུ			[daṡakuṡalāni]/ The ten virtues.\n1. {srog gcod spong ba/} [prāṇatighātād virati]/ abandoning the act of killing\n2. {ma byin par len pa spong ba/} [adattādānād virati]/ abandoning the act of stealing\n3. {log g.yem spong ba/} [kāmamithyācārād virati]/ abandoning the act of indulging in sexual mi...
དགེ་བ་བཅུ་གཅིག			[Eka daṡa kuṡala`ni]/ Eleven virtuous mental factors.\n1. {dad pa/} [ṡraddhā]/ faith\n2. {ngo tsha shes pa/} [hrī]/sense of shame\n3. {khrel yod pa/} [apaltavyam]/ sense of dread of blame\n4. {'dod chags med pa/} [alobha]/ lack of desire\n5. {zhe sdang med pa/} [adveṣa]/ lack of hatred\n6. {gti m...
དགེ་བ་བཅུ་གཉིས			[dvadaṡa kuṡalāvi]/ The twelve virtues.\n1. {ngo bo nyid kyi dge ba/} [svabhāvakuṡala]/ natural virtue\n2. {'brel ba'i dge ba/} [saṁbandhakuṡala]/ associate virtue\n3. {rjes su 'brel ba'i dge ba/} [anubandhakuṡala]/ concordant virtue\n4. {kun slong gi dge ba/} [samutṭhānakuṡala]/ motivated virtue...
དགེ་བའི་དེ་བཞིན་ཉིད་གཉིས			The two virtuous suchnesses; the two wholesome realities.\n1.gang zag gi bdag med/ [pudgalanairātmya]/ selflessness of a person\n2. {chos kyi bdag med/} [dharmanairātmya]/ selflessness of a phenomenon.
དགེ་བའི་རྩ་བ་གསུམ			The three root virtues.\n1. {'dod chags med pa'i dge ba'i rta ba/} [alobha]/ root virtue devoid of desire\n2. {zhe sdang med pa'i dge ba'i rtsa ba/} [adveṣa]/ root virtue devoid of hatred\n3. {gti mug med pa'i dge ba'i rtsa ba/} [amoha]/ root virtue devoid of mental stupidity.
དགེ་བའི་ཡིད་གཉིས			The two mental virtues; the two virtuous minds.\n1. {skyes thob kyi dge ba/} virtuous mind by birth\n2. {sbyor byung gi dge ba/} virtuous mind by training.
དགེ་བའི་བཤེས་གཉེན			[kalyāṇamitra]/ Spiritual master; spiritual friend; religious teacher; a Guru.
དགེ་བའི་བཤེས་གཉེན་གྱི་མ་ཚན་ཉིད་བཅུ			[daṡa kalyāṇamitra guṇā]/ The ten qualities of a spiritual master; the ten requisites of a [mahāyānist] teacher. l. {lhag pa tshul khrims kyi bslab pas dul ba/} being humble due to his higher training of morality\n2. {lhag pa ting nge 'dzin gyi bslab pas zhi ba/} being calm due to his higher trai...
དགེ་བའི་བཤེས་གཉེན་བསྟེན་པའི་སྐབས་ཀྱི་སེམས་དགུ			Nine attitudes of relying on a Guru/ spiritual master.\n1. {bu mdzangs pa lta bu'i sems/} attitude like that of a wise son\n2. {rdo rje lta bu'i sems/} vajra-like attitude\n3. {sa gzhi lta bu'i sems/} attitude like the foundational ground\n4. {khor yug gi ri lta bu'i sems/} attitude like the surr...
དགེ་བའི་ས་མང་བཅུ་གཅིག			The eleven virtuous levels of thought (see {dge ba bcu gcig}). These eleven levels of thought accompany a perfect virtuous state of mind.
དགེ་སྦྱོང			[ṡramaṇa]/ A practitioner of virtue. A general name for any person ordained as a novice monk or nun, or a fully ordained monk or nun or the whole [saṅgha], who have vowed to attain the state of liberation by means of observing the precepts of the individual liberation vows (pratimoksa) in his or ...
དགེ་སྦྱོང་གི་ཆོས་བཞི			The four precepts of a monk; the four principles of a monk.\n1. {gshe yang slar mi gshe ba/} [ākruṣṭena na pratyākroṣtitavyam]/ not to scold another although being scolded\n2. {khros kyang slar mi khro ba/} [roṣitena na pratiroṣitavyam]/ not to become angry when incited to anger\n3. {brdegs kyang...
དགེ་སྦྱོང་གི་འབྲས་བུ་བཞི			The four fruits of a trainee. {rgyun du zhugs pa'i 'bras bu/} the fruit of a Stream-winner\n2. {phyir 'ong ba'i 'bras bu/} the fruit of a Once-returner\n3. {phyir mi 'ong ba'i 'bras bu/} the fruit of a Never-returner\n4. {dgra bcom pa'i 'bras bu/} the fruit of an Arhat.
དགེ་སྦྱོང་ཚུལ་གྱི་འབྲས་བུ			The fruit of a trainee. The path of thorough liberation which is compositional and the truth of cassation that is a non-compositional attainment.
དགེ་རྩ			[mūla kuṡala]/ The root of virtue. Any wholesome act or practice such as of giving and honouring that results in happiness and benefit.
དགེ་ཚུལ			[ṡramaṇera]/ A novice monk. A monk observing thirty-six precepts according to the pratimoksa vows (dge-tsul-gyi blang-'das so-drug).
དགེ་ཚུལ་གྱི་སྤང་བྱ་ཡན་ལག་བཅུ			[daṡa ṡramaṇera prahātavya dharmā]/ The ten precepts of a novice monk; the ten limbs of abandonment for a novice.\n1. {srog gcod spong ba/} [prāṇātighātād virati]/ to avoid taking life\n2. {ma byin par len pa spong ba/} [adattādānād virati]/ to avoid stealing\n3. {mi gtsang spyod spong ba/} [kāma...
དགེ་ཚུལ་གྱི་བླང་འདས་སོ་དྲུག			The thirty-six precepts of a novice monk.\n1. {mi gsod pa spong ba/} to avoid killing a human being 2. to {dud 'gro dang bcas pa brdog pa spong ba/} to avoid harming living beings\n3. {dud 'gro dang bcas pa spyod pa spong ba/} to avoid using water containing living creatures\n4. {dud 'gro gsod pa...
དགེ་ཚོགས			The collection of virtues. The collection of merits (bsod-nams kyi tshogs) and the collection of insights (ye-shes kyi tshogs).
དགེ་སློང			[bhikṣu]/ A fully ordained monk. A monk observing two hundred and fifty-three vows according to the Mulasarvastivadin tradition according to Tibetan monastic discipline.
དགེ་སློང་ལྔ			[pañca bhikṣu]/ The five types of fully ordained monks (gelong/ [bhikṣu]).\n1. {slong ba'i dge slong /} [bhikṣuta iti bhikṣu]/ an alm\nseeking [bhikṣu]\n2. {ming gi dge slong /} [saṁjñabhikṣu]/ a [bhikṣu] in name\n3. {khas 'che ba'i dge slong /} [pratijna bhikṣu]/ a nominal [bhikṣu]\n4. {gsol bzh...
དགེ་སློང་གི་བསླབ་བྱ			The precepts of a fully ordained monk. The five classes of vows to be observed—the class of defeats, remainders, abandoning downfalls, propelling downfalls and faults, comprising all the two hundred and fifty-three precepts.
དགེ་སློང་མའི་བསླབ་བྱ			The precepts of a fully ordained nun. The three hundred and sixty-four vows classed as eight defeats, twenty remainders, thirty-three abandoning downfalls, one hundred and eighty propelling downfalls, eleven individual confessions and one hundred and twelve faults.
དགེ་སློབ་མ			[ṡikṣamānā]/ A probationary novice nun. One of the seven types of individual liberation vow holders, who is a novice nun on two years probation before being ordained as a [bhikṣunī], observing the six root dharmas (see {rtsa ba'i chos drug}) and the six auxiliary dharmas (see {rjes mthun gyi chos...
དགོངས་གཏེར			The mind treasure teachings. Those cycle of teachings revealed spontaneously from within by a highly realized master and recorded in writing. This kind of teaching is particularly renowned in the Nyignma tradition of teaching Buddhism.
དགོངས་པ			[abhiprāya]/ A. Thought, idea or view point. B. Honorific for mind. С The essential point. D. Permission.
དགོངས་པ་ཅན་བཞི			[catvāro bhiprāyā]/ The four interpretative [sūtras] primarily stressing the basic intention of Buddha\n1. {mnyam pa nyid la dgongs pa/} [samatābhiprāya]/ determining the samenesses\n2. {don gzhan la dgongs pa/} [arthāntarābhiprāya]/ determining some other meaning\n3. {dus gzhan la dgongs pa/} [k...
དགོངས་པ་བརྡའི་གསུང			The teaching through symbolic gestures. One of the five ways of imparting teaching (see {gsung lnga}) by a sambhogakaya Buddha who transmits teachings to his circle of disciples through physical gestures and the meaning is understood by the disciples, A special lineage of transmission as asserted...
དགོངས་པ་ཡོངས་སུ་འགྲུབ་པ			Complete fulfillment of the thought. One of the four objects of pervasion (see {khyab pa'i dmigs pa bzhi}). The experience of self-transformation from this impure body to a pure body as a result of repeated training of complete attention and familiarity with the chosen object of calm-abiding (zhi...
དགོམ་པ			Monastery; monstic univerity; a hermitage.
དགོན་པ་བ			A. recluse. B. hermit. С. Gonpawa, a master of the Kadampa tradition.
དགྲ་བཅོམ་པ་མཐོང་ཐོབ་པ			[arhat dṛṣṭiprāpti]/ Foe-destroyer by correct view; the intelligent Foe-destroyer.
དགྲོ་བཅོམ་པ་དད་མོས་པ			[arhat ṡraddhādhimukta]/ Foe-destroyer by devotion; faith; the less-intelligent Foe-destroyer.
དགྲོ་བཅོམ་བདུན			The seven Arhats. The seven early Indian masters who were responsible for the compilation of the seven treatises on knowledge (see {mngon pa sde bdun}). They were:\n1. {kat+ya'i bu/} [kātyāyana]\n2. {dbyig bshes/} [vasumitra]\n3. {bram ze lha skyid/} [brahmiṇ Devotsava]\n4. {shA ri'i bu/} [ṡāripu...
དགྲ་བཅོམ་པ་གཉིས			The two types of Arhats. A. In regard to their degree of abandonments:\n1. {shes rab kyis rnam par grol ba/} onе who is liberated by means of the wisdom path\n2. {gnyis ka'i cha las rnam par grol ba/} one who is liberated by means of both the wisdom and method paths. B. In regard to their status:...
དགྲ་བཅོམ་པ་དྲུག			Six types of Foe-destroyers.\n1. {yongs su nyams pa'i chos can/} Foe-destroyer liable to degeneration\n2. {'chi bar sems pa'i chos can/} Foe-destroyer wishing to die\n3. {rjes su srung ba'i chos can/} Foe-destroyer protecting his state of realization\n4. {gnas pa la mi bskyod pa'i chos can/} Foe-...
དགྲ་བཅོམ་པ་གསུམ			The three types of Arhats.\n1. {nyan thos dgra bcom/} [ṡravaka arhat]/ the hearer Arhat\n2. {rang rgyal dgra ba com/} [pratyekabuddha arhat]/ the solitary-realizer Arhat\n3. {sangs rgyas dgra bcom/} [buddha arhat]/ the Buddha Arhat.
དགྲོ་བཅོམ་པའི་གོ་འཕང			The state of a Foe-destroyer; Arhatship. The state of liberation or the 5th path of no-more learning, attained by Arhats after perfecting training of the 4th path. According to Lower Vehicle it is the culmination of four stages of perfection—the Stream-winner, Once-returner, Never-returner and Ar...
དགྲ་བཅོམ་པའི་ཕུང་པོ་མཐའ་མ			The last aggregate of an Arhat. The aggregate of an Arhat who has attained [nirvāṇa] with remainder (see {lhag bcas myang 'das}) as asserted by the schools of Buddhist philosophy of and below [svātantrika Mādhyamika].
དགྲོ་བཅོམ་པའི་འབྲས་བུ			[arhatphala]/ The fruit of an Arhat. One of the four fruits of a trainee (see {dge sbyong gi 'bras bu bzhi}). One who has released himself or herself of all the abandonments of the three realms to be eliminated on the path of meditation, and thereby has overcome all the foes of the four devils (m...
དགྲོ་བཅོམ་འབྲས་གནས			[arhatphalaniṣraya]/ Abider in the fruit of an Arhat. One of the eight persons of enterer and abider amongst the Twenty Sarigha members. A person belonging to the lower vehicle who has eliminated all the nine delusions to be abandoned on the peak level (srid-rtse) of existence.
དགྲ་བཅོམ་ཞུགས་པ			Enterer in the path of an Arhat. One of the eight persons of enterer and abider amongst the Twenty [saṅgha] members. One who is engaged in the act or process of eliminating all the delusions covering the first concentration stage up to the peak level of existence.
བགེགས་བསྐྲད			[vighna]/ Expelling the interfering forces. A rite performed at the beginning of a [maṇḍala] ritual and initiation, when all those forces interfering with the performance of a [maṇḍala] ritual and initiation are given sacrificial cakes (gtor-ma) and sent away from the place by way of emanating wr...
མགལ་མེའི་འཁོར་ལོ			[alātacakra]/ A fire-wheel. A circle of fire formed by swinging a flaming fire-brand or torch in a circle thereby creating the illusion of a flaming wheel.
མགུ་བ་སྤྱོད་པ			Pleasing services. The offering of services such as washing dishes, shoe-shining and the like by an individual monk to the [saṅgha] community of which he is a member, for having committed a breach of any of the thirteen remainders (lhag-ma).
མགོན་བླ			The monk who does the invocation rite of a dharma protector in a monastery.
མགྲོན་ཚན་བཞི			The four classes of guests; the four classes of guests of offering.\n1. {dkon mchog sri zhu'i mgron/} the Three Jewels as the guest of honor\n2. {mgon po yon tan gyi mgro/} the lords of protectors as the guest of qualities\n3. {'gro drug snying rje'i mgron/} the six classes of beings as guests fo...
འགལ་ཁྱབ			[virūddhavyāpti]/ Contrary pervasions. The pervasion in a logical syllogism that whatever is the reason is not the predicate in the given logical syllogism. One of the four positive pervasions (see {khyab pa rnal ma bzhi}). This pervasion is also called correct contrary pervasion fgal-khyab rnal-...
འགལ་ཁྱབ་ཕྱིན་ཅི་ལོག			[viparyaya vir_uddhavyāpti]/ Wrong contrary pervasion. The pervasion in a logical syllogism that whatever is the reason is not that which is not the predicate, Synonymous with subsequent pervasion (see {rjes khyab}).
འགལ་བ་གཉིས			Two types of contradictions. A, By means of their reverse identity there are two:\n1. {lhan cig mi gnas 'gal/} [ekatrāsthita virūddha]/ contradiction not abiding simultaneously, e.g. hot and cold\n2. {phan tshun spang 'gal/} [anyānyaparihāra virūddha]/ contradictions canceling each other, e.g. is...
འགལ་བ་མི་མཐུན་ཕྱོགས			[virūddha vipakṣa]/ Contradictory dissimilar factor. An opposite factor of the predicate in a logical syllogism.
འགལ་བ་བཞི			Four types of contradictions, (see {'gal ba gnyis} A, 1-2 and B, 1-2).
འགལ་བ་གསུམ			Three types of contradictions. 1-2 (see {'gal ba bzhi} A. 1-2 )\n3. {tshad ma'i nod 'gal/} contradiction by valid cognition.
འགོ་བའི་ལྷ			A personal god or inhuman force. A god or inhuman force believed to be the personal protector of an individual inseparable from oneself like the shadow of one's body.
འགོ་བའི་ལྷ་ལྔ			[pañca devā]/ Five personal gods or inhuman forces. I.{yul lha/} [deṡa deva]/ the local god\n2. {pho lha/} [puruṣa deva]/ the male god of a man\n3. {mo lha/} [strī deva]/ the female god of a woman\n4. {dgra lha/} [ṡatru deva]/ the enemy combating god\n5. {srog lha/} [prāṇa deva]/ the life-force god.
འགོག་བདེན			[nirodha satya]/ The noble truth of cessation. The total pacification of all karmas and delusions through application of the path within oneself.
འགོག་བདེན་བཅུ་གཉིས			[dvadaṡa nirodha satya]/ The twelve types of truth of cessation. 1. {mtshan nyid kyi 'gog pa/} [lakṣaṇa nirodha]/ characterised cessation 2. {zab pa'i 'gog pa/} [gambhīra nirodha]/ profound cessation 3. {darda'i 'gog pa/} [sāṃketa nirodha]/ symbolic cessation\n4. {don dam pa'i 'gog pa/} [parārtha...
འགོག་བདེན་གྱི་ཁྱད་ཆོས་བཞི			[catvāri nirodhaḥ satya guṇā]/ Four attributes of the noble truth of cessation.\n1. {'gog pa/} [nirodha]/ cessation\n2. {zhi ba/} [ṡānta]/ peace\n3. {gya nom pa/} [praṇīta]/ excellence\n4. {ngos 'byung /} [niḥsaraṇam]/ renunciation.
འགོག་བདེན་གྱི་རྣམ་པ་བཅུ་དྲུག			[ṣaḍaṡa nirodha satyākāra]/ The sixteen aspects of the noble truth of cessation. These are the aspects of internal emptiness and so on of the sixteen emptinesses (see {stong pa nyid bcu drug}).
འགོག་བདེན་གྱི་སྤང་བདུན			[sapta nirodha satya prahātavya]/ Seven abandonments of the path of cessation. These concern the objects of elimination having actualized the truth of cessation within this desire realm, which are:\n1. {ma rig pa/} [avidyā]/ ignorance\n2. {'dod chags/} [rāga]/ desire-attachment\n3. {khong khro/} ...
འགོག་པའི་སྙོམས་འཇུག			[nirodhasamāpatti]/ The meditative absorption in cessation. A state of meditation achieved in reliance upon the meditative absorption at the peak level of cyclic existence (srid-rtse), in which a yogi can remain for many aeons through stopping all gross feelings and perceptions. Synonymous with t...
འགྱུར་བ་མ་ངོད་པའི་ས			The unchangeable path. According to Nyingma teachings it\nrefers to the first ground attained on the level of the first yogic stage.
འགྱུར་བའི་སྡུག་བསྔལ			[vipariṇāmaduḥkhatā]/ The suffering of change. The fact that all happiness in cyclic existence changes to dissatisfaction and suffering. One of the three types of suffering (see {sdug bsngal gsum}).
འགྱེད་ཆེན་བཞི			The four great feasts. The feast offered in Cut-ritual (gcod) practices.\n1. {dkar 'gyed/} the white feast\n2. {dmar 'gyed/} the red feast\n3. {khra 'gyed/} the multi-colored feast\n4. {nag 'gyed/} the black feast.
འགྱོད་པ			[kaukṛtya]/ Regret; contrition. A secondary mind necessary for confession of negativities. One of the four changeable mental factors (see {gzhan 'gyur bzhi}).
འགྲུབ་བྱེད་ཀྱི་ཡན་ལག			Actualizing causes. Craving, grasping and becoming are the actualizing causes in the twelve links of interdependent origination, for these are responsible for activating, at death, the seeds of karmic instinct implanted in one's mind which determine one's next rebirth.
འགྲོ་བ			[gati]/ Migrators; sentient beings. Generally classified into two categories: 1. the unfortunate beings (ngan-'gro) 2. the fortunate beings (bde-'gro).
འགྲོ་བ་རིགས་དྲུག			The six types of beings; the six types of migrators.\n1. {lha} [deva]/ gods\n2. {mi/} [manuṣya]/ human beings\n3. {lha ma yin/} [asura]/\ndemigods\n4. {dmyal ba/} [naraka]/ hell beings\n5. {yi dwags/} [preta]/ hungry ghosts\n6. {dud 'gro/} [tiryak]/ animals.
རྒོད་པ་རགས་པ			Coarse mental agitation. In the practice of single-pointed concentration, losing one's focal object after having held it for any penod of time is recognized as coarse mental agitation.
རྒོད་པ་ཕྲ་མོ			Subtle mental agitation. In the meditation to develop single-pointed concentration, when one part of the mind wanders to an object of attraction, and away from the focal object of meditation (even if not completely lost).
རྒྱ་རིམ་པ་བདུན			The seven codes of translation. The convention of translation followed by the Tibetan translators.\n1. {tshig 'bru mi 'khrug pa tsheg gi rgya/} there must be a corresponding number of words per sentence\n2. {tshig rkang mi 'khrug pa shad kyi rgya/} the number of full stops must correspond to the ...
རྒྱ་ཆེན་སྤྱོད་རྒྱུད			[vaipulyatantra]/ The lineage of extensive deeds. The lineage of teachings and practice coming from Maitreya, Asanga and Vasubandhu mainly emphasizing the method aspect of Buddha's teachings.
རྒྱགས་པ་བརྒྱད			[aṣṭa mada]/ Eight types of Haughtinesses. Eight types of conceited delight.\n1. {rigs bzang bas rgyags pa/} conceited delight by family or lineage\n2. {gzugs kyis rgyags pa/} conceited delight by physical qualities\n3. {lang tshos rgyags pa/} conceited delight by youthful feature\n4. {nad med pa...
རྒྱང་གྲགས			[kroṡa]/ Five hundred armspans. A measurement of length equal to 500 fathoms or armspans; the distance of about 1 kilometer, the reach of hearing or five hundred bows' length.
རྒྱང་འཕེན་པ			[cārvāka]/ The Hedonists. A proponent of non-Buddhist tenets who assert the non-existence of past and future lives and that the mind arises adventitiously from the body as light is kindled from the lamp.
རྒྱན་བཅས་དགྲ་བཅོམ་པ			The ornamented Foe-destroyer. A Hearer of lower intellectual capacity who is mainly concerned with the practice of mental quiescence meditation, who, when he attains the state of Arhatship is free both from the obscurtions to liberation and obscurations to meditative absorption, and also attains ...
རྒྱན་དྲུག་མཆོག་གཉིས			The six ornaments and two excellences. The eight great Indian masters.\n1. {slu sgrub/} [nāgārjuna]\n2. {'phags pa lha/} [āryadeva]\n3. {thogs med/} [asaṅga]\n4. {dbyig gnyen/} [vasubandhu]\n5. {phyogs glang /} [dignāga]\n6. {chos grags/} [dharmakīrti]\n7. {yon tan 'od/} [guṇaprabha] 8 {shAkya 'o...
རྒྱན་དྲུག་ཕྱག་མཚན			The six adornments and implements.\n1. {rus pa'i} {dbu rgyan/} human skull crown\n2. {mgul rgyan/} necklace\n3. {snyan rgyan/} ear-ring\n4. {gdu bu/} bracelets and anklets\n5. {se rel kha} jewel sash worn across shoulder (se-ral-kha)\n6. {'og pag} jewel net sash worn as a girdle or lower garment.
རྒྱན་མེད་དགྲ་བཅོམ			[anālaṇkārarhat]/ The unornamented Foe-destroyer. A hearer of higher level intellectual capacity who is mainly concerned with the practice of special insight meditation and, who, on attaining the state of Arhatship does not attain extra-sensory perceptions or clairvoyances.
རྒྱན་བཞི			The four ornaments; the four adorments.\n1. {tshul khrims kyi rgyan} ornament of moral discipline\n2. {ting nge 'dzin gyi rgyan/} ornament of meditative concentration\n3. {shes rab kyi rgyan/} ornament of wisdom\n4. {gzungs kyi rgyan} ornament of retentive power.
རྒྱལ་ཆེན་བཞི			The four great kings. The gods or evil spirits included in the category of the first level of gods in the desire realm\n1. {gnod sbyin lag na babazhong thogs/} [karoṭapāṇayodeva] {gnod sbyin lag na phreng thogs/} Maladhara\n3. {rtag myos/} [sadāmāda]\n4. {sde dpon chen po/} [pratihāra]. Or the fo...
རྒྱལ་པོ་ཀྲི་ཀྲིའི་རྨི་ལམ་ཅུ			The ten prophetic dreams of [kṛkirājā]; the ten apocalyptic\ndreams of King Krki. The dreams that correspond to various negative occurences in Buddha's teachings after his passing away.\n1. {glang po che lus skar khung nas thon kyang mjug ma de la thogs pa/} an elephant's body is outside but his ...
རྒྱལ་པོ་ལྟ་བུའི་སེམས་བསྐྱེད			The king-like Bodhimind. The bodhicitta associated with the five extra-sensory perceptions possessed by a Bodhisattva on the three pure levels of the path—the eighth, ninth and tenth grounds.
རྒྱལ་པོའི་ཁབ			[rājagṛha]/ A holy Buddhist place to the east of Bodhgaya. It is believed to be the place where Raja Bimbisara's palace stood during Buddha's time. Buddha taught many [sūtra]s here, and the first Buddhist Council was also held here.
རྒྱལ་བ་རིགས་ལྔ			[pañcā jinā]/ The five families of Buddha.\n1. {rnam par snang mdzad/} Vairocana, white\n2. {mi bskyod pa/} [akṡobhya], blue\n3. {rin chen 'byung gnas/} [ratnasaṃbhava] yellow\n4. {'od dpag med/} [amitābha], red\n5. {don yod grub pa/} [amoghasiddhi], green. When Buddha {rgyal ba rdo rje 'chang /}...
རྒྱལ་བའི་མཛད་ཆེན་བརྒྱད			Eight great festivals connected with Buddha [ṡākyamuni].\n1. {lha las babs pa/} His descent from Tusita heaven\n2. {lhums su zhugs pa/} His entenng of mother's womb\n3. {sku bltams pa/} His birth\n4. {rab tung byung ba/} His renunciation of worldly life and becoming a monk 5 {sangs rgyas pa/} His...
རྒྱལ་སྲིད་སྣ་བདུན			The seven precious royal emblems.\n1. {'khor lo rin po che/} [cakra ratna]/ precious wheel for power and authority\n2. {nor bu rin po che/} [maṇi ratna]/ precious jewel for marvelous property\n3. {btsun mo } {rin po che/} [strī ratna]/ precious queen, as the queen\n4. {blon po rin po che/} [mantr...
རྒྱས་འགྱུར་གྱི་རིགས			The maturing Buddha nature; the transformational Buddha nature. The Buddha nature enlightened and developed through\nsincere practice, that ultimately transforms into the form body of a Buddhi
རྒྱུ་རྐྱེན			[hetupratyaya]/ Causes and conditions; causal condition.
རྒྱུ་སྐྱབས			[hetu ṡaraṇa]/ Causal refuge. The Buddhi Dharma and Sarigha in those who have already developed them. Buddhists accept them as their examplary objects of refuge.
རྒྱུ་གཉིས			The two types of causes. A. By nature:\n1. {nyer len gyi rgyu/} [upādana]\nhetu]/ the fundamental cause\n2. {lhan cig byed rkyen/} [saha bhū hetu]/ imultaneously arisen cause. B. By way of giving rise to results:\n1. {dngos rgyu/} [bhāva hetu]/ direct cause\n2. {brgyud rgyu/} [saṁbandha hetu]/ in...
རྒྱུ་མཐུན་གྱི་འབྲས་བུ			[niṣyandaphala]/ The results corresponding to its cause. The fruits of a karmic action experienced or ripened with its nature corresponding to its cause. This has two:\n1. {byas pa rgyu mthun gyi 'bras bu/} the fruits corresponding to its actions, e.g. the fact that a person who may have been a s...
རྒྱུ་དྲུག			[ṣaḍ hetavaḥ]/ The six types of causes; the six causes.\n1. {byed rgyu/} [kāraṇa hetu]/ acting cause\n2. {lhan cig 'byung ba'i rgyu/} [sahabhū hetu]/ simultaneously arising cause; innately born cause\n3. {skal mnyam gyi rgyu/} [sabhāga hetu]/ equal-state cause\n4. {mtshungs ldan gyi rgyu/} [saṁpr...
རྒྱུ་རྡོ་རྗེ་འཛིན་པ			The adamantine cause. The primordial reality abiding within the mental continuum of sentient beings which is qualified by three basic features: 1. unchangeable 2. self-awarness 3. the great and supremse bliss.
རྒྱུ་འབྲས་མན་ངག་བདུན			The seven-fold cause and effect precepts. A. lineage of meditation for cultivating the mind of eniightenment.\n1. {mar shes/} recognizing all sentient beings as one's mother\n2. {drin dran/} being mindful of their kindness\n3. {drin gzo/} repaying their kindness\n4. {yid 'ong gi byams pa/} heart-...
རྒྱུ་མཚན་ལྡན་པའི་ཡིད་དཔྱོད			Presumption or correct belief that is based on reason. One of the five types of presumptions resulting from some reason that is either incorrect or, if correct, not understood.
རྒྱུ་གཟུགས			The causal form. Forms that retain the entity of elements. These comprise earth or soil, water or liquid, fire or warmth, and wind.
རྒྱུད			[tantra]/ A. Tantra; classification of Buddha's teachings concerning the speedier method of attalning Buddhahood. B. Mental continuum; mind stream.
རྒྱུད་ཀྱི་འཆད་ཐབས་བཞི			The four ways of explaining a tantric text.\n1. {don khog khyung gis nam mkha'i dbyings 'jal ltar phub/} presenting the summary of the text in the manner of a garuda bird floating in the sky\n2. {dkyus kyi sa stag mo nags la mchong ba ltar bcad/}\nexplaining the body of text in the manner of a li...
རྒྱུད་གཉིས			Two classes of tantri\n1. {pha rgyud/} father tantra\n2. {ma rgyud/} mother tantra.
རྒྱུད་གྲྭ་སྟོད་སྨད			The upper and lower tantric college of Gelug tradition. Tsong Khapa's disciple Jetsun Sherab Senge established Ihe lower tantric college in 1433, and the upper tantric college instituted by his disciple Neying Jetsun Kunga Dhondup in 1474 in Lhasi
རྒྱུད་སྡེ་དྲུག			[ṣaḍ tantrapiṭakā]/ The six classes of tantra.\n1. {bya rgyud/} [kriyā tantra]/ action tantra\n2. {spyod rgyud/} [cārya tantra]/ performance tantra\n3. {rnal 'byor rgyud/} [yoga tantra]\n4. {pha rgyud/} [pitā tantra]/ father tantra\n5. {ma rgyud/} [mātā tantra]/mother tantra\n6. {gnyis med rgyud/...
རྒྱུད་སྡེ་བདུན			[sapta tantra piṭakā]/ The seven classes of tantri According to [atiṡa]'s Lamp on the Path to Enlightenment these are:\n1. {bya ba'i rgyud/} [kriyā tantra]/ action tantra\n2. {spyod pa'i rgyud/} [cārya tantra]/ performance tantra\n3. {rtog pa'i rgyud/} [savitarka tantra]/ conceptual tantra\n4. {g...
རྒྱུད་སྡེ་བཞི			[catvāri tantra piṭakā]/ The four classes of tantn\n1. {bya ba'i rgyud/} [kriyā tantra]/ action tantra\n2. {spyod pa'i rgyud/} [cārya tantra]/ performance tantra\n3. {rnal 'byor rgyud/} yoga tantra\n4. {rnal 'byor bla na med pa'i rgyud/} [anuttarayoga tantra]/ highest yoga tantra.
རྒྱུད་པ་གསུམ			The three types of lineages.\n1. {gdung rgyud/} family lineage\n2. {sku rgyud/} reincarnation lineage\n3. {slob rgyud/} disciple lineage.
རྒྱུད་གསུམ			The three integerations; the three principles. A. {rgyun chags gsum/} The three regular principles of practice at a teaching session:\n1. {phyag 'tshal ba/} making prostration\n2. {mdo 'don pa/} reciting a [sūtra]\n3. {bsngo ba byed pa/} making dedication. B. {sa skya pa'i lam 'bras ltar rgyud gs...
རྒྱུན་དུ་འཇོག་པ			Continual fixation. The second of the nine stages of mental fixation or placement (see {sems gnas dgu}) in the practice of mental quiescence meditation; the stage at which one increases one's attention on the object of meditation.
རྒྱུན་བཤགས་ཀྱི་ཡན་ལག་བདུན་པ			The seven regular confession practices. 1. f {sdig pa bshags pa/} [pāpadeṡanā]/ confession of non-virtues\n2. {rjes su yi rang ba/} [anumoda]/ rejoicing in virtues\n3. {don dam byang chub kyi sems bskyed pa/} [paramārthacittopāda]/ generating the ultimate mind of enlightenment\n4. {skyabs su 'gro...
རྒྱུའི་རྒྱུད			The causal principle. The reality of mind that abides unchangeable like space withrn the minds of sentient beings and Buddhas. According to [sūtra]s this refers to the Tathagata essence—the naturally abiding buddha nature. In the lower tantras this is known by various names like the suchness of s...
རྒྱུའི་ཐེག་པ			[hetuyāna]/ Causal vehicle. The common vehicle known as the perfection vehicle, the slower path of practice for the attainment of Buddhahood.
རྒྱུའི་རྟེན་འབྲེལ་དྲུག			[ṣaḍ pratītyasamutpāda]/ The six causal interdependent principles. The elements of the outer natural phenomena— earth, water, fire, wind, space and time.
རྒྱུའི་དབང			The causal initiations. Those stages of initiations that are given to prepare a disciple to become a ripe receptacle, otherwise known as the initiation to ripen a disciple who is not yet ripe.
སྒོ་མ་བཞི			The four guardian goddesses. In the secret mantra [maṇḍala]s the four gates or entrances of the [maṇḍala]:\n1. {lcags skyu ma/} [aṅkuṡī]\n2. {zhags pa ma/} [pāṡī]\n3. {lcags sgrog ma/} [sṛṅkhalā]\n4. {dril bu ma/} [gaṇṭā].
སྒོ་གསུམ			The three gates of activity. {lus ngag yid gsum/} Body, speech and mind.
སྒོམ་སྤང་སྐོར་དགུ			The nine levels of delusions to be abandoned on the path of meditation.{_sgom spang che 'bring chung gsum re rer che 'bring chung gsum re rtsis pa'i skor dgu/} The great, middling and small levels of delusiors of each of the great, middle and small delusions to be abandoned on the path of meditat...
སྒོམ་སྤང་བཅུ			The ten delusions to be abandoned on the path of meditation. According to Abhidharmakosa there are four of the desire realm, three of the form realm, and three of the formless realm.
སྒོམ་སྤན་བཅུ་དྲུག			The sixteen delusions to be abandoned on the path of meditation. This follows the tradition of Abhidharma-samuccaya (see {sgom spang nyon mongs bcu drug}).
སྒོམ་སྤང་འཇུག་པ་གཟུང་རྟོག			[bhāvanāheyavṛttigrāhyakalpa]/ Conceptual apprehension of objects of cultivation to be eliminated on the path of meditation.
སྒོམ་སྤང་ཉོན་མོངས་བཅུ་དྲུ			[ṣoḍaṡa bhāvanāneyakleṡā]/ The sixteen delusions (which are obscurations to liberation) to be abandoned on the path of meditation. {'dod pa'i sas bsdus kyi drug} [ṣaḍ kāmadhātu kleṡā]/ Six of the desire realm:\n1. {'dod chags/} [rāga]/ desire-attachment\n2. {khong khro/} [krodha]/ anger\n3. {nga ...
སྒོམ་སྤང་བཏགས་འཛིན་རྟོག་པ			[bhāvanāneyaprajñāptigrāhakalpa]/ Conceptual apprehension of imputed existence to be abandoned on the path of meditanon,\n{sgom spang ldog pa gzung rto}\n[bhāvanāneyanirvṭttigrāhyakalpa]/ Conceptual apprehension of objects of elimination to be abandoned on the path of meditation.
སྒོམ་སྤང་རྫས་འཛིན་རྟོག་པ			[bhāvanāheyadravyagrāhakakalpa]/ Conceptual apprehension of substantial existence to be abandoned on the path of meditation.
སྒོམ་སྤང་བཞི་བརྒྱ་བཅུ་བཞི			The four hundred and fourteen delusions to be abandoned on the path of meditation. This list includes all delusions to be abandoned on the path of meditation within the three realms and nine levels (see {khams gsum sa dgu}). These are {'dod pa'i sgom spang lnga bcu rtsa bzhi/} the fifty-four of t...
སྒོམ་ལམ་གྱི་བྱེད་པ་དྲུག			Six functions of the path of meditation; six benefits of the path of meditation.\n1. {sems kun tu zhi ba/} peacerul mind\n2. {thams cad la 'dud pa/} self-disciplined and humble\n3. {nyon mongs pa'i tshogs las rgyal ba/} victory over defilements\n4. {phyi nang gi gnod pas brdzib med pa/} no occasi...
སྒོམ་ལམ་ཕྱིར་མི་ལྡོག་པའི་རྟགས་བརྒྱད			The eight marks of irreversibility on the path of meditation.\n1. {skye ba la zab pa/} profundity of production\n2. {'gag pa la zab pa/} profundity of stopping\n3. {de bzhid nyid la zab pa/} profundity of reality\n4. {shes pa la zab pa/} profundity of objects of knowledge\n5. {_spyod pa la zab pa...
སྒོམ་ལམ་རྩེ་སྦྱོར			[bhāvanāmarga mūrdhaprayoga]/ The peak training on the path of meditation. A path of practice within the continuum of a Bodhisattva on the path of meditation which is a direct antidote to the seed of eliminations to be abandoned on the path of meditaiton
སྒྱུ་མའི་དཔེ་བཅུ་གཉིས			[dvadaṡa māyopamā]/ The twelve examples of illusory nature; the twelve similes to prove lack of true existence of a conjurer's display.\n1. {sgyu ma} [māya]/ an illusion\n2. {chu zla/} [udakacandra]/ a reflection of the moon in the water\n3. {mig yor/} [pratibhāsa]/ hallucination\n4. {smig rgyu/}...
སྒྱུ་རྩལ་དྲུག་ཅུ་རེ་བཞི			The sixty-four arts. The thirty skills of arts and crafts (see {bzo rig gi sgyu rtsal sum cu}), the eighteen arts of music (see {rol mo'i sgyu rtsal bco brgyad}), the seven principles of songs and chanting (see {glu dbyanas kyi nges pa bdun}), and the nine features of dance (see {gar gyi nyams dg...
སྒྱུ་ལུས་ཀྱི་སྐུ་གཉིས			Two types of illusory body.\n1. {kun rdzob kyi sgyu lus kyi sku/} [saṁvṛti māyākaya]/ the conventional illusory body\n2. {don dam pa'i sgyu lus kyi sku/} [pammārtha māyākāya]/ the ultimate illusory body.
སྒྱུ་ལུས་བདུན			The seven types of illusory body. The seven different illusory bodies:\n1. {dpe'i sgyu ma/} exemplary illusory body\n2. {snang ba sgyu ma/} appearance illusory body\n3. {mi lam rgyu ma/} dream illusory body\n4. {bar do rgyu ma/} illusory body of the intermediate state of rebirth\n5. {'o gsal sgyu...
སྒྲ་བཅུ་གཅིག			The eleven types of sound.\n1. {yid du 'ong ba'i sgra/} pleasant\n2. {_yid du mi 'ong ba'i sgra/} unpleasant\n3. {gnyis ka min pa/} neither pleasant nor unpleasant\n4. {zin pa'i sgra/} conjoined sound\n5. {ma zin pa'i sgra/} unconjoined sound\n6. {ma zin pa'i sgra/} neither conjoined nor unconjoi...
སྒྲ་སྙན་ལྟ་བུའི་སེམས་བསྐྱེད			The delightful sound-like Bodhimind. The mind of enlightenment associated with the gaiety of dharma possessed by the Bodhisattva on the tenth level.
སྒྲ་མཐའི་དེ་ཉིད			The suchness of sound. An action tantra meditation practice. A practitioner concentrates and analyses the sound of a mantra into its subtler and subtler forms and finally places his or her mind within the non-conceptual level of experiencing the suchness of sound at its final stage. This helps a ...
སྒྲ་དོན་མཐུན			Logical sound. An expression or statement that fits the popular convention, e.g. the statement, «sound is permanent».
སྒྲ་དོན་མི་མཐུན			Illogical sound. An expression or statement that does not fit the popular convention, e.g. the statement, 'sound is impermanent'.
སྒྲ་དོན་གཉིས་ཀ་སྣང་བའི་རྟོག་པ			The conceptual cognition of sound generality (see {sgra spyi}) and meaning generality (see {don spyi}). For instance, the idea of conceptual cognition of a vase in the mind of a person learned in conventions.
སྒྲ་སྤྱི			Sound generality. Generic image based oniy on hearsay about an object, e.g. the image of a sound in one's mind having heared the expression, 'vase'.
སྒྲ་བྱུང་ཚན་མ			[sabda pramāṇa]/ Valid cognition based on verbal indication. It is the sound generality based entirely on hearsay and not on previous direct apprehension of the object such as through sense consciousness,*etc. It is permanent and is the appearing object to a conceptual mind that apprehends the ob...
སྒྲ་ལ་གཞོལ་བའི་ཡན་ལག			Concentration on sound. One of the four types of recitation of mantra in meditation (see {bzlas brjod yan lag bzhi}). The practice of reciting the mantra according to performance tantra. This involves concentrating on the mantric syllables visualized upon a moon disk as self-resounding.
སྒྲའི་ལྷ			[sabda deva]/ The sound deity. One of the six types of deities in action tantra. This involves meditation on the mantric syllables visualized in the [maṇḍala] as self-resounding and emitting and drawing rays of light.
སྒྲར་གནས་ཀྱི་དེ་ཉིད			Suchness abiding upon sound. A practice of meditation on the suchness of concentration according to action tantra. This involves meditation on all the mantric syllables visualized as encircling the moon disk at one's heart along with the moon disk itself as producing sound similar to one's ritual...
སྒྲིབ་པ་ལྔ			The five types of obscurations. According to some traditions these are:\n1. {'dod chags/} [kāmacchanda]/ desire-attachment\n2. {rmugs pa/} [styāna]/ mental sloth\n3. {gnyid dang 'gyod pa/} [nindrā kaukrtya]/ sleep and regret\n4. {g.yeng ba/} [vikṣepa]/ mental distraction\n5. {the tshomam/} [vicik...
སྒྲིབ་པ་གཉིས			The two obstructions; two obscurations.\n1. {nyon mongs pa'i sgrib pa/} [klesavaraṇa]/ delusive obscuration to liberation\n2. {shes bya'i sgrib pa/} [jnanavaraṇa]/ obstructions to omniscience.
སྒྲིབ་པ་སྤང་པའི་སེམས་བསྐྱེད་གཉིས			The two types of Bodhicitta completely free from obscurations.\n1. Bodhicitta like a flowing river (see {chu bo'i rgyun lta bu'i sems bskyed})\n2. Cloud-like Bodhicitta (see {sprin lta bu'i sems bskyed}).
སྒྲིབ་པ་བཞི			The four types of obscurations. A. {lam gyi dgag bya sgrib pa bzhi/} The\nfour obscurations of the paths:\n1. {'dod chen gyi sgrib pa/} obscurations of the desirous ones\n2. {mu stegs pa'i sgrib pa/} obscurations of the hedonists ([tīrthikas])\n3. {nyan thos kyi dman sgrib/} obscurations of the h...
སྒྲིབ་པ་གསུམ			The three obscurations. A. 1-2. (see {sgrib pa gnyis})\n3. {las kyi sgrib pa/} [karmakāvaraṇa]/ karmic obscuration. B.\n1. {chags pa'i sgrib pa/} [sarāgāvaraṇa]/ obscuration to attachment\n2. {thogs pa'i sgrib pa/} [sapratigāvaraṇa]/ impeding obscuration\n3. {dman pa'i sgrib pa/} [hīnāvaraṇa]/ ob...
སྒྲིབ་བྱེད་ཀྱི་དྲི་མ་དགུ			The nine obstructing stains. 1-3. {dug gsum gyi bag la nyal ba gsum/} the three poisonous delusions in their latent state\n4. {de dag gi kun nas} {ldang ba drug} the six secondary delusions (see {rtsa nyon drug}) arising from the three root delusions\n5. {ma rig bag chags kyi sa/} the instinctive...
སྒྲུབ་བརྒྱུད			The practice lineage. The lineage of reclusive lamas and their disciples who mainly do intensive meditation in isolated places and seldom give public teachings or compose texts.
སྒྲུབ་འཇུག			ffirming perception; assertive perception. All direct perceptions affirming their objects of knowledge as they are as a whole without being specific with respect to different aspects of their object, e.g. the direct perception with regard to a vase.
སྒྲུབ་ཐབས			[sādhana]/ The method of accomplishment ([sādhana]). The text of practice aimed at the actualization of reality through meditation. It involves an entire system of visualization, recitation, rituals and meditation concerning a deity or the cycle of deities.
སྒྲུབ་ལྡོག་རིགས་གཅིག་པ			Things of the same production and reverse identity. For instance, the idea or thought that the sound of a bell and flute are same with respect to their being produced from solid things.
སྒྲུབ་པ			A. Positive phenomenon. A phenomenon that can be understood without having to understand what is opposite to it or, in general, without recourse to conception, e.g. a vase. B. Practice; accomplishment; achievement; attainment; realization.
སྒྲུབ་པ་བཀའ་བརྒྱད			The eight Kagyad deities. The eight deities of the Nyingma tradition primarily of the generation stage practice of tantra. These are:\n1. {'jam dpal sku/} 'jam-dpal sku\n2. {pad+ma gsung /} pad-ma gsung\n3. {yang dag thugs/} yang-dag thugs\n4. {bdud rtsi yon tan/} bdud-rtsi yon-tan\n5. {phur pa p...
སྒྲུབ་པ་སྒོམ་ལམ་ལྔ			The five paths of meditation of achievement, with respect to its:\n1. {sgom lam gyi ngo bo/} nature2.{'bras bu'i khyad par/} fruits\n3. {byed las kyi khyad par/} function\n4. {gnas skabs kyi khyad par/} temporary features\n5. {mthar thug gi khyad par/} ultimate features.
སྒྲུབ་པའི་ཆེད་དུ་བྱ་བ་གསུམ			The three great accomplishments; the three great objectives of a Bodhisattvi\n1. {sems dpa' chen bo/} [mahāsattva]/ great being\n2. {spong ba chen po/} [mahāprāhaṇa]/ great abandonment\n3. {rtogs pa chen bo/} [mahādhigama]/ great insight.
སྒྲུབ་པའི་མཆོད་པ			The offering of practice. The practice of offering one's own Dharma practices and collection of virtues as an object of offering. The best offering one can make to those worthy of making offerings.
སྒྲུབ་པའི་སྤྱོད་པ			@ibe activity of practice. One of the four ways of utilizing realizations (see {spyod pa'i sgo bzhi}) according to action tantra in which one transforms articles of offering, body and resources into gods of desire realms and Vidyadharas or [ḍākinīs] of the same rank.
སྒྲུབ་པའི་མཎཌལ			The symbolic [maṇḍala]. A [maṇḍala] arranged on an altar made of gold or metal bases or otherwise upon which the fivefold heaps of precious stones or grains are created and visualized as the five Buddha families. Such a [maṇḍala] primarily syrabolizes the deities as objects of worship.
སྒྲུབ་པའི་དམིགས་པ་བཅུ་གཅིག			The eleven objects of accomplishment; the eleven objects of the Bodhisattva paths.\n1. {blang bya dge ba/} virtuous objects to be cultivated\n2. {dol bya mi dge ba/} non-virtuous objects to be abandoned\n3. {lung ma bstan/} unspecified objects which are neither\n4. {'jig rten pa/} worldly objects...
སྒྲོ་བཏགས			[samāropa]/ Overestimation; exaggeration; superimposition; hypostatization. Exaggerating the meaning or significance of the mode of abidance of a phenomenon without any basis; taking something as existing in a certain way when it does not actually exist in that way.
སྒྲོན་མ་བཞི			The four types of lamps. The paths that allow direct perception of the eniightened body of the inseparable reality and awareness at the actual stage of {rdzogs chen} meditation following the leap-over system (thod-rgal). These are:\n1. {rgyang zhags chu yi sgron ma/} the distant water lamp\n2. {r...
བརྒྱད་གཏོར			The Torma ritual of the eigth. A religious ceremony of the four-faced [mahākāla] held on the 8th of the 3rd Tibetan month. The ceremony involves offering of sacrificial cakes through invocation rites and rituals to [mahākāla] and all other dharma protectors.
བརྒྱུད་པ་དྲུག			The six lineages or transmissions. The six lineages of transmissions according to the Oral (bka'-ma) and Treasure (gter-ma) lineages in Nyingma tradition. These are:\n1. {rgyal ba dgongs pa'i brgyud pa/} Buddhals intention lineage\n2. {rig 'dzin brda'i } {brgyud pa/} [vidyādhāra]'s symbolic linea...
བརྒྱུད་པ་རྣམ་པ་ལྔ			The five types of lineages. The five lineages of Buddhism according to the way it spread in India.\n1. {'dul ba'i brgyud pa/} the vinaya lineage\n2. {gsang sngags kyi brgyud pa/} the secret mantra lineage\n3. {rgya chen spyod brgyud/} the extensive Dractice lineage\n4. {zab mo lta brgyud/} the pr...
བརྒྱུད་པ་གསུམ			The three types of lineages. A. According to the graded path teaching tradition of [sūtra]yani these are:\n1. {zab mo lta brgyud/} the profound view lineage\n2. {rgya chen spyod brgyud/} the extensive practice lineage\n3. {nyams len byin rlabs kyi brgyud/} the blessed practice lineage. B. Accordi...
བསྒྱུར་བ་ལྡེམ་པོར་དགོངས་པ			Interpretive [sūtras] for the purpose of encouragement. For instance, the [sūtra]s in which Buddha taught those of weak aptitude that, 'enlightenment can be achieved through striving hard in the accumulation of two types of merits'.
བསྒྲལ་བའི་ཞིང་བཅུ			The ten heinous crimes. An enemy of the Buddha Dharma who has committed ten serious non-virtues and is therefore an object to be captured and killed.\n1. {sangs rgyas bstan pa shig pa/} destroying the Buddha's teaching\n2. {dkon mchog dbu 'phang smad pa/} disparaging the three jewels of refuge\n3...
བསྒྲིབས་ལུང་མ་བསྟན			The obscured unspecified phenomena. The delusive unspecified phenomena. The delusions within the form and formless realms that are obstructions to attaining [ārya] paths, and hence hinder actualization of uncontaminated paths, and are not non-virtues because these do not give rise to suffering or...
བསྒྲུབ་མཆོད			Accomplishment ceremony. A grand tantric ceremony involving the creation of a [maṇḍala], offering of services, and performance of the ritual and rites of generating oneself into a deity, generating the deity in front and into the vase, etc.
བསྒྲུབ་བྱ			[sādhya]/ The thesis; that which is to be established. The subject and the predicate in a correct logical syllogism taken together as that which is to be proved.
བསྒྲུབ་བྱའི་ཆོས			[sādhyadharma]/ Predicate. That which is to be proved in relation to the subject in a given logical syllogism, e.g. 'impermanence' as the predicate when the given syllogism is, 'Take sound, it is impermanent because it is a functional thing'.
ང			I; self; me. Mahayatia philosophical systems do not assert the existence of an independent, self-existent, unchanging self, because if such a self were to exist, a person would be unchanging and would be unable to purify himself of fettering passions etc, and attain Buddhahood. What is accepted i...
ང་རྒྱལ་བདུན			[sapta māna]/ The seven kinds of pride; the seven prides.\n1. {nga rgyal/} [māna]/ pride, a feeling of arrogance or superiority; one of the six root delusions (see {rtsa nyon drug}).\n2. {che ba'i nga rgyal/} [mahāmāna]/ exalted pride, the feeling of superiority amongst the equals.\n3. {nga rgyal...
ང་རྒྱལ་དང་གསལ་སྣང			The divine pride and vision. A basic requirement of tantric practices in which one tries to counteract one's ordinariness by generating divine pride of being the deity of the respective practice, and visualizing both oneself and the surroundings as the celestial mansion or abode.
ང་ཙམ			The mere 'I'; the conventionally existent 'I' representing the person at a relative level.
ངག་གི་གནས་བརྒྱད			The eight sound sources.\n1. {kho ga pa/} uvular\n2. {mgrin pa/} guttural\n3. {rkan/} palatal\n4. {lce} tongue\n5. {sna/} nasal\n6. {so/} dental 7 {spyi bo/} alveolar\n8. {mchu/} labial.
ངན་འགྲོའི་སྡུག་བསྔལ			[durgati dukha]/ The sufferings of the unfortunate beings. The miseries and suffering encountered by the three types of beings in the lower realms. The suffering from heat and cold for hell beings, the suffering of hunger and thirst for hungry ghosts, and the suffering of becoming a beast of burd...
ངན་སྔགས			Black magic. The art of casting spells and curses on others.
ངན་སོང་གི་གན་ས་བཅུ			The ten states of bad rebirth. 1-8. states of the eight hot and cold hells (see {tsha dmyal brgyad and grang dmyal brgad})\n9. {yi dwags/} hungry ghost state\n10. {dud 'gro} animalstate.
ངར་འཛིན			[ahaṁkāra]/ Ego-grasping; self-grasping; self-preoccupation. The concept of taking the mere 'I' upon oneself as the truly existent 'I' or 'self.
ངལ་ཞིང་དུབ་པའི་མཐའ			The extreme of ascetic practice; the extreme practice of self-mortification by depriving the body of the means of living. One of the extremes of living to be avoided by monks.
ངལ་གསོ་སྐོར་གསུམ			The three cycles of relaxation. The three famous texts of practice composed by Longchen Rabjampa, a Nyingma master of the fourteenth century.\n1. {sems nyid ngal gso/} Relaxation of the Suchness of Mind, relaxation through meditation on the suchness of mind\n2. {sgyu ma ngal gso/} Relaxation ofth...
ངེས་དོན་གྱི་རྡོར་དྲིལ			The definitive vajra and bell. The bliss and void.
ངེས་དོན་གྱི་ཨ་ཐུང			The subtle life-sustaining energy wind (srog-'dzin phra-ba).
དེས་དོན་གྱི་དབང་པོ་གསུམ			The three indispensable faculties; the three necessary faculties.\n1. {srog gi dbang po/} faculty of life-force\n2. {yid kyi dbang po/} faculty of mind\n3. {btang snyoms kyi dbang po/} faculty of indifferent feeling.
ངེས་པ་ལྔ			The five certainties; the five definite features ofa Sambhogakaya Buddhi\n1. {gnas nges pa/} certainty of place; that they always reside in the richiy adorned Buddha-field called 'Heaven-below-non'\n2. {sku nges pa/} certainty of body; they are always adorned with thirty-two major and eighty mino...
ངེས་པར་རྒྱུ་བ			[niṡcāravāyu]/ The definitely running wind energy. The wind energy for the cognitive faculty of touch. One of the five secondary energy winds (see {yan lag gi rlung lnga}).
ངེས་འབྱུང			[niryāṇa]/ Renunciation; wish to be liberated. A thought of definite release from cyclic existence wishing freedom from the cycle of unending sufferings within sanisara. A prime necessity for carrying out a pure Dharma practice.
ངེས་འབྱུང་པ་བརྒྱད			The definitely occuring achievement The path existing at the last three pure levels of the Bodhisattva grounds.
ངེས་འབྱུང་སྒྲུབ་པ་བརྒྱད			The eight definitely occuring achievements; definitely occuring achievement to:\n1. {ched du bya ba gsum du nges par 'byung ba/} the three great objectives\n2. {mnyam pa nyid du nges par 'byung ba/} the sameness'es\n3. {sems can thams cad kyi don du nges par 'byung ba/} attain the purpose of all ...
ངེས་འབྱུང་སྤུ་སུད			Fictitious renunciation. Temporarily produced sense of renouncing worldly life that does not last.
ངེས་འབྱེད་ཆ་མཐུན་བཞི			[catvāri nirvedhabhāgīya]/ The four levels of the path of preparation.\n1. {drod/} [uṣman]/ heat level\n2. {rtse mo/} [mūrdha]/ peak level\n3. {bzod pa/} [kṣānti]/ patience\n4. {chos mchog} [lankikāgradharma]/supreme Dharma.
ངེས་འབྱེད་ཡན་ལག			[nirvedhāṅga]/ Level of the path of preparation. One of the seventy topics of the perfection of wisdom training; the path of preparation at the level of aspirational Bodhicitta.
ངེས་ལེགས་ཀྱི་རྒྱུ			[niḥṡreyasa hetu]/ The cause of definite goodness. The wisdom paths: primarily the wisdom understanding selflessness as cause for attainment of either liberation or full enlightenment.
ངོ་བོ་ཉིད			[svabhāva]/ A. The natural feature; natural identity. B. The mode of abidance of phenomena.
ངོ་བོ་ཉིད་ཀྱི་དགེ་བ			The natural virtue. The eleven virtuous secondary mental factors (see {dge ba bcu gcig}).
ངོ་བོ་ཉིད་ཀྱི་མི་དགེ་བ			The natural non-virtue. The six root delusions (see {rtsa nyon drug}) and the near delusions (see {nye nyon nyi shu}) that are mental factors responsible for producing all negative behaviours.
ངོ་བོ་ཉིད་ཀྱི་ལུང་མ་བསྟན			[svabhāvatāvyākṛta]/ The natural unspecified phenomena. Those classes of phenomena that are neither virtuous nor non-virtuous by their nature. For instance, the elements, aggregates and sources of perception.
ངོ་བོ་ཉིད་སྐུ་གཉིས			[svabhāvakāya]/ The two types of nature truth body. The two bodies of a Buddha being totally pure of two stains:\n1. {rang bzhi rnam dag gi ngo bo nyid sku/} the natural truth body\n2. {glo bur rnam dag gi ngo bo nyid sku/} the truth body free of adventitious defilements. In other words, these ar...
ངོ་བོ་ཉིད་སྐུའི་མཚན་ཉིད་ལྔ			The five features of a nature truth body. These are:\n1. {'dus ma byas pa/} non-compositional\n2. {dbyer med pa/} inseparable\n3. {mtha' gnyis spang pa/} free of two extremes\n4. {sgrib pa gsum las grol ba/} free of three obscurations\n5. {rang bzhin gyis 'od gsa' ba/} luminous by nature.
ངོ་བོ་ཉིད་སྐུའ་ཡོན་ཏན་ལྔ			The five qualities of nature truth body. These are:\n1. {gzhal du med pa/} incognizable\n2. {grangs med pa/} infinite\n3. {bsam du med pa/} inconceivable\n4. {mnyam pa med pa/} incomparable\n5. {dri mas dag pa/} pure of stains.
ངོ་བོ་ཉིད་སྟོང་པ་ཉིད			[svabhāva s'ūnyatā]/ The emptiness of own nature. The lack of inherent identity of the reality of form and sound etc.
ངོ་བོ་ཉིད་མེད་པ་གསུམ			The three identityless phenomena; the three identilylessnesses.\n1. {mtshan nyid ngo bo nyid med pa/} [lakṣaṇa niḥsvabhāvatā]/ identitylessness of characteristics\n2. {skye ba ngo bo } {nyid med pa/} [utpatti niḥsvabhāvatā]/ identitylessness of production\n3. {don dam pa ngo bo nyid med pa/} [par...
ངོ་བོ་ཉིད་གསུམ			The three natural existents.\n1. {kun tu brtags pa'i ngo bo nyid/}\n[parikalpita svabhāva]// imputed phenomena\n2. {gzhan gyi dbang gi ngo bo nyid/} [paratantra svabhāva]/ dependent phenomena\n3. {yongs su grub pa'i ngo bo nyid/} [pariniṣpanna svabhāva]/ thoroughly established phenomena; ultimate...
ངོ་མཚར་ལྔ་ལྡན་འཛམ་གླིང་གི་ནོར་འཛིན			The five-fold marvels of this world's treasure holders. These are the five supreme worlds of this continent:\n1. {dbus su rgya gar rdo rje gdan shAkya thub pa'i zhing /} Bodhgaya of India in the centre, the land of Buddha [ṡākyamuni]\n2. {shar du rgya nag ri bo rtse lnga 'jam dpa' dbyangs kyi zhi...
དངོས་ཀྱི་ཉེར་ལིན			The real fundamental cause. That cause which is responsible for producing its own substantial continuity as its result. For instance, a log of wood becomes the fundamental cause for producing coals from its burning.
དངོས་གྲུབ་བརྒྱད			The eight spiritual feats; the eight types of higher attainments.\n1. {ral gri/} invisibily from a sword\n2. {ril bu/} pills\n3. {mig sman/} eye-lotion\n4. {rkang mgyogs/} swift footedness\n5. {bcud len/} elixir/extracting the essence\n6. {mkha' spyod/} walking in space\n7. {mi snang ba/} invisib...
དངོས་གྲུབ་གཉིས			Two types of attainments; two actual attainments.\n1. {mchog gi dngos grub/} supreme higher attainments\n2. {thun mong gi dngos } {grub/} common higher attainments.
དངོས་འགལ་གཉིས			Two types of direct contradictions.\n1. {phan tshun spangs 'gal/} direct contradiction cancelling each other, e.g. is and is not\n2. {lhan cig mi gnas 'gal/} contradiction not abiding simultaneously, e.g. hot and cold.
དངོས་རྒྱུ			[sājñātkāraṇa]/ Direct cause; actual cause. A cause which generates its result directly, i.e. in the immediate next moment, e.g. fire as the cause of smoke.
དངོས་སྟོབས་རྗེས་དཔག			[vastubalānumāna]/ Inferential cognition based en evidence.
དངོས་པོ			[vastu]/Thing; impermanence; functional phenomenon.
དངོས་པོ་བརྒྱད			[aṣṭa padārtha]/ The eight topics of the Ornament of Clear Realization ([abhisamayālaṃkāra]).\n1. {rnam mkhyen/} [sarvajñāna]/ the omniscient mind\n2. {lam shes/} [mārgajñāna]/ the knowledge of the paths\n3. {gzhi shes/} [vastujñāna]/ the knowledge of the basis\n4. {rnam rdzogs sbyor pa/} [sarvāk...
དངོས་པོ་སྟོང་པ་ཉིད			[bhāva ṡūnyatā]/ The emptiness of things; the emptiness of the five aggregates. One of the four summarising types of emptiness added to the sixteen to make up twenty types of emptiness (see {stong pa nyid nyi shu}).
དངོས་པོ་མེད་པ་སྟོང་པ་ཉིད			[abhāva ṡūnyata]/ The emptiness of non-things; the emptiness of impermanent phenomena, e.g. emptiness of nirvana. One of the eighteen emptinesses.
དངོས་པོ་མེད་པའི་ངོ་བོ་ཉིད་སྟོང་པ་ཉིད			[abhāva svabhāva ṡūnyata]/ The emptiness of reality of that which lacks true existence. One of the sixteen emptinesses.
དངོས་མིང			[mūla nāma]/ A real name. Any term or name initially given by an arbitrary designator to denominate a thing unmistakenly, e.g. the terṁvase'.
དངོས་པོ་ཡོད་པར་སྨྲ་བ			Proponents of true existence. School of Buddhist and non-Buddhist philosophy asserting the truly existent nature of phenomena.
དངོས་པོའི་མཐའ་ལ་དམིགས་པ			The object of the extreme of existence. One of the four objects of pervasion (see {khyab pa'i dmigs pa bzhi}). The assertion or acceptance of a limit of existence either of conventional reality or ultimate reality. For instance, the statement that ali phenomena are included in the four noble trut...
དངོས་མེད་ངོ་བོ་ཉིད་ཀྱི་མཐར་གྱིས་སྦྱོར་བ			[abhāva svabhāva pūrva prayoga]/ The serial training in the entitylessness of phenomena. The Bodhisattva path from the [mahāyāna] path of accumulation upto the moment preceding the last instant of the path of meditation.
མངལ་སྐེས་ཁམས་དྲུག			The six constituents of a womb-born human of this world.\n1. {rus pa/} [asṭhi]/ bone 2 {rkang /} [majjā]// marrow and\n3. {khu ba/} [] ṡukra]/ regenerative fluid obtained from father\n4. {sha} [māṁsa]/ flesh\n5. {lpags pa/} [tvak]/skin\n6. {khrag} [rudhira]/blood obtained from mother. According t...
མངལ་གྱི་གནས་སྐབས་ལྔ			The five stages of growth in the womb; the five stages of foetal development in the womb.\n1. {mer mer po/} the oral-shaped foetus\n2. {ltar ltar po/} the viscous foetus\n3. {gor gor po/} the soft fleshy foetus\n4. {'khrang 'gyur/} the hard fleshy foetus\n5. {'bur po lnga /} the five protuberance...
མངོན་འགྱུར			[pratyakṣa]/ Manifest phenomena. Obvious phenomena that can be cognized directly by sensory perception.
མངོན་འགྱུར་བཅུ			The ten factors. The ten directly present factors for conducting a ceremony of full ordination.\n1. {ston pa mngon 'byur}l accepting the teacher\n2. {sangs rgyas mngon 'byur/} accepting the Buddha\n3. {chos mngon 'gyur/} accepting the Dharma\n4. {mkhan po mngon 'gyur/} accepting the abbot\n5. {sl...
མངོན་མཐོ			Higher status; superior rebirth. The attainment of a more fortunate rebirth such as a fully endowed human being's or a god's. One of the two basic human alms for making progress on the spiritual paths to Buddhahood.
མངོན་འདོད་ཀྱི་དད་པ			Longing faith. Aspirational faith longing to attain one's desired spiritual goal.
མངོན་པ་གཉིས			A. The two abhidharmas:\n1. {don dam pa'i chos mngon pa} [paramārtha abhidharma]/ the ultimate abhidharma, e.g. the uncontaminated wisdom understanding emptiness\n2. {brdar btags pa'i chos mngon pa/} [saṁketikābhidharma]/ the nominal abhidharma, e.g. the contaminated wisdom understanding emptines...
མངོན་པ་སྡེ་བདུན			The seven treatises on phenomenology. The seven principal treatises of the [mūlasarvāsti-vādin] school of philosophy. These are:\n1. {kah+ya'i bus mdzad pa'i ye shes la 'jug pa/} Entering the Wisdom by Katyayana\n2. {dbyig gnyen gyis mdzad pa'i rab tu byed pa/} Thorough Discernment by Vasumitra\n...
མངོན་པའི་སྡེ་སྣོད			[abhidharma piṭaka]/ The basket of teaching on knowledge ([abhidharmapiṭaka]). That category of Buddha's teachings which reveals malnly the instruction on higher training of wisdom.
མངོན་པར་འགྲུབ་པའི་སྲིད་པ			Formative existence. An epithet of the intermediate state of rebirth.
མངོན་པརཤེས་པ་དྲུག			[Ṣaḍ abhijñā]/ The six extra-sensory perceptions; the six clairvoyances; the six extraordinary knowledges.\n1. {rdzu 'phrul gyi mngon shes/} [ṛddhi vidhi jñāna]/ knowledge of miracles\n2. {lha'i mig gi mngon shes/} [divyaṁ cakṣu]/ knowledge of the divine eye\n3. {lha'i rna ba'i mngon shes/} [divy...
མངོན་བྱང་གི་གསུང			The teachings through enlightened energy or blessings. One of the five teachings (see {gsung lnga}) of a Buddha. According to the Nyingma tradition this refers to the simultaneous and natural establishment of all sounds within their source of\nreality that knows no cessation, also called the bles...
མངོན་བྱང་ལྔ			A. The five modes of enlightenment; a generation stage practice of visualizing a deity.\n1. {zla ba las byang chub pa/} enlightenment from moon\n2. {nyi ma las byang chub pa/} enlightenment from sun\n3. {sa bon las byang chub pa/} enlightenment from the seed syllable\n4. {phyag mtshan las byang c...
མངོན་སུམ་བཞི			The four direct perceptions.\n1. [indriya pratyakṣa]/ sensory direct perception\n2. [citta pratyakṣa]// mental direct perception\n3. [svasaṁveda pratyakṣa]/ direct perception of self-awareness yogi pratyaksa// yogic direct perception.
མངོན་སུམ་འཁྲུལ་རྒྱུ་ཅན			[pratyakṣa bhrānta hetu]/ Deceptive direct perception. A direct perception that is affected by a deceptive cause.
མངོན་སུམ་བཅད་ཤེས			[paricchinna pratyakṣa]/ Subsequent direct perception. A direct perception following the original or the first instance of direct cognition.
མངོན་སུམ་ལྟར་སྣང			[pratyakṣābhāsa]/ Apparent direct perceptions. A direct perception that is mistaken with respect to its appearing object (snang-yul), e.g. the inferential understanding cognizing sound as impermanent.
མངོན་སུམ་ལྟར་སྣང་བདུན			Seven apparent direct perceptions.\n1. {'phrul ba'i rtog pa/} the distorted thought\n2. {kun rdzob pa'i rtog pa/} the conventional thought\n3. {rjes dpag gi rtog pa/} the inferential thought\n4. {rjes dpag las byung ba'i rtog pa/} the thought resulting from inferential cognition\n5. {dran pa'i rt...
མངོན་སུམ་ལྟར་སྣང་རབ་རིབ་ཅན			[talinira pratyakṣābhāsa]/Blurred apparent direct perception.
མངོན་སུམ་ཡིད་མ་གཏད			Absent-minded direct perception; inattentive direct perception.
ལྔ་བརྒྱ་ཕྲག་བཅུ			The ten phases of five hundred years each. This refers to five thousand years being the life span of Buddha ṡakyamuni's teachings divided into ten phases of five hundred years each. These are:\n1. {dgra bcom pa dang /} the Arhat period\n2. {phyir mi 'ong ba/} the period of the Never-returner\n3. ...
ལྔ་ལྡན་གྱི་ཁྲིད			The five-fold transmission on [mahāmudrā]. A lineage of transmission of the Mahāmudrā practice for beginners, as formulated by the great Kagyud master Drigung Kyopa Jigten Gonpo (1143-1217).\n1. {byang chub kyi sems sgom pa/} meditation on bodhicitta\n2. {rang lus lhar sgom pa/} meditation on one...
སྔ་དར			The Early Spread; the Early Propagation. The early spread of Buddhism in Tibet beginning from 7th century and its propagation during the reign of the three religious kings of Tibet until the eclipse of Buddha's teaching during the reign of King Lang Darma.
སྔགས			Mantra; words of power; incantation; mind-protector. Formulae of words chanted as powers; very often this word 'sngags' is used as a synonym for tantra.
སྔགས་ཀྱི་ཆེ་བ་བཞི			The four distinguishing features of Tantra.\n1. {ma rmongs pa'i khyad par/} clear and unconfusing\n2. {thabs mang ba'i khyad par/} manifold methods\n3. {dka' ba med pa'i khyad par/} easier to practice\n4. {dbang po rno ba'i khyad par/} requires sharp intellect.
སྔགས་ཀྱི་ཐེག་པ			[mantrayāna]/ The [mantrayāna]. The secret mantra vehicle meant for persons of highly sharp faculty who aspire to taking the results as a path and simultancous actualization of both the causes and results of one's practice.
སྔགས་ཀྱི་གནས་སྐབས་བཞི			The four states of tantric experience.\n1. {gnyid sad pa'i gnas skabs/} awaking state\n2. {rmi lam gyi gnas skabs/} dream state\n3. {gnyid mthug gi gnas skabs/} state of deep sleep\n4. {bzhi pa'i gnas skabs/} the fourth state (old-aged stage).
སྔགས་སྡེ་གསུམ			The three classes of mantra, three types of mantra incantation:\n1. {gsang sngags/} secret mantra symbolizing the union of both method and wisdom paths\n2. {rig sngags/} wisdom mantra symbolizing the method aspect of the paths\n3.\n{gzungs sngags/} retention ([dhāraṇi]) mantra symbolizing the wis...
སྔགས་སྡོམ			[mantra saṁvara]/ The tantric vows (see {rta ltung bco bar+yag and nyes byed zhi cu zhe drug}).
སྔགས་ཕྱོགས་ཀྱི་ཡན་ལག་བདུན			The seven limb practices of the tantric tradition.\n1. {phyag 'tshal ba/} prostration\n2. {mchod pa/} offering\n3. {bshags pa/} confession\n4. {rjes su yi rang /} rejoicing\n5. {skyabs su 'gro ba/} taking refuge\n6. {byang chub mchog tu sems bskyed pa/} generation of the mind of enlightenment\n7....
སྔགས་རམས་པ			Tantric graduate. A geshe who has also earned a tantric degree from any of the two tantric colleges in the Gelug system of monastic education.
སྔོན་དུས་ཀྱི་སྲིད་པ			[pūrvanivāsa]/ The prior existence. The period of existence between the second moment of connecting to one's new life in the womb and death.
བསྔོ་བ་སྒོམ་ལམ			[pariṇāma bhāvanā mārga]/ The path of meditation on dedication. The [mahāyāna] path of meditation which transforms 'root of virtues' of self and others for the attainment of complete enlightenment.
བསྔོ་བ་སྒོམ་ལམ་བཅུ་གཉིས			The twelve paths of meditation on dedication.\n1. {dge ba'i rtsa ba yongs su bsngo ba'i bsngo ba/} thorough dedication of the roots of virtue\n2. {dmigs med rnam pa can gyi bsngo ba/} dedication free from the apprehension of a truly existent nature\n3. {phyin ci ma } {log pa'i mtshan nyid can gyi...
ཅང་ཏེའུ			Hand drum. A small drum usually identified with the ones held in the hands of a god or goddess as their implement.
ཅི་ཡང་མེད་པའི་སྐེ་མཆེད			[ākiṁcanyāyatana]/ The domain of nothingness. One of the four means of emanation within the formless realm; the domain of concentration within the formless realm where a person remains fixed to the idea that there exists nothing other than consciousness because of not seeing anything, and thus re...
ཅུང་ཟད་ལྐོག་གྱུར			Slightly hidden phenomena, slightly obscure phenomena, e.g. impermanence.
ཅོ་འདྲི་བ			[viḍambanā]/ To blame; reproach; scoff at. Also refers to a sense of competetiveness.
གཅིག་དུ་བྲལ			Neither being one nor many. A logical way of analyzing the mode of existence of phenomena that cannot be beyond being one or many.
གཅིར་བུ་བ			[digambara]/ Jain; Lit: the Naked Ones. Proponents of non-Buddhist tenets who assert that all objects of knowledge are included in nine categories:\n1. {srog} [prāṇa]/ life-force\n2. {zag pa/} [āstrava]/ contamination\n3. {sdom pa/} [saṁvara]/ vows\n4. {nges par rga ba/} [avaṡyajara]/ old-agednes...
གཅོད			Cutting-off ritual. The practice primarily common to the {zhi byed} tradition of Tibetan Buddhism formed by Phadampa Sangye. The term is derived from the nature of the instructions on which this practice is based; that love, compassion and bodhicitta sever selfishness; the view of emptiness sever...
གཅོད་ལུགས་ཀྱི་བདུད་བཞི			The four demonic forces of the cutting-off ritual.\n1. {thogs bcas/} obstructive forces\n2. {thogs med/} non-obstructive forces\n3. {dga' sprod/} joyous forces\n4. {snyems byed/} haughty forces.
བཅད་ཤེས			Subsequent cognition; re-cognition. An awareness which is not a new correct perception or conception, but apprehends what has already been apprehended in its stream of cognition, e.g. the second moment of visual perception of a vase.
བཅས་པའི་ཁ་ན་མ་ཐོ་བ			[pratikṣepana sāvadya]/ Proscribed non-virtue; declared misdeed; misdeed by decree. For instance, actions such as eating after noon, drinking intoxicants, etc., that are declared to be non-virtuous for monks and nuns by Buddha, although these do not constitute non-virtue by nature.
བཅས་རང་གི་ཉེས་པ			The misdeed by nature and proscription (see {bcas pa'i kha na ma tho ba and rang bzhin gyi kha na ma tho ba}).
བཅུད་ལེན			[rasāyana]/ The art of elixir, extracting the essence. An austure practice by which a practitioner temporarily avoids eating gross food and sustains himself by regularly consuming consecrated pills and engaging in meditation.
བཅོ་ལྔ་མཆོད་པ			The prayer festival on the 15th. The celebration of Buddha's defeat of the six non-Buddhist teachers (see {mu stegs kyi ston pa drug}) on the 15th of the first Tibetan month. Tsong Khapa marked this event as the Great Prayer Festival.
བཅོམ་ལྡན་འདས			[bhagavat]/ The Victorious Conqueror, Supramundane Victor; Buddhas.\n{bcos ma/}\n[kṛtrima]/ Artificial; contrived. A temporary artificial state of mind generated or created within an enthusiastic virtuous state of mind.
བཅོས་མིན་སྙིང་རྗེ			[akṛtrima karuṇā]// Natural compassion; uncontrived compassion; spontaneous compassion.
ལྕགས་མཁར			A. Iron house or fort. B. A wrathful tantric propitiation ritual of throwing sacrificial cake with nine or sixteen edges invoking [yamarāja Chagkhar].
ཆ་ཅན་ཆ་མེད			Part and partless; divisible and indivisible.
ཆ་མཉམ་པའི་ཐེ་ཚོམ			[saṁbhāgiya vicikitsā]// Evenly balanced doubt. An indecisive wavering evenly balanced between correct and incorrect conclusions; one of the three types of doubt (see {the tsom gsum}).
ཆ་དང་ཆ་ཅན			Parts and that consisting of parts; palr and one of the pairs.
ཆགས་པའིབསྐལ་པ			Aeon of formation. The twenty intermediate aeons covering the period of time since the formation of the outer world until the birth of one inhabitant in the realm of the hell
ཆགས་བྲལ་ལྔ			The five types of freedom from attachment. The five different aspects of being free of attachment.\n1. {phyogs gcig la chags bral ba/} freedom from being attached to one aspect\n2. {mtha' dag la chags bral ba/} freedom from being attached to all\n3. {rtogs pa'i chags bral ba/} freedom from being ...
ཆང་བུ			A leftover portion of food, squeezed between the fingers and offered to hungry ghosts; an after-meal rule of giving the remainders to spirits that Buddha has prescribed for monks and nuns.
ཆད་ལྟ			[uccheda dṛṣṭi]/ View of nihilism; nihilism. For instance, asserting the non-existence of the cause and effect, former and future lives, severence or exhanstion of existence at death, etc.
ཆད་སྟོང			[ucchedaṡūnyatā]/ Nihilistic emptiness. The emptiness upon realization of which rejects the existence of its base.
ཆད་མཐའ			[ucchedāntā]/ The extreme of nihilism. A kind of belief that something validiy exitent is non-existent.
ཆུ་བོ་བཞི			A. The four torrents.\n1. {srid pa'i chu bo/} [saṁsāra]/ torrent of cyclic existence\n2. {sred pa'i chu bo/} [tṛṣ]/ torrent of craving\n3. {ma rid pa'i chu bo/} [avidvā]/ torrent of ignorance\n4. {lta ba'i chu bo/} [dṛṣṭi]// torrent of wrong view.\nB. The four big rivers.\n1. {gang+gA /} Ganges\n...
ཆུ་བོའི་རྒྱུན་ལྟ་བུའི་སེམས་བསྐྱེད			Bodhimind like a flowing river. The mind of enlightenment primarily in accord with the path within the mental continuum of a Buddha in his physical form.
ཆུ་དབང་ལྔ			The five types of water initiations.\n1. {dkyil 'khor gyi phyi'i 'jug sgo'i bum pa/} vase initiation concerning the rites outside the maṇḍala\n2. {dkyi la 'khor gnyis par lha thams cad kyi bum pa/} vase initiation of ali the concerned deities within the maṇḍala\n3. {gsum par nyan rang gi bum pa/}...
ཆུ་ཡན་ལག་བརྒྱད་ལྡན			Eight qualities of good water; a water possessing the eight sublime qualities.\n1. {bsil ba/} [] ṡīta]/ cool\n2. {yang ba/} [lagu]/ light// refreshing\n3. {zhim pa/} [svāduka]/ sweet/ tasty\n4. {'jam pa/} [komala]/ smooth\n5. {dwangs pa/} [prasanna]/ clear\n6. {dri nga ba med pa/} [nirāmagandha]/...
ཆུ་རིགས་བདུན			Seven types of water resources.\n1. {char chu/} rain water\n2. {gangs chu/} snow water\n3. {chu klung gi chu/} river water 4 {chu mig gi chu/} pond water\n5. {khron pa'i chu/} well water\n6. {ba tshwa can gyi chu/} salty water\n7. {shing gi rtsa chu/} water from the roots of trees.
ཆེ་བའི་ང་རྒྱལ			[mahāmāna]/ Pride of superiority. The feeling that one, in general, is equal to all, in general, yet, is superior in one particular respect.
ཆེ་བའི་ཡོན་ཏན་བདུན			The seven qualities of greatness; the seven superior features.\n1. {rigs bzang ba/} good family\n2. {gzugs bzang ba/} good physical features\n3. {gnyen 'khor g.yog 'dzoms pa/} big circle of kith and kin or attendants\n4. {'byor pa che ba/} wealthy\n5. {dbang thang che ba/} powerful\n6. {shes rab ...
ཆེད་དུ་བརྗོད་པའི་སྡེ			[udānavarga]/ Impersonal utterances of Buddha's teachings; the class of impersonal teachings. Those categories of Buddha's teachings uttered not for specific disciples but in , general without being requested for the purpose of flourishing of the Buddha Dharma.
ཆེན་པོ་ལྔ			The five greatnesses; the five great qualities of space.\n1. {gzugs med pa/} formless\n2. {thogs pa med pa/} unobstructive\n3. {rtag pa/} permanent\n4. {mi 'gyur ba/} unchangeable\n5. {mi 'pho ba/} untransforming.
ཆེན་པོ་སྟོང་པ་ཉིད			[mahā ṡūnyatā]/ The great emptiness; the emptiness of that which is great. Lack of true and independent existence of the ten directions. One of the sixteen emptinesses.
ཆེན་པོ་བདུན			The seven greatnesses; the seven features of a true Mahāyānist.\n1. {dmigs pa chen po/} great objective\n2. {sgrub pa chen po/} great practice\n3. {ye shes chen po/} great wisdom\n4. {brtson 'grus chen po/} great effort\n5. {thabs la mkhas pa chen po/} great skill in means\n6. {yang dag sgrub pa ...
ཆོ་ག་གསུམ་བསྐྱེད			The three stages of generating a deity. The practice of meditation by means of visualizing a deity's seed syllable on a lotus, sun or other cushions, from which there arises the implements and the mantric syllable; the complete transformation of which then enables a person to generate the concern...
ཆོ་འཕྲུལ་དུས་ཆེན			The day of great miracles. The celebration of Buddha's taming of devьs and spirits from the first to fifteenth of the first Tibetan month. Je Tsong Khapa instituted the Great Prayer Festival during this period.
ཆོ་འཕྲུལ་བཞི			[catvāri prātihārya]/ The four miraculous ways; the four meditative concentrations according to yoga tantra.\n1. {ting nge 'dzin gyi cho 'phrul/} miracles of concentration\n2. {byin gyis blabs pa'i cho 'phrul/} miracles of blessings\n3. {dbang bskur ba'i cho 'phrul/} miracles of empowerment\n4. {...
ཆོ་འཕྲུལ་གསུམ			The three miraculous ways of a Buddha.\n1. {sku rdzu 'phrul gyi cho 'phrul/} miracles of body\n2. {dasung kun tu brjod pa'i cho 'phrul/} miracles of speech\n3. {thugs rjes su bstan pa'i cho 'phrul/} miracles of mind.
ཆོས			Dharma. A. Teachings of Buddha. B. A phenomenon.
ཆོས་ཀྱི་རྐང་པ་བཞི			The four legs of Dharma. The division of periods in view of the life span of Buddha's teachings, which are:\n1. {rdzogs ldan/} the perfected aeon (see {bskal pa rdzogs ldan})\n2. {gsum ldan/} the threefold aeon (see {bskal pa gsum ldan})\n3. {gnyis ldan/} the twofold aeon (see {bskal pa gnyis lda...
ཆོས་ཀྱི་སྐྱེ་མཆེད་ཀྱི་གཟུགས			[dharmāyatana rūpa]/ The form of the source of mental faculty. The objects for generating the perception of mental faculty, e.g. fine particles and the physical body of a dream state.
ཆོས་ཀྱི་སྐྱེ་མཆེད་ཀྱི་གཟུགས་ལྔ			The five types of forms of the spheres of phenomena.\n1. {bsdus pa las gyur ba'i gzugs/} compounded form\n2. {mngon par skabs yod pa'i dazugs/} ocoasionaliy manifesting form\n3. {yang dag par blangs pa las byung ba'i gzugs/} form arising from vows and precepts\n4. {kun btags pa'i gzugs/} imputed ...
ཆོས་ཀྱི་ཁམས			[dharma dhātu]/ The faculty of dharma. One of the eighteen spheres (see {khams bco brgyad}), feeling, recognition, perception, non-revelatory form and all non-compositional factors, i.e. non-functional phenomena.
ཆོས་ཀྱི་ཁམས་ཀྱི་འདུས་མ་བྱས་བརྒྱད			[aṣṭa dharma dhātu asaṁskṛta]/ The eight non-compositional factors of the dharma constituents.\n1. {dge ba'i de bzhin nyid/} [kuṡala tattva]// the virtuous reality\n2. {mi dge ba'i de bzhin nyid/} [akuṡala tattva]/ the non-virtuous reality\n3. {lung ma bstan gyi de } {bzhin nyid/} [avyākṛtya tatt...
ཆོས་ཀྱི་བདག་མེད			[dharma nairātmya]/ Selflessness of phenomena. In its highest sense it is the lack of inherent existence of phenomena other than persons. There are two types—the gross and subtle selflessness of phenomena.
ཆོས་ཀྱི་བདག་འཛིན			Grasping at the self of phenomena. The misconception of phenomena as having true existence. It has two kinds: 1. innate grasping at the self of phenomena 2. intellectual grasping at the self of phenomena.
ཆོས་ཀྱི་སྡོམ་བཞི			The four seals of Dharma (see {lta ba bkar btags kyi phyag rgya bzhi}).
ཆོས་ཀྱི་དབྱིངས་ཀྱི་ཡེ་ཤེས			[dharmadhātu jñāna]/ The primordial wisdom cognizing the reality of phenomena. The lack of inherent nature or the emptiness of the five aggregates.
ཆོས་དཀོན་མཆོག			[dharma ratna]/ The Dharma Jewel; the doctrine. The true cessation and path within the mental continuum of an [ārya]; conventionally it is represented by the scriptures and books on the teachings of Buddha.
ཆོས་སྐུ			[dharmakāya]/ The Truth Body; dharmakāya. The foundation of all qualities, the source of the four kāyas; the impersonal Buddha. It has two kinds—the natural truth body and the wisdom truth body of a Buddha.
ཆོས་སྐུའི་ཆོས་བཞི			[catvāri dharmakāya dharmāḥ]/ The four topics or features of the Truth Body. One of the seventy topics of the perfection of wisdom teachings which are the four aspects of [dharmakāya] or a Buddha's being:\n1. {ngo boo nyid sku} [svabhāvakāya]/ nature truth body\n2. {ye shes chos sku} [jñānakāya]/...
ཆོས་ཁམས་བཅུ་དྲུག			The sixteen faculties of dharma spheres. According to the Compendium of Knowledge ([abhidharmasamuccaya]) these are: 1-5. {chos kyi skye mched pa'i gzugs lnga /} the five types of forms of the spheres of phenomena (see {chos kyo skye mched pa'i gzugs ing})\n6. {tshor ba/} the aggregate of feeling...
ཆོས་ཁམས་བདུན			The seven faculties of dharma spheres. According to the Treasure of Knowledge ([abhidharmakoṡa]) these are:\n1. {tshor ba'i phung po/} the aggregate of feeling\n2. {'du shes kyi phung po/} the aggregate of recognition\n3. {'du byed kyi phung po/} the aggregate of perception\n4. {rnam par rig byed...
ཆོས་གོས་རྣམ་གསུམ			The three kinds of Dharma robes.\n1. {chos gos/} {bla gos/} 'chogo'—the yellow upper robe which can be worn by all monks and nuns\n2. {snam sbyar/} 'namja'—yellow upper robe worn only by fully ordained monks\n3. {mthang gos/} 'thango'— monks'and nuns' lower robe.
ཆོས་རྒྱལ་མྱ་ངན་མེད			[dharmarāja Aṡoka]/ The Indian king [aṡoka], 3rd century B.C., who came into contact with Buddhist teachings after repenting the widespread slaughter and misery he had caused in numerous wars. In the later part of his life, he became a devout Buddhist and propagated Buddha's teaching far and I wide.
ཆོས་བརྒྱད་རོ་སྙོམས			The equal taste of eight worldly concerns (see {'jig rten chos brgyad}). The fact that one has freed oneself of these concerns and thus makes and does not effect one's way of life.
ཆོས་ལྔ			[pañca dharmāḥ]/ Five phenomena; five features.\n1. {ming /} [nāma]/name\n2. {mtshan ma/} [nimitta]/marks\n3. {rnam rtog} [vikalpa]/ conceptualization\n4. {de bzhin nyid/} [tathatā]/ reality\n5. {mi rtog ye shes/} [akalpanā jñāna]/non-conceptual wisdom.
ཆོས་མངོན་པ			[abhidharma]/ The knowledge. The set of teachings and treatises concerning the training of higher wisdom and the study of metaphysics and cosmology.
ཆོས་ཅན			[dharmin]/ Subject. Subject of the proposition in a dialectical syllogism standing for a subject on which the thesis is established, e.g. 'sound' is the subject when the thesis 'sound is impermanent' is to be proved in a correct logical syllogism.
ཆོས་ཅན་བརྗོད་པའི་སྒྲ			The statement expressing the subject. A statement in which the subject of concern for both the speaker and listener is presented as the basis of discussion, e.g. the statement, 'sound is a thing'. Here 'sound' is shown as the basis of a (functional) thing but does not exclude other qualities of s...
ཆོས་བརྗོད་ཀྱི་སྒྲ			A statement expressing quality. A statement in which the subject of concern for both the speaker and listener is presented as the quality of discussion, e.g. the statement, 'impermanence of sound'. This statement not only distinguishes impermanence of sound from the impermanence of others, such a...
ཆོས་ཉིད			[dharmatā]/ Intrinsic nature; suchness; empty nature.
ཆོ་ཉིད་ཀྱི་རིག་པ			The reasoning of common sense. One of the four types of reasoning (see {rigs pa bzhi}). Well-known common notions that are naturally accepted as true, e.g. rivers always flow downward and fire blazes upward.
ཆོས་ཐམས་ཅད་སྟོང་པ་ཉིད			[sarvadharma ṡūnyatā]/ The emptiness of all phenomena. The lack of true existence of outer and inner phenomena, i.e. the fact that these being impermanent, miserable, empty and lack self-identity are non-inherent in nature.
ཆོས་བདུན་ལྡན་གྱི་མི			Humans possessing seven features. The qualities of human beings living in this world during the first aeon.\n1. {brdzus te skye ba/} they were born miraculously\n2. {tshe lo dpag med thub pa/} enjoyed an immeasurable life-span\n3. {dbang po kun tshang ba/} possessed perfect sense faculties\n4. {r...
ཆོས་དྲན་པ་ཉེར་བཞག			[dharma smṛtyūpasthāna]/ Close contemplation of phenomena. The meditation on the emptiness and selflessness of the thoroughly purified and negative aspects of phenomena.
ཆོས་སྤྱོད་བཅུ			[daṡa dharmacaryaḥ]/ The ten spiritual trainings; the ten monastic trainings.\n1. {yi ge 'bri ba/} [lekhanā]/ writing\n2. {mchod pa 'bul ba/} [pūjanā]/ worshipping\n3. {sbyin pa gtong ba/} [dānam]/ generosity\n4. {chos nyan pa} [ṡravaṇam]/ hearing Dharma\n5. {'dzin pa/} [udgrahaṇam]/ memorizing\n...
ཆོས་ཕུང			[dharma skandha]/ A heap of doctrine. One heap of Buddha's doctrine constitute a set of teachings which contains the complete instructions to counteract one of the eighty-four thousand delusions.
ཆོས་ཕུང་བརྒྱད་ཁྲི་བཞི་སྟོང			[caturasīti sahastraṇi dharma skandhāḥ]/ The eighty-four thousand heaps of doctrine. The entire teachings of Buddha incorporated into four groups of antidotes against four thousand delusions.\n1. {'dod chags kyi gnyen por nyis khri chig stong /} twenty-one thousand heaps of doctrine as antidotes ...
ཆོས་དབྱིངས			[dharmadhātu]. The sphere of reality.
ཆོས་གཟུངས			Retention of Dharma. The power of memorization and retention of an unlimited number of words, phrases and mystic formulae (mantra) for an infinite period of time having only heard them once.
མཆོག་དབང་གོང་མ་གསུམ			The three higher supreme initiations. The latter three initiations of the highest anuttarayogatantra that ripen a disciple's mental continuum having entered into the maṇḍala.\n1. {gsang dbang /} secret initiation\n2. {shes rab ye shes kyi dbang /} wisdom initiation\n3. {tshig dbang /} word initia...
མཆོག་བཞི			[catvāri uttama dharmāḥ]/ The four supreme qualities.\n1. {rgyan gyi mchog thos pa/} study as the supreme ornament\n2. {bde ba'i mchog sems bskyed/} generadng the mind of enlightenment as the supreme happiness\n3. {nor gyi mchog sbyin pa/} generosity as the supreme wealth\n4. {grogs kyi mchog mi ...
མཆོད་རྟེན་ཆ་བརྒྱད			[aṣṭa stūpāḥ]/ The eight types of stūpas.\n1. {bde gshegs mchod rten/} [tathāgata stūpa]\n2. {byang chub mchod rten/} [bodhi stūpa]\n3. {chos 'khor mchod rten/} [dharmacakra stūpa]\n4. {cho 'phrul mchod rten/} [prātihārya stūpa]/ miracle [stūpa]\n5. {lha bab mchod rten/} [stūpa] of descent from [...
མཆོད་པ			[pūjā]/ A. Worship service. B. Offerings to the gods and divinities. C. The material and immaterial medium of offerings.
མཆོད་པ་ཆ་བརྒྱད			The eight-fold offerings.\n1. {mchod yon/} water for the mouth\n2. {zhabs bsil/} water for the feet\n3. {me tog} flower\n4. {bdug spos/} incense\n5. {mar me/} lamp\n6. {dri chab/} scented water\n7. {zhal zas/} food\n8. {rol mo/} music.
མཆོད་པ་གཉིས			Two types of offerings. Offerings made to the object of refuge has two: A.\n1. {zang zing gi mchod pa/} offering of material goods\n2. {sgrub pa'i mchod pa/} offering of practice; or B.\n1. {dngos 'byor gyi mchod pa/} offerings actually arranged\n2. {yid kyis sprul pa'i mchod pa/} offerings made ...
མཆོད་པ་བཞི			[catvāri pūjāḥ]/ Four types of offerings. A.\n1. {phyi'i mchod pa/} outer offering\n2. {nang gi mchod pa/} inner offering\n3. {gsang ba'i mchod pa/} secret offering\n4. {de kho na nyid kyi mchod pa/} offering of suchness. B. The four religious festivals of offerings instituted during the reign of...
མཆོད་པའི་ཡོ་བྱད			The offering articles; the objects of offering to be made to the three objects of refuge.
མཆོད་རྫས་བཅུ			[daṡa pūjā dravyāḥ]/ The ten objects of offering; ten kinds of offering. The set often different offerings made to deities.\n1. {me tog} [puṣpa]/ flowers\n2. {phreng ba/} [mālā]/garlands\n3. {bdug spos/} [dhūpa]/ incense\n4. {byug pa/} [vilepanam]/ scent\n5. {phye ma/} [cūṃa]/food\n6. {na bza'/} ...
འཆབ་བཅས			A concealed non-virtue; concealment of non-virtues deliberately in an attempt to show one's purity.
འཆི་ཆུང			[alpa mṛtyu]/ The small death. The death that occurs within the life of an intermediate state being (bar-do) at the completion of each week.
འཆི་བདག་གི་བདུད་རགས་པ			Coarse interferences from the lord of death. This refers to the death incurred through force of karma and delusion.
འཆི་བདག་གི་བདུད་ཕྲ་མོ			Subtle interferences from the lord of death. This is the severence of the life-force (srog) within the continuum of an ārya.
འཆི་འཕོ་བའི་རྒྱུ་གསུམ			[tri cyutihetu]/ The three causes of transmigration; the three causes of death.\n1. {tshe zad pa/} [āyukṣaya]/ exhaustion of life-span\n2. {bsod nams zad pa/} [puṇyakṣaya]/ exhaustion of merits\n3. {las zad pa/} [karmakṣaya]/ exhaustion of karma.
འཆི་འཕོ་བའི་སྔ་ལྟས་ལྔ			The five signs of imminent death for a god.\n1. {lus kyi 'od dang bkrag gdangs nyams pa/} they lose lustre and brightness of their body\n2. {stan la sdod par mi 'dodi pa/} they dislike to sit on their cushions\n3. {me tog gi phreng ba rnying pa/} their garlands fade away\n4. {gos rnying zhing dri...
འཆི་བ་འོད་གསལ			The clear light of death; the subtle mind that manifests at death following the experience of the stages of dissolution of the elements and the gross minds of a person.
འཆི་སེམས་གསུམ			The three types of death-experience; the three levels of thought at death.\n1. {dge ba'ii 'chi sems/} virtuous state of mind\n2. {mi dge ba'i 'chi sems/} non-virtuous state of mind\n3. {lung ma bstan pa'i 'chi sems/} indifferent state of mind.
འཆི་སྲིད			The death state. The state existing during the last n death or during the period of experiencing the clear death.
འཆིང་གྲོལ་གྱི་བདག			[bandhana muktātman]/ The self that binds and from must be free. The truly existent self, misconceived real self; the cause of uncontrolled rebirth in cyclic freedom from which is the attainment of liberation.
ཇི་སྙེད་བ			[yāvat]/ All that exists; all conventional things; refering to all phenomena other than emptiness.
ཇི་ལྟ་བ			[yathā]/ A thing as it is; thatness; refering to the ultimate truth—emptiness which is other than the conventional aspect of all phenomena.
ཇི་ལྟ་ཇི་སྙེད			[yathā yāvat]/ All that exists; innumerable; infinite; without exception.
ཇོ་ནང་པ			The Jonang school. A school of Tibetan Buddhism akin to the Kagyud tradition instituted by Tāranatha and his followers. During the 11th century the view of Other Emptiness (gzhan-stong) was asserted by Yomo Mikyod Dorjee, and a monastic institution for the study and preservation of this philosoph...
ཇོ་བོ་རྗེ་དཔལ་ལྡན་ཨ་ཏི་ཤ			[atiṡa dīpaṇkara ṡrī Jñāna] (982-1054). The celebrated Buddhist Pandit from Bengal, who came to Tibet in 1042 and lived there for a number of years. He was one of the principal figures during the revival of Buddhism in Tibet in the 11th century. He passed away in Nyethang near Lhasa. His Lamp on ...
ཇོ་བོ་མི་བསྐྱོད་རྡོ་རྗེ			The venerable Mikyo Dorje image. An image of Buddha [ṡākyamuni] believed to be similar to him in his eighth year of age that was brought to Tibet during the reign of King Songtsen Gampo by his Nepalis wife, Bhrikuti. In the past it was housed at Ramoche temple.
ཇོ་བོ་ཤཱཀྱ་མུ་ནེ			The venerable [ṡākyamuni] image. An image of Buddha [ṡākyamuni] believed to be similar to himself in his twelfth year of age that was brought to Tibet during the reign of King Songtsen Gampo by his Chinese wife, Kongjo, as her dowry. Presently it is housed at Lhasa Tsuglag Khang.
འཇའ་ལུས			Ralnbow body. A yogic way of dying whereby one's body transforms into rays of light without leaving any trace of his physical body.
འཇང་དགུན་ཆོས			The winter debate session at Jangphu monastery courtyard situated to the south-west of Lhasa in which monks of each of the three largest Gelug universities of Central Tibet gather.
འཇིག་རྟེན་ཆོས་བརྒྱད			[aṣṭau lokikadharmāḥ]// The eight worldly concerns; the eight concerns for an ordinary person to be happy and unhappy about,\n1. {snyed pa dang /} [lābha]/galn\n2. {ma rnyed pa/} [alābha]/loss\n3. {bsnyan pa dang /} [yaṡa]/ reputation\n4. {mi snyan pa/} [ayaṡa]/ infamy\n5. {bsted pa dang /} [praṡ...
འཇིག་རྟེན་དང་འཇིག་རྟེན་ལས་འདས་པའི་སྲུང་མ			The worldly and transworldly protectors of Dharma. The Dharma protectors who have and have not attained the level of an ārya possessing direct insight into emptiness.
འཇིག་རྟེན་བདུན			[sapta loka]/ The seven worlds; the seven realms of existence. A. 1-6. {'gro ba rigs drug gi 'jig rten/} [ṣaḍ jagati]/ the realm of six migrators (see {'gro ba rigs drug})\n7. {bar do'i 'jig rten/} [antarabhāva loka]/ the realm of the intermediate siate of rebirth. B. 1-3. {ngan song gi gnas gsum...
འཇིག་རྟེན་པའི་དབང་ཕྱུག་བརྒྱད			The eight mundane powers. These are similar to the eight\nqualities of the great Vajrayoginī.\n1. {gzugs shin tu phra ba/} extremely subtle body\n2. {yang ba/} light body\n3.  {shin tu che ba/} huge body\n4. {gar yang phyin pa/} enjoying freedom of movement\n5. {_gsal bar 'os pa/} luminous body\n...
འཇིག་རྟེན་པའི་ལམ་བརྒྱད			[aṣṭa laukika mārgaḥ]/ The eight worldly paths; the eight mundane paths.\n1-4. {bsam gtan bzhi/} [catvāri dhyānāḥ]/ the four types of meditative concentrtion (see {bsam gtan gyi snyoms 'jug bzhi}).\n5-8. {gzugs med bzhi/} [catvāri arūpa samāpattayaḥ]/ the four types of formless meditative absorpt...
འཇིག་རྟེན་ལས་འདས་པའི་ལམ་དགུ			[nava lokottara mārgāḥ]/ The nine types of transworldly paths. {lam bden gyi ngo bor gyur pa'i 'phags rgyud kyi lam}I\n1-4. {bsam gtan gyi snyoms 'jug bzhi/} the four states of absorption of the form realm (see {bsam gtan gyi snyoms 'jug bzhi})\n5-8. {gzugs med kyi snyoms 'jug bzhi/} the four sta...
འཇིག་ལྟ			[satkāyadṛṣṭi]/ The view of the transitory collection; the wrong view of apprehending the collection of the five aggregates (see {phung po lnga}) as the "I" or 'mine', and hence the basis of all misconceptions or ego graspings.
འཇིག་ལྟ་ཉི་ཤུ			[viṁṡat satkāyadṛṣṭi]/ The twenty views of the transitory collection.\n1. {gzugs bdag tu lta ba/} view of grasping at form as being the self\n2. {gzugs bdag gir lta ba/} view of grasping at form as being mine\n3. {gzugs la bdag rang bzhin gyis yod par lta ba/} view of grasping at form as possessi...
འཇིག་ལྟ་ལྷན་སྐྱེས་གཉིས			[dvi sahaja satkāyadṛṣṭi]// The two innate graspings of the view of transitory collection; the ignorance of grasping at 'I' and 'I possessor' within the minds of all sentient beings.\n1. {ngar dzin gyi bdag 'dzin dang /} [ahaṁkāra]/ grasping at self\n2. {nga yir 'dzin pa'i bdag 'dzin/} [mamakāra]...
འཇིག་པ་རྣམ་གསུམ			[tri nāṡa]/ The three types of destruction.\n1. {mtshon cha'i 'dzig pa/} destruction by weapons\n2. {nad rims kyi 'dzig pa/} destruction by sickness\n3. {mu ge'i 'jig pa/} destruction by famine. Or\n1. {ma'i 'jig pa/} destruction by fire\n2. {chu'i 'jig pa/} destruction by water\n3. {rlung gi 'ji...
འཇིག་པའ་རྩེ་མོ་གསུམ			The three peak immune states of existence. The second, third and fourth concentration states that are immune to the cosmic destruction caused by fire, water and wind elements.
འཇིགས་པའི་བརྒྱད			The eight fears.\n1. {nga rgyal seng ge'i 'jigs pa/} fear which is like a lion, analogous to pride\n2. {gti mug glang pa'i 'jigs pa/} fear which is like an elephant, analogous to ignorance\n3. {zhe sdang me'i 'jigs pa/} fear which is like a fire, analogous to hatred\n4. {phrag dog sbrul gyi 'jigs...
འཛིགས་པ་ལྔ			The five fears; the five types of fears encountered by Bodhisattvas on the path of accumulation and the path of preparation.\n1. {'tsho ba med pa'i 'jigs pa/} fear of not finding livelihood\n2. {mi bsngags pa'i 'jigs pa/} fear of not being praised\n3. {'khor gyi 'jigs pa/} fear of not finding fol...
འཇིགས་སྲེད			Craving for freedom from fear; yearning for freedom from fear and disgust, e.g. the fear of parting from this body at death.
འཇུ་མི་པམ			Mipham Jamyang Nyamgyal Gyatso (1846-1912). A great scholar of the Nyingma tradition. He is well known for his learnedness and mastery of all the ten sciences of learning (see {rig gnas bcu}). His treatises on Buddhist philosophy have been adapted as the syllabus of study in many Nyingma colleges.
འཇུག་སྒོ་རྣམ་གསུམ			The three entrances; the threefold commitments.\n1. {bstan pa la 'jug pa'i sgo skyabs 'gro/} taking refuge in the three jewels is the entrance into Buddhism\n2. {thar pa la 'jug pa'i sgo nges byung /} renunciation is the entrance to the state of liberation ([nirvāṇa])\n3. {theg chen du 'jug pa'i ...
འཇུག་སྒོམ			[prasthāna bhāvanā]/ Formal meditation; stabilized meditation. A practice of meditation in which a meditator single-pointedly fixes his or her mind on an object without examining the aspects of the object analytically.
འཇུག་སྒྲུབ			[prasthāna pratipatti]/ Achievement through engagement; achievement through training. A Bodhisattva path which is mainly concerned with the training of enthusiastic perseverance applied either in the causal or resultant practices of the greater vehicle within the Peak Training (see {rtse mo'i sby...
འཇུག་སྒྲུབ་དགགུ			Nine achievements through engagement; nine achievements\nthrough training. Achievement through engagement in:\n1. {bsam gtan dazugs med la 'jug pa'i 'jug sgrub/} the meditative concentration and absorption within the formless realm\n2. {phar phyin drug la 'jug pa'i 'jug sgrub/} the six perfection...
འཇུག་གནས་ལྡང་གསུམ			The threefold practices of entering, abidance and awakening. A special feature of meditation without signs according to action tantra.\n1. {phung sogs kyi chos thams cad la rnam par dpyad de skye med du rtogs pa ni 'jug pa/} entering into realizing all phenomena as lacking inherent production by ...
འཇུག་པ་སེམས་བསྐྱེད			[prasthāna cittotpāda]/ The committed Bodhicitta; the venturing mind of enlightenment. The mind of enlightenment that is committed in the Bodhisattvas' practices as opposed to being , commited only in spirit.
འཇུག་པའི་སྤྱོད་པ			The activity of entering into practice. One of the four ways of utьizing realizations (see {spyod pa'i sgo bzhi}) according to action tantra, in which one attempts to transform oneself into a proper receptacle of initiations by means of observing the precepts connected to the respective deity aft...
འཇོག་བྱེད			Definition; nature; meaning. An explanation of a point which gives a partial explanalion of the object defined.
རྗེ་ཙོང་ཁ་པ			Tsong Khapa (1357-1419). The founder of the Gelug order of Tibetan Buddhism known for his revival of the Kadampa tradition. He also elucidated the most subtle meanings of [sūtra] and tantra in innumerable discourses and his collected works comprise 18 volumes. His teachings and those of his two m...
རྗེ་བཙུན་གོང་མ་ལྔ			The five foremost masters of the Sakya tradition.\n1. {sa chen kun dga' snying po/} Sachen Kunga Nyingpo (1092-1158)\n2. {rje btsun bsod nams rtse mo/} Sonam Tzemo (1142-1182)\n3. {rje btsun grags pa rgyal mtshan/} Dakpa Gyaltsen (1147-1216)\n4. {sa skya paN+Dai ta kun dga' rgyal mtshan/} Sakya [...
རྗེ་གཟིགས་པ་ལྔ་ལྡན			Khedrub Je's five visions of his master Je Tsong Khapa.\n1. {glang po che dkar po zhig la chibs pa/} riding on a white elephant\n2. {nor bu mu tig sogs kyis spras pa'i khri gcig gi steng du bzhugs pa/} seated on a throne adorned with jewels and so forth\n3. {sengag ge kar po zhig la chibs pa/} ri...
རྗེ་རིན་པོ་ཆེའི་མཛད་ཆེན་བཞི			The four great deeds of Je Tsong Khapa.\n1. {dga' ldan gyi da kyil 'khor bsgrub mchod/} the construction of a [maṇḍala] and making grand offerings at Ganden monastery\n2. {rdzing phyi'i byams pa zhig gsos/} renovation of Maitreya's statue in Zinochi\n3. {lha sar cho 'phal smon lam/} the great pra...
རྗེས་ཁྱབ			Subsequent pervasion; second logical mark. The pervasion in a correct logical syllogism that whatever is the reason is necessarily that predicate. There are two types of this pervasion called the {rjes khyab rnal ma/} positive and {rjes khyab phyin ci log} reversed subsequent pervasions.
རྗེས་མཐུན་གྱི་ཆོས			[anurūpa dharma]/ Similitudes; approximate features. A quality or feature to be included in a particular category while not being exactly synonymous with that category, e.g. the qualities of an [ārya] Bodhisattva on the last moment of the tenth level which are similar to those of a Buddha.
རྗེས་གྲུབ་ཀྱི་མིང			Subsequent given name. A way of giving a name to anything or any person after its existence for reasons of similarity or relationship or otherwise, e.g., to call a puppy a tiger or sunrays the sun.
རྗེས་ཆོག			The concluding rite or ceremony. The concluding rite following a ceremony of accomplishment of a rite of a maṇḍala. This can be of various forms such as: performing a fire ritual of peace; increaбng activity to please the deity and to redress any omission or duplication of a ritual; worshiping an...
རྗེས་ཐོབ་སྒྱུ་མ་ལྟ་བུའི་སྟོང་པ་ཉིད			The experience of emptiness like an illusion at the post-meditation stage. The experience of all that is seen, heard about or recollected like that of an ьlusory feat after arising from meditative equipoise on emptiness at an actual session.
རྗེས་དྲན་ལྔ			[pañca anusmṛtayaḥ]/ The five recollections. A set of five Kadampa precepts.\n1. {skyabs gnas bla ma dran pa/} recollecting one's spiritual master as the object of refuge\n2. {_lus lha'i rang bzhin dran pa/} recollecting one's body as being a divine body\n3. {ngag bzlas brjod kyi rang bzhin dran ...
རྗེས་དཔག			[anumāna]/ Inferential cognition; inferential understanding. A direct conceptual understanding of an obscure phenomenon, generated in reliance upon a correct reason, e.g. the cognition of the impermanence of a vase. There are two types of inferential cognition:\n1. {rang don rjes dpag} [svārthānu...
རྗེས་དཔག་བཅད་ཤེས			[anumāna paricchinna jñāna]/ Subsequent inferential cognition. A non-new understanding of an obscure phenomenon that is the continuity of understanding, or the continuing subsequent understanding originally generated by a previous inferential cognition, e.g. the second instant of inference unders...
རྗེས་དཔག་ཚད་མ			[anumāna pramāṇa]/ Valid inferential cognition. The fresh, new inferential understanding of an obscure phenomenon, e.g. the first moment of inferential cognition of the impermanence of a vase generated by reason of its being a product.
རྗེས་དཔག་གསུམ			Three types of inferential cognition.\n1. {dngos stobs rjes dpag} inference through cogent evidence\n2. {grags pa'i rjes dpag} inference through popular convention\n3. {yid ches rjes dpag} inference through conviction in valid scriptures.
རྗེས་གཞིག			Gradual dissolution. A generation stage practice of tantra in which a practitioner meditates on the gradual dissolution of the maṇḍala into clear light and finally into oneself.
རྗེས་སུ་གནང་བའི་བཀའ			[anujñā vacana]/ The approved teachings; authorized teachings. The introductory words that occur at the beginning of a sūtra such as, 'Thus I have heard, once the Blessed One was dwelling...' which were spoken by [ānanda] and others. These words were spoken because of an injunction by lord ṡakyam...
རྗེས་སུ་དྲན་པ་ལྔ			[pañca anusmṛtayaḥ]/ The five recollections; the five points of constant recollection according to the Kadampa tradition (see {rjes dran lnga}).
རྗེས་སུ་དྲན་པ་བཅུ			[daṡānusmṛtayaḥ]/ The ten recollections. 1-6. (see {rjes su dran pa drug})\n7. {dbugs phyi nang rgyu ba rjes su dran pa/} the moment of breath\n8. {skye ba rjes su dran pa/} birth\n9. {'chi ba rjes su dran pa/} death\n10. {lus kyi rnam pa rjes su dran pa/} forms of the body.
རྗེས་སུ་དྲན་པ་དྲུག			[ṣaḍ anusmṛtayaḥ]/ The six types of recollection. The six things to be constantly remembered by ali Buddhists. Recollection of:\n1. {bla ma rjes su dran pa/} [guru-anusmṛti]/ the spiritual master\n2. {sangs rgyas rjes su dran pa/} [buddhānusmṛti]/ the Buddha\n3. {chos rjes su dran pa/} [dharmānus...
རྗེས་སུ་ཡི་རང་སྒོམ་ལམ་གཉིས			The two types of paths of meditation on admiration. A.\n1. {thabs la mkhas pas dge ba'i rtsa ba la rjes su yi rang ba/} admiring the roots of virtue by skillful means\n2. {dmigs pas dge pa'i rtsa ba la rjes su yi rang ba/} admiring the roots of virtue by the non-apprehended view. B.\n1. {kun rdzo...
བརྗེ་བ་རྣམ་གསུམ			[tri parivartana]/ The three transformations; the three alterations. The three tranformations a new monk or nun is supposed to undertake at their ordination.\n1. {rtags dang cha lugs brje ba/} [veṣa parivartana]/ changing their way of life\n2. {bsam pa brje ba/} [āṡāya parivartana]/ changing thei...
བརྗེད་ངས			[muṣitasmṛtitā]/ Forgetfulness. Technically it is a secondary mental factor responsible for the slackening of attention to virtuous objects and causing distraction; one of the five hindrances to mental quiescence meditation (see {ngayes pa lnga}).
རྗོད་བྱེད་ཀྱི་སྒྲ			[abhidhāna ṡabda]/ Expressive sound. Synonymous with sound that reveals meaning to sentient beings, e.g. the expression 'impermanence'.
བརྗོད་དུ་མེད་པ			[anabhilāpya]/inexpressible; incommunicable; e.g. emptiness.
བརྗོད་དུ་མེད་པའི་བདག			[anabhilāpyatman]/ An inexpressible self; a self that is neither substantially one with nor different from the five aggregates, neither permanent nor imprmanent as propounded by the [vaiputrīya], a sub-school of [vaibhāṣika] and many other non-buddhist philosophers.
བརྗོད་པ་ཚིག་གི་གསུང			The literal teachings of expression. One of the five teachings (see {gsung lnga}) of a Buddha according to the Nyingma tradition. The way a [nirmaṇakāya] Buddha teaches various disciples, the meaning simultaneously being understood by each according to their own language.
ཉན་ཐོས			[ṡrāvaka]/ A Hearer. Originally, those disciples of Buddha who actually listen to Buddha's teachings and also propagate these to others. Their goal is to achieve nirvana for themselves. The four noble truths and the twelve links of independent origination are their primary fields of study and pra...
ཉན་ཐོས་ཀྱི་རྣལ་འབྱོར་མངོན་གསུམ			[srāvaka yogi pratyakṣa]/ The yogic direct perception of a Hearer. The knowledge and wisdom of a Srāvaka trainee on the Hearers' path of seeing and meditation cognizing the sixteen aspects of the four noble truths (see {mi nag sogs bcu danig}).
ཉན་ཐོས་ཀྱི་ལམ་ཤེས་པའི་ལམ་ཤས			The path-wisdom which understands the Hearer path. The Bodhisattva wisdom that understands the impermanence or emptiness of any or ali of the four noble truths.
ཉན་ཐོས་ཀྱི་ས་བདུན			[sapta ṡrāvakabhūmayaḥ]/ The seven Hearer levels; the seven stages of a Hearer.\n1. {rigs kyi sa/} [gotra bhūmi]/ the level of family\n2. {brgyad pa'i sa/} [aṣṭamaka bhūmi]/ the level of the eighth\n3. {mthong ba'i sa/} [darṡana bhūmi]// the level of seeing\n4. {srab pa'i sa/} [tanū bhūmi]/ the l...
ཉན་ཐོས་ཉེ་འཁོར་བཅུ			The ten close [ṡrāvaka] disciples of Buddha [ṡākyamuni].\n1. {shA ra'i bu/} [ṡariputra]\n2. {mo'u 'gal gyi bu/} [maudgalyāyana]\n3. {'od srung chen po/} [mahākaṡyapa]\n4. {kun dga' bo/} [ānandai]\n5. {sgra gcan 'dzin/} [rāhula]\n6. {ka t+ya'i bu/} [kātyāyana]\n7. {ma 'gags pa/} [aniruddha]\n8. {g...
ཉན་ཐོས་སྡེ་པ་བཅོ་བརྒྱད			[aṣṭadaṡa ṡrāvaka nikāyāḥ]/ The eighteen schools of Hearers. The eighteen schools branched from the four main schools of Hearers (see {nyan thos rtsa ba'i sde pa bzhi}). 1-7. {thams cad yod smra'i sdepa bdun/} seven schools of [mūlasarvāstivādin] tradition (see {gzhi thams cad yod par smra b.li s...
ཉན་ཐོས་རྩ་བའི་སྡེ་པ་བཞི			[catvāri mūla ṡrāvaka nikāyāḥ]/ The four main schools of Hearers.\n1. {thams cad yod par smra ba'i sde/} [mūlasarvāstivādin] tradition\n2. {phal chen pa'i sde/} [mahāsāṁghika] tradition\n3. {gnas brten ba'i sde/} [sthavira] tradition\n4. {mang pos bkur ba'i sde/} [sammitīya] tradition.
ཉན་ཐོས་ལ་ཡོད་པ་དང་རྗེས་སུ་མཐུན་པའི་རྣམ་མཁྱེན་གྱི་རྣམ་པ་སུམ་ཅུ་སོ་བདུན			{nyan thos dang thun mong ba'i rnam pa so bdun/} The thirty-seven features of the omniscient mind common to Hearers and Solitary Realizers. 1-4. {dran pa nye bar bzhag pa bzhi/} [catvāri smṛtyūpasthānāḥ]/ the four close contemplations (see {dran pa nye bar bzhag pa bzhi}). 5-8. {yang dag par spon...
ཉམས་མགུར			Spiritual songs. Songs of spiritual transformation revealing a meditator's experience and insight.
ཉམས་བརྒྱད			The eight features of dance.\n1. {sgeg pa/} charming\n2. {drag shul/} aggressive\n3. {dpa' ba/} heroic\n4. {snying rje/} compassionate\n5. {mi sdug ba/} ugly\n6. {bzhad pa/} smiling\n7. {rmad pa/} magnificent\n8. {'jigs rung /} frightening.
ཉམས་སྣང་བན་བུན			Blurred experience. Unclear yet multi-faceted appearances.
ཉམས་རྟོགས			Experiences and insights; spiritual realization gained through proper meditation practices.
ཉམས་པ་རྣམ་གསུམ			The three degenerations. A. That of:\n1. {tshul khrims nyams pa/} [ṡĩla vipanna]/ moral discipline\n2. {lta ba nyams pa/} [ḍṛṣṭi vipanna]/ view\n3. {cho ga nyams pa/} [ācāra vipanna]/ rites. B. The three degenerations of monks' and nuns' precepts, i.e. from:\n1. {khyim pa'i rtags spong ba las nya...
ཉམས་ལེན་བྱིན་རླབས་ཀྱི་རྒྱུད་པ			The lineage of blessed practices. According to the Lam-rim tradition of Je Tsong Khapa this lineage originates from Buddha [ṡākyamuni] to [mañjuṡrī] to [ṡāntideva] and so on. In tantric tradition, particularly of the Kagyud tradition this lineage begins from Buddha [vajradhāra] to Tilopa, Naropa,...
ཉལ་བའི་རྣལ་འབྱོར			The yoga of sleep. A practice of yoga in sleep state usually carried out during the middle phase of dawn by laying down in the manner of a lion's resting position. In the secret [mantrayāna] practice it means going to bed and sleeping within the recognition of the clear light of emptiness.
ཉི་མ་ལྟ་བུའི་སེམས་བསྐྱེད			[ādityopaniacittotpāda]/ The sun-like bodhicitta. The mind of enlightenment associated with the perfection of power possessed by Bodhisattvas on the ninth level.
ཉི་མའི་གཉེན			The kinsman of the sun. An epithet of Buddha [ṡākyamuni] derived from a legend concerning his ancestry.
ཉི་མའི་ཆ་བཅུ་བཞིལ			The fourteen divisions of daylight. 1. {skya rengs shar ba/} first light\n2. {nyi ma ma ma shar tsam/} just before sun rise\n3. {nyi ma shar ba/} the first glimpse of the sun\n4. {nyi ma'i brgyad cha tsam shar ba/} one eighth of the sun risen\n5. {nyi ma'i bzhi cha tsam shar ba/} one fourth of th...
ཉི་ཆེ་བའི་དམྱལ་བ			[pratyekanaraka]/ The occasional hells. The hells surrounding the hot and cold hell realms that experience happiness and suffering during day and night alternatively.
ཉིན་མཚན་དུས་དྲག			Six sessions throughout the day and night.\n1. {snga dro/} morning\n2. {nyin gung /} afternoon\n3. {_phyi dro/} twilight\n4. {srod/} late evening\n5. {_nam gung /} midnight\n6. {tho rangs/} pre-dawn.
ཉིང་མཚམས་སྦྱོར་བ			Connecting to rebirth. The instant that consciousness\ncollapses into the parent's mixture of sperm and blood in the womb of a mother during rebirth. The instant of conception in the womb.
ཉེ་འཁོར་ལྷག་པ་བཅུ་དྲག			The sixteen neighbouring hells. The four hell states on each of the four directions of the hell without respite are known as the sixteen neighbouring hell states. These are namely:\n1. {me ma mur/} [kukūlam]/ the fiery embers\n2. {ro myags kyi 'dam/} [kuṇapam]/ the swamp of filth\n3. {spu gru'i t...
ཉེ་བརྒྱུད་གཏེར་མ			The close lineage of treasure teachings. The great [ācārya] Padmasambhava and other accomplished masters have left many holy religious texts hidden under rocks and mountains with their prophesied instructions of trie time, and the persons who would collect them and spread those teachings far and ...
ཉེ་ཉོན་ཉི་ཤུ			[dvadaṡa upakleṡaḥ]/ The twenty secondary afflictions; the twenty approximate delusions. The twenty delusions that arises in dependence upon the six root delusions (see {rtsa nyon drug}).\n1. {khro ba/} [krodha]/ anger\n2. {'khon 'dzin/} [upanāha]/ malice\n3. {'chab pa/} [mrakṣa]/ concealment\n4....
ཉེ་བར་ལེན་པ་བཞི			[upādānam]/ The four compulsive acquisitions; the four negative acquirements by the force of delusions in a person. The hundred and eight delusions are included in these four.\n1. {'dod pa nyi bar len pa/} that of desire\n2. {lha ba nye bar len pa/} that of view\n3. {bdag tu lta ba nye bar len pa...
ཉེ་བའི་མཚམས་མེད་ལྔ			The five secondary heinous non-virtues; the five approximate heinous crimes; the five secondary crimes of immediate retribution.\n1. {ma dgra bcom pa sun phyung ba/} disrobing an ordained female Foe-destroyer\n2. {byang sems du nges nas gsod pa/} killing a Bodhisattva knowlingly\n3. {slob pa gsod...
ཉེ་བའི་རིན་ཆེན་སྣ་བདུན			The seven semi-precious possessions.\n1. {khang bzang rin po che/} [harmya]/ precious mansion\n2. {mal cha rin po che/} [ṡayana]/ precious bedding\n3. {lham rin po che/} [pulā]/ precious shoes\n4. {ral gri rin po che/} [khadga]/ precious sword\n5. {gos rin po che/} [cīvara]/ precious clothing\n6....
ཉེ་བའི་སྲས་ཆེན་བརྒྱད			[aṣṭopaputrāḥ]/ The eight close disciples of Buddha [ṡākyamuni].\n1. {'jam dpal dbyangs/} [mañjuṡrī]\n2. {phyag na rdo rje/} [vajrapāṇi]\n3. {spyan ras gzigs/} [avalokiteṡvara]\n4. {sa yi snying po/} [kṣitigarbha]\n5. {sgrib pa rnam sel/} [sarvanirvaraṇa Viskambhin]\n6. {nam mkha'i snying po/} [ā...
ཉེར་བསྡོགས			[sāmantaka]/ The preparatory stage. A preparatory virtuous state of concentration within the sphere of the form and formless realm that directly generates an actual state of meditative concentration of either the form or formless absorption. There are eight types of preparatory meditative concent...
ཉེར་ལེན་གྱི་རྒྱུ			The substantial cause. That cause which gives rise to the result that abides in its own substantial continuity or subsequent similar type, e.g. the clay from which a pot is made is the main substantial constituent of it.
ཉེས་པ་ལྔ			[pañca doṣāḥ]/ Five faults; five hinderances to menial quiescence meditation.\n1. {le lo/} [kausīdyam]/ laziness\n2. {gdams ngag brjed pa/} [upadeṡa saṁpramoṣa]/ forgetting instructions\n3. {bying rgod/} dullness and agitation\n4. {mngon par 'du mi byed pa/} [abhisaṁskāra pratipakṣa]/ non-applica...
ཉིས་བྱས་བཞི་བཅུ་ཞེ་དྲུག			The forty-six faults; the fourty-six secondary transgressions of Bodhisattva vows. {sbyin pa dang 'gal ba bdun ni/} Seven associated with the perfection of giving\n1. {dkon mchog gsum la sgo gsum gyis mi mchod pa/} not making offerings to the Three Jewels every day by means of body, speech and mi...
ཉོན་མོངས་རྒྱུ་དྲུག			The six causes of generating delusions.\n1. {rten/} basis\n2. {dmigs pa/} object\n3. {'du 'dzi/} public gatherings\n4. {bshad pa/} speaking\n5. {goms pa/} familiarity\n6. {yid la byed pa/} mental reflection.
ཉོན་སྒྲིབ			[kleṡāvaraṇa]/ Delusive obscurations. Obstacles to liberation primarily preventing liberation from cyclic existence. There are two types :\n1. {nyon sgrib kun btags/} [prajñāpti kleṡāvaraṇa]/ the intellectually acquired obscuration to liberation\n2. {nyon sgrib lhan skyes/} [sahaja kleṡāvaraṇa]/ ...
ཉོན་མོངས			[kleṡa]/ Defilement; delusion; affliction. A mental state that produces turmoil and confusion thus disturbing mental peace and happiness.
ཉིན་མོངས་སྐྱེ་བའི་རྒྱུ་དྲུག			The three causes of generating delusions.\n1. {nyon mongs pa'i bag la nyal ba ma spangs pa/} non-elimination of latent delusions\n2. {nyon mongs skye ba'i yul nye bar gnas pa/} ciose association with the object prone to generate delusions\n3. {_tshul bzhin ma yin par yid la byed pa/} entertaining...
ཉོན་མོངས་ལྔ			[pañca kleṡāḥ]/ The five types of delusions.\n1. {kun sbyor/} constant fetters (see {kun sbyor gsum or dgu})\n2. {phra rgyas/} subtle increase (phra-rgyas)\n3. {'ching ba/} bindings\n4. {nye nyon/} near delusions\n5. {kun dkris/} ever-binding factors (see {kun dkris bzhi}).
ཉོན་མོངས་ཅན་གྱི་རེག་པ་གསུམ			The three contacts of a delusive mind.\n1. {ma rig pa'i reg pa/} contact with ignorance\n2. {gnod sems kyi reg pa/} contact with harmful intention\n3. {rjes su chags pa'i reg pa/} contact with attachment.
ཉོན་མོངས་ཆུང་ངུའི་ས་མང་བཅུ			[daṡālpakleṡabhūmikāḥ]/ Ten mental attitudes of the minor delusions (see 1-10 nye-nyon nyi-shu). These are called minor because of being weaker by nature of their accompanying mental factors, weaker by nature of abandonment and weaker by nature of the primary mind which is their basis.
ཉོན་མོངས་ཆེན་པོའི་ས་མང་དྲུག			[ṣaḍ mahākleṡa bhūmikāḥ]/ Six mental attitudes of the major delusions.\n1. {ma dad pa/} [aṡraddya]/ lack of faith\n2. {le lo/} [kausīdya]/ laziness\n3. {gti mug} [moha]/ ignorance\n4. {bying ba/} [nimagna]/ mental cloudiness\n5. {rgod pa/} [auddhātya]/ mental agitation\n6. {bag med pa/} [pramāda]...
ཉོན་མོངས་གཉིས			The two delusions.\n1. {nyon mong kun btags/} intellectually acquired delusions\n2. {nyon mongs lhan skyes/} innately born delusions.
ཉོན་མོངས་དུག་ལྔ			The five delusive poisons; the five poisonous delusions.\n1. {'dod chags/} desire-attachment\n2. {khong khro} hatred-anger\n3. {ma rig pa/} ignorance\n4. {nga rgyal/} pride 5.{_phrag dog} jealousy.
ཉོན་མོངས་རྣམ་སྦྱོང་གི་དམིགས་པ			Object for eliminating delusions. One of the four objects of a Yogi (see {rnal 'byor gyi dmigs pa bzhi}) meditating on the development of mental quiescence meditation in which a meditator either sees the lower concentration levels as grosser and the higher as subtler or takes either of the sixtee...
ཉོན་མོངས་པའི་དྲི་མ་དྲུག			The six stains of delusions. The six stains or gross thoughts that arise in reliance upon delusions.\n1. {sgyu/} deception\n2. {g.yo/} dishonesty\n3. {rgyags pa/} conceit\n4. {'tshig pa/} outrage\n5. {khon 'dzin/} grudge\n6. {rnam 'tshe/} harmfulness.
ཉོན་མོངས་པའི་བྱེད་ལས་བཅུ			The ten functions of delusions.\n1. {rtsa ba brtan par byed pa/} it stabilizes the root of delusion\n2. {rgyun gnas par byed pa/} it keeps the continuity of delusion\n3. {zhing du sgrub par byed pa/} it establishes its own goal\n4. {rgyu mthun par byed pa/} it establishes results simiar to itself...
ཉོན་མོངས་པའི་ལམ་གསུམ			The three paths of delusions.\n1. {nyon mongs pa'i lam/} path of elusions\n2. {las kyi lam/} karmic path\n3. {skye ba'i kun nas nyon mongs pa'i lam/} path of rebirth.
ཉོན་མོངས་གསུམ			The three delusions.\n1. {nyon mongs pa kun nas bslang pa'i nyon mongs/} [kleṡasaṁkleṡa]/ delusions arising from other delusions\n2. {las kyi kun nas bslang pa'i nyon mongs/} [karmasaṁkleṡa]/ delusions arising from karma\n3. {skye pa'i kun nas bslang pa'i nyon mongs/} [utpattisaṁkleṡa]/ delusions...
ཉོན་ཡིད			[kleṡa manas]/ The deluded mind. One of the eight groups of consciousnesses (see {rnam shes tshogs brgyad}). It is recognized as an obstructive unspecified primary consciousness (sgrib lung-ma bstan) that takes the foundation or fundamental consciousness (see {kun gzhi rnam shes}) as its object a...
ཉོན་ཡིད་རྣམ་ཤས			[kleṡa vijñгna]/ The deluded consciousness; the afflicted mind. It is one of the eight types of consciousnesses (see {rnam shes tshogs brgyad}) asserted by the [cittamātrin] school of thought. The deluded mind is an obstructed and unspecified conceptual consciousness that takes the foundational c...
གཉན་པོ་གསང་བ			The extremely secret teachings. This name is given to the collection of mdo-sde za-ma tog, snying-po yi-ge drgug-ma, spang-skong phyag-rgya, and a golden stūpa found from a casket that fell from the sky during the reign of King Lha Thothori Nyan Tsan (5th century A.D.), the 27th officially recogn...
གཉིད་དུས་ཀྱི་འོད་གསལ			[nidrā prabhāsvara]/ The clear light of sleep; the clear light mind of sleep state. The practice of activating the subtle mind during sleep; a part of completion stage yoga of tantra.
གཉིས་སྟོང			[ubhaya ṡūnyatā]/ Non-duality or separate simultaneous sources between the consciousness and its object. It can also mean the non-duality of bliss and void.
གཉིས་སྟོང་གི་དེ་ཁོ་ན་ཉིད			[ubhaya tathātā]/ The reality of non-duality; the thatness of non-duality.
གཉིས་སྣང			[ubhayābhāsa]/ Dualistic appearance; mundane appearance. The duality of the object of apprehension and the consciousness that apprehends it.
གཉིས་མེད་ཀྱི་རྒྱུད			[advaya tantra]/ The non-dual tantra. That of anuttarayoga tantra in which equal emphasis is placed on the development of the mind of clear light and the illusory body.
གཉིས་སུ་མེད་པའི་སྐད་ཅིག་སྦྱོར་བ			[advayaka kṣanikaprayoga]/ The momentary training in non-duality. The final instant of the path of meditation of a Bodhisattva's training during which he or she realizes the non-duality of the object and object-perceiver directly within a single instant of time.
གཉུག་མའི་དགེ་འདུན			[nivāsita saṅgha]/ The permanent resident monk. A monk who has been staying at the same monastery ever since his admission in that monastery.
གཉུག་མའི་ཡེ་ཤེས			The primordial wisdom; the naturally abiding intutive mind or awareness, also called the basic wisdom.
གཉེན་པོ་སྟོབས་བཞི			[catvāri pratipakṣabalani]/ The four opponent forces; the four strong antidotes.\n1. {rten gyi stobs/} force of reliance\n2. {gnyen po'i stobs/} force of overcoming misdeeds through antidotes\n3. {rnam par sun 'byin pa'i stobs/} force of repentence\n4. {nyes pa las slar sdog pa'i stobs/} force of...
གཉེན་པོ་འདུ་བྱེད་བརྒྱད			[aṣṭa pratipakṣasaṁskārāḥ]/ The application of eight antidotes. Eight antidotes applied to eliminate the five faults to mental quiescence meditation (ṡamatha). 1-4. {le lo'i gnyen por dad por dad pa/_'dun pa/_rtsol ba/} {shin sbyangs/} faith, aspiration, enthusiastic perseverance and ecstasy as a...
གཉེན་པོ་ལྡེམ་པོར་དགོངས་པ			[pratipakṣābhisandhi]/ Interpretive sūtras concerning antidotes. For instance, the [sūtra] which says, 'father and mother are to be killed', taught to king [ajātaṡatru] in order to calm his regrets temporarily and to teach him to eliminate ignorance and karma ultimately.
གཉེན་པོ་ཕྱོགས་ཀྱི་གཞི་ཤེས			[pratipakṣa vastujñāna]/ The knowledge of basis eategorized as an antidote. The sixth of the nine topics that characterize the knowledge of the basis; a [mahāyāna] path that is a superior path of wisdom and method identical with the basic wisdom within the continuum of a [mahāyānist ārya]. This w...
གཉེན་པོ་དགེ་བ་བརྒྱད			[aṣṭa pratipakṣa kuṡalāni]/ The eight antidotal virtues. Antidotal virtue through:\n1. {rnam par sun 'byin pa'i gnyen po/} overcoming negative forces\n2. {gzhi'i gnyen po/} counteracting one's virtuous forces\n3. {thag sring ba'i gnyen pa/} prolonging one's virtuous forces\n4. {rnam par gnon pa'i...
མཉན་ཡོད			[ṡrāvastī]/ The capital of the kingdom of Kosala, where Buddha [ṡākyamuni] passed 25 rainy seasons. It is called the place where Buddha defeated the Heterodox teachers through miracles.
མཉམ་གནས་ཀྱི་རླུང			The equalizing wind; the equally abiding energy wind. One of the five energy winds in the body (see {rtsa ba'i rlung lnga}) that controls the digestive process of assimilation of nutrition and separation of waste materials located at the third stage of the stomach. This wind is also called the fi...
མཉམ་པ་ཉིད་ལྔ			The five samenesses; the five universal qualities of all Bodhisattvas.\n1. {bdag gzhan mnyam nyid/} both self and other are equal\n2. {phan gnod mnyam nyid/} both self and others are equal in wishing to be benefitted and not wishing to be harmed\n3. {'jig rten chos brgyad mnyam nyid/} both self a...
མཉམ་པ་ཉིད་བཅུ			The ten samenesses; the ten samenesses of all phenomena as:\n1. {mtshan nyid med pa mnyam pa nyid/} [asvabhāva samatā]/ lacking truly existent features\n2. {mtshan ma med pa mnyam pa nyid/} [alakṣaṇa samatā]/ lacking truly existent signs and marks\n3. {mtha' bzhii las skye pa med pa mnyam pa nyid...
མཉམ་པ་ཉིད་ལ་དགོངས་པ			[samatābhiprāya]/ Interpretative [sūtra] determining the samenesses; e.g., the sūtra. 'I shall be Buddha Maltreya at that time', in which the basic intention of Buddha was to reveal that all the Buddhas are equal in having attained the three equal states (see {mnyam pa nyid gsum}).
མཉམ་པ་ཉིད་གསུམ			The three samenesses; the three equal states of all Buddhas.\n1. {tshogs bsags pa mnyam pa nyid/} equal in terms of having accumulated merits\n2. {chos sku thob pa mnyam pa nyid/} equal in terms of having attained the Truth Body\n3. {gzhan don byed pa mnyam pa nyid/} equal in terms of working for...
མཉམ་བཞག་ཡི་ཤེས			The wisdom of meditative equipoise. A wisdom of single pointed concentration in the process of directly eliminating or having eliminated its respective object of abandonemt. In general there are two:\n1. {bar chad med lam/} the uninterrupted path\n2. {rnam grol lam/} the path of thorough liberation.
རྙིང་མ			The Ancient School; the Nyingma Tradition. A first major school of Tibetan Buddhism introduced in Tibet by Guru Padmasambhava, the great Indian [mahāyogi] who came to Tibet in the 8th century.
རྙིང་མའི་ཐེག་པ་རིམ་པ་དགུ			The nine vehicles of the Nyingma tradition.\n1. {nyan thos kyi theg pa/} the Hearers' vehicle\n2. {rang rgyal gyi theg pa/} the Solitary Realizers' vehicle\n3. {byang sems kyi theg pa/} the Bodhisattvas' vehicle\n4. {bya rgyud kyi theg pa/} the action tantra vehicle\n5. {spyod rgyud kyi theg pa/}...
སྙན་བརྒྱུད			The whispered lineage. A lineage of secret teachings transmitted only to the closest disciples through direct communication with their root teacher or meditational deity.
སྙན་བརྒྱུད་བཞི			The four types of whispered lineages.\n1. {chos gang lung dang bcas pa/} having received oral transmissions of every teaching one has received\n2. {lung man ngag dang bcas pa/} having all oral transmissions with instructions from the teacher\n3. {man ngag brgyud dang ldan pa/} having all instruct...
སྙིགས་དུས			[kaliyuga]/ The degenerate age; the decadent period. The period when the tradition of Buddha's teachings are no longer pure and the world situation makes it difficult to practice properly. This also refers to the period of the universe when the lifespan of human beings is declining from one hundr...
སྙིགས་མ་ལྔ			[pañca kaṣāyāḥ]/ The five dregs; the five degenerations.\n1. {tshe snyigs ma/} [āyuh kaṣāya]/ degenerated life-span\n2. {nyon mongs snyigs ma/} [kleṡa kaṣāya]/ degenerated delusions\n3. {sems can snyigs ma/} [sattva kaṣāya]/ degenerated persons\n4. {dus snyigs ma/} [kalpa kasāya]/ degenerated tim...
སྙིང་གར་ཐོག་མར་ཆགས་པའི་རྩ་བརྒྱད			The eight channels initially formed at the heart.\n1. {dbu ma/} the central channel\n2. {ro ma/} the right channel\n3. {_rkyang ma/} the left channel\n4. {shar gyi gsum skor ma/} the triple circle of the east\n5. {lho'i 'dod ma/} the desirous one of the south\n6. {_nub kyi bdud bral ma/} the one ...
སྙིང་རྗེ་རྣམ་གསུམ			The three types of compassion.\n1. {_sems can tsam la dmigs pa'i snying rje/} compassion merely observing sentient beings\n2. {chos la dmigs pa'i snying rje/} compassion observing the doctrine\n3. {dmigs med la dmigs pa'i snying rje/} compassion observing the lack of true existence.
སྙིང་རྗེས་ཞི་ལ་མི་གནས་པའི་ལམ་ཤེས			[karuṇā na ṡamesthiti mārga jñāna]/ The knowledge of the path which through compassion does not abide in the extreme of peace. The path of [mahāyāna āryas] categorized as negating the extreme of peace for the sake of sentient beings. It exists from the first level of a Bodhisattva up to the state...
སྙིང་པོ་ལྔ			The five essentials.\n1. {bu ram/} molasses\n2. {zhun mar/} molten butter\n3. {sbrang rtsi/} honey\n4. {til mar/} sesame oil\n5. {lan tshwa/} salt.
སྙིང་པོ་དོན་གསུམ			The three essential practices.\n1. {tshe 'dir yi dam sgom pa/} meditation on one's deity in this life\n2. {'chi khar 'pho ba sgom pa/} meditation on consciousness transference at death\n3. {bar dor bsre ba sgom pa/} practising merging with the three bodies of a Buddha in the intermediate state.
སྙོམས་འཇུག			[samāpatti]/ Meditative absorption. The state of single-pointed concentration within the form and formless realm in which a person's primary mind and secondary minds are fuliy absorbed in its object of meditation.
སྙོམས་འཇུག་གཉིས			The two types of meditative absorptions of serial advancement:\n1. {'gog pa'i snyoms 'jug} [nirodha samāpatti]/ the meditative absorption of cessation\n2. {'du shes med pa'i snyoms 'jug} [naivasaṁjñā na saṁjñāyatana]/ the meditative absorption without-perception.
སྙོམས་འཇུག་བཞི			The four types of meditative absorptions. The single-pointed meditative absorptions within the four states of the formless realm,\n1. {nam mkha' mtha' yas skye mched/} [ākāṡāntya samāpatti]/ meditative absorption of infinite space\n2. {rnam shes mtha' yas skye mched/} [vijñānāntya samāpatti]/ med...
སྙིམས་འཇུག་དགུ			The nine types of meditative absorptions. 1-4. {gzugs khams kyi bsam gtan bzhi/} {bsam gtan bzhi/} meditative absorptions of the four states of concentration within the form realm 5-8. {gzugs med snyoms 'jug bzhi/} [catvāri arūpadhātu samāpatti]/ meditative absorptions of the four states of conce...
བསྙེན་སྒྲུབ་ཡན་ལག་བཞི			The four limbs of the approaching retreat. The ways of being in retreat.\n1. {bsnyin pa/} approaching through visualizing a symbolic being\n2. {nye bar bsnyen pa/} the near achievement of a wisdom being\n3. {sgrub pa/} actual achievement\n4. {sgrub pa chen po/} the great achievement.
བསྙེན་གནས་ཡན་ལག་བརྒྱད			The eight precepts of an [upāsaka]. Vows to be observed by a one day vow holder. 1 {srog gcod spong ba/} [prāṇātighātād virati]/ not killing\n2. {ma byin par len pa spong ba/} [ādattādānād virati]/ not stealing\n3. {mi changs spyod spong ba/} [kāmamithyācārād virati]/ not indulging in sexual acti...
བསྙེན་པ་བཞི			The types of retreat practices; the four types of close practices.\n1. {lus kyi bsnyen pa/} [kāya-āsevita]/ close practice of body, by being in retreat for a definite time\n2. {grangs kyi bsnyen pa/} [saṁkhya-āsevita]/ close practice of numbers, through chanting a specified number of mantras\n3. ...
ཏིང་ངེ་འཛིན་གྱི་དཀྱིལ་འཁོར			[Samādhi maṇḍala]/ The concentration [maṇḍala]. The single-pointed concentration of visualizing the entire [maṇḍala].
ཏིང་ངེ་འཛིན་གྱི་གེགས་ཉེས་པ་ལྔ			The five faults in the development of concentration (see- {nyes pa lnga}).
ཏིང་ངེ་འཛིན་གྱི་ཆོ་འཕྲུལ			The miracles of meditative concentration. One of the four miracles according to yoga tantra meditation (see- {cho 'phrul bzhi}). This involves meditation through visualizing Vairocana in the centre, [akṣobhya] to the east, Ratnasambhava to the south, [amitābha] to the west, and Amoghasiddhi to th...
ཏིང་ངེ་འཛིན་གྱི་ཚོགས			The requirements for developing meditative concentration. The virtuous forces indispensible for achieving calm abiding meditation.
ཏིང་ངེ་འཛིན་གསུམ			The three meditative concentrations. A. According to the generation stage practice of mahayoga tantra in the Nyingma tradition these are:\n1. {de bzhin nyid kyi ting nge 'dzin/} [tathatāsamādhi]/ meditative concentration of suchness\n2. {rab tu snang ba'i ting nge 'dzin/} [prabhāsasamādhi]/ the a...
ཏིང་ངེ་འཛིན་སེམས་དཔའ			[Samādhi sattva]/ The concentration being. The visualization of a seed syllable or implement at the heart of the wisdom being in the deity one has visualized.
ཏིང་ལོ			The miniature fire balls. Flaming small dough balls thrown into one's mouth during the course of a Vajrayogini initiation.
གཏད་པ་བཞི			The four entrustments. The first four of the ten innermost jewels of the Kadampa tradition (see- {bka' gdams phugs nor bcu}). The four are entrusting yourself to:\n1. {blo phugs chos la gtad/} the Dharma as the simplest way of thought\n2. {chos phugs sprang la gtad/} poverty as the simplest way o...
གཏད་རབས་བདུན			The seven successors of the Buddha (see- {ston pa'i gtad rabs bdun}).
གཏན་པ་མེད་པའི་སྦྱིན་པ			Lavish generosity. The practice of selfless and continuous giving to the needy with total openness.
གཏན་ཚིགས་ཆེན་པོ་ལྔ			The five great logical reasons. The five types of logical reasons to establish the middle way view.\n1. {gcig du bral gyi gtan tshags/} the reasoning of either being one or many\n2. {rdo rje gzegs ma'i gtan tshigs/} the reasoning called vajra prongs\n3. {yod med skye 'gog gi gtan tshigs/} the rea...
གཏན་ཚིགས་རིག་པ			[hetuvidyā]/ The science of logic. One of the five major fields of study (see- {rig gnas che ba lnga}), i.e. the study of Buddhist logic.
གཏན་ལ་ཕབ་པའི་སྔེ			The set of finalized discourse. One of the twelve scriptural categories (see- {gsung rab yan lag bcu gnyis}) which explains the distinction of the individual and general category of phenomena, e.g. the set of discourse on knowledge.
གཏི་མུག			[Moha]/ Closed-mindedness; ignorance. An active misconception or a negative mental state obstructing (he knowledge of reality.
གཏུམ་མོ			[Caṇḍālī]/ Psychic fire; inner heat. The fine radiant blood cells or drops in the nature of the fire element, obtained from one's mother, which abide within the navel channel-wheel; realized practitioners ignite this element and generate sublime bliss thus using it as a means to experience enligh...
གཏུམ་མོའི་འབར་འཛག			The ignition and emission of psychic heat. The practice of meditation of igniting psychic heat or fire at the navel 'level and the emission of a drop or drops of bodhicitta from the short 'A' syllable visualized at the crown chakra.
གཏུར་བུ			[Vrṣikā]/ The square cloth for wrapping the yellow robes of monks and nuns.
གཏེར་ཆོས			The treasure teachings. The extremely sublime secret texts of teachings hidden under rocks, trees, water etc., by [ācārya] Padmasambhava and others because of the lack of appropriate disciples at that time. These texts were concealed for the benefit of future disciples and contained instructions ...
གཏེར་ལྟ་བུའི་སེམས་བསྐྱེད			The treasure-like Bodhicitta. The mind of enlightenment associated with the perfection of giving possessed by Bodhisattvas on the path of seeing.
གཏེར་སྟོན			Discoverer of treasure. Realized master-scholars who discover texts, images and mystic articles connected to a highly sophisticated cycle of teachings. Trhis tradition is very familiar to the Nyingma order of Tibetan buddhism.
གཏེང་བ་རྗེས་སུ་དྲན་པ			[Tyāgānusmṛti]/ Recollection of giving. The reflection on giving and the qualities of giving.
གཏོར་མ			[Bali]/ Ritual cakes; sacramental cakes. A component of an offering usually made of barley flour ({tsam pa}) and moulded buttier, symbolizing deities and their retinues or the spirits, etc. Tormas can be of different sizes ranging from the size of one finger to one or two feet or more.
གཏགས་མིང			A nominal name; alias. A name which is not the actual term originally formulated to designate a specific meaning or a thing, but a later (perhaps vulgar or common) secondary term designating the same thing, e.g. 'the rabbit bearer' ({ri bong can}) refering to the moon. There are two types of nomi...
གཏགས་ཙམ་གྱི་ང			The mere label of an "I"; the conventionally existent "I" or point of view of an 'I' that exists by mental labelling alone.
བཏགས་ཡོད			Designated phenomena; imputed phenomena. Phenomena that exists only in dependence upon the sound and concept that imputes them. For instance, time and person.
བཏགས་ཡོད་ཆོས་གསུམ			The three features of an imputed phenomena.\n1. {rang nyid mtshon bya yin pa/} being subject to definition\n2. {rang gi mtshan gzhi'i steng du sgrub pa/} that which exists upon its own examples\n3. {rang gi mtshan nyid las gzhan pa'i chos gzhan gyi mtshon bya mi byed pa/} that which does not beco...
རྟག་ཆད			The views of eternalism and nihilism. According to Prasangika Madhyamika this would be views asserting the true existence and total non-existence of phenomenon respectively.
རྟག་པ			[Nitya]/ Permanence; unconditioned phenomena which are not dependent on causes and conditions.
རྟག་མཐའ			The extreme of eternalism. Belief that something which is not validly existent is existent, e.g. the inherent-existence of a thing.
རྟགས			[hetu]/ 1. Signs; marks. 2. Reasons in the study of Buddhist logic.
རྟགས་ཚུལ་དང་པོ			The first mode of reasoning; the first mark of logical reasoning. The presence of the posited reason in the subject or the pervasion of the subject by the reason in a given correct logical syllogism.
རྟགས་ཚུལ་གཉིས་པ			The second mode of reasoning; the second mark of logical reasoning. The pervasion of the predicate by the reason in a syllogism.
རྟས་ཚུལ་གསུམ་པ			The third mode of reasoning; the third mark of logical reasoning. The non-pervasion of the negative of the predicate by the reason in a syllogism.
རྟགས་ལྟར་སྣང་གསུམ			[Tri hetvābhāsa]/The three wrong reasons. 1){ma grub pa'i rtags/} [asiddhahetu]/ unestablished reason 2){'gal ba'i rtags/} [viruddhahetu]/ contradictory reason 3){ma nges pa'i rtags/} [Anaikāntika-hetu]/ uncertain reason.
རྟགས་ཡང་དག་གསུམ			[Tri saṁyag hetavaḥ]/ The three correct reasons. 1){'brangs rtags yang dag} [kārya hetu]/ correct reason of effect 2){rang bzhin gyi rtags yang dag} [svabhāva hetu]/ correct reason of nature\n3. {ma dmigs pa'i rtags yang dag} [anupalabdhi hetu]/ correct reason of non-cognition.
རྟགས་ཡང་དག་ལ་རྒོལ་བའི་སྒོ་ནས་དབྱེ་ན་གཉིས			The two types of correct reasons according to the disputants. 1){rang don gyi rtags yang dag} correct for one's own purpose 2){gzhin don gyi rtags yang dag} correct reason for the other's purpose.
རྟགས་ཡང་དག་ལ་བསྒྲུབ་བྱའི་ཆོས་ཀྱི་སྒོ་ནས་དབྱེ་ན་གཉིས			The two types of correct reasons according to the way they are applied to the predicate. 1){sgrub rtags/} positive reason 2){'gal rtags/} negative reason.
རྟགས་ཡང་དག་ལ་བསྒྲུབ་ཚུལ་གྱི་སྒོ་ནས་དབྱེ་ན་གསུམ			The three types of correct reasons according to the way they are established. 1){don sgrub kyi rtags yang dag} that which establishes meaning 2){tha snyad sgrub kyi rtags yang dag} that which establishes only names.
རྟགས་ཡང་དག་ལ་བསྒྲུབ་བྱིའི་སྒོ་ནས་དབྱེ་ན་གསུམ			The three types of correct reasons according to the thesis, 1){dngos stobs kyi rtags/} reason based on cogent evidence 2){grags pa'i rtags/} reasons based on renown 3){yid ches kyi rtags/} reasons based on conviction.
རྟགས་ཡང་དག་ལ་མཐུན་ཕྱོགས་ལ་འཇུག་ཚུལ་གྱི་སྒོ་ནས་དབྱེན་གཉིས			The two types of correct reasons according to the way they are applied to the similar cases of the predicate. 1){mthun phyogs la khyab byed du 'jug pa'i rtags/} pervasive application to similar cases 2){de la cha gnyis su 'jug pa'i rtags/} dual application to similar cases.
རྟགསུ་རིགས			Signs and reasonings. Science of reasoning, one of the basic texts for logical studies in monastic universities.
རྟེན			[āṡraya]/ 1. Basis; support; that upon which something relies. 2. A dependent basis such as our rebirth. 3. Ritual objects, icons, images, offerings, deities and representations of Buddhas and Bodhisattvas.
རྟེན་གྱི་དབང་པོ་བདུན			The seven faculties of reliance; the seven powers that the mind depends upon in order to produce a mental perception. [1-5]{dbang po gzugs can pa lnga } the five physical faculties (see- {khams bco brgyad}, [2)][1-5]) 6){yid kyi dbang po/} of consciousness\n7. {srog gi dbang po/} the faculty of life
རྟེན་ཅན་གྱི་དབང་པོ་གཉིས			The two faculties of basis of sex. 1){pho'i dbang po} the male organ 2){mo'i dbang po/} the female organ.
རྟེན་ཅིང་འབྲེལ་ཡན་ལག་བཅུ་གཉིས			{rten cing 'brel bar 'byung /}\n[pratītyasamutpāda]/ Interdependent origination; dependent co-origination. The meeting or coincidence of causes and conditions for creating a thing or a situation. In general, the twelve links of interdependent origination dealing with the cycle of rebirth, and in ...
རྟེན་དང་བརྟེན་པ			The basis and the dependent; the reliance and the reliant; the residence and the resident.
རྟེན་འབྲེལ་གྱི་དཔེ་ཆོས་བཅུ་གཉིས			The twelve analogies for the twelve links of dependent origination. 1){ma rig pa ni rgan mo long ba dang 'dra/} ignorace is analogous to a blind old woman 2){'du byed rdza mkhan zhig dang 'dra/} connecting karma is analogous to a potter moulding a pot 3){rnam shes spre'u dang 'dra/} consciousness...
རྟེན་འབྲེལ་ཡན་ལག་བཅུ་གཉིས			[Dvādaṡāṅga pratītyasamutpāda]/ The twelve links of dependent origination. 1){ma rig pa/} [avidyā]/ ignorance 2){'du byed kyi las/} [saṁskāra]/ connecting karma 3){rnam shes/ }[vijñānam]/ consciousness 4){ming gzugs/} [nāma rūpam]/ name and form 5){skye mched} [āyatanam]/ sources of perception 6)...
རྟེན་འབྲེལ་ཡན་ལག་བཞི			The four links of dependent origination. 1){'phen byed kyi yan lag} projecting causes being ignorance, connecting karma and consciousness. 2){'phangs pa'i yan lag} projected results being name and form, sources of perception, contact and feeling. 3){mngon par 'grub par byed pa'i yan lag} the mate...
རྟོག་གེ་བ			[Tarkika]/ Dialectician; logician. Those who explain the hidden nature of phenomena through reasonings.
རྟོག་གེ་སླེ་ལྔ			[Раññа tarkavāda]/ The five schools of logic; the five schools of Hindu philosophy. 1){grangs can pa/}[Sāṁkhya] 2){rgyang 'phen pa/} [Lokāyata] 3){bye brag pa/}[Vaiṡeṣika]4){rig pa can pa/}[Vedāntika] 5){gcer bu pa/}[Nirgrantha]
རྟེན་གེའི་ཆིག་དོན་བརྒྱད			[Aṣṭa tarkapadārtha]/ The eight topics of logicians; the eight topics of discussion in the Valid Cognition ([pramanavartika]) text. 1){mngon sum yang dag/} [saṁyak pratyakṣa]/ correct direct perception 2){mngon sum ltar snang /} [abhāsa pratyakṣa]/ wrong direct perception 3){rjes dpag yang dag} [...
རྟོག་པ			[Vitarka]/ 1. Rough investigation. 2. Conceptualization or imagination. 3. Chapter. 4. Conceptual awareness.
རྟོག་པ་དོན་མཐུན			Conceptual awareness that conforms to reality, e.g. the correct inferential cognition apprehending the impermanence of sound.
རྟོག་པ་དོན་མི་མཐུན			Conceptual awareness that does not conform to reality, e.g, a wrong conceptual thought apprehending a rabbit with horns.
རྟོག་མེད་ལོག་ཤེས			Distorted non-conceptual awareness, e.g. the mistaken eye consciousness to which a mountain appears blue.
རྟོག་པ་བརྗོད་པའི་སྡེ			Utterences of realizations ([Avadānam]); parables. One of the twelve scriptural categories that explains a topic with illustrations and examples for easy comprehension.
རྟོགས་པའི་བསྟན་པ			The transmission of insights. One of the two kinds of Buddha's teachings that comprises insights and realizations gained through practice of the trainings.
རྟོགས་པས་བསྡུས་པ་དྲུག			The six qualities of Buddha's insight or realization from amongst the eighteen unshared qualities of a Buddha. 1){'dun pa nyams pa mi mnga' ba/} non-degenerating aspiration 2){brtson 'grus nyams pa mi mnga' ba/} non-degenerating efforts 3){dran pa nyams pa mi mnga' ba/} non-degenerating mindfulne...
རྟོན་པ་བཞི			The four reliances; the four correct reliances. The four principles to be followed when one embarks on a Buddhist path or teaching. 1){gang zag la mi rton chos la rton/} relying on teachings and not on the person 2){tshig la mi rton don la rton/} relying on meaning and not on the words 3){rnam sh...
ལྟ་ངན་བཅུ་དྲུག			[Soḍaṡa kudṛṣṭayaḥ]/ The sixteen wrong views; the view that; 1){bdag 'das pa'i dus na byung bar lta ba/} the self has existed in the past 2){bdag 'das pa'i dus na ma byung bar lta ba/} the self id not exist in the past 3){bdag 'das pa'i dus na byung ba dang ma byung ba gnyis ka yin par lta ba/} t...
ལྟ་བ་ཉི་ཤུ་རྩ་བརྒྱད			[Aṣṭaviṁsati kudṛṣṭayaḥ]/ The twenty-eight wrong views. 1){mtshan mar lta ba/} wrong view of truly existent marks 2){btags pa la skur 'debs kyi lta ba/} wrong view deprecating imputed phenomena 3){kun rtog la skur 'debs kyi ltab/} wrong view deprecating conceptualization 4){de kho na nyid la skur...
ལྟ་སྟངས་ཀྱི་དངོས་གྲུབ་བརྒྱད			The eight powerful glances; the eight yogic glances. The feats\ngained as signs of perfecting the first stage of anuttarayoga tantra practices. 1){shing rlon 'bras bu ma smin pa lta stangs byas pa tsam byis sa la ltung bar byed pa/}\nthe power to cast down unripened fruits by a mere glance 2){mkh...
ལྟ་ན་སྡུག			[Sudarṡana]/ Beautiful; good-looking; beautiful to behold.
ལྟ་བ་བཀའ་བཏགས་ཀྱི་ཕྱག་རྒྱ་བཞི			The four seals of Buddhist doctrine.\n1){'dus byas thams cad mi rtag pa/} all products are impermanent\n2){zag bcas thams cad sdug bsngal ba/} contaminated things are miserable\n3){chos thams cad stong zhing bdag med pa/} all phenomena are empty and selfless\n4){mya ngan las 'das pa zhi ba/} [[ni...
ལྟ་བ་ལྔ			[pañca dṛṣṭayaḥ]/ The five views. The five views of deluded wisdom. 1){'jig tshogs la lta ba/}[satkāya dṛṣṭi]/ view of the transitory collection 2){mthar 'dzin/}[antagraha dṛṭṣi]/ extreme view\n3. {lta ba mchog 'dzin/}[dṛṣṭi parāmarṡa]/ holding wrong views as superior 4){tshul khrims dang brtul z...
ལྟ་བ་གཉིས			1. 1){sgro 'dos kyi lta ba/} view of over estimation\n2){skur 'debs kyi lta ba/} view of underestimation.\n2. 1){rtag lta/} view of eternalism\n2){chad lta/} view of nihilism.
ལྟ་མིན་ལྔ			The five non-views. The five mental factors that are not views but are deluded minds. 1){'dod chags/} [rāga]/ desire - attachment\n2){khrong khro/} [krodha]/ hatred 3){nga rgyal/}[māna]/ pride 4){ma rig pa/} [avidyā]/ ignorance 5){the tshom/}[vicikitsā]/doubt.
ལྟུང་བ			[āpatti]/ Downfalls; A category of monk's precepts the transgression of which becomes a downfall.
ལྟུང་བ་སྡེ་ལྔ			[pañcāpatti dharma]/ The five classes of downfalls.\n1){pham pa/}[parājika]/ defeats\n2){lhag ma/}[saṁghāvaṡeṣaḥ]/ remainders\n3){lhung byed}[pāyattikā]/ propelling downfalls\n4){sor bshags/}[pratideṡanīya]/ individual confessions\n5){nyes byas/}[duṣkrṭam]/faults.
ལྟུང་བ་ན་སྣད			The minor partial downfalls. The breach of one of the four factors constituting a transgression of a monk's vows.
ལྟུང་བ་ཆེས་ན་སྨད			The major partial downfalls. The breach of two or more factors constituting a transgression of a monk's vows.
ལྷུང་བ་འབྱུང་པའི་སྒོ་བཞི			The four doors of downfalls.\n1){mi shes pa/} ignorance\n2){bag med pa/} unconscientiousness\n3){nyon mongs mang ba/} disrespect 4){ma gus pa/} excess of delusions.
ལྟུང་བཤགས			The confession of moral faults; the [sūtra] of confession in reliance upon the thirty-five Buddhas.
ལྟེ་བ་སྤྲུལ་པའི་འཁོར་ལོ			The wheel of emanation at the navel. The sixty-four petals of energy-channels located at the level of the navel like the upturned ribs of an umbrella branched out of the central energy-channel at the heart.
སྟུ་གོན་གྱི་ཆོ་ག			The preparatory rites. A part of the initiation ritual for empowerment preparing the ground for the actuai initiation ceremony. This entails preparatory rites for appeasing goddesses of the site chosen for initiation venue, preparatory rite concerning the deities of the practice, preparatory rite...
སྟག་ལུང་བཀའ་བརྒྱུད			Taglung Kagyud tradition. One of the lineages of the Kagyud tradition of Tibetan Buddhism stemming from the master Taglung Thangpa Chenpo.
སྟོང་མཆོད			The thousand offerings. The set of one thousand of each of\nthe five-fold offerings—flower, incense, butter lamp, scented\nwater and food traditionally represented by torma.
སྟོང་པ་ཉིད			[ṡūnyatā]/ Emptiness. The lack of inherent existence of phenomena; the highest view of reality in Buddhist philosophy.
སྟོང་པ་ཉིད་བཅུ་དྲུག			[ṣoḍaṡa ṡūnyatā]/ The sixteen emptinesses.\n1){nang stong pa nyid/}[adhyātma ṡūnyatā]/ the internal emptiness\n2){phyi stong pa nyid/}[bahirdhā ṡūnyatā]/ the external emptiness\n3){phyi nang stong pa nyid/}[adhyātma bahirdhā ṡūnyatā]/ the emptiness of both external and internal\n4){stong pa nyid ...
སྟོང་པ་ཉིད་བཅོ་བརྒྱད			[Aṣṭadaṡa ṡūnyatā]/ The eighteen emptinesses. On the list of the sixteen emptinesses (see-{stong pa nyid bcu drug}) add:\n17){dngos po med pa stong pa nyid/}[abhāva ṡūnyatā]/ the emptiness of the lack of a thing\n18){ngo bo nyid stong pa nyid/}[svabhāva ṡūnyatā]/the emptiness of naturalness.
སྟོང་པ་ཉིད་ཉི་ཤུ			[Viṁṡati ṡūnyatā]/ The twenty emptinesses. One top of the list of the sixteen emptinesses (see-{stong pa nyid bcu drug}) add:\n17){dngos po stong pa nyid/}[bhava ṡūnyatā]/ the emptiness of a thing\n18){dngos po med pa stong pa nyid/}[abhava ṡūnyatā]/ the emptiness of the lack of a thing\n19){rang...
སྟོང་པ་ཉིད་སྟོང་པ་ཉིད			[ṡūnyatā ṡūnyatā]/ The emptiness of emptiness. The lack of inherent existence of emptiness itself.
སྟོང་པ་བཞི			The four empties; the four voids. The four empties or the sense of vacuity that arises in conjuction with the four states of subtle consciousnesses, viz. the mind of radiant white appearance, the mind of radiant red increase, the mind of black near-attainment and the clear light mind, respectivel...
སྟོང་པའི་བསྐལ་པ			[ṡūnyā kalpa]/ The empty aeons. The twenty intermediate aeons after the destruction of this universe and the formation of the next during which sentient beings are born either in the formless or form realm.
སྟོང་སང			A state of vacuity. A state of expereincing an overwhelming sense of emptiness that a yogi experiences in his meditative concentration on emptiness.
སྟོང་གསུམ་གྱི་འཇིག་རྟེན་ཁམ			The Three Thousand World Realms. According to the Abhidharma tradition, the first thousand world system refers to one thousand world realms each containing the four continents, the sub-continents, the sun, the moon and the planets. A thousand times the first thousand world realms makes the second...
སྟོང་འདུཨུུལ			The Upper Vinaya lineage. The lineage of ordination that comes from the Ngari region of western Tibet. Lha Lama Yeshi Od, the Ngari King invited the Indian Pandita [Dharmapāla], his disciple [Sādhupāla], [guṇapāla] and [prajñāpāla] from whom Gyalwa Sherab of Zhang Zhung received ordination, who t...
སྟོན་པའི་གཏག་རབས་བདུན			The Seven Successors of the Buddha.\n1){'od srung /} [Kasyapa] 2){kun dga' bo/} [ānanda]\n3){sha na'i gos can/} [ṡāṇavāsin]\n4){nyer sbas/} [Upagupta]\n5){d+hi d+hi ka} [Dhitika]\n6){nag po/} [Kṛṣṇa]\n7){legs mthong chen mo/}[Mahasudarsana].
སྟོན་པའི་མཛད་ཆེནབཞི			The four great festivals of Buddha [ṡākyamuni].\n1){lha yul nas bab pa'i dus chen/} His descent from the [tuṣita] god realm\n2){chos 'khor dus chen/} turning of the wheel of doctrine\n3){cho 'phrul dus chen/} His day of victory through miracles\n4){sangs rgyas pa'i dus chen/} His attainment of co...
སྟོབས་ཀྱི་ཕ་རོལ་ཏུ་ཕྱིན་པ་བཅུ			[Daṡa balapāramitā]/ The ten perfections of powers.\n1){bsam pa'i stobs/}[āṡaya bala]/ the power of intention\n2){lhag pa'i bsam pa'i stobs/}[adhyāṡaya bala]/ the power of resolute intention\n3){gzungs kyi stobs/}[dhāraṇī bala]/ the power of retention\n4){ting nge 'dzin gyi stobs/}[samādhi bala]/...
སྟོབས་ལྔ			The five powers; the five forces.\n1. The five powers within the thirty-seven limbs of enlightenment.\n1){dad po'i stobs/}[ṡraddha bala]/ the power of faith\n2){brtson 'grus kyi stobs/}[virya bala]/ the power of enthusiastic perseverance\n3){dran po'i stobs/}[smṛti bala]/ the power of mindfulness...
སྟོབས་བཅུ			The ten powers (see- {de bzhin gshegs pa'i stobs bcu} or {byang chub sems pa'i stobs bcu}).
སྟོབས་དྲུག			The six powers; the six forces. The six powers that are aids to the attainment of the nine stages of mental fixation (see- {sems gnas dgu}) in the training of mental quiescence meditation.\n1){thos pa'i ostobs/}[ṡrūta bala]/ the power of hearing\n2){bsam pa'i stobs/}[] asaya bala]/ the power of c...
བརྟག་པ་རྣམ་པ་བརྒྱད			The eight sciences of examination.\n1){sa gzhi brtags pa/} the examination of earth\n2){rin po che brtag pa/} the examination of jewels\n3){ljon shing brtag pa/} the examination of trees\n4){gos brtag pa/} the examination of cloth\n5){bud med brtag pa/} the examination of women\n6){rta brtag pa/}...
བརྟན་མ་བཅུ་གཉིད			The Twelve Dharma Protectors; the twelve sister-protectors of Tibet who have promised to protect the Buddha Dharma, belonging to the class of mother tantra.\n1){rdo rje kun grags ma/} Dorje Kundakma\n2){rdo rje g.yab ma skyong /} Dorje Yamakyong\n3){rdo rje kun bzang ma/} Dorje Kunzangma\n4){rdo ...
བརྟུལ་ཞུགས			[Vrata]/ Ascetic practices. A term used to denote acts of penance involving religious practices; often associated with torturing one's body and exposing it to physical hardship for the attainment of spiritual goals. For a true Buddhist, these extreme practices are forbidden, however in tantric pr...
བརྟེན་པ་རྣམ་ཤེས་ཀྱི་ཁམས་དྲུག			The six consciousnesses that rely upon sensory powers (see-{khams bco brgyad}).
བརྟེན་པ་གཞིའི་ས			The ground of basic reliance. According to the Nyingma teachings this is the second spiritual ground attained during the first yogic stage. Since all realizations at this stage becomes the basis or foundation for achieving the path of\npreparation and others, it is knows as the ground of basic re...
བརྟེན་པའི་ཁྱད་པར་འགྲོ་བའི་ས			The ground of reliance for exalted progression. According to the Nyingma teachings this refers to the sixth ground attained at the level of the path of seeing, whereupon a Bodhisattva, in reliance upon directly seeing the meaning clear light, progresses higher and higher in achieving the twelve t...
བསྟན་འགྱུར			The Tangyur; the commentarial canon. The collection of i Tibetan translations of early Indian commentaries to Buddha's teachings which runs into 225 volumes with slight variations between different editions.
བསྟན་བཅོས			[ṡastra]/Treatises; commentanal works; commentarial texts.
བསྟན་བཅོས་ལྟར་སྣང་དྲུག			The six types of imperfect commentanal works; the six classes of imperfect commentarial works.\n1){don med pa'i bstan bcos/} the meaningless commentary\n2){sdon log pa'i bstan bcos/} the misleading commentary\n3){ngan g.yo'i bstan bcos/} the deceptive commentary\n4){brtse bral gyi bstan bcos/} th...
བསྟན་བཅོས་ཡམག་དག་གསུམ			The three types of perfect commentarial works; the three classes of perfect commentaries.\n1){don dang ldan pa'i bstan bcos/} the meaningful commentary\n2){sdug bsngal spong ba'i bstan bcos/}\nthat which dispells suffenngs\n3){sgrub pa lhur len gyi bstan bcos/} that which stresses practice.
བསྟན་པ			[ṡāsana]/ Teaching; doctrine. Teachings spoken by Buddha himself, or recorded into writing by later disciples in the form of commentaries. Technically, Buddha's teachings can be subsumed under two categories: the transmission of oral and recorded teachings (see- {lung gi bstan pa}) and the transm...
བསྟན་པ་ལྔ་དར			The Early Spread; the early period of Buddhism. The introduction of Buddhism during the Tibetan King Lha Tho-Tho-Ri Nyan-Tsen, and its steady spread until the irreligious King Lang Darma who destroyed it in the 10th century. This period of propagation of Buddhism in Tibet is known as the period o...
བསྟན་པ་ཕྱི་དར			The Later Spread; the later period of Buddhism. The revival of Buddhism in the 12th century starting from the eastern and western part of Tibet after a setback during the reign of King Lang Darma is known as the period of the later spread in the history of Tibetan Budhism.
བསྟན་བསྲུང			The protectors of the doctrine; the Buddhist protectors.
བསྟོད་ཆེན་བཞི			The four great praises; the four eulogies authorized by Je Tsong Khapa.\n1){ston pa la bstod pa rten 'brel bstod pa/} Praise of Dependent Origination, in praise of Buddha [ṡākyamuni]\n2){byams bstod gnyen gshin ma/} The Rapproachment, in praise of Maitreya\n3){'jam dbyangs la bstod pa bstod sprod...
བསྟོད་ཚོགས			The eulogies. The collection of writings of the Buddha, Bodhisattvas, masters and scholars in praise of any being or object of veneration.
ཐ་སྙད			[Vyavahāra]/ Name; terms; jargon; convention.
ཐ་སྙད་མགན་པོ			1. A glib person, only interested in words or literal conventions.\n2. One who was the first to give names to things, a name abbot.
ཐ་སྙད་བདེན་པ			[Vyavahārasatya]/ The conventional truth. A phenomenon that is real only to an ordinary consciousness, i.e. to a consciousness other than the meditative equipoise of an exalted being ([ārya]).
ཐ་སྙད་ལྔ་ལྔན་གྱི་མི			A person possessing five features. According to the Vinaya\ntradition these are:\n1){mi yin pa/} being a person\n2){smra shes pa/} being able to speak\n3){don go ba/} being able to understand the meaning of a language\n4){shes pa rang bzhin du gnas pa/} being in possession of a sound mind\n5){ma ...
ཐ་སྙད་གསུམ			The three features of a person.\n1){mi yin pa/} being a person\n2){shes pa rang bzhin du gnas pa/} having sound mind\n3){'dod khams pa'i sa pa yin pa/} living in the desire realm.
ཐ་དང་བཞི			[Catvāri bhedāḥ]/ The four types of differences; the four separate existences.\n1){rang lngog tha dad pa/} separate self-reversed identity\n2){ngo bo tha dad pa/} separate nature\n3){rigs tha dad pa/} separate family or class\n4){rdzas tha dad pa/} separate substantial entity.
ཐ་མའི་ཆ་མཐུན་ལྔ			The five fetters with respect to the last realm (also called,\n{tha ma'i cha mthun gyi kun sbyor lnga /}); the five fetters that bind one in the desire realm.\n[1-3]{mthong spang kun sbyor gsum/} the three constant letters to be abandoned on the path of seeing (see- {mthong spang kun sbyor gsum})...
ཐ་མལ་གྱི་འཆི་བ			The ordinary death; natural death.
ཐ་མལ་སྣང་ཞེན			Compulsive attraction to ordinary appearances. The idea of oneself as an ordinary person which must be abandoned through generating divine pride in the practice of deity yoga in order to produce divine vision and pride.
ཐབས་ཀྱི་དཀྱིལ་འཁོར			[Upāya maṇḍala]/ The method [maṇḍala]. The [maṇḍala]s representing paths:\n1){rdul mtshon gyi dkyil 'khor/} sand powdered [maṇḍala]\n2){ras bris kyi dkyil 'khor/} [maṇḍala] painted on cloths\n3){tshom bu'i dkyil 'khor/} heaped up [maṇḍala] (this could be just a heap of sand, grains, stones or met...
ཐབས་ཀྱི་ཐེག་པ			[Upāya yāna]/ The method vehicle. The tantric path is known as the method vehicle due its four special features (see- {gsang sngags kyi khyad chos bzhi}) that makes it superior in comparison to the perfection vehicle.
ཐབས་མཁས་བཅུ་གཉིད			The twelve skillful means of a Bodhisattva.\n1){sems can thams cad la snying rje dang lngan pa/} he is compassionate towards all beings\n2){rang bzhin ji lta ba bzhin mkhyen pa/} he knows their nature as it is\n3){bla med byang chub mngon du byed 'dod pa/} he aspires to attain supreme enlightenme...
ཐབས་མཁས་པའི་ཉེ་བའི་གཞི་ཤེས			The knowledge of the basis near to the resultant mother due to skill in means.
ཐབས་མཁས་སྦྱོར་བ་བཅུ			The ten trainings in skillful means. The special qualities of a Bodhisattva on the three pure grounds—the eighth, ninth and tenth.\n1){bdud bzhi las rgyal ba'i sbyor ba/} victonous from the four demons (see- {bdud bzhi})\n2){dom dam par mi gnas shing tha snyad du gnas pa'i sbyor ba/} abides in re...
ཐབས་མ་ཡིན་པའི་རིང་བའི་གཞི་ཤེས			The knowledge of the basis distant from the resultant mother due to lack of skill in means.
ཐབས་ཤེས་ཟུང་སྦྲེལ			The union of method and wisdom. The union of the mind of enlightenment and emptiness as method and wisdom respectively.
ཐམས་ཅད་ཡོན་པར་སྨྲ་བའི་སྔེ			[Mūlasarvāstivāda] School. One of the eighteen Hinayana schools. They assert all phenomena as included in the five categories (see- {gzhi lnga}), recite [sūtra]s in Sanskrit, their abbots are necessarily those belonging to the king's lineage, their multi-patched yellow upper shawl bears a wheel o...
ཐར་པ			[Mokṣa]/ [nirvāṇa]; state of liberation. Freedom from the sufferings of cyclic existence through overcoming the obscurations to liberation ({nyon sgrib}). A state of peace, and the primary goals of the [ṡrāvakas] and Pratyeka buddhas.
ཐལ་འགྱུར་ཁྱབ་པ་སྒོ་བརྒྱད			The eight types of logical pervasion.\n1){rjes khyab rnal ma/} correct subsequent pervasion (see- {rjes khyab rnal ma})\n2){rjes khyab phyin ci log} wrong subsequent pervasion (see- {rjes khyab phyin ci log})\n3){thur khyab rnal ma/} correct downwards pervasion (see- {thur khyab rnal ma})\n4){thu...
ཐལ་འགྱུར་བ			[prāsaṅgika] School; the consequentialists. A school of Madhyamika philosophy regarded as the highest of all Buddhist schools of philosophy representing Buddha [ṡākyamuni]'s ultimate view of reality. This school asserts not only the lack of true existence of all phenomena but also their lack of i...
ཐིག་ལེ			[Bindu]/ [ṡukra]/ Drop; essential drop, the seed for generating great bliss in the tantric practice of the male and female regerative fluid.
ཐིག་ལེ་དཀར་དམར			The white and red drops; the white seminal drops and red seminal drops of the father and mother respectively.
ཐུགས་ཀྱིས་བྱིན་གྱིས་བརླབས་པའི་བཀའ་གསུམ			The three kinds of Buddha's teachings resulting from his\nmental blessing. Teachings through:\n1){bsam gtan gyi byin gyis brlab pa'i bka'/} the blessings of concentration\n2){snying rje'i byin gyis brlabs pa'i bka'/} the blessings of compassion\n3){chos nyid kyis byin gyis brlabs pa'i bka'/} the ...
ཐུགས་དཀྱིལ			[Citta maṇḍala]/ The Mind Mandala. The divine [maṇḍala] visualized and retained in concentration meditation.
ཐུགས་ལྔ			The five types of minds of a Buddha. According to the Nyingma tradition these are: 1){mi rtog chen po'i thugs/} great non-conceptual mind\n2){mnyam pa chen po'i thugs/} the great balanced mind\n3){'gro ba grol ba'i thugs/} the mind for liberating sentient beings\n4){mi phyed rdo rje'i thugs/} the...
ཐུགས་ལྗགས་སྤྱན་གསུཨེམ			The three—heart, tongue and eye balls. Some of the highly realized masters leave their heart, tongue and eye balls untouched by fire at their cremation as a source of inspiration and devotion, symbolizing their blessings of body, speech and mind as relics for their followers.
ཐུགས་བདེན་པའི་བྱིན་གྱིས་བརླབས་པའི་བཀའ			The words of truth blessed by Buddha's mind. A type of teaching blessed by Buddha which can be heard from trees, sky, rays of lights, music, etc.
ཐུན་དྲུག་བླ་མའི་རྣལ་འབྱོར			The six-session guru yoga. The practice of the generation and completion stage yogas, technically to be done in six sessions of a day—dawn, morning, afternoon, evening, early night and late night. In the Gelug tradition, it is often recognized as a text of daily commitment after having received i...
ཐུན་མིན་ལོངས་སྐུའི་མཎཌལ			The uncommon [sambhogakāya maṇḍala]. A practice of [maṇḍala] offering made to one's spiritual master visualizing him or her as being a Sambhogakaya Buddha residing within a fully adorned Buddha field surrounded by an infinite number of goddesses.
ཐུན་མོང་གི་བཀའ་བབས་བཞི			The four common transmissions.\n1){phyag chen gyi bka' babs/} the transmission of [mahāmudra]\n2){pha rgyud kyi bka' babs/} the transmission of father tantra 3){ma rgyud kyi bka' babs/} the transmission of mother tantra\n4){'od gsal gyi bka' babs/} the transmission of clear light.
ཐུན་མོང་གི་དངོ་གྲུབ་བརྒྱད			[Aṣṭa sādhārana siddhayaḥ]/ The eight common powerful attainments; the eight common feats; the eight siddhis common to both Buddhist and Hindu traditions. According to Buddhist tantra, these are believed to be the external signs of maturing the completion stage practices.\n1){ril bu'i dngos grub/...
ཐུན་མོང་གི་ཐེག་པ་གསུམ			The three common vehicles. According to the Nyingma tradition these are:\n1){nyam thos kyi sheg pa/} the Hearer's vehicle 2){rang rgyal gyi theg pa/} Solitary Realizer's vehicle\n3){byang sems kyi theg pa/} the Bodhisattva's vehicle.
ཐུན་མོང་སྤྲུལ་སྐུའི་མཎཌལ			The common [nirmāṇakāya maṇḍala]. A practice of [maṇḍala] offering in which one visualizes all the excellent riches of gods and human beings, roots of virtues and resources in the form of the [maṇḍala] articles and are offered to one's own spiritual master visualizing him or her as being a [nirmā...
ཐུན་མོང་བའི་དབང་ཕྱུག་གི་ཡོན་ཏན་བརྒྱད			also/ {dbang phyug brgyad/}\nThe eight common features of glory; the eight qualities or siddhis common to worldly feats.\n1){gzugs phra ba'i yon tan/} subtle physical form\n2){gzugs rags pa'i yon tan/} gross physical form\n3){yang ba'i yon tan/} weighing little\n4){khyab pa'i yon tan/} pervasive\...
ཐུན་མོང་བའི་སྲུང་འཁོར			The common protection wheel. The meditation and visualization of a protection wheel common to all the four classes of tantra.
ཐུན་མོང་མ་ཡོན་པའི་བཀའ་བབས་བཞི			The four exclusive transmissions.\n1){gtum mo'i bka' babs/} the transmission of psychic heat\n2){sgyu lus kyi bka' babs/} the transmission of the illusory body\n3){'od gsal gyi bka' babs/} the transmission of clear light\n4){pho ba dang bar do'i bka' babs/} the transmission of consciousness trans...
ཐུན་མོང་མ་ཡོན་པའི་དབང་ཕྱུག་གི་ཡོན་ཏན་བརྒྱད			The eight uncommon features of glory; the eight qualities or siddhis uncommon to Tathagatas.\n1){skya'i yon tan/} quality of body\n2){gsung gi yon tan/} quality of speech\n3){thugs kyi yon tan/} quality of mind\n4){'phrul las gyi yon tan/} quality of virtuous energy.\n5){rdzu 'phrul gyi yon tan/}...
ཐུན་མོང་མ་ཡིན་པའི་རྣམ་མཁྱེན་གྱི་རྣམ་པ་སུམ་ཅུ་རྩ་དགུ་རྣམ་མཁྱེན་གྱི་ཐུན་མོང་མ་ཡིན་པའི་རྣམ་པ་སུམ་ཅུ་རྩ་དགུ			The thirty-nine qualities exclusive to the Omniscient Mind.\n[1-10]{stobs bcu/} [dasa balāni]/ the ten powers (see- {de bzhin gshegs pa'i stobs bcu})\n[11-14] {mi 'jigs pa bzhi/} [catvāri vaiṡāradyāh]/the four fearlessnesses (see-\n{mi 'jigaspa bzhi})\n[15-18] {so sor yang dag par rig pa bzhi/} [...
ཐུན་མཚམས			Intervals between meditation sessions; post-meditational periods.
ཐུན་བཞིའི་རྣལ་འབྱོར			The four session yoga. The meditation practiced in the four sessions of a day:\n1){tho rangs/} early dawn\n2){snga dro/} morning [З] {nyin gung /} day time (afternoon)\n4){srod/} dusk.
ཐུར་ཁྱབ			Downward pervasion. The pervasion that whatever is that predicate is the reason in a logical syllogism.
ཐུར་ཁྱབ་རྣལ་མ			Correct downward pervasion. The pervasion that whatever is the predicate is the reason in a logical syllogism. Synonymous with downward pervasion (see- {thur khyab})
ཐུར་ཁྱབ་ཕྱིན་ཅོ་ལོག			Wrong downward pervasion. The pervasion in a logical syllogism that whatever is the predicate is not the reason.
ཐུར་སེལ་གྱི་རླུང			The downward moving wind; One of the five principal energy-winds (see- {rtsa ba'i rlung Ing}) that control the lower sphincter muscles, holding and discharging faeces, urine, semen and menstrual blood.
ཐེ་ཚོམ་གསུམ			[Tri viciktsā]/ The three types of doubt.\n1){don 'gyur gyi the tshom/} doubt inclining towards fact/ factual doubt\n2){don mi 'gyur gyi the tshom/} doubt inclining away from fact/ non-factual doubt\n3){cha mnyam pa'i the tshom/} evently balanced doubt.
ཐེག་ཆེན			[Mahāyāna]/ The Greater Vehicle. The Bodhisattva vehicle leading to full enlightenment and is superior in seven ways (see {chen po bdun}) from the lower vehicles of the Hearers and Solitary Realizers. It has two types:\n1){phar phyin theg pa/} the perfection vehicle\n2){sngags kyi theg pa/} the s...
ཐེག་ཆེན་གྱི་སྒྲུབ་པ་སྒོམ་ལམ			[Mahāyāna pratipatti bhāvanā mārga]/ The [mahāyāna] path of meditation of achievement. The uncontaminated [mahāyāna] path of meditation which is a cause for the attainment of the realizations of the first to the tenth level ofthe Bodhisattva's path.
ཐེག་ཆེན་སྒོམ་ལམ་གྱི་བྱེད་པ			[Mahāyāna bhavanā mārga karaṇa]/ The function of the\n[mahāyāna] path of meditation; the benefits derived through meditation on the [mahāyāna] path of meditation.
ཐེག་ཆེན་སྒྲུབ་པ་བཅུ་གསུམ			The thirteen achievements of [mahāyāna]; the thirteen trainings of the [mahāyāna] path:\n[1-4] {nges 'byed cha mthun bzhi/} the four levels of the path of preparation (see- {nges 'byed cha mthun bzhi})\n5){mthong lam/} path of seeing\n6){sgom lam/} path of meditation\n7){gnyen po'i sgrub pa/} ach...
ཐེག་ཆེན་སྒྲུབ་པ་རང་དབང་དུ་འཇུག་པའི་རྒྱུ་སྤྱན་ལྔ			The five eyes (see- {span lnga}) that are the cause for engaging independently in the [mahāyāna] path of achievements.
ཐེག་ཆེན་སྒྲུབ་པའི་ཆེད་དུ་བྱ་བ་གསུམ			The three aims of [mahāyāna] achievements.\n1){sems dpa' chen po/} [mahāsattva]/ greatness of thought\n2){spong ba chen po/} [mahāprahāṇa]/greatness of elimination\n3){rtogs pa chen po/} [adlṅgamamahattva]/greatness of insights.
ཐེག་ཆེན་སྒྲུབ་པའི་དམིག་པ་བཅུ་གཅིག			The eleven objects of observation of the [mahāyāna] achievements.\n1){dge ba/} [kuṡala]/ wholesome phenomena\n2){mi dge ba/} [akuṡala]/ unwholesome phenomena\n3){lung ma bstan/} [avyākṛta]/ unspecified phenomena\n4){'jig rten pa/} [lokika]/worldly phenomena\n5){'jig rten las 'das pa/} [lokottara]...
ཐེག་ཆེན་འཕགས་པ			[Mahāyāna ārya]/ A [mahāyānist] Noble Being; a [mahāyāna ārya] A practitioner of the greater vehicle on or above the path of seeing who has gained direct insight into emptiness.
ཐེག་ཆེན་མོས་པ་སྒོམ་ལམ			[[mahāyāna]dhimukti bhavana marga]/ [mahāyāna] path of meditation of belief. The [mahāyāna] path of meditation that is believed to be the source of fulfilling the purpose of self, others and both.
ཐེག་ཆེན་གསོ་སྦྱོང			The [mahāyāna] precepts or vows. An ordination of the [mahāyāna] tradition normally accepted for twenty hours during special occasions in the presence of a master or an image of the Buddha, taken by both lay and ordained Buddhists. This entails generating the mind of enlightenment and pledging to...
ཐེག་མཆོག་འཁོར་ལོ་བཞི			The four wheels of the supreme vehicle; the four essential factors for a Mahayanist practitioner.\n1){mthun par gyur ba'i yul na gnas pa/} living in a conducive place\n2){skye bo dam pa la brten pa/} relying upon a holy person\n3){smon lam btab pa/} making prayers\n4){bsod nams bsags pa/} accumul...
ཐེག་པ་ཆེན་པའི་དགེ་བའི་བཤེས་གཉེན་གྱི་མཚན་ཉིད་བཅུ			[Daṡa mahāyāna kalyāṇamitra guṇāḥ]/ The ten qualities of a [mahāyāna] spiritual master.\n1){lhag pa tshul khrims kyi bslob pas dul ba/} in his higher training of discipline he is humble\n2){lhag pa ting nge 'jin gyi bslab pas zhi ba/} his higher training of concentration he is peaceful\n3){lhag p...
ཐེག་པ་གཉིས			The two vehicles.\n[1)]\n1){theg chen/} [[mahāyāna]]/ the greater vehicle\n2){theg dman/} Hinayana/ the smaller vehicle.\n[2)]\n1. {rgyu pha rol tu phyin pa'i theg pa/} the causal perfection vehicle\n2. {'bras bu gsang sngags kyi theg pa/} the resultant mantra vehicle.
ཐེག་པ་རིན་པ་དགུ			The nine vehicles; the nine paths (see- {rnying ma'i theg pa rim pa dgu}).
ཐེག་པ་གསུམ			[triyāna]/ The three vehicles; the three causal vehicles.\n1. {snyan thos kyi theg pa/} [ṡrāvaka yāna]/ Hearer's vehicle\n2. {rang rgyal gyi theg pa/} [pratyekabuddha yāna]/ Solitary Realizer's vehicle\n3. {theg chen gyi theg pa/} [mahāyāna]/ Greater vehicle.
ཐེག་དམན			[hīnayāna]/ Lower vehicle; the lesser vehicle. Path followed by [ṡrāvakas] and Pratekya Buddhas which leads to the attainment of liberation from cyclic existence.
ཐེག་དམན་དགྲ་བཅོམ་པ་གཉིས			[dvi hīnayāna arhat]/ The two Arhats of the lower vehicle.\n1. {nyan thos kyi mi slob pa/} Arhat of the Hearer vehicle\n2. {rang sangs rgyas kyi mi slob pa/} Arhat of the Solitary realizer's vehicle.
ཐེག་དམན་ས་བརྒྱད			[aṣṭa hīnayāna bhūmayaḥ]/ The eight spiritual grounds of the lower vehicle.\n1. {dkar po rnam par mthon pa'i sa/} [ṡukla vidarṡanā bhūmi]/ the ground of seeing virtuous dharma\n2. {rigs kyi sa/} [gotra bhūmi]/ the ground the family\n3. {brgyad pa'i sa/} [aṣṭamaka bhūmi]/ the eighth ground\n4. {mt...
ཐེར་ཟུག་གི་དངོས་པོ			The unchangeable phenomenon; the permanent existents.
ཤོག་མ་དང་ཐ་མ་མེད་པའི་སྟོང་པ་ཉིད			[anavarāgraṡūnyatā]/ The emptiness of that which is without beginning or end. One of the sixteen types of emptinesses (see {stong nyid bcu drug}), the emptiness of the beginninglessness and endlessness of cyclic existence.
ཐོགས་མེད			[ārya Asaṇga]. The brother of Vasubandhu and the founder of the [cittamātrin] school of thought. He was the pioneer of the lineage of extensive deeds (rgya-chen spyod-rgyud) and is famous for bringing the Five Wort ofMaitreya (see {byams chos sde lnga}) from Tusita heaven. His works include the F...
ཐོགས་རེག་ཅད་གྱི་དངོས་པོ			Tangible objects; obstructive things.
ཐོས་བསམ་སྒོམ་གསུམ			[ṡruta cintā bhāvanā]/ The threefold practice of study, contemplation and meditation.
མཐའ་ཁོབ་ཀྱི་མི			A human from a remote place. To be born as a barbarian or among men dwelling in a country far from the place of the eight conducive factors (see {dal ba brgyad}) preventing the practice of religion.
མཐའ་གཉིས			The two extremes. A.\n1. {rtag mtha'/} [nityānta]/ extreme of eternalism\n2. {chad mtha'/} [ucchedānta]/ extreme of nihilism.\nB.\n1. {srid pa 'khor ba'i mtha'/} extreme of cyclic existence— [saṁsara]\n2. {zhi ba myang 'das kyi mtha'/} extreme of peace— [nirvāṇa]\nС.\n1. {yod mtha'/} [astyanta]/ ...
མཐའ་བཞི			A. The four extreme beliefs in the inherent existence:\n1. {bdag las skye ba/} [ātmaja]/ production from self\n2. {gzhan las skye ba} [paraja]/ production from others\n3. {gnyis ka las skye ba/} [ubhayaja]/ production from both\n4. {rgyu med las skye ba/} [akāraṇaja]/ production without causes.\n...
མཐའ་ལས་འདས་པ་སྟོང་པ་ཉིད			[atyanta ṡūnyatā]/ That emptiness of that which is beyond extremes. One of the sixteen types of emptinesses (see {stong pa nyid bcu drug}), the emptiness of reality free of the two extremes—the extreme of existence and non-existence.
མཐར་གྱིས་གནས་པའི་སྙོམས་འཇུག་དགུ			The nine meditative absorptions existing in series.\n1-4. {bsam gtan gyi snyoms 'jug bzhi/} [catvāri dhyāna samāpattayaḥ]/ the four types of meditative absorptions of the form realm (see {bsam gtan gyi snyoms jug bzhi}) 5-8. {gzugs med kyi snyoms 'jug bzhi/} [catvāri arūpa samāpattayaḥ]/ the four...
མཐར་གྱིས་སྦྱོར་བ			[anupūrva prayoga]/ The Serial Training. A Bodhisattva's wisdom which through serial meditation upon the 173 aspects of the three wisdoms (the basis, path and resultant wisdom) gains firm understanding of these aspects.
མཐར་གྱས་སྦྱོར་བ་མཚོན་བྱེད་ཀྱི་ཆོས་བཅུ་གསུམ			[tridaṡa anupūrva prayoga lakṣanāni]/ The thirteen topi charactesed by serial training. 1-6. {pha rol tu phyin pa dru gi mthar gyis sbyor ba/}\nThe serial training of the six perfections (see {phar phyin drag})\n7-12. {rjes su dran pa drug gi mthar gyis sbyor ba/} the serial training of the six r...
མཐར་མངོན་པར་རྫོགས་པ་སངས་རྒྱས་ཚུལ			The way in which Buddha finally attained Perfect Enlightenment. After accumulating merits for three countless aeons, he attained complete enlightenment in the celestial abode known as [akaniṣṭa], the Heaven Beneath None, in the name of Buddha Indraketudhvaja (dbang-po-tog) and displayed his attai...
མཐར་ལྟ			The extreme view. An extreme view of nihilism that takes the self from the view of the transitory collection (see {ljigs lta}) as its object and apprehends it as being permanent or non-capable of connecting to subsequent rebirth. The function of such a view hinders the realization of the middle w...
མཐར་ཐུག་གི་སྒྱུ་ལུས			The ultimate elusory body. The attainment of the state of union of a no-more learner, i.e. the sambhogakaya being of a Buddha by means of severing the karma and delusion through the force of the spontaneously born wisdom of the clear light mind ('od-gsal lhan-cig skyes-pa'i ye-shes).
མཤར་ཐུག་གི་འབྲས་བུའི་ཁྱད་ཆོས་གསུམ			The three qualities of the ultimate result or fruit.\n1. {ngo bo ka nas dag pa rig stong dbyer med/} the inseparability of intuitive awareness and emptiness as the primordial nature\n2. {rang bzhin lhun gyis grub pa galas stong dbyer med/} the inseparability of clarity and emptiness as the sponta...
མཐུན་རྐྱེན་ལྔ			The five favourable conditions. The five-fold conditions required of someone wishing to accept ordination as a monk or nun.\n1. {yul mchog gsum dang mkhan slob bzhugs pa dang /}\nthe presence of the Three Jewels, abbot and masters as the object of receiving ordination and not forsaking vows alrea...
མཐོ་རིས་ཀྱི་ཡོན་ཏན་བདུན			[sapta svargaguṇ_aḥ]/ The seven qualities of higher rebirth.\n1. {rigs bzang ba/} [kulaguṇa]/ better family-lineage\n2. {gzugs mdzes pa/} [rūpaguṇa]/ attractive physical features\n3. {tshe ring ba/} [cirāyuroguṇa]/ long life\n4. {nad med pa/} [arogaguṇa]/ good health\n5. {skal ba bzang ba/} [saub...
མཐོང་ཆོས་བདེར་གནས་ཀྱི་ལམ་ལྔ			The five paths bestowing peace in this life.\n1. {nam mkha' mtha' yas kyi dngos gzhi'i snyims 'jug} the actual meditative absorption of infinite space\n2. {rnam shes mtha' yas kyi dngos gzhi'i snyoms 'jug} the meditative absorption of infinite consciousness\n3. {ci yang med kyi dngos gzhi'i snyom...
མཐོང་ཐོབ་པ			[dṛṣṭi prāpta]/ One who has attained the correct view; a devotee by reason.
མཐོང་སྤང་ཀུན་སྦྱོར་གསུམ			The three constant fetters to be abandoned on the path of seeing.\n1. {'jig lta kun btags/} satkaya dr.s.t.i/ intellectual view of the transitory collection\n2. {tshul khrims dang brtul zhugs mchog 'dzin/} [ṡīlavrataparamārṡa]/ holding bad ethics and discipline to be superior\n3. {the tshem nyon ...
མཐོང་སྤང་འཇུག་པ་གཟུང་རྟོག་དགུ			The nine conceptions of grasping at the objects of\nengagement to be abandoned on the path of seeing. Grasping 1. {theg chen gyi lam 'bras spyi la dmigs pa/} the general [mahāyāna] paths and fruits 2. {theg chen lam gyi ngo bo la dmigs pa/} the nature of the [mahāyāna] paths\n3. {theg chen lam gy...
མཐོང་སྤང་བཏགས་འཛིན་རྟོག་པ་དགུ			The nine conceptions of grasping at the imputed objects to be eliminated on the path of seeing. The grasping at:\n1. {'bras bu don du gnyer bya mi thob pa la dmigs pa/} fruits wnich are\nimpossible to attain\n2. {lam la phyin ci log tu zhen pa la dmigs pa/} wrong apprehension of the paths\n3. {dg...
མཐོང་སྤང་སྡོག་པ་གཟུང་རྟོག་དགུ			The nine conceptions of grasping at the objects of elimination to be abandoned on the path of seeing. The grasping at:\n1.{_nyan rang gi lam 'bras rtogs pa dman pa la dmigs pa/} the lesser path; results and insights of the Hearer's vehicle\n2. {bdag rkyen yongs 'dzin dman pa la dmigs pa/} the les...
མཐོང་སྤང་རྗས་ཛིན་རྟོག་པ་དགུ			The nine conceptions of grasping at the substantial objects to\nbe abandoned on the path of seeing Grasping at:\n1. {blang dor la zhen pa/} those to be cultivated and abandoned\n2. {de'i kun slong la zhen pa/} their motivation\n3. {de'i nyes dmigs la zhen pa/} their faults\n4. {de dag bden par zh...
མཐོང་བའི་ས			[darṡana bhūmi]/ The stage of seeing. One of the seven stages of a Hearer (see {nyan thos kyi sa bdun}), the realization within the mental continuum of a person abiding on the level of fruit of the stream-winner, where the selflessness of person is cognized directly for the first time via a trans...
མཐོང་ལམ			[bhāvana mārga]/ The path of seeing. The third of the five paths to enlightenment, where a practioner cognizes reality directly for the first time.
མཐོང་ལམ་གྱི་བཟོད་པ་བརྒྱད			[aṣṭa bhāvanā mārga dharmakṣāntayaḥ]/ The eight moments of forbearance of the path of seeing. These are the eight moments of wisdom of the path of seeing known as the uninterrupted paths (bar-chad med-lam, see mthong-lam shes-bzod skad-cig bcu-drug—the eight forbearances and subsequent forbearanc...
མཐོང་ལམ་གྱི་ཤེས་པ་བརྒྱད			The eight moments of cognition of the path of seeing. These are the eight moments of wisdom of the path of seeing known as the path of thorough liberation (rnam-grol-lam, see mothong-lam shes-bzod skad-cig-ma bcu-drug—the eight cognitions and subsequent cognitions connected to the four noble trut...
མཐོང་ལམ་རྩོ་སྦྱོར་གྱི་སྤང་བྱ་རྟོག་པ་བཞི			The four conceptions to be abndoned on the peak training of the path of seeing. 1-2. {gzung rtog gnyes/} two conceptual graspings at the object (see {gzung rtog gnyis}) 3-4. {'dzin rtog gnyis}1 two conceptual graspings at the subject (see {'dzin rtog gnyis}).
མཐོང་ལམ་ཤེས་བཟོད་བསྐད་ཅིག་བཅུ་དྲུག			[ṣoḍaṡa darṡanamārgakṣāḥ]/ The sixteen moments of cognition and forbearance of the path of seeing.\n1. {sdug bsngal chos bzod/} [duḥkhe dharmakṣānti]/ forbearance with the reality of suffering\n2. {sdug bsngal chos shes/} [duḥkhe dharmajñānam]/ cognition of the reality of suffering\n3. {sdu ga bs...
དག་བ་གཉིས་ལྡན			The state free from the two delusions, obstructions to liberation and omniscience; Buddhahood.
དག་པ་བཞི			[catvāri pariṡuddhāḥ]/ The four punties; the four total purities of a Tathagata.\nA.\n1. {lus dag pa/} pure body\n2. {dmigs pa dag pa/} pure objectives\n3. {sems dag pa/} pure mind\n4. {ye shes dag pa/} pure primordial wisdom.\nB.\n1. {gnas dag pa/} pure abode\n2. {lus dag pa/} pure body\n3. {lon...
དག་པ་ས་གསུམ			The three pure stages of Bodhisattva; the last three grounds of a Bodhisattva—the eigth, ninth and tenth, where he or she is totally free of pride.
དག་བའི་སྒྱུ་ལུས			[pariṡuddha māyakāya]/ The pure illusory body. One of the practices carried out in the completion stage practice of tantra. Meditating upon the illusory nature of the entire residence and resident [maṇḍala].
དག་རྫོགས་སྨིན་གསུམ			The three principles of purification, completion and ripening. A feature explained in the Nyingma tantra where each step of the generation stage practice is qualified by these three basic principles.
དང་པོ་ཐུགས་བསྐྱེད་ཚུལ			The way in which Buddha first generated the Bodhimind. A. According to the Hinayana tradition, Buddha [ṡākyamuni] first generated the mind of enlightenment in the presence of Buddha [ṡakya Mahāmuni] (sha-kya thub-chen). B. According to [mahāyāna] tradition, he first generated the Bodhimind while ...
དང་པོ་སྦྱོར་བའི་ཏིང་ངེ་འཛིན			The concentration of first union. One of the three concentrations of the generation stage practice. It is the first because the concentration of the principal male and female deities which become the origin or source of emanating all other deities of the [maṇḍala], take over the other two concent...
དད་པ་རྣམ་གསུམ			The three types of faith.\n1. {yid ches pa'i dad pa/} convinced faith\n2. {dang ba'i dad pa/} pure faith\n3. {mngon 'dod kyi dad pa/} longing faith.
དད་པ་བཞི			The four types of faith.\n1. {yid ches pa'i dad pa/} convinced faith\n2. {dang ba'i dad pa/} pure faith\n3. {mngon 'dod kyi dad pa/} longing faith.\n4. {phyir mi ldog pa'i dad pa/} the irreversible faith.
དད་པའི་སྟོབས			[ṡraddha bala]/ The power of faith. One of the five powers of the thirty-seven auxiliaries to enlightenment (see {byang phyogs so bdun}); an overwhelming faith in the three jewels free of any obstacles that oppose faith.
དད་བའི་ནོར			[ṡraddhā dhanam]/ The wealth of faith. One of the seven possessions of the noble ones (see {'phags pa'i nor bdun}); the convinced faith in the law of causality which helps turning one's mind towards the dharma; analogous to a precious wheel.
དད་པའི་དབང་པོ			[ṡraddhendriya]/ Faculty of faith. One of the five faculties of the thirty-seven auxiliaries to enlightenment (see {byang phyogs so bdun}); an overwhelming conviction in the four noble truths.
དད་པའི་ས			[ṡraddhā bhūmi]/ The ground of faith. The stage of a spiritual path where a practitioner is predominantly skillful in the practice of faith, efforts, mindfulness, concentration and wisdom.
དམ་པ་དྲུག་ལྡན			The six-fold supreme ways. The six fundamental ways of accomplishing the six perfections (see {phar phyin drug}). These are:\n1. {rten dam pa byang chub kyi sems dang ldan pa/} maintaining the mind of enlightenment as the fundamental basis\n2. {dngos po dam pa sbyin sogs phyogs re ba ma yon par g...
དམ་པ་རིགས་བརྒྱ			The hundred supreme divinities. The one hundred deities according to Guhyasamaja meditation, visualized as the Victorious one's {rgyal ba'i phung po lnga ba de gshegs lnga/} five aggregates as the five Tathagatas; {khams bzhi yum bzhi/} four elements as the four consorts; {skye mched drug sems dp...
དམ་ཚིག་གི་རྫས་ཤ་ལྔ			[pañca samaya maṁsāḥ]/ The five fleshes of commitment.\n1. {mi'i sha} [manuṣya māṁsa]/ human flesh\n2. {glang po che'i sha} [hasti māṁsa]/ elephant flesh\n3. {ba glang gi sha} [go māṁsa]/ ox flesh\n4. {khyi'i sha} [kukkura māṁsa]/ dog flesh\n5. {rta'i sha} [aṡva māṁsa]/ horse flesh.
དམ་ཚིག་སེམས་དཔའ			[samayasattva]/ The commitment being. Generating oneself in the form of a deity according to the generation stage practice of tantra.
དམ་ཚིག་གསུམ་བཀོད			The threefold commitment beings. A. A type of Buddha [ṡākyamuni] images known as Dam-tshig sum-bkod, three samayas or pledges related to a Buddha's body, speech and mind (see {dam tshig sems dpa/ ye shes sems dpa' and ting nge 'dzin sems dpa'}). B. The three commitments to be observed:\n1. {khril...
དར་དཔྱངས			[paṭṭāṅka]/ Silk ribbons; tassels of silk threads that hang over the ears from a tantric ritual head-dress.
དལ་བ་བརྒྱད			The eight leisures; the eight freedoms.\nA. Four freedoms from the four fetters within human existence:\n1. {log lta can ma yin pa/} not holding wrong views\n2. {kla klor skye ba min pa/} not born in a barbaric land\n3. {rgyal ba'i bka' med pa'i yul du skye ba min pa/} not born in a place where B...
དལ་འབྱོར་གྱི་རྟེན			A fully endowed human rebirth. A human life which is characterized by the eight leisures (see {dal ba brgyad}) and the ten endowments (see {sbyor ba bcu}) thus making it suitable for practising Dharma.
དུག་གསུམ			The three poisons; the three poisonous delusions.\n1. {'dod chags/} [rāga]/ desire-attachment\n2. {zhe sdang /} [krodha]/ hatred-anger\n3. {gti mug} [moha]/ closed mindedness.
དུར་ཁྲོད་ཀྱི་ཆས་བརྒྱད			The eight adornments of an ascetic who dwells in a cemetery; the eight costumes of a cemetery Yogi.\n1. {mi mgo'i dbu rgyan/} he is crowned with human skulls\n2. {mi mgo'i do shal/} he wears a rosary of human heads carved in crystal\n3. {_glang chen gyi pags pa'i stod g.yog} he wears an elephant ...
དུར་ཁྲོད་ཆེན་པོ་བརྒྱད			[aṣṭa mahā ṡmaṡāna]/ The eight great cemeteries.\n1. {shar du gtu drug} The Fiery One to the east\n2. {byang du tshang tshing 'khrigs pa/} The Wilderness to the north\n3. {nub tu rdo rje 'bar ba/} The Vajra Fire to the west\n4. {lhor keng rus can/} The Skeleton Bound to the south\n5. {dbang ldan ...
དུར་ཁྲོད་པ			[smṡānika]/ He who dwells in a cemetery; an ascetic dwelling in a cemetery. There are three types of such practitioners: the initial practitioner dwells in the remains of the former charnel ground, the intermediate in the temporary charnel ground and the advanced in the permanent charnel ground.
དུས་ཀྱི་འཁོར་ལོ			[kālacakra]/ A tantric deity belonging to the highest class of tantra. When referred to it as a tantra, it can be understood as having three levels. 1. the outer [kālacakra] comprising the universe 2. the inner [kālacakra] comprising the system of energy channels, winds and drops of the inhabitan...
དུས་ཁྲིམས་ཡན་ལག་བརྒྱད			The eight precepts of a specific period (see {bsnyen gnas nan lag brgyad}).
དུས་ཆེན་བཞི			The four great festivals; the four holy occasions in Buddha's life.\n1. {dang po'i yar ngo la cho 'phrul dus chen/} the period when Buddha performed miracles from the 1st through 15th of the first Tibetan month\n2. {bzhi pa'i btsa lngar mngon par rdzogs par sangs rgyas pa'i dus chen/} the day whe...
དུས་ཆེན་གསུམ་འཛོམས			The combination of three festivals. The 15th of the 4th Tibetan month celebrated as Buddha's entering into the womb of his mother for conception; complete enlightenment; and passing away into [parinirvāṇa].
དུས་མཐིད་ཅིག་མ			The single instant of the end of time. According to Abhidharmkosa this is the period of time equivalent to one fraction of the sixty parts of a normal person's finger snap.
དུས་གཞན་ལ་དགོངས་པ			[kālāntarabhiprāya]/ Determining another time. Interpretive [sūtra] taught with reference to another time, e.g. the [sūtra] in which the Buddha taught, 'If you recite Sukhavati prayers you will immediately be born there', where the intention of the Buddha was that through proper practice of the p...
དེ་ཁོ་ན་ཉིད་བཞི			The four types of thatnesses; the four thatnesses of the Action tantra.\n1. {bdag gi de kho na nyod/} thatness of self\n2. {sngags kyi de kho na nyed/} thatness of mantra\n3. {lha'i de kho na nyid/} thatness of the deity\n4. {bsam gtan byi de kho na nyid/} fatness of concentration.
དེ་ཉིད་བཅུ			[daṡatattva]/ The ten suchnesses (see {nang gi de nyid bcu } and {phyi'i de nyid bcu}@{}).
དེ་ལྟར་བྱུང་བའི་སྡེ			[Itivṛttika]/ Legendary teachings. One of the twelve scriptural categories of Buddha's teachings reaching its audience through legends.
དེ་མ་ཐག་རྐྱེན			[samanantara pratyaya]/ Immediate condition. One of the four conditions (see {rkyen bzhi}) which produce a cognition; that perception just preceding the actual understanding of an object.
དེ་ཙམ་ལྔ			[pañca tanmātrāṇi]/ The five mere existents. According to the Sanikhya school of Hindu philosophy all phenomena are included into six categories.\n1. {gzugs/} [rūpa]/ form\n2. {sgra/} [ṡabda]/ sound\n3. {dri/} [gaṅdha]/ smell\n4. {ro/} [rasa]/ taste\n5. {reg bya/} spars'a/ object of touch.
དེ་བཞིན་ཉིད་གསུམ			The three suchnesses. According to The Compendium of Precepts ([abhidharma-samuccaya]), there is no difference in the suchness of all phenomena, however, due to the difference in their basis of existence there can be three suchnesses which are:\n1. {dge ba'i de bzhin nyid/} suchness of virtues\n2...
དེ་བཞིན་གཤེགས་པ་བཞི			The four Tathagatas.\n1. {rgyal ba rin chen mang /} Jinaratnabahulya\n2. {gzugs mdzes dam pa/} [Jinasarūpottama]\n3. {sku 'byams klas/} [Jinaru_pa-paryānta]\n4. {'jigs bathams cad dang bral ba/} [Jinasarkāyavimuktasena].
དེ་བཞིན་གཤེགས་པའི་སྟོབས་བཅུ			[daṡa tathāgata balāni]/ The ten powers of a Buddha.\n1. {gnas dang gnas min mkhyen pa'i stobs/} [sthānāsthāna jñāna balam]/ power of knowing right from wrong\n2. {las kyi rnam par smin pa mkhyen pa'i stobs/} [karma vipāka jñana balam]/ power of knowing the consequences of actions\n3. {mos pa sna...
དོན་གྱི་འོད་གསལ			The meaning clear light. The transformation of the basic clear light mind into its final form through meditation; a completion stage practice of tantra
དོན་གྲུབ་ཀྱི་དམ་ཚིག་གཉིས			The two pledges concerning the Buddha Amoghasiddhi.\n1. {sdom pa gsum gyi bcas pa mtha' dag bsrung ba'i dam tshig} safeguarding all precepts of the three vows\n2. {mchod pa'i dam tshig} pledges concerning the practices of offering and worship.
དོན་གཉིས			Two purposes; two goals.\n1. {rang don/} the purpose of self\n2. {gzhan don/} the purpose of others.
དོན་དམ་གཉིས			The two types of ultimate truths.\nA.\n1. {rnam grangs pa'i don dam/} the nominal ultimate truth\n2. {rnam brangs ma yin pa'i don dam/} the real ultimate truth.\nB.\n1. {mthun pa'i don dam/} the approximate ultimate truth\n2. {don dam dngos/} the actual ultimate truth.
དོན་དམ་གསུམ			The three types of ultimate truth.\n1. {don don dam pa/} [arthaparamārtha]/ ultimate meaning\n2. {thob pa don dam pa/} [prāptaparamārtha]/ ultimate accomplishment\n3. {sgrub pa don dam pa/} [siddhaparamārtha]/ ultimate practice.
དོན་དམ་བདེན་པ			[paramārtha satya]/ Ultimate truth. Generally referring to emptiness as opposed to the conventional phenomena.
དོན་དམ་པ་སྟོང་པ་ཉིད			[paramārtha ṡūnyatā]/ The emptiness of that which is ultimate. One of the sixteen types of emptinesses; the emptiness of [nirvāṇa].
དོན་དམ་པའི་སྐྱབས			[paramārtha ṡaraṇam]/ The ultimate object of refuge, i.e. the Buddha [ṡākyamuni].
དོན་དམ་པའི་མཚན་ཉིད་ལྔ			The five characteristics of the ultimate truth; emptiness.\n1. {brjod du med pa/} inexpressible\n2. {gnyis su med pa/} non-dual\n3. {rtog ge'i yul min pa/} not being an object of logicians\n4. {ro gcig pa/} single-taste\n5. {mtshan nyid med pa/} signiessness.
དོན་དམ་པའི་སྲུང་འཁོར			The ultimate protection wheel; meditation on the protection wheel by means of the primordial wisdom.
དོན་བདུན་ཅུ			[arthasaptati]/ The Seventy Topics. The seventy divisions of the eight realizations or topics (see {dngos po brgyad}).\n1-10. {rnam mkhyen mtshon byed kyi chos bcu/} the ten topics that characterize the omniscient mind (see {rnam mkhyen mtshon byed kyi chos bcu})\n11-21. {lam shes mtshon byed kyi...
དོན་སྦྱི			Meaning generality; generic image. The image of an object in thought or idea, e.g. the vase as it would appear in the imagination.
དེན་བྱེད་ནུས་པ			[arthakriyāṡakti]/ A functioning thing; effective phenomena. The class of phenomena that has the ability or power to effect changes. Synonymous to impermanence.
དོན་གཞན་ལ་དགོངས་པ			[arthāntarābhiprāya]/ Determining another meaning; intending another meaning. Interpretive [sūtra] indicating another meaning, e.g. the [sūtra], 'all phenomena lack inherent existence', to those who accept inherent existence as their basic philosophy.
དོན་གཟུངས			Meaning retention; retaining the meaning. Spiritual power of retaining the meaning of teachings that are received from the Buddhas and Bodhisattvas, e.g. the practice of the Bodhisat-tva levels and the ten perfections. This may also mean the power to retain the specific or general meaning of all ...
དོར་བ་མེད་པ་སྟོ་ང་པ་ཉིད			[anavakāra ṡūnyatā] The emptiness of that which is not to be abandoned. One of the sixteen types of emptinesses (see {stong pa nyid bcu drug}); the lack of inherent existence of the reality of all phenomena which is neither to be abandoned nor discarded.
དྭགས་པོ་བཀའ་བརྒྱུད			Dakpo Kagyud Tradition. The Kagyud tradition that comes from Marpa, Milarepa and Dagpo Lhaje (Gampopa); because this tradition flourished extensively during Dagpo Lhaje (1079-1153), the sun-like disciple of Milarepa, it is known as Dagpo Kagyud. A sub-school of Kagyud's mainstream.
དྲང་སྲོང			[ṛṣi]/ A Sage (Rishi); Lit. 'the righteous one'. Ancient vedic masters and practitioners; [mahārṣi] is used as an epithet for Buddha.
དྲན་པ་བཅུ			[daṡa smṛtiayaḥ]/ The ten mindfulnesses (see {rjes su dran pa bcu}).
དྲན་པ་ཉེ་བར་བཞག་པ་བཞི			[catvāri smṛtyūpasthānāḥ]/ The four close mindfulnesses; the four close contemplations. The four objects of mindfulness for mental quiescence meditation.\n1. {lus dran pa nye bar bzhag pa/}\n[kāya smṛtyūpasthāna]/ close contemplation of body\n2. {tshor ba dran pa nye bar bzhag ba/} [vedanā smṛtyū...
དྲན་པ་ཉི་བར་བཞག་པ་གསུམ			The three mindfulnesses of a Buddha.\n1. {gdul bya gus pas nyan pa la chags pa med pa/} he has no attachment towards those who listen respectfully\n2. {gus pas mi nyan ba la sdang ba med pa/} he has no hatred towards those who do not listen respectfully\n3. {'dres mar 'jug pa la gnyis ka min pa/}...
དྲི་བཅས་རྣམ་བརྫུན			The False Aspect ([cittamātrin]) School. A sub-school of the Mind Oniy school which asserts that the Buddha's primordial awareness is conjoined with the stains of dualistic appearence.
དྲི་དྲུག			[ṣaḍ gandhāḥ]/ The six types of smells; the six odours.\n1. {dri zhim pa/} [sugandha]/ sweet smell\n2. {dri nga ba/} [durgandha]/ bad smell\n3. {dri mnyam pa/} [samagaridha]/ indifferent smell\n4. {lhan skyes kyi dri/} [sahaja gandha]/ natural smell\n5. {sbyar byung gi dri/} [samyojaka gandha]/ a...
དྲི་མ་དྲུག			A. The six waste products of the body.\n1. {dri chin/} excrement\n2. {dre chu/} urine\n3. {mig skyag} eye mucus\n4. {rna spabs/} ear wax\n5. {mchil ma/} saliva\n6. {snobs/} snot.\nB. The six wrong attitudes to be discarded while listening to a teaching.\n1. {nga rgyal/} pride\n2. {ma dad pa/} lac...
དྲིམ་མེད་པ			[vimala bhūmi]/ The Stainless Ground. The second of the ten Bodhisattva grounds (see {sa bcu}) during which there is special practice of the perfection of moral discipline and self-control.
དྲི་མགསུམ			The three waste products. The three waste products of our body,\n1. {kha zas ska ba'i snyigs ma bshang ba/} faeces as the waste product of gross food\n2. {sla ba'i snyigs ma gcin/} urine as the waste product of liquids\n3. {drod kyi snyigs ma rngul nag} sweat as the waste product of the body's wa...
དྲི་མེད་རྣམ་བརྫུན			The True Aspect ([cittamātrin]) School. A sub-school of the [cittamātrin]s who assert that the primordial awareness of the Buddha is free from the stains of dualistic appearance.
དྲི་ཟ			[gandharva]/ The smell eaters. The intermediate beings, categorized as belonging to the class of hungry ghosts, who sustain on the smoke of burnt offerings.
དྲིན་ཅན་གྱི་ལོ་པཎ་གསུམ			The three kind master-translators. The three great translators of the eighth century in Tibet during the reign of King Trisong Deutsan:\n1. Jinamitra\n2. [dhanaṡīla]\n3. Zhang Yeshede.
དྲུག་པ་ཚེས་བཞི			The 6th of the 4th Tibetan month. The celebration of Buddha's turning of the wheel of doctrine of the four noble truths at [vārāṇasi]. One of the important Buddhist festivals.
དྲུག་སྡེ			[ṣaḍ vargika]/ The six close disciples of Buddha [ṡākyamuni],\nwho were punished by Buddha [ṡākyamuni] for their breach of disciplines.\n1. {dga' bo/} Nanda\n2. {nye dga' bo/} Upananda\n3. {'gro mabyogs/} [aṡvaka]\n4. {nabs so/} Punarvasu\n5. {'dun pa/} Chanda\n6. {'char ka/} [udāyi].
དྲེགས་པ་བཅོ་ལྔ			The fifteen types of arrogance.\n1. {tshul khrims kyis dregs pa/} arrogance of observing moral discipline\n2. {thos pas dregs pa/} arrogance of being learned\n3. {spos pas dregasapa/} arrogance of being proud\n4. {rnyed pas dregs pa/} arrogance of finding wealth\n5. {bkur stis dregs pa/} arroganc...
གདགས་གཞི			A basis of imputation, e.g. the five psycho-physical aggregates which are the basis for imputing 'person', 'I' or 'self.
གདན་གསུམ་གྱི་དཀྱིལ་འཁོར			The [maṇḍala] of threefold seats. The meditation of visualizing one's own physical aggregates, sensory faculties and sources of perceptions as a divine [maṇḍala] of threefold seats in their entirety.\n1. {phung khams gshegs pa gshegs ma'i gdan/} visualizing one's aggregates and sensory faculties ...
གདམས་ངག			[upadeṡa]/ Instruction. The essential spiritual communication—oral, written or intuitive, given by a guru to his disciple.
དལ་བ་ཆོས་ཉིད་ཀྱི་ས			The exalted ground of reality. According to the Nyingma teachings this refers to the ninth ground attained at the fifth level of yoga when a trainee transcends all apprehensions of the activity and appearance of reality through his experience of the inseparability of the objective ultimate meahin...
གདུང་རྒྱུད			Blood lineage; a hereditary hierarch. The patriarchal or matriarchal lineage holder of an exalted being, e.g. the heirs of the [ṡākya] tradition.
གདོད་མའི་སངས་རྒྱས			[ādibuddha]/ The primordial Buddha. The primordial Buddha, Samantabhadra. However, the basic primordial Buddha is recognized as the [tathāgata] essence within the mental continuum of all sentient beings.
གདོན་གསུམ			The three evil forces.\n1. {steng gdon gza' dang rgyu skar/} the planet of the upper world\n2. {bar gdon btsan dang rgyal po/} the mountain-gods of the intermediate world\n3. {'og gdon klu dang sa bdag} the nagas and earth-lords of the subterranean world.
བདག་རྐྱེན			The fundamental condition. Something which is the main producer of a result but does not actually transform it into its substantial continuity, e.g. the eye sense power that generates eye consciousness.
བདག་བསྐྱེད			[sādhana]/ Self-generation. A tantric practice of generating oneself into a deity and carrying out incantations of mantras and then dissolving into the sphere of emptiness at the conclusion, etc., according to a ritual-text ([sādhana]).
བདག་གི་དེ་ཁོ་ན་ཉིད			The suchness of self. One of the four suchnesses in action tantra meditation. In this meditation, also known as the pure reality deity of the right view, a trainee visualizes a deity within the understanding of one's mind being empty and clear and free of any elaboration and total pacification of...
བདག་གི་གཞི			The self-basis. In performance tantra it is the practice of self-generation in the form of a deity.
བདག་གཅིག་འབྲེལ			Relationship of identical nature, e.g. the relationship between a functional thing and an impermanent thing.
བདག་འཇུག			Self-empowerment; self-initiation. The practice of receiving initiation directly from the deity in the [maṇḍala] without a tantric preceptor; a lama before giving initiation to others receives self-initiation from the wisdom-beings and meditates himself being inseparable from the deity.
བདག་ཏུ་རྨོངས་པའི་མ་རིག་པ			The ignorance of self-nescience. This refers to the ignorance that is the root of cyclic existence. The lack of knowledge of reality through which one sees one's aggregates as permanent, blissful, being the self, being solid and being the person contradicting the real nature of phenomenal status.
བདག་ལྟ་གཉིས			The two types of view of self. The two wrong views of self to be refuted through logical reasoning.\n1. {chos kyi bdag tu lha ba/} [dharma ātmagrāha]/ the view of a self of person\n2. {gang zag gi bdag tu lta ba/} [puruṣātmagrāha]/ the view of self of phenomena.
བདག་ལྟ་ཉ་ཤུ			The twenty views of self; the twenty wrong views of self.\n1. {gzugs bdag tu lha ba/} the view of form as self\n2. {gzugs la bdag dang ldan par lta ba/} the view of self as possessing form\n3. {gzugs la bdag yod par lta ba/} the view of self as abiding in form\n4. {bdag la gzugs yod par ltab/} th...
བདག་ལྟ་ཉེར་ལྔ			The twenty-five views of self; the wrong views of self (see 1 -20, bdag-lta nyi-shu, above) plus:\n21. {bdag gzugs las gzhan du lta ba/} the view of self as other than form\n22. {bdag tshor ba las gzhan du lta ba/} the view of self as other than feeling\n23. {bdag 'du shes las gzhan du lta ba/} t...
བདག་པོའི་འབྲས་བུ			[adhipatiphala]/ Environmental results. One's own experience of environment which is a result of one's previous actions in association with the community or surrounding in which one resides, e.g. the local fields which will not yield crops.
བདག་བྱིན་གྱིས་བརླབ་པའི་རིམ་པ			The stage of blessing oneself. The ritual and rite of purifying one's impure body and faculties, thereby blessing these into three vajras—vajra body, speech and mind.
བདག་འབྲས			[adhipatiphala]/ The environmental result (see {bdag po'i 'bras bu}).
བདག་མེད			[nairātmya]/ Selflessness. The view of selflessness or the lack of an identity of independently existing phenomenon. There are two types:\n1. {gang zag gi bdag med/} [puruṣa nairātmya]/ the elflessness of person\n2. {chos kyi bdag med/} [dharma nairātmya]/ the selflessness of phenomena.
བདག་མེད་མ			[nairātmyā]/ She the Non-ego ([anātma]). The consort of Hevajra. Marpa's consort is also knwon by this name because of his spiritual association with the deity [hayagrīva]
བདག་མེད་ཕྲ་རགས			The gross and subtle selflessnesses. The lack of an independent and self-suficient person and the lack of the inherent existence of a person.
བདག་འཛིན་གཉིས			Two types of graspings at the self; the conceptual misapprehension of a truly existent self of either a person or a phenomenon.\n1. {bdag 'dzin kun btags/} intellectual grasping at the self\n2. {bdag 'dzin lhan skyes/} innate grasping at the self.
བདུད་ཀྱི་མདའ་ལྔ			The five evil arrows; the five evil influences.\n1. {chags par byed pa'i mda'/} that causing desirious attachment\n2. {rmongs byed kyi mda'/} that causing ignorance\n3. {nga rgyal gyi mda'/} that causing pride\n4. {'thab byed kyi mda'/} that causing conflict\n5. {g.yeng byed kyi mda'/} that causi...
བདུད་དགའ་རབ་དབང་ཕྱུག་གི་མེ་ཏོག་གི་མདའ་ལྔ			The five flower-arrows of the Lord of Desire; the five evil influences of lust.\n1. {dregs par byed pa'i mda'/} that causing arrogance\n2. {rmongs par byed pa'i mda'/} that causing ignorance\n3. {kun } {tu rmongs par byed pa'i mda'/} that causing strong ignorance\n4. {brgyal bar byed pa'i mda'/} ...
བདུད་རྩི་ལྔ			[pañcamṛtāni]/ The five nectars; the five substances for preparing an inner offering in tantric practices.\n1. {dra chen/} excrement\n2. {dri chu/} urine\n3. {rak+ta/} blood 4.{_maMs/} flesh\n5. {rdo rje'i zil pa/} white and red regenerative substances.
བདུད་བཞི			[catvāri mārāḥ]/ The four devils; the four evil forces.\n1. {phung po'i bdud/} [skandhamāra]/ the evil of the aggregates\n2. {nyon mongs pa'i bdud/} [kleṡamara]/ the evil of afflictions\n3. {'chi bdag gi bdud/} [mrṭyupatimāra]/ the evil of death\n4. {lha'i bu yi bdud/} [devaputramāra]/ the evil o...
བདུད་བཞི་ཕྲ་མོ			[catvāri sūkṣma mārāḥ]/ The four subtle evils; the four subtle hinderances.\n1. {phung po'i bdud phra mo/} [skandha sūkṣma māra]/the subtle evil of the aggregates, i.e. the aggregates caused by the latency of ignorance and uncontaminated actions\n2. {nyon mongs pa'i bdod phra mo/} [kleṡa sūkṣma m...
བདུད་བཞི་རགས་པ			[catvāri sthūla mārāḥ]/ The four gross evils; the four gross hinderances.\n1. {phung bo'i bdud rags pa/} [skandha sthūla māra]/ the gross evil of the aggregates, i.e. the contaminated aggregates\n2. {nyon mongs pa'i bdud rags pa/} [kleṡa sthūla mara]/ the gross evil of afflictions, i.e. the six r...
བདུན་རྣམ་དག			The seven pure practices.\n1. {bshags pa/} confession\n2. {rjes su yi rang/} rejoicing\n3. {don dam pa'i byang chub kyi sems bskyed pa/} generating the ultimate mind of enlightenment\n4. {skyabs 'gro} taking refuge\n5. {smon sems bskyed pa/} generating the aspiring mind of enlightenment\n6. {'jug...
བདེ་སྐྱོང་འཁོར་ལོ			[sukhapāla cakra]/ The wheel of sustaining bliss. The channel wheel located at the region of the secret organ which has thirty-two petals spreading out from the central channel like the ribs of an umbrella spreading downwards.
བདེ་འགྲོ			[sugati]/ Fortunate beings; happy migrators. Beings in the fortunate realm — humans, gods and demi-gods.
བདེ་ཚེན་འཁོར་ལོ			[mahāsukha cakra]/ The wheel of great bliss. The channel wheel located at the level of the third eye which has thirty-two petals spreading out from the central energy channel like the ribs of an umbrella spreading downwards.
བདེ་ཆེན་ཕྱག་རྒྱ་ཆེན་མོ			[mahāṁudrā]/ The [mahāmudrā] of great bliss. The [mahāmudrā] meditation according to the Kagyud tradition known as the [mahāmudrā] of the path of liberation (grol-lam phyag-rgya chen-mo)—the union of emptiness and the unchanging great bliss.
བདེ་ཆེན་ཞིང			[sukhāvatī]/ The [sukhāvatī] Buddha field. The abode of Buddha Amitabha called the Buddha field of great bliss in the western direction.
བདེ་སྟོང་དབྱེར་མེད			The inseparability of bliss and void; the unity of great bliss, the method, and emptiness, the wisdom aspect. Also the Guru [pūja] rite and meditation in the Gelug tradition.
བདེ་གཤེགས་མཆེད་བརྒྱད			The eight Medicine Buddhas (see {sman bla bde gshegs brgyad}).
བདེ་གཤེགས་སྙིང་པོའི་ཆོས་དྲུག			The six features of the [tathāgata] essence.\n1. {gzung 'dzin la sogs pa'i rtog pa med pa/} being free from grasping at subjective or objective phenomena\n2. {rnam par mi rtog pa'i snang ba med pa/} being free of a non-conceptual appearances\n3. {rdul phra rab kyi gzugs med pa/} being free of bod...
བདེན་པ་གཉིས			The two truths; the two divisions of truth.\n1. {kun rdzob bden pa/} [saṁvrti satya]/ the conventional truth\n2. {don dam bden pa/} [paramārtha satya]/ the ultimate truth.
བདེན་པ་དང་པོ་གསུམ་གྱི་རྣམ་པ་བཅུ་གཉིས			The twelve aspects of the first three noble truths.\n1. {med pa'i rnam pa/} aspect of non-existence\n2. {mi skye ba'i rnam pa/} aspect of non-production\n3. {dben pa'i rnam pa/} aspect of isolation\n4. {mi brdzi ba'i rnam pa/} aspect that cannot be repressed\n5. {gnas med pa'i rnam pa/} aspect la...
བདེན་པ་བཞི			[catvāri satyāni]/ The four noble truths.\n1. {sdug bsngal bden pa/} [duhkha satya]/ the truth of suffering\n2. {kun 'byung bden pa/} [samudaya satya]/ the truth of the origin of suffering\n3. {'gog pa'i bden pa/} [nirodha satya]/ the truth of cessation\n4. {lam gyi bden pa/} [marga satya]/ the t...
བདེན་བཞི་ཆོས་འཁོར			[catuḥ satya dharma cakra]/ The Turning of the Wheel of the Four Noble Truths. The teachings given by Buddha [ṡākyamuni], after his enlightenment, on the four noble truths to the five ascetics at Varahasi in which Buddha introduced the nature, function and effect of each truth thereby elucidating...
མདོ			[[sūtra]]/ the Discourses. The classification of Buddha's teachings, other than his tannic teachings, dealing with the gradual way of enlightenment.
མདོ་སྒྱུ་སེམས་གསུམ			The [sūtra], [māyā] and citta]. The three fundamental texts of generation, completion and {rdzogs chen } tradition of the Nyingma school of Tibetan Buddhism.\n1. {mdo dgongs pa 'dus pa/} The [sūtra] Integrating Essential Thoughts\n2. {rgyud skyu 'phrul drwa ba ste dpal gsang ba snying pa/} The Ta...
མདོ་སྡེ་པ			[sautrāntika] School. A school of Buddhist tenets of the lesser vehicle relying mainly on the original discourses of the Buddha and not on their commentaries. This school asserts the existence of self-awareness (rang-rig) and the existence of an external entity (phyi-don).
མདོ་སྡེའི་སྡེ་སྣོད			[sūtra piṭaka]/ Sets of discourses. That category of Buddha's teaching which consists chiefly of the instructions on higher training in meditative concentration.
མདོས			Crossed-thread ritual. This signifies either offering to gods or giving ransom to the spirits. In the case of the latter it maybe I called the Demon-trap ritual (mas-stags).
འདུ་བྱེད་ཀྱི་ཕུང་པོའི་རིགས་ཀྱི་ཆོས་ལྔ			The five phenomena on the level of the aggregate of compositional factors.\n1. {'du byed kyi phung po/} the aggregate of compositional factors\n2. {gzhi dus kyi bya sgrub ye shes/} the basic wisdom of accomplishment\n3. {rlung gi khams/} the element of wind\n4. {lce'i dbang po/} the tongue sense\...
འདུ་བྱེད་ཀྱི་ལས་གསུམ			The three types of compositional karmas.\n1. {bsod nams kyi las/} [kuṡala karma]/ meritorious karma\n2. {bsod nams ma yin pa'i las/} [akuṡala karma]/ non-meritorious karma\n3. {mi g.yo ba'i las/} [acala karma]/ unfluctuating karma.
འདུ་ཤེས་ཀྱི་ཕུང་པོའི་རིགས་ཀྱི་ཆོས་ལྔ			The five phenomena on the level of the aggregate of recognition.\n1. {'du shes kyi phung po/} the aggregate of recognition\n2. {gzhi'i sor rtogs ye shes/} the basic wisdom of analysis\n3. {me'i khams/} the element of fire\n4.{_sna'i dbang po/} the nose sense\n5. {rang rgyud kyi 'dus po'i dri/} th...
འདུ་ཤེས་དྲུག			A. The six recognitions.\n1. {mtshan bcas kyi 'du shes/} [lakṣaṇa saṃjñā]/ recognition with signs\n2. {mtshan med kyi 'du shes/} [anaudārika saṃjña]/ recognition without signs\n3. {rgya chung ba'i 'du shes/} [anaudārika saṃjñā]/ limited recognition\n4. {rgya che ba'i 'du shes/} [vistāra saṃjñā]/ ...
འདུན་པ་གསུམ			The three types of wishes.\n1. {'phrad 'dod kyi 'dun pa/} wish to accomplish one's aspirations\n2. {mi bral bar 'dod pa'i 'dun pa/} wish not to be separated from one's aspirations\n3. {don du gnyer ba'i 'dun pa/} aspired wish to fulfill one's aspirations.
འདུན་པ་སེམས་པའི་རྣལ་འབྱོར			The yoga of wishing aspiration. One of the five yogas (see {rnal 'byor lnga}) according to the Nyingma tradition. This refers to the wish to attain the clear fight of emptiness and the deity that has been visualized oniy at an imagination level on the path of accumulation.
འདུལ་བ་མདོ་རྩ་བ			[vinayamūlasūtra]/ The Root [sūtra] of Monastic Discipline. An extensive treatise on monastic discipline that summarizes the essential meanings of the four Vinaya [sūtra]s (see, next) by [ācārya Guṇaprabha] who is renowned for his authority on Vinaya teachings.
འདུལ་བ་ལུང་སྡེ་བཞི			[catvāri vinayāgama]/ The four categories of scriptures on the monastic discipline.\n1. {'dul ba lung ga zhi/} [vinaya vastu]/Basic Transmission on Monastic Discipline\n2. {'dul ba rnam 'byed/} [vinaya vibhaṅga]/ Distinguishing the Transmissions on Monastic Discipline\n3. {'dul ba phran tshegs/} ...
འདུས་བྱས་སྟོང་པ་ཉིད			[saṁskṛta ṡūnyatā]/ The emptiness of conditioned phenomena. One of the sixteen types of emptinesses; the lack of inherent existence of the three realms produced from the collection of causes and conditions.
འདུས་མ་བྱས་བརྒྱད			[asaṁskṛta]/ The eight types of uncollected phenomena; the eight permanent phenomena.\n1-3. {de bzhin nyid gsum/} the three suchnesses (see {de bzhin nyid gsum})\n4-5. {'du shes med pa dang /} {'gog pa'i snyoms 'jug gi dus kyi sems 'gag pa'i gnas skabs gnyis/} the two moments of the cessation of ...
འདུས་མ་བྱས་སྟོང་པ་ཉིད			[asaṁskṛta ṡūnyatā]/ The emptiness of uncollected phenomena. One of the sixteen types of emptinesses; the emptiness of permanent phenomena which exist without depending on the collection of causes and conditions, such as the lack of truly independent existence of space.
འདུས་མ་བྱས་བཞི			The four types of uncollected phenomena; the four permanent phenomena\n1. {so sorab gartas 'gog} the analytical cessation (see {so sor brtags 'gog})\n2. {so sor brtags min gyi 'gog pa/} the non-analytical cessation (see {so sor brtags min gyi 'gog pa})\n3. {nam mkha'/} space\n4. {de bzhin nyid/} ...
འདུས་མ་བྱས་གསུམ			The three types of uncollected phenomena; the three permanent phenomena according to [abhidharmakoṡa].\n1. {so sor brtags 'gog} the analytical cessation\n2. {so sor brtags min gyi 'gog pa/} the non-analytical cessation\n3. {nam mkha'/} space.
འདོད་ཁམས			[kāma dhātu]/ Desire realm. One of the three realms of existence; the realm in which consciousness is preoccupied with desire for the five sensual objects and sustains on gross food. This realm includes the states of hell beings, hungry ghosts, animals, humans, demigods and the gods of the desire...
འདོད་ཁམས་ཉི་ཤུ			The twenty states of the desire realm.\n1-8. {tsha dmyul brgyad/} the eight hot hells (see {tsha dmyal brgyad})\n9-12. {grang dmyal brgyad/} the four continents (see {gling bzhi})\n13-18. {'dod lha rigs drug} the six classes of gods within the desire realm (see {'dod lha rigs drug})\n19-21. {yi d...
འདོད་ཁམས་ཀྱི་སྒོམ་སྤང་དྲུག			The six objects of abandonment within the desire realm, to be eliminated by the path of meditation.\n1. {ma rig pa/} ignorance\n2. {'dod chags/} desire-attachment\n3. {khong khro} hatred-anger\n4. {nga rgyal/} pride\n5. {'jig lta/} view of the transitory collection\n6. {mthar lta/} extreme view.
འདོད་ཁམས་ཀྱི་མཐོང་སྤང་སོ་གཉིས			The thirty-two objects of abandonment within the desire realm, by the path of seeing. According to [abhidharmakoṡa] text there are:\n1. {'dod par sdug bden gyi spang bya bcu/} ten related to the truth of suffering,\n2. {kun 'byung gi spang bya bdun/} seven related to the truth of the origin of su...
འདོད་པའི་ཁམས་ཀྱི་སྤང་བྱ་དྲུག			The six objects of abandonment within the desire realm. The six types of delusions within the desire realm to be eliminated on the path of meditation (see {'dod pa'i sgom spang drug}).
འདོད་ཆགས་ལྔ			The five types of attachments.\n1. {phyi la chags pa/} Attachment to the outer\n2. {nang la chags pa/} Attachment to inner\n3. {sdug bsngal la chags pa/} Attachment to suffering\n4. {gzugs la chags pa/} Attachment to form\n5. {'dzig tshogs la chags pa/} Attachment to the collection of the transit...
འདོད་ཆགས་རིགས་བཞི			The four types of desire; the four ways of utilizing desire as the path in tantra.\n1. {gnyis gnyis 'khyud pa'i 'dod chags/} desire through looking\n2. {lag pa bcangs pa'i 'dod cha gas/} desire through smiling\n3. {rgod pa'i 'dod chags/} desire through touching\n4. {bsnyas pa'i dod chags/} desire...
འདོད་ཉོན			The delusions within the desire realm. This includes the six root delusions (see {rtsa nyon drug}) and the twenty near-delusions (see {nye nyon nyi shu}).
འདོད་ཉོར་སྐོར་དུག			The nine types of delusions within the desire realm; the nine delusions within the desire realm, to be abandoned by the path of meditation. The nine levels of delusion within the desire realm, categorized into three grades of strong, moderate and weak intensity for each of the three—strong, moder...
འདོད་པ་བཅུ་གཅིག			The eleven types of beings in the desire realm.\n1. {tsha dmyal/} hot hells 2. {grang dmyal/} cold hells 3.{_klu} [nāgas]\n4. {lha ma yin/} demigods\n5. {mi/} humans\n6-11. {'dod lha rigs drug} the six classes of gods in the desire realm (see {'dod lha rigs drug}).
འདོད་པའི་སྒོམ་སྤང་དགུ			The nine types of delusions within the desire realm to be abandoned on the path of meditation (see {'dod nyon skor dgu}). This division is based on the principle of taking all those delusions within the desire realm to be abandoned on the path of meditation as one delusion and then are divided in...
འདོད་པའི་སྒོམ་སྤང་ལྔ་ཅུ་རྩ་བཞི			The fifty-four types of delusions within the desire realm to be abandoned on the path of meditation. When each of the six delusions within the desire realm to be abandoned on the path of meditation (see {'dod pa'i sgom spang drug}) are divided into nine phases such as strong, moderate and small, ...
འདོད་པའི་སྒོམ་སྤང་དྲུག			The six types of delusions within the desire realm to be abandoned on the path of meditation. These are the six delusions within the desire realm:\n1-4. {'dod pa'i sgom spang bzhi/} the four types of delusions within the desire realm (see {'dod pa'i sgom spang bzhi})\n5. {'dod pa'i lhan skyes kyi...
འདོད་པའི་སྒོམ་སྤང་བཞི			The four types of delusions within the desire realm to be abandoned by the path of meditation.\n1. {ma rig pa/} ignorance\n2. {'dod chags/} desire-attachment\n3. {khong khro/} hatred-anger\n4. {nga rgyal/} pride.
འདེད་བའི་དད་བ			Longing faith. One of the four types of faith (see {dad pa bzhi}), the wish with respectful devotion to train on the paths leading to the attainment of unsurpassable enlightenment.
འདོད་པའི་རིག་འཛིན			The wish granting boon. A result of secret mantra practice attained at the heat level of the path of preparation, whereupon one's body retains the equal-state with that of a deity, one is able to perform powerful knowledge-mantras (rig-sngags) and siddhis, and gains control of longevity.
འདོད་ཡོན་ལྔ			A. The sensual objects: {gzugs sgra dri ro reg bya/} form, sound, smell, taste and touch.\nB. The five articles representing the five sensual objects {do dag so sor mtshon par byed pa'i mchod rdzas/}\n1. {me long /} mirror\n2. {pi wang /} guitar\n3. {dung chu/} conch-filled with water\n4. {sheng ...
འདོད་ལྟ་རིགས་དྲུག			The six classes of gods of the desire realm.\n1. {rgyal chen rigs bzhi/} [cātur mahārājakāyikāḥ]/ the four great Kings (see {rgyal chen rigs bzhi})\n2. {sum cu rtsa gsum/} [trāyāstriṁṡaḥ]/ the gods of the heaven of Thirty-three\n3. {'thab bul/} [yāmāḥ]/ the gods of non-combat\n4. {dga' ldan/} [tu...
འདོད་ལྷའི་འཆི་ལྟས་ལྔ			The five signs of death for a god of the desire realm.\n1. {gos la dre ma chags pa/} a bad smell is formed on his clothes\n2. {me tog gi phreng ba rnyings pa/} his flower garlands fade away\n3. {mchan khung du rngul 'byung ba/} sweat if formed in his armpits\n4. {lus la dri nga ba/} his body smel...
རྡུལ་རྫས་བརྒྱད་འདུས་ཀྱི་གོང་བུ			The entity composed of eight components. The objects compounded of different entities within the desire realm, for instance, an atom particle comprises earth, water, fire and wind as well as form, sound, smell and contact.
རྡུལ་རྫས་དྲུག་འདུས			The entity composed of six components. The atom particles within the form realm, which comprise form, touch and the four basic elements.
རྡོ་རྗེ			[vajra]/ Diamond-hard; adamantine sceptre. A symbol of strength and indestructibility; also a tantric ritual object_consisting of a cylindrical axis from which two sets of curved spokes, generally five or nine in number, radiate.
རྡོ་རྗེ་འཇིགས་བྱེད			[vajrabhairava]/ The Vajra Terrifier. A wrathful embodiment of [mañjuṡri] belonging to the highest yoga tantra.
རྡོ་རྗེ་ལྟ་བུའི་སེམས་བསྐྱེད			[vajropama samādhi]/ Diamond-hard like bodhicitta. The mind of enlightenment associated with the perfection of enthusiastic perseverance possessed by a Bodhisattva on the fourth ground.
རྡོ་རྗེ་གདན			[bodhgayā]. The holy place where Buddha [ṡākyamuni] achieved complete enlightenment under the Bodhi tree; a major site for Buddhist pilgrims situated about five miles south of the town of [gayā] in Bihar state, India.
རྡོ་རྗེ་གདན་བཞི			The four diamond-hard seats; the four vajra seats.\n1. {bdag gi gdan/} of self\n2. {gzhan gyi gdan/} of others\n3. {sbyor ba'i gdan/} of practice\n4.{_gsang ba'i gdan/} of secret.
རྡོ་རྗེ་སྤུན་གྲོགས			Vajra brothers an'd sisters. Fellow disciples who have received initiation together from the same master.
རྡོ་རྗེ་དམྱལ་བ			[vajra naraka]/ Vajra hell. The hell of non-respite (mnar-med) destination for those who abuse the tantric path and break their tantric precepts or have committed any of the five heinous crimes (see {mtshams med lnga}).
རྡོ་རྗེ་ཟླས་པ			[vajra japa]/ Vajra-recitation. A way of reciting mantras according to tantra
རྡོ་རྗེ་བཞི་བསྐྱེད			The four steps of vajra visualization. The meditation on the generation of a deity, in which one first meditates on emptiness and within this visualizes cushions of lotus, sun and so forth, then imagines rays of light coming out,of the cushions and the seed syllable, and withdrawing these back in...
རྡོ་རྗེ་གསུམ			The three diamond-hard convictions (of the Kadampa masters).\n1. {thebs med rdo rje/} the conviction to reject objections to one's secluded practices by parents and relatives\n2.{_khril med rdo rje/} the conviction to face embarrassment\n3. {ye shes rdo rje dang 'grogs pa/} the conviction to abid...
རྡོ་རྗེ་སེམས་དཔའ			[vajrasattva]/ A tantric deity dedicated to purification and elimination of unwholesome deeds; appears both in peaceful and wrathful forms.
རྡོ་རྗེ་སློབ་དཔོན			[vajrācārya]. Tantric master who gives initiations and precepts.
རྡོ་འཇིག			Taxila. An ancient site situated in the kingdom of Kapila which extended from the present day Bamiyan in Afghanistan to Swat in north-west Pakistan. Taxila was a renowned centre of Buddhist learning in the 7th century.
ལྡན་མིན་འདུ་བྱེད			[viprayukta saṁskāra]/ Non-associated compositional factor. Impermanent phenomena being neither form nor consciousness, e.g. a person.
ལྔན་མིན་འདུ་བྱེད་བཅུ་བཞི			[caturdaṡa viprayuktasaṃskārāḥ]/ The fourteen non-associated compositional factors.\n1. {thob pa/} [prāpta]/ attainment\n2. {ma thob pa/} [aprapta]/ non-attainment\n3. {skal mnyam/} equal state\n4. {'du shes med pa/} [sambhāga]/ non-perception\n5. {'du shes med pa'i snyoms 'jug} [asaṁjña samapatt...
ལྡན་མིན་འདུ་བྱེད་ཉེར་བཞི			The twenty-four non-associated composition factors.\n1-14 (see {ldan min 'du byed bcu bzhi}).\n15. {so skye/} ordinary person\n16. {'jug pa/} engagement or involvement\n17. {so sor ngos pa/} specific discernment\n18. {'byor 'brel/} combination\n19. {mabyogs pa/} speediness\n20. {go rim/} ranks\n2...
ལྡན་མིན་འདུ་བྱེད་ཉེར་གསུམ			The twenty-three non-associated compositional factors (see {gang zag ma yin pa'i ldan min 'du byed nyer gsum}).
ལྡེམ་དགོངས་བཞི			The four interpretative [sūtra]s (see {dgongs pa gtso bo ston pa'i ldem dgongs kyi mdo bzhi})—the four interpretative [sūtra]s primarily stressing the intention of the Buddha).
ལྡོག་ཁྱབ			Counter pervasion. The third logical mark or pervasion in a correct logical syllogism, stating that whatever is not the predicate is not the reason. Synonymous with the correct counter pervasion (see {Idog khyab rnal ma}).
ལྡོག་ཁྱབ་རྣལ་མ			Correct counter pervasion. The pervasion in a correct logical syllogism that whatsoever is not the predicate is not the reason.
ལྡོག་ཁྱབ་ཕྱིན་ཅི་ལག			Wrong counter pervasion. The pervasion in a logical syllogism that whatsoever is not the predicate is not that which is not the reason.
ལྡོག་པ			[nivṛtti]/ Reverse identity; isolated identity of the same thing. Apparently contradictory aspects of a thing having the same nature, e.g. the two faces of a coin which is a single entity with two distinct aspects.
ལྡོག་ཆོས་གསུམ			The three types of reverse identity.\n1. {rang yin pa'i ldog chos/} reverse identity of being itself\n2. {rang ma yin pa'i ldog chos/} reverse identity of not being itself\n3. {ldog chos phung sum tsam bo ba/} reverse identity of being neither.
སྡིག་སྒྲིབ			[pāpāvaraṇa]/ Evils; non-virtues and obscurations. Misdeeds acquired in the past lives or this life.
སྡུག་བསྔལ་གྱི་སྡུག་བསྔལ			[duḥkha duḥkhatā]/ The suffering of pain. The literal and gross\nsufferings sometimes called the double suffering, e.g. the feeling of sharp pain in the kidneys.
སྡུག་བསྔལ་བརྒྱད			[aṣṭa duḥkhātaḥ]/ Eight kinds of suffering. The eight sufferings that Buddha introduced while explaining the faults of the truth of suffering.\n1. {skye ba'i sdug bsngal/} [jāti duḥkham]/ suffering of birth\n2. {rga ba'i sdug bsngal/} [jarā duḥkham]/ suffering of aging\n3. {na ba'i sdug bsngal/} ...
སྡུག་བསྔལ་དྲུག			[ṣaḍ duḥkhatāḥ]/ Six types of suffering. The six miseries within\ncyclic existence.\n1. {nges pa med pa'i sdug bsngal/} suffering of uncertainty\n2. {ngoms pa med pa'i sdug bsngal/} suffering of dissatisfaction\n3. {yang nas yang du lus 'dor ba'i sdug bsngal/} suffering of\ndiscarding one's body ...
སྡུག་བསྔལ་བདེན་པའི་ཁྱད་ཆོས་བཞི			The four attributes of the noble truth of suffering.\n1. {mi rtog pa/} [anityam]/ impermanence\n2. {sdug bsnga la ba/} [duḥkhita]/ suffering/ misery\n3. {stong pa/} [s'u_nyam]/ emptiness\n4. {bdag med pa/} [anātmakam]/ selflessness.
སྡུག་བསྔལ་བཞི			The four types of suffering.\n1. {skye ba'i sdug bsngal/} [jāti duḥkham]/ suffering of birth\n2. {rga ba'i sdug bsngal/} [jarā duḥkham]/ suffering of old age\n3. {na ba'i sdug bsngal/} [vyādhi duḥkham]/ suffering of sickness\n4. {'chi ba'i sdug bsngal/} [maraṇa duḥkham]/ suffering of death.
སྡུག་བསྔལ་གསུམ			The three types of suffering.\n1. {sdug bsngal gyi sdug bsngal/} [duḥkha duḥkhatā]/ suffering of pain\n2. {'gyur ba'i sdug bsngal/} [vipriṇāma duḥkhatā]/ suffering of change\n3. {khyab pa 'du byad kyi sdug bsngal/} [saṁskāra duḥkhatā]/ pervasive suffering.
སྡུག་བདེན་གྱི་སྤང་བྱ་བཅུ			The ten objects to be abandoned by the truth of suffering. The realization of the truth of suffering within this desire realm involves abandoning\n1-5. {lha ba lnga /} the five views (see {lta ba lnga})\n6-10. {lta min lnga /} the five non-views (see {Ita min lnga}).
སྡུག་པའི་རྣམ་ཐར			Emancipation of a beautiful form. This is a kind of concentration within the form realm cultivated by a Yogi visualizing himself as having a very attractive form and taking all appearances to be of the same taste; one of the eight emancipations (see {rnam thar brgyad}).
སྡེ་སྣོད་གསུམ			[tripiṭaka]/ The three baskets of teachings. The way in which Buddha's teaching is classified in general into three divisions according to their subject matter and trainings they describe.\n1. {'dul ba'i sde snod/} [vinaya pitaka]/ the basket of teachings on moral discipline mainly emphasizes the...
སྡེ་སྨོད་གསུམ་ངོས་འཛིན་གྱི་ཕྱག			The obeisance for identifying the three baskets of teachings (see { sde snod gsum}). All Vinaya texts begin with the line, 'obeisance to the all-knowing one'. All [sūtrapiṭaka] texts begin with the line, 'obeisance to Buddhas and Bodhisattvas', and all [abhidharmapiṭakas] begin with the line, 'ob...
སྡོམ་གཉིས			The Two Compendiums. The two works of [asaṅga].\n1. {theg bsdus/} Compendium of the Greater Vehicle ([mahāyānasaṁgraha])\n2. {mngon pa kun btus/} Compendium of Knowledge ([abhidharmasamuccaya]).
སྡོམ་པ་ཉམས་པའི་རྒྱུ་བཞི			The four ways of losing vows (see {ltung ba'i sgo bzhi})
སྡོམ་པ་རྣམ་གསུམ			[trisaṁvara]/ A. The three classes of vows.\n1. {so thar gyi sdom pa/} [pratimokṣa saṁvara]/ the individual liberation vows\n2. {byang sems kyi sdom pa/} [bodhicitta saṁvara]/ the Bodhisattva vows\n3. {gsang sngags kyi sdom pa/} [mantra saṇvara]/ the tantric vows.\nB.\n1. {'dod}' {pa'i sas bsdus ...
བདའི་འགོག་པ			Symbolic negative phenomena, e.g. although emptiness is a\nmere absence of a truly existent nature it is not a negative thing.
བསྡུ་བ་རྣམ་བཞི			[catuḥsaṁgraha]/ The four compendiums; the four works of [asaṇga] on the [yogacāra] tenet.\n1. {gtan la dbab pa'i bsdu ba/} [niṃayasaṁgraha]/ Compendium of Ascertainment\n2. {gzhi bsdu ba/} [vastusaṁgraha]/ Compendium of Bases\n3. {rnam grangs bsdu ba/} [paryāyasaṁgraha]/ Compendium of Enumeratio...
བསྡུ་བའི་དངོས་པོ་བཞི			[catvāri saṁgraha vastūni]/ The four means of conversion; the four means of assembling disciples.\n1. {mkho ba sbyin pa/} [dānam]/ giving whatever is necessary\n2. {snyan par smra ba/} [priya vāditā]/ speaking pleasantly\n3. {don mthun pa/} [samānārthatā] helping others\n4. {don spyod pa/} [artha...
བསྡུས་གྲྭ			The Collected Topics. The basic texts on the Buddhist study of logic. Chapa Choekyi Senge (12th century A.D.) and others formulated this study as a key for studying Buddhist logic taught in Valid Cognition ([pramāṅa]). This text is studied in all the monastic universities of the Gelug order as a ...
བསྡུས་དོན་གསུམ			The three summarized topics; the three basic wisdoms.\n1. {gzhi shes/} [vastu jñāna]/ the basic wisdom\n2. {lam shas/} [mārga jñāna]/ the path wisdom\n3. {rnam mkhyen/} [sarvajñāna]/ the omniscient wisdom.
ནཱ་རོ་མཁའ་སྦྱོད་མ			[sarvabuddhaḍākinī]. A mantra practice of a female deity, Vajrayogini, with its lineage coming from the great Naropa.
ནཱ་རོ་ཆོས་དྲུག			The six doctrines of Naropa; the six yogas of Naropa There are two ways of listing these six yogas.\nA.\n1. {gtum mo'i rnal 'byor/} [caṇḍāli yoga]/ yoga of psychic heat\n2. {'od gsal/} [prabhāsvara yoga]/ yoga of clear light\n3. {sgyu lus/} māyākāya yoga]/ yoga of illusory body\n4. {bar do/} [ant...
ནཱ་རོ་བ			[naropa]/ A great Indian scholar and adept who, after serving as abbot of Nalanda, obtained the highest tantric teachings from Tilopa. His disciple, Marpa, took those teachings to Tibet and propagated the doctrine.
ནཱ་ལནྡཱ			[nālanda]/ The great monastery of [nālanda] in ancient Magadha in Bihar, India. One of the main places of pilgrimage for Buddhist devotees, also known as the birth place of [ṡariputra].
ནག་པའི་ཆོས་བཞི			The four negative conducts. The four transgressions of the Bodhisattva vows.\n1. {bla mar dbu bskor ba/} misleading the teacher\n2. {gzhan gyi dge ba la 'byod du bcug pa/} leading others to regret their virtuous deeds\n3. {theg chen du zhugs pa la skyon 'dogs pa/} disparaging those in the [mahāyā...
ནགས་ཁྲོད་པ			[vānaprastha]/ A forest dweller. One who forsakes his home to seek freedom from suffering and dwells as an ascetic in the forest.
ནང་གི་དཀྱིལ་འཁོར་གསུམ			The three inner mandates.\n1. {kun rdzob kyi dkyil 'khor/} [saṁvṛti maṇḍala]/ conventional [maṇḍala]\n2. {b+ha ga'i dkyil 'khar/} [bhaga maṇḍala]/ the female genital [maṇḍala]\n3. {don dam byang chub sems kyi dkyil 'khor/} [paramārtha bodhicitta maṇḍala]/ the [maṇḍala] of ultimate bodhicitta
ནང་གི་སྐྱེ་མཆེད་དྲུག			[ṣaḍ antarāyatanāni]/ The six inner sources of perception (see {dbang po drug}).
ནང་གི་ཁམས་དྲུག			[ṣaḍ antara dhātavaḥ]/ The six inner sense powers (see {khams bco brgyad} B.)
ནང་གི་དེ་ཉིད་བཅུ			The ten internal qualities; the ten inner qualities of a [vajrācārya].\n1. {bsrung 'khor bsgoms nas phyer bzlog la mkhas pa/} adept in dispelling interferences by means of meditation on the wheel of protection\n2. {'khor lo bris pa lus la btags bsogs kyi sgo nas phyur bzlog la mkhas pa/} adept in...
ནང་གི་བདུད			The internal demons. The mental adversities or demonic impulses created through imbalanced and disturbed attitudes of desire, hatred and closed-mindedness.
ནང་གི་གཡེང་བ			The inner distractions. One of the six distractions (see {rnam ga yeng drug}). Mental sloth, agitation and clinging to the experience that are obstructions to generating concentration.
ནང་རྒྱུད་སྡེ་གསུམ			The three inner tantras. According to the Nyingma tradition, these are:\n1. {rgyud ma hA yo ga} [mahāyoga]\n2. {lung a nu yo ga} Annuyoga\n3.{man ngag a ti ya ga} Atiyoga
ནང་མཆོད			Inner offering. An offering in mantrayana practice related to the secret initiation.
ནང་འཇུག			The initiations of entering into a [maṇḍala]. The process of initiation of placing the disciples into the [maṇḍala] of the deity by opening the curtain of the mansion. This involves entering the [maṇḍala] from the eastern gate and making circumambulation of the deities, binding the disciples to o...
ནང་སྟོང་པ་ཉིད			Adhyātma s'u_nyatā]/ Internal emptiness. One of the sixteen types of emptinesses (see {stong pa nyid bcu drug}); the lack of the true and independent existence of objects conjoined with consciousness, such as the cognitive eye power, and so forth.
ནང་དོན་བེམ་པ			Internal matter. Something which is composed of internal matter, e.g. such as the sense faculties.
ནང་ནུས་པའི་དབང་ལྔ			The five initiations of inner yoga practice. The initiations that are gateways to mahayoga tantra practice in the Nyingma tradition. For those with potentials to fulfill one's purposes:\n1. {nyan dbang /} initiation to listen\n2. {sgom dbang /} initiation to meditation. For those with potentials ...
ནང་པ་སངས་རྒྱས་པ			A Buddhist. One who accepts the Buddha, Dharma and [saṅgha] as the ultimate objects of refuge and protection.
ནང་པའི་གྲུབ་མཐའ			The Buddhist tenet. A philosophy that accepts the Three Jewels as the perfect object of refuge and the four seals of Buddhist doctrine (see {lta ba bkar btags kyi phyag rgya bzhi}).
ནང་མཛོད			The Nang Dzod scarf. A traditional offering scarf of a great quality depicting a design of auspicious symbols and writings.
ནི་གུ་མ			Niguma; Yogini Niguma The principal lama and meditational deity of the master Khyungpo Naljor, the founder of the Shangpa Kagyud lineage.
ནི་གུའི་ཆོས་དྲུག			The six doctrines of Yogini Niguma. The transmission of tantric practice that comes from Niguma.\n1. {gtum mo bde drod rang 'bar/} self-ignition of bliss through the yoga of psychic heat\n2. {sgyu lus chags sdang rang grol/} self-liberation from attachment and hatred through the yoga of the illus...
ནུས་པ་བརྒྱད			The eight types of inherent powers. The eight different powers of medicines rooted in their elemental composition.\n1-2. {lci ba dang snum pa gnyis kyis rlung nad sel ba/} heavy and oily, powerful for wind disease.\n3-4. {bsel ba dang rtul ba gnyis kyis mkhris nad sel ba/} coolness and dullness, ...
ནོར་བུ་ཆ་བདུན			The seven secondary jewels; the seven secondary precious objects.\n1. {rgyal bo'i rna cha/} a king's ear ring\n2. {btsun mo'i rna cha/} a queen's ear ring\n3. {_blon po'i rna cha/} a minister's ear ring\n4. {rnor bu mig gsum/} the three-eyed jewel\n5. {bse ru'i rwa/} a rhinoceros horn\n6.{_byu ru...
གནད་གསུམ			A. The three principles. The principal psycho-physical discipline to be maintained in the leap-over (thod-rgal) system of {rdzogs chen } meditation.\n1. {bca' ba lus kyi gnad sku gsum gyi bzhugs stangs gsum las mi g.yo ba/} stillness as the principle of the body seated in the manners of three kay...
གནམ་ལྕགས			A. Thunder and lightning\nB. An adamantine vajra, normally a discovered treasure-object of metal that has a soothing sound when beaten with a shadowy dark metal, unbeatable by other metals. Powerful for clearing hindrances and curing insanity.
གནས་ཀྱི་བླ་མའི་མཚན་ཉིད་བཅུ			The ten qualities of a resident teacher or guru.\n1. {brtan pa/} he is stern/firm\n2. {mkhas pa/} he is wise\n3. {lus tha mal du gnas pa/} he abides in his ordinary physical form\n4. {sa rang bzhin du gnas pa/} he is constantly aware of his vows and commitments\n5. {snying rje dang ldan pa/} he i...
གནས་སྐབས་བརྒྱད			The eight stages; the eight stages of the dissolution of elements and minds at death according to tantra.\n1-4. {sa chu me rlung /} the earth into water, water into fire, fire into wind, wind into consciousness\n5. {dkar lam/} consciousness into the mind of radiant white appearance\n6. {dmar lam/...
གནས་སྐབས་ཉེར་ལྔ			The twenty-five occasions of mental impulses; the twenty-five principles.\n1. {bde ba/} sukha/ happiness\n2. {sdug bsngal/} [duḥkha]/ suffering\n3. {btangasnyoms/} [upekṣa]/ indifference\n4. {chung nga}u{/} [alpa]/ weak\n5. {'bring /} [madhya]/ moderate\n6. {chen po/} br.hat]/ strong\n7. {dge ba/...
གནས་སྐབས་བཞི			The four states; the four states of experiencing objects through the six-fold consciousnesses following the maturation of energy channels, energy winds and essential drops in the human body.\n1. {gnyid 'thug po'i gnas skabs/} deep sleep state\n2. {rmi lam gyi gnas skabs/} dream state\n3. {sad pa'...
གནས་བསྐལ་གྱི་དུས་བཞི			The four periods of endurance of this universe.\n1.{_rdzogs ldan/} the perfected aeon (see {bskal pa rdzogs ldan}).\n2. {bskal pa gsum ldan/} the three-fold aeon (see {bskal pa gsum ldan})\n3. {bskal pa gnyi ldan/} the two-fold aeon (see {bskal pa gnyis ldan}).\n4. {rtsod ldan gyi bska' pa/} the ...
གནས་འགྱུར་མཐར་ཕྱིན་པ་གསུམ			The three types of perfect transformation. 1. {bral sems kyi gnas 'gyur/} attainment of cessation as the transformation of mind\n2. {lam gyi gnas 'gyur/} the transformation of paths\n3. {ye shes kyi gnas 'gyur/} the transformation of wisdom.\n{gnas ngan len/}\n[dauṣṭhulya]/ The compulsive obtainm...
གནས་ལྔ			The five points; the five points of one's body for visualization of the object of meditation.\n1. {spyi bo/} crown\n2. {mgrin pa/} throat\n3. {snying ga} heart\n4. {lte ba/} navel\n5. {gsang gnas/} secret organ
གནས་ཆེན་ལྔ			The five holy places. The five holy places in this universe for Buddhist followers.\n1. {yul dbus rgya gar rdo rje gdan/} Bodhgaya of India in the centre\n2. {shar gyi ri bo rtse lnga /} the Five-peaked mountaln (Mt. Wu-te'i) in the east\n3. {lho'i po ta la/} Potala palace in the south\n4. {nub k...
གནས་བརྟན			[sthavira]; An Elder. A sehior monk who has completed at least ten years of training as a fully ordained monk, and h_ gained mastery over the theory and practice of a monk's discipline, and thus is authorized to give the novice and full ordination vows to others.
གནས་བརྟན་བཅུ་དྲུག			The sixteen Arhats; the sixteen saints to whom Buddha [ṡākyamuni] entrusted his doctrine.\n1. {yan lag 'byung /} [aṅgaja]\n2. {mapham pa/} [ajita]\n3.{_nags na gnas/} [vanavāsin]\n4. {dus ldan/} [kālika]\n5. {rdo rje mo'i bu/} [vajriputra]\n6. {bzang po/} Bhadra\n7. {gser gyi be'u/} [kanakavatsa]...
གནས་བརྟན་སྡེ་པ			[sthaviravāda]. The School of Elders. One of the four main schools of the Hinayana order. There are three sub-schools within this school which are:\n1. {rgyal byed tshal na gnas pa/} [Jetavāniyāh]\n2. {'jigs med ril gnas pa/} [abhayagiri vasinaḥ]\n3. {gtsug lag khang chen na gnas pa/} [mahāvihāra...
གནས་པ་དགུ			The hine objects of reliance.\n1. {ston pa/} teacher\n2. {chos/} Dharma\n3.{dge 'dun/} [saṅgha]\n4. {slob dpon/} [ācārya]\n5. {mkhan po/} abbot\n6.{_bla ma/} one's master\n7. {gnas/} residence\n8. {gang zag} person\n9. {yul/} environment.
གནས་པའི་བསྐལ་པ			Aeon of endurance. The period of twenty intermediate aeons since the formation of the universe until the beginning of its destruction. It begins with the rebirth of a being born in the most heinous hell reaim and lasts till the end of the teaching of the last of the thousand Buddhas to appear in ...
གནས་མ་བུ་པ			[vātsīputrīya] school. One of the eighteen sub-schools of the [vaibhāṣika] school of thought that asserts the existence of an inexpressible self, that is neither permanent nor impermanent; neither one nor separate from the five aggregates.
གནས་མི་འགྱུར་བའི་ས			The unchanging ground. According to the Nyingma tradition this refers to the eighth ground attained at the level of the fifth yoga, where a Bodhisattva's absorption in the inseparability of primordial wisdom and reality is immutably established.
གནོད་སྦྱིན			A. [yakṣat]/ harmful spirit; demons.\nB. A god of wealth.
མནན་བསྲེགས་འཕངས་གསུམ			Capturing, destroying and dispelling. The yogic practice of exorcism which involves\n1. {sri mnan pa/} capturing 2. {gdon gegs bsregs pa/} burning and 3. {gtor zor 'phangs pa/} expelling an evil spirit who is harming the practice of dharma.
མནར་མེད			[avīci] hell; the hell without-respite. The hottest of the hot hells, migration to which is a result of committing any of the five heinous crimes (see {mtshams med lnga}).
མནར་སེམས་པའི་དངོས་པོ་དགུ			The nine types of grudges or ill-will. The feeling that one's enemy has harmed, is harming and would harm onself; has harmed, is harming and would harm their friends; and has helped, is helping and would help another enemy.
རྣམ་མཁྱེན་གྱི་རྣམ་པ་བརྒྱ་རྩ་བཅུ			The one hundred and ten aspects of the omniscient mind.\n1-37. {nyan rang dang thun mong ba'i rnam pa byang phyogs so bdun} the thirty-seven auxiliaries to enlightenment common to Hearers and Solitary realizers (see {byang phyogs so bdun})\n38-71.{_byang sems dang thun mong ba'i rnam pa so bzhi/}...
རྣམ་མཁྱེན་གྱི་རྣམ་པ་སུམ་ཅུ་སོ་བཞི་བྱང་སེམས་དངཐུན་མོང་བའི་རྣམ་པ་སོ་བཞི་བྱང་ཆུབ་སེམས་དཔའ་ལ་ཡོད་པ་དང་རྗས་སུ་མཐུན་པའི་རྣམ་མཁྱེན་གྱི་རྣམ་པ་སོ་བཞི			The thirty-four aspects of the omniscient mind.\n1-3. {rnam thar sko gsum/} [tri vimokṣamukha]/ the three doors of emancipadon (see {rnam thar sgo gsum})\n4-6. {sprul lam gsum/} [tri nirmāṇa mārga]/ the three paths of emanation (see {sprul pa'i lam gsum})\n7-11. {mthong chos bder gnas kyi lam lng...
རྣམ་མཁྱེན་གྱི་རྣམ་པ་སོ་དགུ			Thirty-nine qualities of the omniscient mind (see {sanas rgyas kyi thun mong ma yin pa'i rnam pa so dgu}).
རྣམ་མཁྱེན་མཐཚོན་བྱེད་ཀྱི་ཆོས་བཅུ			The ten topics that characterize the omniscient mind.\n1. {sems bskyed/} the generation of the mind of enlightenment\n2. {gdams ngag} the [mahāyāna] instruction\n3. {nges 'byed yan lag bzhi/} the four limbs of definite analysis of the [mahāyāna] path of preparation\n4. {theg chen sgrub pa'i rten ...
རྣམ་འགྱུར་ཉེར་གསུམ			The twenty-three principles. According to the [saṁkhya] school of Hindu philosophy one is born in cyclic existence because of being ignorant of these principles.\n1. {spyi gtso bo/} the fundamental principle\n2. {nga rgyal/} I-pride\n3-13. {dbang po bcu gcig} the eleven faculties (see {bdang po b...
རྣམ་གྲངས་པའི་ཀུན་བཏགས			Nominally imputed phenomena. One of the two imputed phenomena (see {kun brtags gnyis}), the generic image (see {don spyi}) of thoughts and the clear appearances of nonexistent phenomena
རྣམ་གྲངས་པའི་དོན་དམ			[paryāya paramārtha]/ The nominal ultimate. There are two:\n1. {yul gyi rnam grangs pa'i don dam/} the nominal ultimate object, e.g. conglomerate matter of a vase\n2. {yul can gyi rnam grangs pa'i don dam/} the nominal ultimate object perceiver, e.g. the inferential understanding of emptiness.
རྣམ་གྲངས་མ་ཡིན་པའི་དོན་དམ			The actual ultimate. There are two:\n1. {yul gyi rnam grangs ma yin pa'i don dam/} the actual ultimate object, e.g. the emptiness of true existence of a vase\n2. {yul can gyi rnam grangs ma yin pa'i don dam/} the actual ultimate object perceiver, e.g. the concentration of an [ārya] who comprehend...
རྣམ་གྲོལ་ལམ			[vimuktimārga]/ Path of thorough liberation. A path of single-pointed concentration in which the practitioner gains a cessation through abandoning the particular object of elimination.
རྣམ་རྟོག			[saṁkalpa]/ vikalpa\nA. Conceptual cognition; imagination\nB. Suspicion; superstition.\nC. Idea; thought.
རྣམ་རྟོག་བཞི			The four conceptualizations; the four thoughts.\nA. {gzung rtog gnyis/} the two conceptions of grasping at objects.\n1. {nyon mongs gzung rtog} grasping at deluded phenomena\n2. {rnam byang gzung rtog} grasping at purified phenomena\nB. {'dzin rtog gnanyis/} The two conceptions of grasping at the...
རྣམ་ཐར་སྒོ་གསུམ			The three doors of emancipation; the three types of concentrations for liberation.\n1. {rnam par thar pa'i sgo stong pa nyid/} [ṡūnyatā vimokṣamukha]/ emancipation through emptiness\n2. {mtshan ma med pa/} [animitta vimokṣamukha]/ emancipation through signlessness\n3. {smon pa med pa/} [praṇihita...
རྣམ་ཐར་བརྒྱད			The eight emancipations.\nA. {gzugs kyi rnam par thar pa gsum/} The three emancipations within the form realm:\n1. {gzugs can gzugs la blta ba'i rnam thar/} emancipation of one with body looking at a form\n2. {gzugs med gzugs la blta ba'i rnam thar/} emancipation of one without form body looking ...
རྣམ་སྣང་གི་དམ་ཚིག་དྲུག			The six pledges concerning Vairocana.\n1-3. {tshul khrims rnam gsum nyams su len pa/} practice of the three types of morality (see {tshul khrims rnam gsum})\n4-6. {dkon mchog gsum la skyabs su 'gro ba/} taking refuge in the Three Jewels.
རྣམ་སྣང་ཆོས་བདུན			The seven-fold posture of Buddha Vairocana; the seven physical disciplines to be maintained during a formal meditation in Buddhist practice.\n1. {rkang pa skyil krung/} sitting cross-legged\n2. {lag pa mnyam bzhag} hand in the gesture of equipoise — the right hand lying palm upward on the upturne...
རྣམ་པ་ཐམས་ཅད་ཡོངས་སུ་དག་པ་བཞི			The four absolute purities.\n1. {yul dag pa/} purity of object\n2. {yul can dag pa/} punty of object perceiver\n3. {rtog pa dag pa/} purity of thought\n4. {shes pa dag pa/} purity of mind.
རྣམ་པར་རྒྱུ་བ			The thoroughly moving energy-wind; the intensely moving wind. The energy-wind for cognitive faculties of hearing; one of the five secondary wind energies (see {yan lag gi rlung lnga}).
རྣམ་པར་དག་པའི་རྒྱུ་ལྔ			[pañca viṡuddha hetavaḥ]/ The five causes of purity.\n1. {lam dngos yongs su dag pa/} total punty of the path\n2. {nyer bsdogs yongs su dag pa/} total purity of the preparatory stage\n3. {rnam par rtog pas ma smras pa/} lack of conceptual concoction\n4. {dran pas yongs su zin pa/} total mindfulne...
རྣམ་པར་སྨིན་པ་མ་ཡིན་པའི་སྐད་ཅིག་སྦྱོར་བ			[avipāka ekakṣaṇika prayoga]/ Non-fruitional momentary training. The yogic practice of a Bodhisattva which is the_wisdom directiy opposing the obstructions to omniscience and which in actualizing the non-contaminated, non-matunng dharma, also actualizes the other concordant dharmas, all in the sp...
རྣམ་པར་སྨིན་པའི་སྐད་ཅིག་སྦྱོར་བ			[vipāka ekakṣaṇika prayoga]/ Fruitional momentary training. The yogic practice of a Bodhisattva, which is the wisdom directly opposing the obstructions to omniscience, and which, in actualizing the non-contaminated, maturing dharma, also actualizes the other concordant dharmas, all in the space o...
རྣམ་བར་རིག་བྱེད་ཀྱི་གཟུགས			[vijñaptirūpa]/ Revelatory form. The physical or verbal expressions of a person's attitude or feeling.
རྣམ་པར་རིག་བྱེད་མ་ཡིན་པའི་གཟུགས			[avijñaptirūpa]/ Non-revelatory form. For instance, the vows possessed by a [bhikṣu] while in deep sleep. There are five types:\n1. {'dus pa las gyur pa/} those arising from an aggregation of potential substance\n2. {mngon par skabs yod pa/} those appearing only to a mental consciousness\n3. {yan...
རྣམ་དཔྱད་རྣམ་པ་བདུན			The seven-fold analysis of the emptiness of a chariot. To analyse whether:\n1. {gcig gam/} the chariot is one with its parts\n2. {tha dad/} the chariot is different from its parts\n3.{_ldan pa'am/} the chariot possesses its parts\n4. {rten dang/} the chariot is the parts dependent upon the chario...
རྣམ་བྱང་གི་དབང་པོ་བརྒྱད			[aṣṭa vaivadānikendriyāni]/ The eight purified mental faculties; the eight pure powers:\n1. {dad pa'i dbang po/} [ṡraddhendriya]/ the faculty of faith\n2. {brtson 'grus kyi dbang po/} [viryendriya]/ the faculty of virtuous efforts\n3. {dran pa'i dbang po/} [smṛtindriya/] the faculty of mindfulnes...
རྣམ་བྱང་ཕྱོགས་ཀྱི་གྲེལ་རྐང་ང་ལྔ			The fifty-five topics of purified phenomena; the fifty-five classes of virtuous phenomena.\n1-6. {spyod pa'i lam phar phyin drug} the six perfections (see {pha rol tu phyin pa drug}) as paths of practice\n7-24. {lta ba'i lam stong nyid bco brgyad/} the eighteen emptinesses (see {stong pa nyid bco...
རྣམ་བྱང་བཞི			The four types of purified phenomena\n1. {rang bzhin gyi rnam babyang /} the natural purified phenomena\n2. {dmigs pa'i rnam byang /} purified phenomena of the object of meditation\n3. {rnam dag gi'am sgrub pa'i rnam byang /} purified practice\n4. {thob pa'i rnam byang /} purified attainment.
རྣམ་སྨིན་གྱི་རྒྱུ			[vipāka hetu]/ The ripening cause; maturing cause. All contaminated virtuous and non-virtuous karma
རྣམ་སྨིན་གྱི་འབྲས་བུ			[vipāka phala]/ The ripening results; the maturing fruits. One of the five types of results (see {'bras bu lnga}); results of the contaminated virtues and non-virtues.
རྣམ་སྨིན་གྱི་ཡོན་ཏན་བ་རྒྱད			The eight qualities of fully ripened karma\n1. {tshe ring ba/} long life 2. {kha dog phun sem tshogs pa/} excellent features 3. {rigs phun sum tshogs pa/} excellent family lineage\n4. {dbang phyug phun sum tshogs pa/} excellent wealth and power\n5. {tshig btsan pa/} respected speech\n6. {dbang ch...
རྣམ་རྫོགས་སྦྱོར་བ			The training of the complete aspects. A Bodhisattva path or wisdom which meditates in a condensed way upon the hundred and seventy-three aspects of the three wisdoms of the basis, paths and omniscient mind. This wisdom exists from the [mahāyāna] path of accumulation to the last instant of the pat...
རྣམ་རྫོགས་སྦྱོར་བ་མཚོན་བྱེད་ཀྱི་ཆོས་བཅུ་གཅིག			The eleven topics that characterize the training of the complete aspects.\n1. {rnam pa/} aspects\n2. {sbyor ba/} training\n3. {sbyor ba'i yon tan/} qualities of trainings\n4. {sbyor ba'i skyon/} faults of trainings\n5. {sbyor ba'i mtshan nyid/} characteristics of trainings\n6. {thar pa cha mthun/...
རྣམ་གཡེང་གི་རྟོག་པ་བཅུ			The ten conceptual distractions; the ten mental wanderings:\n1. {dngos po med par rtog pa/} conception of the lack of things\n2. {dngos po} {yod par rtog pa/} conception of the existence of things\n3. {sgro 'dogs pa'i rtog pa/} conception of exaggeration\n4. {skur 'debs kyi rtog pa/} conception o...
རྣམ་གཡེང་དྲུག			The six types of distractions; six distractions towards sensual objects.\n1. {rang bzhin gyi rnam g.yeng /} natural distraction\n2. {phyi rol tu rnam} {g.yeng /} distraction towards outer objects\n3. {nang gi rnam g.yeng /} inner distraction\n4. {mtshan ma'i g.yeng ba/} distraction towards signs ...
རྣམ་ཤེས་ཀྱི་ཕུང་པོའི་རིགས་ཀྱི་ཆོས་ལྔ			The five phenomena on the level of the aggregate of consciousness.\n1. {kun rtog brgyad cu/} the eighty indicative thoughts 2. {snang ba dkar lam pa'i sems/} the mind of radiant white appearance 3. {mched pa dmar l+ma pa'i sems/} the mind of radiant red increase 4. {nyer thob nag lam pa'i sems/} ...
རྣམ་ཤེས་ཀྱི་ཟས			[vijñānāhāra]/ Mental nourishment; food of consciousness. The energy of consciousnesses that assists the survival of a person's life.
རྣམ་ཤེས་གཉིས			The two types of consciousness; the two kinds of mind.\n1. {rgyu dus kyi rnam shes/} [hetuḥkāla vijñāna]/ causal consciousness\n2. {'bras kyi rna shes/} [kāryakāla vijñāna]/ resultant consciousness.\n{rnam shes 'pho ba'i bu ga dgu}\n[nava vijñāna saṁkrānti mukhāḥ]/ The nine orificies for consciou...
རྣམ་ཤེས་ཚོགས་བརྒྱད			The eight groups of consciousness; the eight consciousnesses.\n1. {mig gi rnam par shes pa/} [cakṣu vijñānam]/ eye consciousness\n2. {rna pa'i rnam parashes pa/} [ṡrotra vijñānam]/ ear consciousness\n3. {sno'i rnam par shes pa/} [ghrāṇa vijñānam]/ nose consciousness\n4. {lce'i rnam par shes pa/} ...
རྣམ་གསུམ་དག་པའི་ཤ			Meat free from the three objections. Any meat or flesh of an animal that one has not seen, heard or even suspected to have been killed for oneself.
རྣལ་འབྱོར་གྱི་ས་ལྔ			[pañca yogibhūmayaḥ]/ The five yogic stages.\n1. {gzhi'i sa/} the basic stage\n2. {bskyed pa'i sa/} the generated stage\n3. {me long lta bu'i sa/} the mirror-like stage\n4. {snang ba'i sa/} the luminous stage\n5. {gnas ba'i sa/} the stage of abidance.
རྣལ་འབྱོར་རྒྱུད			Yoga tantra. The third of the four classes of tantras that stresses the importance of internal activities, i.e. meditation rather than external or physical practices.
རྣལ་འབྱོར་རྒྱུད་ཀྱི་དམ་ཚིག་བཅུ་བཞི			The fourteen commitments related to Yoga tantra. 1-3. {mchog gsum la skyabs su bsnyen pa de bzhin gshegs pa'i rigs kyi sa/} refuge in\nthe Three Jewels, as the three commitments related to the [tathāgata] family 4-6. {rdo rje dang/} {dril bu'i phyag rgya dang /} {slob dpon bzung ba ste rdo rje'i ...
རྣལ་འབྱོར་རྒྱུད་ཀྱི་དབང་བདུན			[sapta yoga tantra abhiṣekha]/ The seven initiations of Yoga tantra.\n1. {me tog phreng ba'i dbang /} initiation of the flower garland\n2. {chu dbang /} water initiation\n3. {tsod paN gyi dbang /} crown initiation\n4. {rdo rje'i dbang /} vajra initiation\n5. {dril bu'i dbang /} bell initiation\n6...
རྣལ་འབྱོར་རྒྱུད་ཀྱི་རིགས་ལྔ			The five families of Yoga tantra.\n1. {sangs rgyas kyi rigs/} Buddha family\n2. {rdo rje'i rigs/} Vajra family\n3. {rin chen gyi rigs/} Ratna(Jewel) family\n4. {pad ma'i rigs/} Lotus family\n5. {las kyi rigs/} Karma(Action) family.
རྣལ་འབྱོར་རྒྱུད་ལས་བྱུང་བའི་ཕྱག་རྒྱ་བཞི			The four seals according to the Yoga tantra system.\n1. {phyag chen/} [mahāmudrā]/ the great seal\n2. {dam rgya/} [samayamudrā]/ the pledge seal\n3. {chos rgya/} [dharmamudrā]/ the dharma seal\n4. {las rgya/} [karmamudrā]/ the action seal.
རྣལ་འབྱོར་ལྔ			The five stages of yoga. According to the Anuyoga teaching of the Nyingma tradition there are five stages of yoga within the five paths.\n1.{_tshogs lam 'dun pa sems kyi rnal 'byor/} the yoga of an aspirational mind of enlightenment on the path of accumulation\n2. {sbyor lam rigs chen 'byed pa'i ...
རྣལ་འབྱོར་མངོན་སུམ			[yogi pratyakṣa]/ Yogic bare perception; yogic direct cognition. The non-mistaken, non-conceptual mind of an [ārya] which arises in dependence upon its exclusive condition; the union of mental quiscence and penetrative insight.
རྣལ་འབྱོར་བླ་མེད་རྒྱུད			[anuttarayoga tantra]/ The highest yoga tantra The highest of the four classes of tantra which stresses the supreme importance of inner activity, regardless of the purificatory practices of external activities.
རྣལ་འབྱོཨོར་པ			[yogi]/ A Yogi; an adept. In its loose sense it is applied to any male practitioner, in contrast to a female practitioner who is known as a Yogini (rnal-'byor-ma).
རྣལ་འབྱོར་བཞི			The four yogas. The four stages of [mahāmudrā] meditation according to the Kagyud tradition.\n1. {sems la dmigs pa rtse gcig tu gtad pas rtse gcig gi rnal 'byor/} yoga of single-pointed concentration upon one's mind\n2. {sems sbros bral du rtogs pas spros bral gyi rnal 'byor/} yoga free of concep...
རྣལ་འབྱོར་ས་གསུམ			The three yogic grounds.\n1. {gang zag gi bdag med rtogs pa'i rnal 'byor gyi sa/} the yogic ground realizing the selflessness of persons\n2. {gzung 'dzin gnyis stogang rtogs pa'i rnal 'byor gyi sa/} the yogic ground\nrealizing the non-duality of subject and object\n3. {bden stong rtogs pa'i rnal ...
རྣལ་མའི་རླུང་སེམས			The subtle wind and mind of reality. The wind energy and mind inherent in the body of a person; the primordial wind energy and intuitive awareness.
སྣ་འགའ་སྤྱོད་པའི་དགེ་བསྙེན			A lay-person observing only some vows. One of the four nominally ordained lay persons (see {dge bsnyen btags pa ba bzhi}) observing two or three precepts.
སྣ་གཅིག་སྤྱོད་པའི་དགེ་བསྙེན			A lay-person observing only one vow. One of the four nominally ordained lay persons (see {dge bsnyen btags pa ba bzhi}) observing oniy one of the precepts.
སྣ་ཚོགས་རྡོ་རྗེ			[viṡva vajra]/ The multiple vajra A ritual implement (vajra) with three, five or more spokes.
སྣང་སྟོང་དབྱེར་མེད			The inseparability of appearance and emptiness. The indivisibility of appearing objects as the method and emptiness as the wisdom; thus a unity of the two from the object's side.
སྣང་བ་བདུན			The seven conceptions (see {snang ba rnam bdun}).\n{snang ba brda'i bla ma/}\nThe symbolic guru. One's own teacher who is the symbol of reality or total enlightenment.
སྣང་བ་རྣམ་གསུམ			The three-fold appearances; the three types of visions according to the Path and Fruit teachings of the Sakya tradition (see {snang gsum}).
སྣང་བ་རྣམ་བདུན			The seven deceptive conceptions; the seven appearances.\n1. {rmi lam/} like a dream\n2.{_sgyu ma/} like an illusion\n3.{_smig rgyu/} like a mirage\n4. {sgra brnyan/} like an echo\n5. {gzugs brnyan/} like a reflection in a mirror\n6.{_dri za'i grong khrer/} like a city of smell-eaters (bar-do)\n7....
སྣང་བ་བཞི			The four types of experiences. The experiences attained as a result of practicing {rdzogs chen } meditation covering the experiences from the path of a trainee to the path of no-more learning.\n1. {chos nyid mngon sum gyisnang ba/} the experience of seeing reality directly\n2. {nyams snang gong '...
སྣང་ལ་མ་ངེས་པ			Inattentive perception. One of the seven perceptions (see {blo rigs bdun}) which an object, though it appears clearly, is not properly discerned, e.g. reception of sound to an ear consciousness while one's eye consciousness is totally absorped in observing a beautiful form.
སྣང་སྲིད་རྣམ་དག			The purity of appearance and existence. The appearance of everything in its pure nature; a yogic way of experiencing phenomena
སྣང་སྲིད་རང་གྲོལ			Self-liberation from the world of appearances. One who has gained liberation from this impure world.
སྣང་གསུམ			The Three visions; the three basic paths.\nA. Preliminary practice of the Path and Fruit teachings of the Sakya tradition, (see {snang gsum}).\nB. Three types of visions:\n1. {ma dag pa'i snang ba/} the impure visions\n2. {rnal 'byor nyams kyi snang ba/} the pure visions of yogic experience\n3. {...
སྣོད་ཀྱིན་གསུམ			The three faults of a receptacle; the three faults to be removed while listening to a discourse.\n1. {rna ba mi gtad kha sbub lta bu'i skyon/} fault of not paying attention to the teachings like a pot turned upside down\n2. {yid la mi 'dzin zhabs rdol lta bu'i skyen/} fault of not retaining the t...
པཱ་ལ་རྣམ་གསུམ			The three [pāla] kings. The three kings of the [pāla] dynasty in ancient India—[sadhupāla], [guṇapāla] and [prajñāpāla]; the three principal followers of Indian [ācārya Paṇḍita Dharmapāla], who was invited by Guge King Yeshe Od of the Ngari region of Tibet during the early eleventh century. His t...
པད་མ			[padma]/ Lotus. It symbolizes the purity of a Bodhisattva's motive, just as a lotus blooms unblemished upon the mire of a swamp, a Bodhisattva remains in cyclic existence without being polluted by its negative aspects. The white lotus in particular symbolizes the pure nature of discriminative wis...
པད་མ་འབྱུང་གནས			[padmasambhava]/ The great Indian [ācārya] who brought the tantric teachings to Tibet in the eighth century. He founded Samye monastery and propagated the tantric form of Buddhism in Tibet.
པྲ་ཀ་ར་ན་སྡེ་བརྒྱད			The eight treatises of [vasubandhu]; the eight [prakaraṇas].\n1. {mdo sde rgyan gyi bshad pa/} [ṡūtrālaṁkara bhāṣya]/ Commentary on the Ornament of Discourses\n2. {dbus mtha' rnam 'byed kyi bshad pa/} [madhyāntavibhaṅgaṭika]/ Commentary on the Distinction Between the Middle Way and the Extreme Wa...
དཔག་ཚད			[yojana]/\nA. According to the Abhidharma tradition it is a measurement of length equal to eight krosa (see {gyang grags}), equal to 500 armspans.\nB. According to the [kālacakra] measurement, four fingernails long becomes a cubit (see {khru}), four cubits equals an armspan, two thousand armspans...
དཔལ་ཀུན་ཏུ་བཟང་པོའི་གོ་འཕང			The state of glorious Samantabhadra. The state of Buddhahood according to Nyingma tradition, the entity of the three kayas (see {sku gsum}) and five wisdoms (se ye-shes-lnga).
དཔལ་ལྡན་རྡོ་རྗེ་འཛིན་པ			[ṡrīmat vājradhāra]/ The glorious Vajra master. Vajra master in the secret mantra tradition fulfilling six qualities:\n1. {'khor ba'i chos rgyab tu dor ba/} one who has fully renounced samsaric concerns\n2. {'dod pa chung zhing chog shes pa/} one who is content with few desires\n3. {lag len la mk...
དཔའ་ཆས་བརྒྱུད			The eight adornments of a Tantric Yogi.\n1. {spyi gtsug tu mi 'gyur rdo rje phyed pa'i chas/} a half vajra on his crown is a sign of the immutability of his goals\n2. {khams gsum zil gnon lcang lo ral pa'i chas/} his matted hair is a sign of outshining the three realms\n3. {rdzu 'phrul shugs ldan...
དཔའ་བོ་དཔའ་མོ			Heroes and Heroines. The male and female practitioners residing in the celestial heavens; more loosely used for male and female tantric practitioners.
དཔའ་བོའི་རྒད་མོ་བརྒྱད			The eight-fold laughs of a Hero.\n1. {ha ha bsdigs pa'i rgad mo/} Ha-Ha the frightening laugh\n2. {hi hi dgyes pa'i rgad mo/} Hi-Hi the pleasing laugh\n3. {he he sgeg pa'i rgad mo/} Heh-Heh the majestic laugh\n4. {ho ho zil gyis gnon pa'i rgad mo/} Ho-Ho the subduing laugh.
དཔུང་ཚོགས་ཡན་ལག་བཞི			The four kinds of warriors.\n1. {glang po che'i dmag} [hasti kāya]/ those fighting on elephants\n2. {rta'i dmag} [aṡva kāya]/ those fighting on horses\n3. {shing rta'i dmag} [ratha kāya]/ those fighting on chariots\n4. {rkang thang gi dmag} [patti kāya]/ those who fight on foot.
དཔེ་དགུ			The nine examples; the nine illustrations to prove the existence of Buddha nature within the mental stream of all sentient beings.\n1. {pad ma'i nang gi sangs rgyas/} a Buddha in a lotus\n2. {sbrang rtsi'i nang gi sbrang ma/} bees in the honeycomb\n3. {sbun gyi nang gi snying po/} grain in the hu...
དཔེ་བྱེད་བཟང་པོ་བརྒྱད་ཅུ			[aṡityanuvyañjanāni]/ The eighty minor marks of a Buddha\n1. {sen mo zangs kyi mdog} his nails are copper-coloured\n2. {sen mo mdog snum can/} his nails are moderately shiny\n3. {sen mo mtho ba/} his nails are raised\n4. {sor mo rnams zlum pa/} his nails are round\n5. {sor mo rnams rgyas pa/} his...
དཔེའི་སྒྱུ་མ			[upamā māyā]/ The exemplary illusion. The magical creation of the conjurers such as elephants and others.
དཔེའི་འོད་གསལ			[upamā prabhāsvara]/ The examplary clear light mind.\nA completion stage practice of tantra in which the energy-wind is integrated into the central energy channel at the heart-centre and the subtle mind is brought to a manifest level for the elimination of delusions.
དཔྱད་སྒོམ			[vicāra bhāvanā]/ Analytical meditation. Meditation of checking or reviewing the topic through applying analysis.
དཔྱད་པ་གསུམ			The three-fold analysis; the three criteria for validating a phenomenon.\n1. {mthong ba mngon 'gyur la mngon sum tshad mas gnod pa med pa/} obvious things are not contradicted by valid bare perception\n2. {cung zad lkog gyur la rjes dpag tshad mas gnod pa med pa/} slightly obscure things are not ...
དཔྱད་གསུམ་དག་པའི་ལུང			A citation pure of the three-fold analysis. A citation in Buddhist teachings and practice qualified by the three-fold analysis (see {dpad pa gsum}).
དཔྱོད་པ་པ			[mīmāṁsaka] school of thought. A Hindu school of philosophy, which considers [vedāntic] teachings as self-originated and ultimate, and asserts that the self is permanent, partless and a substantially existent consciousness. They deny the existence of the omniscient mind and true speech, and also ...
སྤང་ལྷུང			[pāyantika]/ Abandoning downfalls. A class of monk's transgression of vows that can be confessed in the presence of the [saṅgha] community through abandoning the causal object of the downfall.
སྤང་པ་ཟུང་འཇུག			The unity of abandonment; the union of the pure illusory body and the abandonment of deluded obscurations to liberation; the state of unity of a trainee.
སྤང་བྱ་ཅིག་ཅར་བ			He who abandons the obstacles simultaneously.
སྤང་བྱ་ཡན་ལག་བཅུ			The ten limbs of abandonment; the ten abandonments (see {dge tshul gyi spang bya yan lag bcu}).
སྤང་བྱ་རིམ་གྱིས་པ			He who abandons the obstacles serially.
སྤངས་པ་ཁྱད་པར་གསུམ་ལྡན			The three exalted abandonments; the three qualities of abandonment exclusive to Buddhas.\n1. {legs par spangs pa/} excellent abandonment\n2. {slar mo ldog pa'i tshul gyis spangs pa/} irreversible abandonment\n3. {ma lus par spangs pa/} complete abandonment.
སྤོ་མགུ་དབྱུངས་གསུམ			Demotion, pleasing and expulsion. The monastic rules for confessing a transgression of the 'remainder' category of vows by accepting the demotion of ranks, by offering services to the monk community which pleases them, or by accepting expulsion from the community.
སྤོང་བདུན་འཁོར་བཅས་ཀྱི་ཚུལ་ཁྲིམས			The moral discipline of seven-fold abandonments and their auxiliaries. A moral discipline primarily requiring the abandonment of the three non-virtues of body (see {mi dge ba bcu} 1-3), and the four non-virtues of speech (see {mi gde ba bcu} 4-7) and other minor misdeeds such as abandoning taking...
སྤོབས་པ་སོ་སོར་ཡང་དག་རིག་པ			[pratibhāna pratisaṁvit]/ Specific understanding of confidence. A skillful way of a Bodhisattva's training of redressing their doubts through listening to dharma discourses and passing the transmission to others with tireless effort.
སྤྱད་པ་རྣམ་སྦྱོང་གི་དམིགས་པ			Object for overcoming obsession. One of the four objects of calm abiding meditation (see {zhi gnas kyi dmigs pa bzhi}), e.g. one who is obsessed with lust must take ugliness as its object of antidote for developing calm abiding meditation.
སྤྱན་ལྔ			[pañca cakṣu]/ The five eyes; the five eyes possessed by Buddhas.\n1. {lha'i spyan/} [divya cakṣu]/ divine eye\n2. {sha'i spyan/} [carma cakṣu]/ fleshy eye\n3. {shes rab kyi spyan/} prajñā caks.u]/ wisdom eye\n4. {chos kyi spyan/} [dharma cakṣu]/ dharma eye\n5. {ye shes kyi spyan/} [jñāna cakṣu]/...
སྤྱི་མཐུན་གྱི་ལས			Collective karma; common karma, e.g. karma of a society or locality.
སྤྱི་གཙོ་བོ			[prakṛti]/ The Fundamental Nature; the Universal Principle. The fundamental principle as asserted by the [saṁkhyā] school_of Hindu philosophy, which is permanent, pervasive over all animate and inanimate objects, is the creator of all activities and is an undifferentiable unit.
སྤྱི་མཚན			[sāmānya lakṣaṇa]/ Generally characterized phenomena. Phenomena that are ultimately unable to perform a function, e.g. space.
སྤྱི་བཞི			The four types of generality.\n1. {tshogs spyi/} [saṁgraha sāmānya]/ collective generality\n2. {rigs sbyi/} [gotra sāmānya]/ categorical generality\n3. {don spyi/} [artha sāmānya]/ meaning generality\n4. {sgra spyi/} [ṡabda sāmānya]/ sound generality.
སྤྱོད་རྒྱུད			[cārya Tantra]; Performance Tantra. The second of the four classes of tantras, stressing the importance of a balanced approach in both the external rites and internal mental activity.
སྤྱོད་རྒྱུད་ཀྱི་དམ་ཚིག་བཅུ་བཞི			The fourteen commitments related to performance tantra.\n1-10. {mi dge ba bcu spong ba/} The abandonment of the ten non-virtues (see {mi ba bcu}),\n11. {dam pa'i chos mi gtong ba/} not to abandon the sublime Dharma\n12. {_byang chub kyi sems mi gtong ba/} not giving up the mind of enlightenment\n...
སྤྱོད་རྒྱུད་ཀྱི་དབང་དྲུག			[ṣaḍ cārya tantra abhiṣekhāḥ]/ The six initiations of performance tantra.\n1. {me tog phreng dbang /} initiation of flower garland\n2. {chu'i dbang /} water initiation\n3. {cod paN gyi dbang /} crown initiation\n4. {rdo rje'i dbang /} vajra initiation\n5. {dril bu'i dbang /} bell initiation\n6. {...
སྤྱོད་རྒྱད་རིགས་གསུམ			[tri cārya tantra gotrāḥ]/ The three families of performance tantra.\nA.\n1. {de bzhin gshegs pa'i rigs/} the [tathāgata] family\n2. {pad ma'i rigs/} the lotus family\n3. {rdo rje'i rigs/} the vajra family.\nB.\nThat of {sku sung thugs kyi rigs/} Buddha's body, speech and mind.
སྤྱོད་འཇུག			A Guide to the Bodhisattva's Way of Life ([bodhisattvacāryāvatāra]).\nA fundamental text of [mahāyāna] composed by [ācārya ṡāntideva] during the eighth century, in which a Bodhisattva's conduct is explained.
སྤྱོད་པ་རྣམ་བཞི			The four activities.\nA.\n1. {'gro ba/} going\n2. {'chag pa/} walking\n3. {nyal ba/} sleeping\n4. {'dug pa/} waking.\nB.\n1. {kun bzang spyod pa/} all-good behaviour\n2. {gsang ba'i spyod pa/} secret behaviour\n3. {'du 'dzi'i spyod pa/} behaviour in a crowd\n4. {phyag chen gyi spyod pa/} the [mah...
སྤྱོད་པའི་སྒོ་བཞི			The doors of activity in performance tantra.\n1. {'jug pa'i sbyod pa/} activity of entering into practice\n2. {sbyor ba'i spyod pa/} activity of application\n3. {sgrub pa'i sbyod pa/} activity of the actual stage of practice\n4. {grub pa'i spyod pa/} activity of accomplishment.
སྤྲིན་ལྟ་བུའི་སེམས་བསྐྱེད			[meghopamacittotpāda]/ Cloud-like Bodhicitta. The mind of enlightenment associated with skillful means within the continuum of a [nirmāṇakāya] Buddha.
སྤྲུལ་སྐུ་གསུམ			The three emanation bodies of a Buddha.\n1. {bzo bo sprul sku/} [ṡilpa nirmāṇakāya]/ artisan emanation\n2. {skye ba sprul sku/} [janma nirmāṇakāya]/ miscellaneous emanation\n3. {mchog gi sprul sku/} [uttama nirmaṇakāya]/ supreme emanation.
སྤྲུལ་པའི་འཁོར་ལོ			[nirmāṇacakra]/ The wheel of emanation; the channel-wheel located at the navel.
སྤྲུལ་པའི་མུ་སྟེགས་པ			A non-Buddhist by emanation. Buddhas and Bodhisattvas who have chosen to emanate as teachers of non-Buddhist philosophy in order to lead those beings not yet ripened to progress on the higher states of realizations.
སྤྲུལ་ལམ་གསུམ			The three paths of manifestation; the three paths of emanation (see {rnam thar brgyad}A.).
སྤྲོས་པའི་མཐའ་བརྒྱད			The eight extremes; the eight extreme views.\n1. {skye mtha'/} production\n2. {'gag mtha'/} cessation\n3. {rtag mtha'/} eternalism\n4. {chad mtha'/} nihilism\n5. {'gro mtha'/} going\n6. {'ong mtha'/} coming \n7. {gcig yin pa'i mtha'/} one\n8. {tha dad pa'i mtha'/} different.
སྤྲོས་བྲལ་བརྒྱད			The lack of eight extremes. The extremes to be abandoned while establishing the view of [prāsangika Mādhyamika]. Lack of inherently existent birth and so on (see {spros pa'i mtha' brgyad}).
ཕ་རྒྱུད			[pitṛ tantra]/ Father Tantra. The highest class of tantra in which the primary focus is the development of an illusory body, e.g. [guhyasamāja] tantra.
ཕ་ཆོས			The father Dharma; also called the teachings of the father of the Kadam tradition, compiled by the father of the Kadampa tradition, Dromtonpa. This collection of teachings includes his questions to [atiṡa] and the tatter's replies on many essential doctrinal points, and a short biography of [atiṡ...
ཕ་ཆོས་བུ་ཆོས			The father and son dharma (see {pha chos}and {bu chos}) of the Kadampa tradition.
ཕ་རོལ་ཏུ་ཕྱིན་པ་བཅུ			[daṡa pāramitā]/ The ten perfections.\n1-6. The six perfections (see {phar rol tu phyin pa drug}).\n7. {thabs kyi pha rol tu phyin pa/} [upāya pāramitā]/ perfection of means\n8. {smon lam gyi pha rol tu phyin pa/} [praṇidhāna pāramitā]/ perfection of aspirational prayers\n9. {stobs kyi pha rol tu...
ཕ་རོལ་ཏུ་ཕྱིན་པ་དྲུག			[ṣaḍ pāramitāḥ]/ The six perfections.\n1. {sbyin pa'i pha rol tu phyin pa/} [dāna pāramita]/ perfection of giving\n2. {tshul khrims kyi pha rol tu phyin pa/} [ṡīla pāramitā]/ perfection of morality\n3. {bzod pa'i pha rol tu phyin pa/} [kṣānti pāramitā]/ perfection of patience\n4. {brtson 'grus ky...
ཕ་རོལ་ཏུ་ཕྱིན་པའི་མི་མཐུན་ཕྱོགས་དྲུག			[ṣaḍ pāramitā pratipakṣāḥ]/ The six opponents to the six perfections.\n1. {ser sna/} [matsava]/ miserliness\n2. {tshul 'chal/} [duḥṡīla]/ corrupt morality\n3. {zhe sdang /} [krodha]/ hatred\n4. {le lo/} [alasa]/ laziness\n5. {rnam g.yeng /} [vikṣapana]/ mental wandering\n6. {shes rab 'chal ba/} [...
ཕག་ལས་ཐོབ་པའི་མཛོད་གསུམ			The three treasures obtained from the father; the three constituents obtained from father.\n1. {khu ba/} regenerative fluid\n2. {rkang /} marrow\n3.{_rus pa/} bone.
ཕག་གྲུ་བཀའ་བརྒྱུད			The Phagdru Kagyud Order. One of the divisions of the Kagyud order of Tibetan Buddhism founded by Phagmo Drupa (1110-1170), the chief disciple of Gampopa. He\nmastered the art of writing and painting without being taught. His eight disciples founded the eight sub-sects of the Kagyud.
ཕན་ཚུན་ཐ་དད			Mutually exclusive things.
ཕན་ཚུན་སྤང་འགལ			Mutually exclusive contradictions; mutually exclusive dichotomy, e.g. permanence and impermanence, or hot and cold.
ཕམ་པ་བརྒྱད			[aṣṭa parājikā dharmāḥ]/ The eight moral defeats; the eight root\ntransgressions of a fully ordained nun, [bhikṣunī].\n1-4. the four moral defeats (see {pham pa bzhi}) of a [bhikṣu]\n5. {skyes pa la chags sems kyis lus 'khyud cing reg pa/} touching and embracing a man with lust\n6. {skyes pa la c...
ཕམ་པ་འཆབ་བཅས			The concealed moral defeats. Concealment of any of the four root transgressions by an ordalned monk.
ཕམ་པ་བཞི			[catvāri parājikā dharmāḥ]/ The four moral defeats; the four root transgressions of a monk, the committing of any would lead to loosing the status of a being a monk.\n1. {mi bsad pa/} [manusyabadha]/ killing a human\n2. {ma byin par len pa/} adattādana/ taking what is not given\n3. {mi tshangs pa...
ཕར་ཕྱིན་ཐེག་པ			[pāramitā yāna]/ The Perfection Vehicle. The Bodhisattva vehicle as taught in the [sūtra]s known as the causal vehicle (rgyu'i-iheg-pa) in contrast to the mantrayaria vehicle known as the resultant vehicle.
ཕར་ཕྱིན་དྲུག་ལ་འཇུག་པའི་འཇུག་སྒྲུབ			[ṣaḍ pāramitā vṛttiprasthāna pratipatti]/ Achievement through engagement in the six perfections; the Bodhisattva paths encompassing the practice of the six perfections.
ཕལ་ཆེན་པའི་སྡེ་པ			[mahāsaṁgikā]/ [mahāsaṁgikā] school. One of the four principal schools of the Hinayana tradition whose direct teacher is [kāṡyapa] (see {dge 'dun phal po che'i sde paing}).
ཕུགས་ནོར་བཅུ			The ten innermost jewels of the Kadampa tradition (see {bka' gdams phugs nor bcu}).
ཕུང་པོ་ལྔ			[pañca skandhāḥ]/ The five aggregates.\n1. {gzugs kyi phung po/} [rūpa skandha]/ aggregate of form\n2. {tshor ba'i phing po/} [vedanā skandha]/ aggregate of feeling\n3. {'du shes kyi phung po/} [saṁjñā skandha]/ aggregate of perception\n4. {'du byed kyi phung po/} [saṁskara skandha]/ aggregate of...
ཕུང་པོ་དྲུག			[ṣaḍ skandhāḥ]/ The six aggregates 1-5. The five aggregates (see {phung po lnga})\n6. {ye shes kyi phung po/} [jñāna skandha]/ the aggregate of primordial wisdom.
ཕུང་པོ་གསུམ་པ			The Tnree Heaps. A.{_phung po gsum po'i mdo/_ltung bshags/} The [sūtra] of confession: 1. {sdig pa bshags pa/} the practice of confessing non-virtues\n2. {rjes su yi rang ba/} the practice of rejoicing\n3. {dge bsngo ba/} the practice of dedication.\nB.\n1. {sdig pa bshags pa/} confessing non-vir...
ཕུན་ཚོགས་ལྔ			The five excellences.\nA.\n1. {chos phun sum tshogs pa/} [dharma saṁpanna]/ excellent Dharma\n2. {dus phun sum tshogs pa/} [kāla saṁpanna]/ excellent period\n3. {ston pa phun sum tshogs pa/} [ṡāstra saṁpanna]/ excellent teacher\n4. {gnas phun sum tshogs pa/} [sthāna saṁpanna]/ excellent abode\n5....
ཕུན་ཆོགས་སྡེ་བཞི			The four excellences.\nA. {'jig rten pa'i phun tshogs sde bzhi} The four worldly excellences:\n1. {chos/} Dharma\n2. {nor/} wealth\n3. {'dod pa/} wishes\n4. {thar pa/} liberation.\nB. {'dzig rten las 'das pa'i phun tshogs sde bzhi/} The four transworidiy excellences:\n1. {sangs rgyas kyi tshos da...
ཕུན་ཚོགས་གསུམ་ལྡན			The triple excellences; the three primary requirements for a person going to receive monk vows.\n1. {gang la sdom pa blang pa'i yul mkhan slob/} the presence of an abbot and assistant abbots from whom the vows are to be received\n2. {gang gis sdom 'bog par byed pa'i cha ga} the full-fledged ritua...
ཕུན་སུམ་ཚོགས་པ་གསུམ			A. The three excellences.\n1. {rgyu phun sum tshogs pa/} excellent cause\n2. {'bras bu phun sum tshogs pa/} excellent fruit\n3. {phan 'dogs ba phun sum tshogs pa/} excellent benefit\nB. The three perfect accomplishments.\n1. {rang don phun tshogs/} accomplishment of one's goals\n2. {gzhan don phu...
ཕོ་གཅོད			The Male Ritual of Cutting-Off. The transmission of the cutting-off ritual (gcod), of severing the ego, directly handed down from Phadampa Sangye to Yarlung Lama [ṣonam] and his disciples.
ཕོ་རྩླ་སྣ་དགུ			The nine skills of a man; nine dexterities of manhood.\nA. {lus ngag yid gsum gyi rtsal gsum re ste dgu} The three each of body speech and mind.\nB. According to another tradition these are:\n1. {gtam/} oratorship\n2. {yi ge} writing\n3. {rtsis/} calculation\n4. {mda'/} archery\n5.{_rdo/} weight ...
ཕྱ་ལེ་བ			[ṡāta]/ Eveniy shaped. The perfect and refined shape of a thing.
ཕྱ་ལེ་བ་མ་ཡིན་པ			[viṡata]/ Unevenly shaped. The imperfect and unrefined shape of a thing.
ཕྱག་རྒྱ			[mudrā]/\nA. Hand gestures ([mudrā])\nB. Official or non-official seal.
ཕྱག་རྒྱ་ཆེན་པོ			[mahāmudrā]; the Great Seal. The greal seal of emptiness; an exalted meditation on the nature of mind, particularly associated with the Kagyud order of Tibetan Buddhism.
ཕྱག་རྒྱ་མ			The consort. Wife of an accomplished Lama
ཕྱག་རྒྱ་དྲུག			A. The six symbolic ornaments. Costumes associated with tantric deities and yoginis, made of bones representing the six perfections.\n1. {nor bu/} jewels\n2. {lag gdub/} bracelets\n3. {rna cha/} ear rings\n4. {ska rag} belt\n5. {'khor lo/} wheel\n6. {thal ba/} funerary ashes. B. The six sacred ar...
ཕྱག་རྒྱ་བཞི			The four seals; the four principles of meditation according to the yoga tantra tradition.\n1. {las kyi phyag rgya/} [karma mudrā]/ seal of activity\n2. {dam chig phug rgya/} [samaya mudrā]/ seal of pledge\n3. {chos kyi phyag rgya/} [dharma mudrā]/ seal of doctrine\n4. {stong pa'i phug rgya/} [ṡūn...
ཕྱག་རྒྱའི་ལྷ			The [mudrā] deity. One of the six kinds of deities within action tantra, involving visualizing implements such as a vajra, wheel etc., at the heart and sealing it with the commitment related to the concerned deity.
ཕྱག་ཆེན་གའི་མ			The Amulet Box traditon of [mahāmudrā]. The [mahāmudrā] transmission of the realization of the clear light mind, through meditation on the inseparability of bliss and emptiness, being likened to the two clasped sides of an amulet box.
ཕྱག་ཆེན་རྣླ་འབྱོར་བཞི			The four [mahāmudra] yogas.\n1. {rtse gtsig ma'i rnal 'byor/} the yoga of single-pointed concentration on the nature of mind\n2. {spros bral gyi rnal 'byor/} the yoga of realizing the mind as being free from\nconceptual elaboration\n3. {ro gcig gi rnal 'byor/} the yoga of realizing the sameness o...
ཕྱག་ཆེན་རྣལ་འབྱོར་བཞི			[sahaja mahāmudra prayoga]/ The [mahāmudrā] of simultaneous arisal and merging. A [mahāmudrā] linage of practice taught by Gampopa for practitioners of the initial level in order that they gradually realize the beginningless, inseparable nature of the mind and finally attain the Truth Body of a B...
ཕྱག་ན་རྡོ་རྗེ			[vajrapāṇi]; the Vajra Holder. A Bodhisattva who embodies the might and power of all the Buddhas.
ཕག་མཚན			[mudrā]/\nA. Emblems, implements and hand gestures of a deity.\nB. Signs and marks.
ཕྱི་སྒེག་བཞི			The four outer offering goddesses inside the [maṇḍala].\n1. {sgeg ma/} goddess with pleasing gesture\n2. {phreng ba ma/} goddess holding garland\n3.{_glu ma/} goddess of song\n4. {gar ma/} goddess of dance.
ཕྱི་རྒོལ			The defender, the opponent. The respondent in a debate who defends his or her position.
ཕྱི་རྒྱུད་སྡེ་གསུམ			The three outer tantras. According to the Nyingma tradition the Kriya (action) tantra was taught by Buddha [ṡākyamuni] himself and the Upayoga (performance) tantra and Yoga (union) tantra were taught by Buddha Vairocana.
ཕྱི་རྒྱུད			The entrance from outside; the process of initiation of the disciples entering from outside the curtain of the [maṇḍala]. This involves having made requests to the master, placing the disciple at the eastern gate of the [maṇḍala], bestowal of the common and uncommon vows and enquiring about their...
ཕྱི་སྟོང་པ་ཉེད			[bahirdhā ṡūnyatā]/ The emptiness of external objects. One of the sixteen emptinesses (see {stong pa nyid bcu drug}); the lack of inherent existence of non-sentient phenomena, such as the four external elements, object of perception, etc.
ཕྱི་དོན			External phenomena. The assertion that form, i.e. the five objects of sensory consciousness, and the cognizing sensory consciousness are not substantially the same, but exist separately and have a special causal relationship. This is an assertion of the two lower schools of Buddhist tenets, as we...
ཕྱི་དོན་བེམ་པོ			External matteṛ For instance rocks and eartḥ
ཕྱི་ནང་སྟོང་པ་ཉེད			[adhyānta bahirdhā ṡūnyatā]/ The emptiness of external and internal objects. One of the sixteen types of emptinesses (see {stong pa nyid bcu drug}); the lack of inherent existence of objects pervaded by consciousness, such as the six faculties, six consciousnesses and the internal organs.
ཕྱི་ཕན་པའི་དབང་བཅུ			The ten beneficial outer initiations. The initiations that are the gateway to entering the mahayoga tantra teachings in the Nyingma tradition.\n1. {snying po lnga'i dbang /} The initiations of the five essences (see {snying po lnga})\n2. {dbu rgyan gyi dbang /} initiation of the head-dress\n3. {b...
ཕྱི་རོལ་པ			An outsider; a non-Buddhist. Those who belong to a faith other than Buddhism.
ཕྱིན་ཅི་ལོག་བཞི			The four misapprehensions; the four wrong thoughts.\n1. {mi gtsang ba la gtsang bar 'dzin pa/} to apprehend what is impure as pure\n2. {bdag med pa la bdag tu 'dzin pa/} to apprehend what is selfless as\nhaving a self\n3. {sdug bsngal ba la bde bar 'dzin pa/} to apprehend what is miserable as hap...
ཕྱིན་དྲུག་གི་ཁྱད་ཆོས་བཞི			The four qualities of the six perfections (see {pha rol tu phyin padrag}).\n1. {phar phyin rang rang gi mi mthun pa'i phyogs dang bral ba/} non-association with their respective opponents (see {pha rol tu phyin pa'i mi mthun phyogs drug})\n2. {grogs 'khor sum mi rtog pa'i shes rab kyis zin pa/} c...
ཕྱིའི་དཀར་པོ་གསུམ			The three external white substances.\n1. {'o ma/} [kṣira]/ milk\n2. {zho/} [dadhi]/ curd\n3. {mar/} [ghṛta]/ butter.
ཕྱིའི་དཀྱིལ་འཁོར་བཞི			The four external [maṇḍala]s.\n1. {rdul tshon gyi dkyil 'khor/} coloured powder [maṇḍala]\n2. {ras bris dkyil 'khor/} [maṇḍala]s painted on cloth\n3. {bsam gtan gyi dkyil 'khor/} concentration [maṇḍala]\n4. {lus dkyil/} body [maṇḍala].
ཕྱིའི་སྐྱེ་མཆེད་དྲུག			The six outer sources of perception (see {yul drug}).
ཕྱིའི་ཁམས་དྲུག			[ṣaḍ bahirdhā dhātavaḥ]/ The six outer sensory spheres (see {khams bco brgyad}, A).
ཕྱིའི་རྟིན་འབྲེལ			The outer dependent arising; the working of the nature; the phenomena of nature.
ཕྱིའི་དེ་ཉིད་བཅུ			The ten external qualities of a Vajracarya.\n1. {dkyil 'khor 'bri ba la mkhas pa/} skilled in the art of drawing [maṇḍala]s and meditating upon them\n2. {dang po sbyor ba sogs kyi ting nge 'dzin la mkhas pa/} skilled in performing the preliminary practices such as maintaining concentration\n3. {l...
ཕྱིའི་ཕྱག་རྒྱ			[bahīrdhā mudrā]/ External [mudrā]; external seal; a tantric consort; a gesture.
ཕྱིའི་ཡོངས་འཛིན			External tutor. The living Guru other than oneself.\n{phyir bcos/}\n[pratikriyā]/ Restoration of vows. Restoration of transgressed vows through a confession ceremony.
ཕྱིར་མི་འོང་བཅུ			Ten never-returners.\n1. {phyir mi 'ong zhugs pa/} the enterer into never-returner\n2. {bar dor 'da' ba/} the never-returner who attains liberation in the intermediate state\n3. {skyes nas 'da' ba/} the never-returner who attains liberation as soon as he is born\n4. {'phar ba gsum/} the three nev...
ཕྱིར་མི་འོང་པའི་དགེ་འདུན་ལྔ			The five irreversible aspirants to virtue. The Bodhisattvas on the peak, forbearance, and supramundane levels of the path of preparation and the path of seeing and meditation.
ཕྱིར་འོང			Once-returner.
ཕྱོགས་སྐྱོང་བརྒྱད			[aṣṭa digpālāḥ]/ The eight directional protectors.\n1. {shar du dbang po/} Indra to the east\n2.{lho ru gshin rje/} Yarna to the south\n3. {nub tu chu bdag} [varuṇa] to the west\n4. {byang du gnon sbyin/} [yakṣa] to the north\n5. {shar lhor me lha/} [agnideva] to the south-east\n6. {lho nub tu bd...
ཕྱོགས་སྐོང་བཅུ			[daṡa digpālāḥ]/ The ten directional protectors.\n1. {dbang po/} [Indra]\n2.{gshin rje/} [yama] 3. {chu bdag} [varuṇa]\n4. {gnod sbyin/} [yakṣa]\n5. {me lha/} [agnideva]\n6. {srin po/} [rakṣasa]\n7. {rlung lha/} [vāyudeva]\n8. {'byung po/} [bhūta]\n9. {tshangs pa/} [brahma]\n10.{sa'i lha mo/} [va...
ཕྱོཨོགས་སྐྱོང་བཅོ་ལྔ			[pañcadaṣa digpālāh]/ The fifteen directional protectors.\nA. (see {phyogs skyong bcu} 1-10.)\n11. {nye dbang /} [upendra]\n12. {tshogs bdag} [gaṇapati]\n13. {nyi ma/} [sūrya]\n14.{_zla}.{ ba/} Candra\n15.{_thags bzang /} [avirala].\nB. According to [guhyasamāja] tantra, these are:\n1. {shar du r...
ཕྱོགས་བཅུ			The ten directions.\n1-4. {phyogs bzhi/} the four cardinal directions\n5.8. {mtshams brgyad/} the four sub-directions\n9. {snying /} zenith\n10. {'og} nadir.
ཕོགས་ཆོས			[pakṣa dharma]/ The first logical mark. The first condition to be fulfilled in a logical syllogism, i.e. the existence or presence of a logical mark in the subject of the syllogism.\n{phra rgyas/}\n[anuṡaya]/ Delusion; affliction. That which is subtle and multiplying. Delusions are subtle because...
ཕྲ་རྒྱས་ཀྱི་ཐེ་ཚོམ			The delusive doubt; the deluded doubt.
ཕྲ་རྒྱས་དགུ་བཅུ་རྩ་བརྒྱད			The ninety-eight delusions. The ninety-eight delusions of the three realms—eighty-eight delusions to be abandoned on the path of seeing, and ten delusions to be abandoned on the path of meditation.
ཕྲ་རྒྱས་བརྒྱ་དང་ཉེར་བརྒྱད			The hundred and twenty-eight delusions. The one hundred and twenty-eight delusions of the three realms, one hundred and twelve delusions to be abandoned on the path of seeing, and sixteen delusions to be abandoned on the path of meditation.
ཕྲ་རྒྱས་བཅུ			The ten delusions (see {mi dge ba bcu}).
ཕྲ་རྒས་དྲུག			The six delusions (see {rtsa nyon drug}).
ཕྲ་རྒྱས་རྟོག་པའི་རྣལ་འབྱོར			The yoga of subtle conceptions. The subtle conceptual yoga. A generation stage practice in the highest yoga tantra in which the objects of meditation are subtle.
ཕྲེང་བ			[mālā]/ A rosary. Common religious article used for counting prayers, mantras, etc., usually strung with 108 beads. Also means a garland; a row, e.g. of votive lamps.
འཕགས་པ			[ārya]/ A Noble Being. An exalted being; a superior. One who has attained the third path, the path of seeing, on which a person becomes a real [saṇgha] refuge.
འཕགས་པ་ཀླུ་སྒྲུབ			[ārya] [nāgārjuna]The pioneer of the Madhyamika philosophy after Buddha [ṡākyamuni], who elucidated the subtlest profound view of emptiness.
འཕགས་པ་ཉེ་བར་འཁོར			[ārya Upa li]. A close disciple of Buddha [ṡākyamuni], and a\nbarber by caste and profession, who was renowned for his mastery of the Vinaya teachings. After Buddha [ṡākyamuni]'s passing away, he was responsible for reciting the Vinaya teachings at the first Buddhist council.
འཕགས་པ་འོད་སྲུང་ཆེན་པོ			[ārya Mahākās'yapa]. A close disciple of Buddha [ṡākyamuni] belonging to the Brahmin caste, he was the first patriach or successor of the Buddha and was responsible for reciting the Abhidharma teachings at the first Buddhist council.
འཕགས་པའི་བདེན་པ་བཞི			[catvāri ārya satyāni]/ The four noble truths.\n1. {sdug bsngal bden pa/} [duḥkha satya]/ the truth of suffering\n2. {kun 'byung bden pa/} [samudaya satya]/ the truth of the origin of suffering\n3. {'gog pa'i bden pa/} [nirodha satya]/ the truth of cessation\n4. {lam gyi bden pa/} [mārga satya]/ ...
འཕགས་པའི་ནོར་བདུན			[sapta ārya dhanāni]/ The seven riches of the Noble Beings; the Seven Jewels of the [ārya]s.\n1. {dad pa/} [ṡraddha]/ faith\n2. {tshul khrims/} [ṡīla]/ moral discipline\n3. {thos pa/} [ṡruta]/ hearing\n4. {gtong ba/} [tyāga]/ generosity\n5. {ngo tsha shes pa/} [hrī]/ a sense of shame\n6. {khril y...
འཕགས་པའི་རིགས་བཞི			The four types of [ārya]s; the four types of ascetics.\n1. {chos gos ngan ngon tsam gyis chog shes pa/} one who is content with poor clothing\n2. {bsod snyoms ngan ngon tsam gyis chog shes pa/} one who is contented with meagre alms\n3. {gnas mal ngan ngon tsam gyis chog shes pa/} one who is conte...
འཕགས་པའི་གསང་བ་གསུམ			The three secret ways of the [ārya]s.\n1. {snod thams cad gzhal yas khang dang bcud thams cad lha'i rnam rol du lha ba/} viewing the environment as the divine abode and all sentient beings as divine manifestations\n2. {sgra thams cad gzungs sngags dang gdams ngag tu 'khyer ba/} taking all sounds ...
འཕགས་པ་ལྷ			[āryadeva]. A direct disciple of [nāgārjuna] who defeated the famous Tirthika teacher [aṡvaghoṣa], a highly regarded scholar, in an open debate. Author of the Four Hundred Stanzas.
འཕགས་ལམ་ཡན་ལག་བརྒྱུད			[āryaṣṭāṅga mārga]/ The eight-fold Noble Path.\n1. {yang dag pa'i lta ba/} [saṁyakdṛṣṭi]/ right view\n2. {yang dag pa'i rtog pa/} [sam`yaksaṁkalpa]/ right thought\n3. {yang dag pa'i ngag} [saṁyagvāk]/ right speech\n4. {yang dag pa'i rtsol ba/} [saṁyag vyāyama]/ right effort\n5. {yang dag pa'i 'ts...
འཕངས་པའི་ཡན་ལག			The projected results; the four propelled fruits within the twelve links of interdependent origination—name and form, sources, contact, and feeling.
འཕེན་བྱེད་ཀྱི་ཡན་ལག			Projecting causes; the three causes within the twelve links of interdependent origination which implant the causes for ripening karmas to be reborn in cyclic existence ([saṁsāra])— ignorance, karmic formation and consciousness.
འཕེལ་གདུང			Multiplied relics. Relics like mustard seeds, off-white in colour, found in the cremated ashes of holy lamas; they are placed inside statues, stupas, or amulet boxes as articles of protection and devotion.
འཕོ་བ			[saṁkrānti]/ Consciousness transference.\nA type of exalted purification practice in which one's or other's consciousness is transfered to a pure land; one of the six yogas of Naropa (see {na ro chos drug}).
འཕོ་བ་གྲོང་འཇུག			The consciousness transference of entering a corpse (see {grong 'jug}),\n{'phral gyi 'phrul rgyu/}\nCauses for temporary deception.
འཕྲིན་ལས			Virtuous activity; Buddha's grace. Synonymous with the virtue, merits or positive energy received through the blessings of the Buddha and his teachings.
འཕྲིན་ལས་ལྔ			The five types of virtuous activities. The five activities of a Buddha:\n1. {zhi ba'i las/} activity of peace\n2. {rgyas pa'i las/} activity of increase\n3. {dbang gi las/} activity of power\n4. {drag po'i las/} activity of wrath\n5. {lhun gyis grub pa'i las/} the spontaneous activity.
འཕྲིན་ལས་བཞི			The four types of virtuous activity (see {phrin las lnga} 1-4).
བ་དན			[patāka]/ Flags; prayer flags.
བ་བྱུང་ལྔ			The five products of a cow; fresh substances produced from a cow, collected before they drop to the ground.\n1. {chu/} urine\n2. {s+ci ba/} dung\n3.{_'o ma/} milk\n4.{_mar/} butter\n5.{_zho/} curd.
བ་བྱུང་རིལ་བུ			Pills made out of cow products (see {ba byung lnga /}).\n{bag chags/}\n[vāsanā]/ Latencies; instincts; karmic imprints.
བག་ཆགས་ཀྱི་ལུས			[vāsana kāya]/ The instinct body; the body of a dream state mainiy impelled by the instincts left upon one's mind.
བག་ཆག་བཞི			The four types of instincts.\n1. {mngon brjod kyi bag chags/} instinct of intuition\n2. {bdag lta'i bag chags/} instinct of the view of grasping at self\n3. {srid pa'i yan lag gi bag chags} instinct of samsaric experiences\n4. {rigs mthun pa'i bag chags/} instinct of similar factors.
བག་ཆགས་གསུམ			The three types of instincts. That of body, speech and mind.\n{bag med pa/}\nLack of conscientiousness; recklessness; negligence. An attitude of not guarding one's actions.
བག་ལ་ཉལ་བ་བདུན			[ṡapta anuṡayāh]/ The seven subconscious minds. The different subconscious experiences activated in conjunction with one's own experiences.\n1. {'dod pa'i 'dod chags kyi bag nyal/} subconscious attachment to the desire realm\n2. {khong khro'i bag nyal/} subconscious anger\n3. {srid pa'i 'dod chag...
བང་མཛོད་བུའི་སེམས་བསྐྱེད			Treasure-like Bodhicitta. The mind of enlightenment possessed by Bodhisattvas on the three pure stages—the eighth, ninth and tenth, surpassing the two accumulations of merits and insights.
བམ་པོ			Volume. Generally a standard number of three hundred verses forming the sub-divisions of a text; a device to ensure accurate translation and classification of a manuscript; but it may vary from text to text.
བར་བསྐལ			[antarakalpa]/ The intermediate aeon. The period of time taken for each of the four intermediate aeons (see {bar bskal bzhi/}) to begin and end in themselves.
བར་བསྐལ་བཞི			The four intermediate aeons.\n1. {chags pa'i bskal ba/} aeon of formation\n2. {gnas pa'i bskal ba/} aeon of endurance\n3. {'jig pa'i bskal ba/} aeon of destruction\n4. {stong pa'i bskal ba/} aeon of vacuity.
བར་བསྐལ་ཉི་ཤུ			The twenty intermediate aeons; consisting of:\n1. {mi'i tshe lo dpag med nas tshe lo brgyad khri'i bar bri ba nas tshel bcu'i bar bri ba de bar bskal pa gcig} one mn of decline) during wnicn the infinite human lifespan decreases to 80,000 to 10 years.\n2. {de nas yang tshe lo brgyad khri'i bar du...
བར་ཆད་མེད་པའི་ཏིང་ངེ་འཛིན			[ānantarya samādhi]/ The uninterrupted concentration. The moment of capturing a meditative concentration that realizes emptiness directly.
བར་ཆད་མེད་པའི་རྩེ་སྦྱོར			[ānantaryamūrdhaprayoga]/ Uninterrupted peak training. The final moment of the Bodhisattva path that results in the\nimmediate attainment of Buddhahood. Synonymous with the wisdom of the last moment within the mental continuum of a Bodhisattva.
བར་ཆད་མེད་ལམ			[ānantarya mārga]/ Uninterrupted path. A path of single-pointed concentration that overcomes its respective object of abandonment, e.g. the first instant of the path of seeing.
བར་ཆད་བཞི			The four interruptions. The four interruptions in the course of maintaining meditative concentration:\n1. {ro myang can/} obsession of taste\n2. {nga rgyal shas che ba/} strong pride\n3. {ma rig pa shas che ba/} strong ignorance\n4. {lta ba shas che ba/} strong view.
བར་དོ			[antarābhava]/ Intermediate state. The state of existence between death and rebirth, during which the consciousness takes a mental body projected by the previous karmic tendencies.
བར་དོ་དྲུག			Six classes of intermediate states.\n1. {skye ba'i bar do/} intermediate state of birth\n2. {rmi lam gyi bar do/} intermediate state of dreams\n3. {bsam gtan gyi bar do/} intermediate state of concentration\n4. {'chi kha'i bar do/} intermediate state of near-death\n5. {chos nyid bar do/} intermed...
བར་མ་རབ་བྱུང			The probationary novice. One who has received layman's ordination but has not yet received novice vows.
བས་མཐའ			[prānta]/ Wilderness retreat. A retreat place completely set apart from the town life.
བུ་ག་སྒོ་དགུ			The nine orifices or gates of exit for consciousness to exit from the human body (see {rnam shes 'pho ba'i bu ga dgu}).
བུ་དགོན			A branch monastery. A subsidiary centre of learning founded by a later disciple of a master affiliated to the monastic centre, which is called the 'mother monastery' (ma-dgon).
བུ་ཆོས			The son dharma. The collection of teachings of [atiṡa] and Drom Tonpa as received and compiled by their spiritual son, Ngog Legpe Sherab comprising many anecdotes in the life of Dromtonpa, and the entrustment of the Kadampa's doctrine to Dromtonpa during the last days of [atiṡa]'s life. This coll...
བུ་སྟོན་རིན་ཆེན་གྲུབ			The great scholar Buton (1290-1364). Born in central Tibet, he became famous for his scholarship of all sciences of learning. He compiled all the treatises translated from Sanskrit into Tibetan in a systematic order of index, and has also left more than two dozen volumes of collected wntings. Je ...
བུ་རམ་ཤིང་པ			[Ikṣvāku]/ The sugarcane descendant. An epithet for Buddha [ṡākyamuni] whose ancestral lineage is traced to a child born of an egg that was dropped from semen which had dripped onto a sugarcane leaf.
བུད་རྙེད་ཐོབ་གསུམ			The expulsion, finding and attainment. The Kadampa principles of;\n1. {mi gral nas bud/} expulsion from the ranks of worldly people\n2. {khyi gral bsnyegs/} finding the ranks of dogs\n3.{_lha gral thob/} attaining the rank of a god.
བུམ་པ་བསྐྱེད་པ			The generation of the vase. A tantric practice of generating the ritual vase as a deity by connecting vajra threads (multicoloured thread) from the vase to the heart of the master. First the vase to the heart of the master visualizes the deities, then they are offered blessed scented water from a...
བུམ་པ་སྟ་གོན			The preparatory vase ritual. A part of the preparatory rite for an initiation. The commitment beings (see {dam tshig sems dpa'}) are generated in the vase and the wisdom beings (see {ye shes sems dpa'}) are immersed into it, and then the initiation is bestowed following a rite and tradition of a ...
བུམ་དབང			The Vase Initiation. A tantric empowerment (see {bum dbang bcu gcig}) meant for ripening a disciples's mental continuum and allowing the practice of the generation stage paths aimed at gaining Buddhahood.
བུཨུུམ་དབང་བཅུ་གཅིག			The eleven vase initiations.\n1. {bum dbang /} water initition\n2. {cod pan gyi dbang /} crown initiation\n3. {rdo rje'i dbang /} vajra initiation\n4. {dril bu'i dbang /} bell initiation\n5. {ming gi dbang ste slob ma'i dbang lnga /} name initiation\n6. {rdo rje slob dpon gyi dbang /} [vajra-cāry...
བུའི་འོད་གསལ			[putraprabhāsvara]/ The son clear light. The clear light mind recognized through the power of meditation while on the trainee's path arising during the dissolution of winds within the central channel through the force of meditation; the son clear light is the experience of various levels of clear...
བེ་ཅོན			[daṇḍa]/ Club with an ornamental human, vajra, or human head at its top; generally depicted as an implement in the hands of Asuras.
བེམ་པོ			Matter. Any existent thing that is neither form nor consciousness, e.g. a person. There are two types of matter.\n1.{phyi don ben po/} external matter, e.g. a clay pot\n2. {nang dan ben po/} internal matter, e.g. sense organs.
བྱ་དཀའ་རྣམ་གསུམ			Three difficult aspects of practice.\n1. {ched du bya dka' ba/} fulfilling the goals\n2. {sbyod pa bya dka' ba/} executing the conduct\n3. {las bya dka' ba/} pursuing the practice.
བྱ་ཁྱུང			[garuḍa]; celestial eagle. A bird in Buddhist and Hindu mythology which is half man and half eagle symbolizing anger or wrath.
བྱ་ཁྲུས			A purification ceremony conducted by a lama in which he sprinkles blessed water on one's head and gives water to sip.
བྱ་རྒོང་ཕུང་པོ་རི			[gṛdhrakūta]/. Vulture Peak. The holy place near Rajgiri where Buddha [ṡākyamuni] turned the second wheel of doctrine, e.g. the Perfection of Wisdom [sūtra]s.
བྱ་རྒྱུད			[kriyātantra]/ Action tantra. The first of the four classes of tantra, stressing the importance of purifying external\nactivities.
བྱ་རྒྱུད་ཀྱི་དངོས་གྲུབ་གསུམ			The three types of siddhis of action ([kriyā]) tantra. The power\nof gaining proficiency in caryatantra practices\n1. {rab rig 'dzin dang mngon shes dang nastan bcos kun shes pa sogs dang /}\nthe siddhi of knowledge of all sciences of learning as the supreme result\n2.{_'bring mi snang ba dang bc...
བྱ་རྒྱུད་ཀྱི་དེ་ཁོ་ན་ཉིད་བཞི			The four suchnesses according to action tantra. The four primary applications of the action tantra practices (see {de kho na nyid bzhi}).
བྱ་རྒྱུད་ཀྱི་དབང་གསུམ			The three initiations according to action tantra\n1. {me tog phreng ba'i dbang /} the flower garland initiation\n2. {chu dbang/} water initiation\n3. {cod paN gyi dbang /} crown initiation.
བྱ་རྒྱུད་ཀྱི་བསམ་གཏན་གསུམ			The three types of concentration according to the action tantra The three suchnesses of concentration.\n1. {mer gnas kyi de nyid} suchness of abiding in fire\n2. {sgrar gnas kyi de nyid/} suchness of abiding in sound\n3. {sgra mtha'i de nyid/} suchness of abiding in the finality of sound.
བྱ་རྒྱུད་ཀྱི་ལྷ་དྲུག			The six deities of the action tantra.\n1. {stong pa'i lha/} [ṡūnyatā deva]/ emptiness deity\n2. {yi ge'i lha/} [akṣara deva]/ letter deity\n3.{sgra'i lha} [ṡabda deva]/sound deity\n4. {gzugs kyi lha/} [rūpādeva]/ form deity\n5. {phyag rgya'i lha/} [mudrā deva]/ seal deity\n6. {mtshan ma'i lha/} [...
བྱ་རྒྱུད་སྤྱིའི་དམ་ཚིག་བཅུ་བཞི			The fourteen commitments of action tantra in general.\n1-3. {dkon mchog gsum la dad pa/} maintaining faith in the Three Jewels\n4. {sngags la dad pa/} faith in mantra\n5. {theg chen la mos pa} possessing aspiration in the greater vehicle teachings\n6. {bla ma dang chos grogs la gus pa/} being res...
བྱ་རྒྱུད་རིགས་དྲུག			The six families of action tantra.\n1. {de bzhin gshegs pa'i rigs/} the Tathagata family\n2. {pad+ma'i rigs/} the Padma family\n3. {rdo rje'i rigs/} the Vajra family, known as the three transworldly families\n4. {nor bu'i rigs/} the Ratna family\n5. {lngas rtsen gyi rigs/} the Spirit (lngas-rtsen...
བྱ་རྒྱུད་རིགས་གསུམ			The three families of action tantra (see {bya rgyud rigs drug}, 1-3).
བྱ་རྫོགས་སྐད་ཅིག་མ			The time between the beginning and end of an activity. The span of time whrch is l/60th of a finger-snap.
བྱང་ཆུབ་ཀྱི་སེམས			Bodhicitta/ Mind of enlightenment. Altruistic mind of enlightenment to attain Buddhahood for the sake of other sentient beings; a Bodhisattva's way of life.
བྱང་ཆུབ་ཡན་ལག་བདུན			[sapta bodhyaṅgāni]/ The seven limbs of enlightenment; the seven auxiliaries to enlightenment which are in an equilibrim state of concentration and wisdom.\n1. {dran pa/} [smṛti]/ mindfulness\n2. {shes rab/} [prajña]/ wisdom\n3. {brtson 'grus/} [virya]/ effort\n4. {dga' ba/} [priti]/joy\n5. {shin...
བྱང་ཆུབ་ཤིང			[bodhivṛkṣa]/ Bodhi tree. The pipal tree under which Buddha [ṡākyamuni] attained complete eniightenment at Bodhgaya.
བྱང་ཆུབ་སེམས་དཔའ			Bodhisattva. Practitioner of the greater vehicle teachings who has resolved to attain Buddhahood for the sake of ail sentient beings; also called the son of the Victorious Ones, more strictly, one who has at least attained the first path of the greater vehicle.
བྱང་ཆུབ་སེམས་དཔའི་སྟོབས་བཅུ			[daṡa bodhisattvabalāni]/ The ten powers of a Bodhisattva\n1. {bsam pa'i stobs/} [āṡaya balam]/ power of intention\n2. {lhag pa'i bsam pa'i stobs/} [adhyāṡaya balam]/ power of resolute intention\n3. {sbyor ba'i stobs/} [prayoga balam]/ power of application\n4. {shes rab kyi stobs/} [praj~na balam...
བྱང་ཆུབ་སེམས་དཔའ་དང་ཐུན་མོང་བའི་རྣམ་པ་སོ་བཞི			The thirty-four qualities common to Bodhrsattvas; the thirty-four aspects of the omniscient mind (see {rnam mkhyen gyi ra nam pa sum cu so bzhi}).
བྱང་ཆུབ་སེམས་དཔའི་དབང་བཅུ			The ten aspects of a Bodhisattva's control.\n1. {tshe la dbang ba/} control over life\n2. {sems la dbang ba/} control over mind\n3. {yo byad la dbang ba/} control over materials\n4. {las la dbang ba/} control over action\n5. {skye ba la dbang ba/} control over birth\n6. {chos la dbang ba/} contro...
བྱང་ཆུབ་སེམས་དཔའི་ས་བཅུ			[daṡa bodhisattva bhūmayaḥ]/ The ten Bodhisattva grounds; the ten levels of Bodhisattvas (see {sa bcu}).
བྱང་ཆུབ་སེམས་དཔའི་སེམས་ཅན་གྱི་དོན་བྱ་ཚུལ་བཅུ་གཉིས			Twelve ways in which a Bodhisattva fulfils the purposes of sentient beings; the Bodhisattva's twelve means of working for the welfare of others.\n1. {bya ba byed pa/} performance in action\n2. {sdug bsngal gyis gzir ba'i don byed pa/} helping those who are suffering\n3. {thabs la rmongs pa'i don ...
བྱང་ཕྱོགས་སོ་བདུན			The thirty-seven limbs of enlightenment; the thirty-seven auxiliaries to enlightenment.\n1-4. {dran pa nye bar bzhag pa bzhi/} four close contemplations (see {dran pa nye bar bzhag pa bzhi})\n5-8. {yang dag par spong ba bzhi/} four perfect abandonments (see {yang dag spong ba bzhi})\n9-12. {rdzu ...
བྱང་སེམས་ཀྱི་སྡོམ་པ			[bodhisattva saṁvara]/ Bodhisattva vows; Bodhisattva precepts. The vows taken with the aim of helping others to attain the state of Buddhahood.
བྱང་སེམས་འཕགས་པ			[ārya Bodhisattva]; superior Bodhisattva. A Bodhisattva who has attained the third of the five paths—the path of seeing.
བྱམས་ཆོས་སྡེ་ལྔ			The Five Works of Maitreya\n1. {mdo sde rgyan/} Ornament of [mahāyāna] Discourses ([mahāyāna sūtrālaṁkāra])\n2. {mngon rtogs rgyan}1 Ornament of Clear Realization ([abhisamayālaṁkāra])\n3. {dbus mtha' rnam 'byed/} Clear Distinction Between the Middle Way and Extremes ([madhyāntavibhaṅga])\n4. {ch...
བྱམས་པ			[maitreya]/. A. Love; the wish for all sentient beings to be happy. B. Buddha Maitreya. Also called Maitreyanath, the future Buddha who will appear after the total disappearance of Buddha [ṡākyamuni]'s teaching, presently believed to be residing in the Tusita God Realm. C. Bodhisattva Maitreya Th...
བྱིན་གྱིས་བརླབས་བའི་བཀའ			Blessed words of the Buddha; the teaching given through the force of Buddha's blessings although not spoken by him. There can be the blessings of body, speech and mind, e.g. the Heart [sūtra] is a discourse of the Buddha blessed by his mind.
བྱིན་རླབས་བཞི			The four types of blessings.\n1. {bden pa'i byin rlabs/} blessing of the truth\n2. {gtong ba'i byin rlabs/} blessing of giving\n3. {nye bar zhi ba'i byin rlabs/} blessing of ultimate peace\n4. {shes rab kyi byin rlabs/} blessing of wisdom.
བྱིས་པ་ལྟར་འཇུག་པའི་དབང་བདུན			The seven initiations of entering (the [maṇḍala]) like a child.\n1. {cha'i dbang /} water initiation\n2. {cod paN gyi dbang /} crown initiation\n3. {dar dpyangs kyi dbang /} ribbon initiation\n4. {rdor dril gyi dbang /} vajra and bell initiation\n5. {rdo rje brtul zhugs kyi dbang /} vajra practic...
བྱེ་བྲག་བ			[vaiṡeṣika]/ The Particularists. Proponents of non-Buddhist tenets following the sage Kanand, who asserted that all objects of knowledge are included in six categories (see {bye brag pa'i tsheg don drug}); they also assert that ablution, initiations, fasts, and offerings of fire rituals are perfe...
བྱེ་བྲག་པའི་ཚེག་དོན་དྲུག			The six principles of the Paticularists.\n1. {rdzas/} [dravya]/ substance\n2. {yon tan/} [guṇa]/ quality\n3. {las/} [karma]\n4. {spyi/} [sāmānya]/ enerality\n5. {bye brag} [viṡeṣa]/ particularity\n6. {'du ba/} [saṁgraha]/ composition.
བྱེ་བྲག་སྨྲ་བ			[vaibhāṣika]. A lower school of Buddhist philosophy that asserts the division of all phenomena into the following five I categories, and assert three times as substantially existent.\n1. {'du ma byas rtag pa'i gzhi/} non-composite phenomena as permanent\n2. {snang ba sems kyi gzhi/} appearances a...
བྱེ་བྲག་སྨྲ་བའི་སྡེ་པ་བཅོ་བརྒྱད			[aṣṭadaṡa vaibhāṣika nikāyāḥ]/ The eighteen schools of [vaibhāṣika] The eighteen schools of Hearers (see {nyan thos sde pa bco brgyad}).
བྱེ་བྲག་སྨྲ་པའི་སྡེ་པ་པ			The four principal schools of [vaibhāṣika]. The four mains schools of Hearers (see {nyan thos rataza ba'i sde pa bzhi}).
བྱེ་བྲག་བཤད་མཚོ་ཆེན་མོ			[mahāvibhāṣa]/ The Great Ocean of Commentary (mahavibhasa). One of the principal texts of the [vaibhāṣika] school of philosophy said to have been composed collectively by five hundred Arhats lead by Upali, after the passing away of Buddha [ṡākyamuni]. It belongs to the Abhidharma class of teachings.
བྱེད་རྒྱུ			[kāraṇahetu]/ Active phenomena; active cause. A phenomenon is said to be an active cause of another when it is both substantially distinct from that phenomenon and does not obstruct its arisal. There are two types of active causes:\n1. {byed rgyu nus ldan/} effective active cause, e.g. food for b...
བྱེད་རྒྱུ་ཉི་ཤུ			Twenty types of active causes.\n1. {gnas pa'i ed rgyu/} active cause of endurance\n2. {brtan pa'i byed rgyu/} active cause-of stablization\n3. {'bral ba'i byed rgyu/} active cause of separation\n4. {gsal ba'i byed rgyu/} active cause of clarity\n5. {yid ches pa'i byed rgyu/} active cause of convi...
བྲམ་ཟེ			Brahmin. One of the four castes of Indian society who are traditionally occupied with religious duties.
བྲམ་ཟེའི་རིག་བྱེད་བཞི			Four Vedas of Brahmins.\n1. {nges brjod/} Rig Veda\n2. {mchod sbyin/} Yajur Veda 3.{snyan tshig} Sama Veda 4. {srid srung /} Atharva Veda
བྲམ་ཟེའི་ལས་དྲུག			Six tasks of a Brahmin; six trainings of a Brahmin.\n1. {klog pa/} reading\n2.{_klog tu 'jug pa/} training others to read\n3. {mchod sbyin/} making sacrificial offerings\n4. {mchod sbyid byed du 'jug pa/} encouraging others to perform sacrificial offerings\n5. {sbyin pa/} giving alms\n6. {len pa/...
བླ་ན་མེད་པ་དྲུག			[ṣaḍ anuttarayāṇi]/ Six unsurpassables.\n1. {mthong ba bla na med pa/} [darṡanānuttaryam]/ unsurpassable seeing\n2. {thos pa bla na med pa/} [ṡravaṇanūttaryam]/ unsurpassable hearing\n3. {rnyed pa bla na med pa/} [lābhānuttaryam]/ unsurpassable finding\n4. {bslab pa bla na mad pa/} [ṡikṣānuttarya...
བླ་བྲང			Lama estate. An estate owned by a high lama
བླ་བྲེ			Canopy. A brocade and silk hanging above a high lama's throne.
བླ་མ			Lama. A. Spiritual master; qualified religious teacher. Lit. 'high one' (guru) or 'weighty one', meaning one who possesses great knowledge and spiritual accomplishments.
བླ་མ་དཀོན་མཆོག			A. The entire group of objects of refuge.\nB. A humble and sincere person.\nC. Not good, not bad.
བླ་མ་ཁྱད་ཆོས་སུམ་ལྡན			Three qualities of a Guru.\n1. {tshul khrims rnam par dag pas sgo gsum gyi spyod pa gtsang pa/} tne conduct of his body, speech and mind are pure due to his strict morality\n2. {shes rab rnam par dag pas bshad pa'i don la mkhas pa/} ne is wise in giving\nteaching due to his pure wisdom\n3. {bsam ...
བླ་མ་རྒྱུད་བ			A tantric monk. A monk either from the upper or lower tantric college of the Gelug order.
བླ་མ་མ་ཎི			A Buddhist minstrel. A professional bard who moves freely, tell stories and sings poems of Buddhist ethics, karma, life stories and epics to people.
བླ་མའི་རྣལ་འབྱོར			Guruyoga. The practice of guru devotion; the meditation and services to please one's guru in order to increase one's power to reach one's goal of ultimate enlightenment.
བླ་མེད་ཀྱི་དབང་བཞི			The four initiations of the highest tantra (see {dbang bzhi}).
བླ་མེད་རྒྱུད་གསུམ			The three highest yoga tantras (anuttarayoga tantra).\n1. {pha rgyud/} father tantra, e. g Guhyasamaja\n2. {ma rgyud/} mother tantra, e.g. Cakrasanivara\n3. {gnyis med kyi rgyud/} non-dual tantra, e.g. [kālacakra].
བླངས་འདས་སོ་དྲུག			The thirty-six precepts of observance and abandonment of a novice monk (see {dge tshul gyi blangs 'das so drug}).
བླ			Buddhi/1. Mind; perception\n2. Wisdom.
བློ་གྲོས			Wisdom; intelligence; sagacity; prudence; knowledge.
བློ་ངན་གསུམ			The three evil wisdoms.\n1. {ma rtogs pa/} not-knowing\n{log par rtog pa/} knowing wrong\n3. {the tshom/} doubt.
བློ་སྡོག་རྣམ་བཞི			The four principles of thought transformation; the four basic mind trainings.\n1. {dal 'byor rnyed dka' bsam pa/} realizing the preciousness of a human rebirth\n2. {'chi ba mi rtag bsam pa/} realizing the impermanence of this life\n3. {'khor ba'i nyes dmigs bsam pa/} realizing the faults of cycli...
བློ་སྦྱོང་ཐུན་བརྒྱད་མ			Eight sessions of mind training. Kadampa's mind training precepts transmitted by Dromtonpa.\n1. {zas la brton pa'i blo sbyong /} mind training in reliance on eating\n2. {dbugs la brten pa'i blo sbyong /} mind training in reliance on breath\n3. {lus gang+gA'i bye ma snyed du sprul pa la brten pa'i...
བློ་སྦྱོང་དོན་བདུན་མ			The seven point mind training. The Kadampa's mind training precepts: {sngon 'gro rten gyi chos sems pa/} the preliminary practice\n2. {dngos gzhi byang chub kyi sems sbyong ba/} generating the mind of enlightenment\n3.{_rkyen ngan byang chub kyi lam du bsgyur ba/} transforming misfortunes into pa...
བློ་སྦྱོང་ཞེན་པ་བཞི་བྲལ			The mind training, 'Parting Away from the Four Clingings' common to the Sakya tradition.\n1. {tshe 'di la zhen na chos pa min/} if you have attachment to this life, you are not a religious practitioner\n2. {'khor ba la zhen na nges 'byung min/} if you are attached to cyclic existence, you have no...
བློ་རིག་བདུན			Seven awarenesses; seven ways of knowing.\n1. {mngon sum/} [pratyakṣa]/ direct perception\n2. {rjes dpag} [anumāna]/ inferential perception\n3. {bcad shes/} [paricchinna jñāna]/ subsequent cognition\n4. {yid dpyod/} [manaḥparīkṣā]/ presumption\n5. {snang la ma nges/} [darṡanāniyata]/ inattentive ...
བློ་རིག་བཞི			The four classes of awareness. The classification of mind according to the way it cognizes its respective object of perception.\n1. {snang la ma nges pa dang yid dpyod gnyis po ma rtogs pa'i blo/} non-discerning mind, e.g. the presumptions and inattentive mind\n2. {rtog bcas rtog med kyi logashes...
བློ་ལ་གཉིས་སུ་དབྱེ་བ			Ways of dividing mind into two.\nA. {rtog pa dang rtog med gnyis su dbye ba/} Conceptual and non-conceptual minds.\nB. {tshad ma tshad min gnyis su dbye ba/} Valid and invalid cognitions.\nC. {'khrul ba dang ma 'khrul ba'i shes pa gnyis su dbye ba/} Mistaken and unmistaken minds.\nD. {rtogs pa da...
བློའི་གཞན་སེལ			Mental exclusion of other. An affirming negadve which is a mere projection of thought, e.g. the appearance of not not a vase, i.e. the generic image of a vase.
བློས་བྱས་སྟོང་པ་ཉེད			Intellectually formulated emptiness. Wrongly conceived emptiness.
དབང			[abhiṣekha]/ Initiation; empowerment. A tantric ceremony in which a lama empowers his disciples to engage in higher practices of tantra through ripening their mental continuum.
དབང་གི་དངོས་གཞིའི་ཆོ་ག			The actual-initiation rite. A part of the initiation programm entailing the erection of the [maṇḍala] and performing the accomplishment rite (sgrub-mchod), the self-initiation and bestowing initiation to others.
དབང་གི་མཐའ་རྟེན			The concluding rite of initiation. Offering of the thanks giving [maṇḍala], agreeing to abide by the commitments, offering the three gates of activities for the master's service, and dedicating virtues.
དབང་གི་སྦྱོར་བ			The preparatory rite of initiation. This includes the ground ritual seeking permission for its use, preparatory rites of accomplishment by constructing the [maṇḍala] be that a powdered sand or painted [maṇḍala], and the actual accomplishment rite for a couple of days.
དབང་མངོན་ལྔ			The five sensory direct perceptions. That of eyes, ears, nose, tongue and body senses.
དབང་བཅུ			[daṡa vaṡitāḥ]/ The ten powers. The ten powers or^Bodhisattvas having transcended the rank of being an ordinary person, i.e.\ncontrol over the ten types of harms which a common person is likely to experience.\n1. {tshe la dbang ba/} control of life-span\n2. {sems la dbang ba/} control of mind\n3....
དབང་བཅུ་གཅིག			The eleven initiations; the eleven initiations that are gateways to entering yoga tantra.\n1-5. {slob ma'i dbang lnga /} the five initiations of a disciple (see {rig pa'i dbang lnga}).\n6-11. {slob dpon gyi dbang drug} the six initiations of the master (see {slob dpon gyi dbang drug}).
དབང་པོ་དགུ			[navendriyāṇi]/ The nine powerful faculties. The nine faculties possessed by an [ārya]\n1-5. {rnam byang gi dbang po snga /} the five pure powers or purified mental faculties (see {dbang po Ing} B). 6. {tshor ba bde ba/} pleasant feeling 7. {yid bde ba/} unpleasant feeling\n8. {btang snyoms/} equ...
དབང་པོ་ལྔ			[pañcendriyāṇi]/The five faculties; the live powers. A. {dbang po gzugs can pa lnga /} The five physical sense faculties (see {khams bco brgyad}, 7-12). B. {rnam byang gi dbang po lnga /} The five purified mental faculties: 1. {dad pa'i dbang po/} [ṡraddhendriyam]/ power of faith\n2. {brtson 'gru...
དབང་པོ་བཅུ་གཅིག			[Ekadaṡendriyāṇi]/ Eleven faculties.\n1-5. {dbang po lnga /} the five sense powers (see {dbang po drug} 1-5)\n6. {kha/} mouth\n7. {lag pa/} hands 8.{_rkang pa/} feet 9.{_rkub/} anus 10. {gsang gnas/} secret organs\n11. {yid dbang /} faculty of mind.
དབང་པོ་ཉེར་གཉིས			The twenty-two faculties; the twenty-two powers.\n1-7. {rten gyi dbang po bdun/} The seven faculties of reliance (see {rten gyi dbang po bdun}).\n8-9. {rten can gyi dbang po gnyis/} The two faculties of basis or sex (see {rten can gyi dbang po gnyis}).\n10-14. {tshor ba'i dbang po lnga /} The fiv...
དབང་པོ་དྲུག			[ṣaḍ indriyāṇi]/ Six cognitive powers; six faculties; also called the six internal sources of perception (nang-gi skyed-mched drug).\n1. {mig gi dbang po/} [cakṣurindriyam]/ eye sense power\n2. {rna ba'i dbang po/} [ṡrotrendriyam]/ ear sense faculties\n3. {sna'i dbang po/} [ghraṇendriyam]/ nose s...
དབང་པོ་གསུམ			The three faculties. A. The three pure powers gained on the paths of seeing, meditation and no-more learning, respectively (see 6-8 of {rnam byang gi dbang po brgyad/ zag med kyi dbang po gsum}).\nB. The three types of persons according to their level of intelligence:\n1. {dbang po tha ma/} poor ...
དབང་ཕྱུག			[īṡvara]/ A. Mahadeva ([ṡiva]).\nB. Glory and power.\nC. Excellence.\nD. Powerful attainments ([siddhi]).
དབང་ཕྱུག་བརྒྱད			A. The eight sovereign qualities (see {thun mong ma yin pa'i dbang phyug gi yon tan brgyad}).\nB. The eight powerful attainments; the eight worldly feats (see {thun mong ba'i dbang phyug gi yon tan brgyad}).
དབང་ཕྱུག་བཅུ			The ten sovereign qualities of a Bodhisattva; the ten powers (see {bdang bcu}).
དབང་ཕྱུག་པ			[īṡvara]/ The followers of [īṡvara]. A school of Hindu philosophy which asserts that the world and its inhabitants are created by the projected thought (blo-yi gyo-ba) of Isvara (Siva), who they believe to be permanent, omniscient and never changing.
དབང་པབཞི			The four-fold initiations. The four-fold initiations of the\nhighest yoga tantra.\n1. {bum dbang } the vase initiation\n2. {gsang dbang /} the secret initiation\n3. {shes rab ye shes kyi dbang /} the primordial-wisdom initiation\n4. {tshig dbang /} the word initiation.
དབང་བཞི་པ			The fourth initiation. The verbal initiation of words by which a tantric master introduces his disciple to the union of the pure body (illusory body) and mind (clear light) of a Buddha.
དབང་ལུང་ཁྲིད་གསུམ			The threefold lineages—initiations, transmissions and explanations.
དབུ་སྡེ་གཉིས			The two holy assemblies; the two spiritual communities.\n1. {gos dkar lcang lo can gyi lnge /} tantric yogis and yoginis who wear a white lower garment\n2. {rab byung ngur smrig gi sde/} monks and nuns who wear red robes.
དབུ་མ་ཐལ་འགྱུར་བ			[prāsaṅgika mādhyamika] school. The highest school of Madhyamika philosophy which asserts that phenomena do not exist by their own nature, inherently, not even on the conventional level.
དབུ་མ་པ			[mādhyamika] school. The middle-view school, who assert emptiness as being free of two extremes—the extreme of existence and extreme of non-existence.
དབུ་མ་རང་རྒྱུད་པ			[svātantrika mādhyamika] school. A sub-school of [mādhyamika] philosophy which asserts that all phenomena exist by their own nature, inherently, but do not have true existence.
དབུ་མ་རིགས་ཚོགས་ལྔ			The five middle way treatises. The five famous treatises of [ācārya Nāgārjuna]\n1. {dbu ma rtsa ba shes rab/} [prajñāmūla]/ The Fundamental Wisdom of the Middle Way\n2. {rtsod zlog} [vigrahavyāvartanī]/ Refutation of Arguments\n3. {stong nyid bdun cu/} [ṡūnyatāsaptati]/ Seventy Stanzas on Emptine...
དབུ་མ་རིག་ཚོགས་དྲུག			The six middle way treatises (see {dbu ma rigs tshogs lnga /} 1-5)\n6. {rin chen phreng ba/} [ratnāvali]/ The Jewel Garland.
དབུ་མ་གཞན་སྟོང			The alternative emptiness; the other emptiness (see {gzhan stong}). The view asserted by Kunkhyen Dolpo-pa, a prophet of Jo-nang school of tibetan Buddhist philosophy (see {gzhan stong}).
དབེན་པ་གསུམ			The three isolations.\nA. {mdo sngags thun mong ba'i dbang du/} The three isolations common to both [sūtra] and tantra traditions.\n1. {lus 'du 'dzis dben pa/} body free of association in busy life\n2. {sems mi dge ba'i rnam rtog gis dben pa/} mind fee of non-virtuous conceptualizations\n3. {sgo ...
དབེན་གསུམ་རྡོ་རྗེའི་རྣལ་འབྱོར			Vajrayoga of triple isolation. A meditation practice similiar to the completion stage yoga in highest tantra.\n1. {ngag dben/} isolation of speech\n2. {lus dben/} isolation of body\n3. {sems dben/} isolation of mind.
དབྱངས་ཀྱི་ཡན་ལག་དྲུག་བཅུ			The sixty features of a melodic voice; the sixty mellifulous speech.\n1. {mnyan pa/} flexible\n2. {'jam pa/} soft\n3. {yid du 'ong ba/} attractive\n4. {yid la thad pa/}delightful\n5. {dag pa/} pure\n6. {dri ma med pa/} faultless\n7. {gsal ba/} clear\n8.{_snang zhing 'jebs pa/} pleasantly soothing...
དབྱངས་ཀྱིས་བསྙད་པའི་སྡེ			Verse-form teachings. One of the twelve scriptural categories (see {gsung rab yan lag bcu gnyis}); verses which Buddha uttered during the beginning or conclusion of a discourse.
དབྱངས་ཅན་མ			[sarasvatīdevī]. Goddess of eloquence. A goddess of both the Hindu and Buddhist pantheons, worshipped as the perfection of eloquence and regarded as the embodiment of mellifluent clarity of sound and speech.
དབྱར་སྔ་མ			Early summer retreat. Observance of a summer or rainy season retreat by the monastic communities from the sixteenth of the sixth month of the Tibetan calendar until the thirtieth of the eighth month. The tradition followed by the monastic community in general.
དབྱར་གནས			[vārṣika]/ Summer retreat. One of the three basic observances for monks as prescribed by Buddha [ṡākyamuni]; rainy season retreat during which time they do not go beyond the marked bounds of the monasteries and observe rules and regulations in addition to their regular routine.
དབྱར་ཕྱི་མ			Later summer retreat. Observance of a summer retreat by the monastic communities from the sixteenth day of the seventh month of the Tibetan calendar until thirtieth of the eighth month. This tradition is followed by both the upper and lower tantric colleges of Lhasa.
དབྱིག་གཉེན			[vasubandhu]/ Regarded as a renowned Buddhist scholar of the 5th century, the younger brother of [ārya Asaṅga] and the author of [abhidharmakoṡṭika] and the eight treatises of Vasubandhu (see {pra ka ra na sde brgyad}).
དབྱིབས་སྔགས་ཆོས་གསུམ			The threefold practices; the three generation stage yogas or practices:\n1. {bskyed pa dbyibs kyi rnal 'byor/} the yoga of generating into the shape and form of a deity\n2. {bzlas pa sngags kyi rnal 'byor/} the yoga of reciting mantras of the deity\n3. {'od gsal 'jug ldang chos kyi rnal 'byor/} t...
དབྱིབས་གཟུགས་བརྒྱད			Eight types of shape and form.\n1. {ring ba/} long\n2. {thung ba/} short\n3. {mtho ba/} high\n4. {dma' ba/} low\n5.{lham pa/} square\n6. {zlum po/} round\n7.{_phya le ba/} even\n8. {phya le ba ma yin pa/} uneven.
དབྱེར་མེད་ཆོས་སྐུ			Inseparable truth body. The inseparability of the emanation body, enjoyment body and the natural truth body of a Buddha.
དབྱེར་མེད་རྡོ་རྗེའི་གསུང			The inseparable vajra teachings. One of the five kinds of teachings of a Buddha (see {bsung ing}) according to the Nyingma tradition. This refers to the non-duality of sound and emptiness of all speeches and teachings of a Buddha being totally free of the two extremes.
འབའ་རོམ་བཀའ་བརྒྱུད			Bamrom Kagyu tradition. One of the eight lineages of Kagyu tradition of Tibetan Buddhism founded by Gampopa's disciple, Bamrom Darma Wangchuk who is believed to have been the incarnation of Tulzug Choepa Nagpopa.
འབུར་པོ་ལྔ			Five protruberances. That state of foetal development in the womb of a mother when the signs of five parts of body become obvious.\n1-2. {dpus mo gnyis/} signs of two legs\n3-4. {dpung pa gnyis/} signs of two arms\n5. {mgo/} the head.
འབྱུང་འགྱུར་གྱི་རེག་བྱ་བདུན			Seven tangible objects arising from the elements; seven objects of touch that are transformations of the four elements.\n1.{'jam pa/} smoothness\n2. {rtsub pa/} roughness\n3. {yang ba/} lightness\n4. {lci ba/} heaviness\n5. {grang ba/} coldness\n6. {bkres pa/} hunger\n7. {skom pa/} thirst.
འབྱུར་འགྱུར་གྱི་རེག་བྱ་ཉེར་གཉིས			Twenty-two tangible objects arising from the elements.\n1-7. (see {'byung 'gyur gyi reg bya bdun})\n8. {mnyen pa/} pliancy\n9. {lhod pa/} loseness\n10. {lhod pa ma yin pa/} tauntness\n11. {tshim pa/} contentment\n12. {nyam che ba/} strong\n13. {nyam chung ba/} weak\n14. {brgyal ba/} fainting/ swo...
འབྱུང་བ་བཞི			The four elements.\n1. {sa/} earth\n2. {chu/} water\n3. {ma/} fire\n4. {rlung /} wind. When it is five add {nam mkha'/} space; and when six add {rnam shes/} consciousness.
འབྱོར་བ་བཅུ			Ten endowments; ten condusive factors for a person to practise dharma\n1. {mi yin pa/} being a human\n2. {yul dbus su skyes pa/} being born in a Buddhist land\n3. {dbang po tshang ba/} having sound senses\n4. {las mtha' ma log pa/} being free from extreme actions\n5. {chos la dad pa/} having fait...
འབྲས་སྐྱབས			[phala ṡaraṇa]/The resultant refuge. The fully enlightened state of Buddha in one's own continuum, i.e. that fully enlightened refuge developed within oneself.
འབྲས་ཆོས་ལྔ			The five resultant phenomena; the five qualities of Buddhahood. Those of the body, speech, mind, qualities, and enlightened activities of a Buddha.
འབྲས་ཆོས་ཉེར་ལྔ			The twenty-five resultant phenomena; the five each with respect to the body, speech, mind, qualities and enlightened activities of a Buddha according to the explanation given in the Nyingma tantras.
འབྲས་རྟགས་ཡང་དག			Correct reason of effect. A correct reason which is the effect of the predicate in a logical syllogism.
འབྲས་རྟགས་ཡང་དག་གི་དབྱེ་བ་ལྔ			Five divisions of correct reason of result.\n1. {rgyu dngos grub kyi rtags/} that establishing the direct cause\n2. {rgyu sngon song gi rtags/} that establishing the preceding cause\n3. {rgyu spyi sgrub kyi rtags/} that establishing the general cause\n4. {rgyu khyad par sgrub kyi rtags/} that est...
འབྲས་དུས་ཀྱི་འོད་གསལ			The resultant clear light. The perfect realization of the final reality of the basic primordial clear light existent within oneself as introduced by a qualified meditation master, and the ability to maintain this experience day and night.
འབྲས་བུ་ལྔ			[pañca phalāni]/ Five types of results; five types of fruits.\n1. {rgyu mthun gyi 'bras bu/} [niṣyanda phalam]/ results that accord with the cause\n2. {bdag po'i 'bras bu/} [adhipati phalam]/ environmental cause\n3. {skyes bu'i byed pa'i 'bras bu} [puruṣa kāra phalam]/ results caused by persons\n...
འབྲས་བུ་ཆོས་སྐུ་མཚོན་བྱེད་ཀྱི་ཆོས་བཞི			Four features characterizing the resultant Truth Body of a Buddha.\n1. {ngo bo nyid sku}[svabhāvakāya]/ the nature truth body\n2. {ye shes chos sku} [jñānadharmakāya]/ the wisdom truth body\n3. {longs sku} [saṁbhogakāya]/ the complete enjoyment body\n4. {sprul slu} [nirmāṇakāya]/ the emanation body
འབྲས་བུ་ཐུཨོད་རྒལ			He who attains the fruit by leaps.
འབྲས་བུ་རིམ་གྱིས་པ			He who attains the fruit successively.
འབྲས་བུའི་ཐེག་པ་དྲུག			The five resultant vehicles; the five tantric vehicles or paths.\n1-4. The four classes of tantra (see {rgyud sde bzhi})\n5. {a nu yo ga} anuyoga vehicle\n6. {a ti yo ga} atiyoga vehicle.
འབྲས་བུའི་འོད་གསལ			The resultant clear light. The dharmakaya itself.
འབྲས་གཟུགས་བཅུ་གཅིག			Eleven resultant forms.\n1-5. {dbang po gzugs can pa lnga /} five physical sense faculties (see {dbang po drug} 1-5)\n6-10. {gzung don lnga /} five objects of perception (see {yul drug})\n11. {chos kyi skye mched pa'i gzugs/} abstract forms that are sources for mental consciousness.
འབྲས་ཡུམ་ལ་ཉེ་བའི་གཞི་ཤེས			[phalabhūtamāturāsannībhuta vastujñāna]/ Basic wisdom close to the resultant mother. The knowledge of the basis near to omniscient wisdom; synonymous with the knowledge of the basis (gzhi-shes) within the mental continuum of a [mahāyāna ārya] that is conjoined with exalted means and wisdom, chara...
འབྲས་ཡུམ་ལ་རིང་བའི་གཞི་ཤེས			[phalabhūtamāturadūrībhūta vastujñana]/ Basic wisdom distant from the resultant mother; knowledge of the basis distant from omniscient wisdom; synonymous with the knowledge of the basis within the mental continuum of a [hīnayāna ārya], that lacks great compassion and is bound by grasping at true ...
འབྲི་གུང་བཀའ་པབརྒྱུད			Drikung Kagyud. One of the prominent linaeges of the Kagyud order of Tibetan Buddhism, founded by the master KyobaJigtenGonpo (1143-1217).
འབྲུག་པ་བཀའ་བརྒྱུད			Drugpa Kagyud. One of the prominent lineages of the Kagyu order of Tibetan Buddhism, founded by Yogi Lingrepa Pema Dorje and Choeje Tsangpa Gyalre.
འབྲེལ་བ་གཉིས			Two types of relationship. Relationship between any\nphenomena can come under these two forms.\n1. {bdag gcig 'brel/} relationship of identical nature\n2. {de byung 'brel/} cause and result relationship.
འབྲོག་དགོན་པ			[kāntāra]/ Hermitage. Monastery or seat of learning for monks situated at least 500 armspans away from a town; a hermitage is situated further away then this according to the Vinaya rules.
སྦས་དོན			Hidden meaning; implicit meaning, e.g. the teachings of\nemptiness presented in the text, Ornament of Clear Realization.
སྦོམ་པོ་བརྒྱད			Eight major transgressions (of tantric vows).\n1. {mtshan nyid mi ldan pa'i rig ma bsten pa/} relying on an unqualified consort\n2. {'du shes gsum dang bral ba'i snyoms 'jug la gnas pa/} being in union without the three recognitions\n3. {snod min pa la gsang ba ston pa/} revealing secret substanc...
སྦྱངས་པའི་ཡོན་ཏན་བཅུ་གཉིས			[dvādaṡa dhūta guṇāḥ]/ Twelve ascetic practices; twelve disciplines of a strict practitioner.\n1. {gos phyag dar khrod pa/} [pāṁṡukūlika]/ wearing robes made of rags\n2. {chos gos gsum pa/} traicivarika/ wearing the three dharma robes\n3.{_phying ba pa/} [nāmatika]/ wearing robes made only of woo...
སྦྱིན་པ་རྣམ་གསུམ			Three types of giving.\n1. {zang zing gi sbyin pa/} giving material help\n2. {mi 'jigs pa'i sbyin pa/} giving protection from fear\n3.{_chos kyi sbyin pa/} giving dharma teachings.\nWhen it is five add\n5.{byams pa'i sbyin pa/} giving of love.
སྦྱོར་གྲོལ་གྱི་སྤྱོད་པ			Corrupt practice of liberation through union. The name given to the corrupt practice spread in Tibet by the so called Red [ācārya] and the [paṇḍita] with blue lower robes from India, the period between Lang Darma and the coming of [atiṡa]. They spread the erroneous teaching that liberation is att...
སྦྱོར་བ			[prayoga]/\nA. Trainings; practices.\nB. Commitment of an action; one of the four factors determining the completion of an action.\nC. Preliminaries to an actual practice.
སྦྱོར་བ་ཉི་ཤུཨུུ			Twenty trainings. The twenty trainings of a Bodhisattva's meditation on the combination of the three basic trainings.\n1. {bden zhen la mi gnas pa'i sbyor ba/} training that does not focus on grasping at true existence\n2. {bden zhen bkag pa'i sbyor ba/} training free from grasping at true existe...
སྦྱོར་བ་བཞི			Four trainings; the four Bodhisattva trainings.\n1. {rnam rdzogs sbyor ba/} training of complete aspects\n2. {rtse mo'i sbyor ba/} peak training\n3. {mthar gyis sbyor ba/} serial training\n4. {skad cig ma'i sbyor ba/} momentary training.
སྦྱོར་བ་ཡན་ལག་བཅུ			The ten approaches; {bya rgyud kyi sbyor ba'i spyod pa'i yan lag ste/} the ways of approaching or undertaking action tantra practices.\n1. {sngags pa sgrub pa po/} tantrika as the practitioner\n2. {rang sngags bsgrub par bya ba'i lha/} oneseif as the deity for\naccomplishing the mantra\n3. {g.yog...
སྦྱོར་བ་ཡན་ལག་དྲུག			The six yogas of the [kālacakra] tantra. The yogas of wind meditation according to the completion stage practices in the [kālacakra] tantra.\n1. {sor sdud/} withdrawal\n2. {bsam gtan/} concentration\n3. {srog rtsol/} pinpointing the life-sustaining wind\n4. {'dzin pa/} retention\n5. {rjes dran/} ...
སྦྱོར་བའི་ཆོས་དྲུག			Six preparatory practices. The six ways to prepare oneself for a daily session of meditation.\n1. {gnas khang byi dor byas pa/} cleaning the room or place of practice\n2. {rten bkrams shing } {mchod pa g.yo med par gshams pa/} arranging symbolic objects of refuge and pure offerings\n3. {lus rnam ...
སྦྱོར་པའི་ཡོན་ཏན་བཅུ་བཞི			Fourteen qualities of (a Bodhisattva's) training.\n1. {bdud kyi mthu bcom pa/} annihilation of demonic powers\n2. {sangs rgyas kyi dgongs shing mkhyen pa/} attention and knowledge of the Buddhas\n3. {sangs rgyas kyi mngon sum du mdzad pa/} being within\nthe sight of the Buddhas\n4. {rdzogs byang ...
སྦྱོར་བྱུང་གི་མུ་སྟེགས་པ			Two types of forders; two types of non-Buddhists. These non-Buddhists are said to be possessing the five extra-sensory perceptions and the ability to fly. 1. non-buddhist through meditation 2. non-Buddhist through logic.
སྦྱོར་ལམ			[prayoga mārga]/ Path of preparation. The second of the five paths, where a practitioner gains conceptual understanding o emptiness.
སྦྱོར་ལམ་དྲོད་ཀྱི་རྣམ་པ་བཅུ			Ten aspects of the heat level of the path of preparation.\n1. {sems can thams cad la sems mnyam pa/} equality of attitude towards all sentient beings\n2. {byams pa'i sems dang ldan pa/}\nattitude of love towards all sentient beings\n3. {phan pa'i sems dang ldan pa/} attitude of benefit towards al...
སྦྱོར་ལམ་དྲོད་ཕྱིར་མི་ལྡོག་པའི་རྟགས་བཅུ་གཅིག			Eleven marks of irreversibility of a Bodhisattva on the heat level of the path of preparation.\n1. {gzhan don du gzugs sogs la bden zhen ldog pa/} he has turned away from grasping at true forms, etc.\n2. {skyabs gsum la the tshom zad pa/} he has extinguished doubts concerning the three jewels of ...
སྦྱོར་ལམ་རྩེ་སྦྱོར			[mūrdha prayoga mārga] Peak training of the path of preparation. The Bodhisattva practices at the the peak level of the [mahāyāna] path of preparation, on which he has gained a conceptual understanding of the emptiness conjoined with the mind of enlightenment.
སྦྱོར་ལམ་བཞི			The four levels of the path of preparation; the second of the five paths.\n1. {drod/} heat level, whereupon the first sign of\nattaining the wisdom of the path of seeing is felt.\n2. {rtse mo/}\npeak level, where one has gained irreversible signs of one's\nwholesome qualities for the first time\n...
མ་སྐྱེས་དགྲ			[ajātaSatru] King [ajātaSatru] of Magadha in India during the time of Buddha [ṡākyamuni]. After Buddha's passing away into [parnirvāṇa] at Rajagrtia, he sponsored the first council (see {bka' bsdu gsum}).
མ་འཁྲུལ་བའི་ཤེས་པ			[abhrāntajñāna] Unmistaken perception; non-deceptive cognition. An awareness that is unmistaken with respect to its appearing object, e.g. the first moment that eye sense perception cognizes a tree.
མ་གྲུབ་པའི་ཡོད་དཔྱོད			Unestablished presumption; incorrect belief. Presuming what is true for an irrelevent reason.
མ་བསྒྲིཔས་ལུང་མ་བསྟན			[anivṛtāvyākṛta]/ Non-obscured unspecified phenomena Those categories of phenomena that are not deluded by nature, yet are neither virtuous nor non-virtuous with respect to their results, e.g. the universe, permanent phenomena
མ་རྒྱུད			[mātā tantra]/ Mother tantra. The highest class of tantric teachings mainly emphasizing the development of the clear light mind, e.g. Cakrasambhava tantra
མ་རྒྱུད་རིགས་དྲུག			Six families of the mother tantra.\n1. {rdor sems kyi rigs/} Vajrasattva tantra\n2. {rnam snang gi rigs}1 Vairocana tantra\n3. {he ru ka'i rigs/} Heruka tantra\n4. {rdo rje nyi ma'i rigs/} [vajrasūrya] tantra\n5. {pad ma dgar dbang gi rigs/} [padmanarteSvara] tantra\n6. {rta mchog gi rigs/} [para...
མ་ངེས་པའི་ཡིད་དཔྱོད			Indefinite presumption. Presuming what is true to be so for an undetermined reason.
མ་ངེས་པའི་ས་མང་བརྒྱད			[aṣṭāniyata bhūmikāḥ] Eight indefinite levels of thought; eight uncertain secondary mental factors.\n1. {rtog pa/} [vitarka]/ rough investigation\n2. {dpyod pa/} [vicāra]/ subtle investigation\n3. {'gyod pa/} [kaukṛtya]/regret\n4. {gnyid/} [nidrā]/sleep\n5. {khrong khro} [krodha]/ anger\n6. {chag...
མ་ཅིག་ལཔ་སྒྲོན			Machig Labkyi Dolma (1055-1145). A renowed female practitioner of the cutting-off ritual ({gcod}), a disciple of Phadampa Sangye.
མ་དག་པའི་སྒྱུ་ལུས			[aSuddha māyakāya]/ Impure illusory body. A completion stage practice of tantra in which a meditator establishes the lack of non-inherent existence of all phenomena and their illusory nature of appearances.
མ་དག་ས་པ་དུན			[saptāSuddha bhūmayaḥ]/ Seven impure grounds; the first seven of the ten Bodhisattva grounds (see {sa bcu}, 1-7), in which a Bodhisattva possesses subtle pride still to be purified.
མ་འདྲེས་པ་བཅོ་བརྒྱད			[aṣṭādaSāveṇika buddha dharmāḥ]/ Eighteen unshared qualities of a Buddha (also see {sangs rgyas kyi chos ma 'dres pa bco brgyad}). A. {spyod pas bsdus pa drug} Six of behaviour:\n1. {sku'i spyod pa 'khrul ba mi mnga' ba/} [nāsti tathāgatasya skhalitam]/ possessing unmistaken bodily qualities\n2. ...
མ་མོ			[mātṛkā]/ Mamo. A class of goddesses of which Palden Lhamo (gelug) and Ekajati (Nyingma) is the most prominent; most Mamos are depicted as ugly and terrifying figures; a skull full of diseases, a magic ball of thread and a black snare are their typical weapons; Mamo, as a class of deities, are qu...
མ་དམིགས་པའི་རྟགས་ཡང་དག			[anupalabdhi saṁyaghetu]/ Correct reason of non-cognition. Correct reason arising from non-coghition in which the actual predicate that is established is a negative phenomenon, i.e. is not perceived. There are two types:\n1. {snang rung ma dmigs pa'i rtags/} correct reason arising from non-cognit...
མ་ཟིན་པའི་སྒྲ			[anupāttaSabda]/ Unconjoined sound. Sounds that are created from elements not conjoined with consciousness, e.g. the sound of a running brook.
མ་ཡིན་དགག			Affirming negative. A negation which when expressed in words negates its specific object of negation and directly or indirectly implies the existence of another affirming (non-negative) phenomena, e.g. the statement, 'Rani does not sleep during the day,' which indirectly implies that she sleeps d...
མ་ཡིན་དགག་གི་གཞན་སེལ			Exclusion (of others), which is an affirming negation, i.e. an affirming exclusion synonymous with negation, e.g. the statement, 'not a vase.' There are two types:\n1. {blo'i gzhan sel/} mental exclusion of other\n2. {don rang mchan gyi gzhan sel/} ultimate self-characterized exclusion of other.
མ་རིག་པ			[avidya]/ Ignorance. One of the six root delusions (see {rtsa nyon drug}); a secondary mind that is a direct antidote to the wisdom understanding the law of causality and reality of phenomena; and hence the root of misapprehension of all. There are primarily three categories, those that are induc...
མ་ལས་ཐོབ་པའི་མཛོད་གསུམ			Three treasures obtained from the mother. 1. {sha/} flesh\n2. {lpags pa/} skin\n3. {khrag} blood.
མང་བཀུར་སྡེ་པ་གསུམ			[saṃmitīyaḥ]/ The three schools of Sammitiya; one of the eighteen [hīnayāna] schools of philosophy.\n1. {sa sgrog ri la gnas pa'agya sde/} [kaurukullakāḥ]\n2. {srung ba pa'i sde/} [avantakāḥ]\n3. {gnas ma bu pa'i sde/} [vātsīputrīyāḥ]
མན་ངག་སྡེ			The instruction lineage. A sub-school of the {rdzogs chen } atiyoga teachings of the Nyingma order of Tibetan Buddhism.
མཎཌལ			[maṇḍala]/ A. Mandala; a divine mansion. B. An offering to one's spiritual master, in which one visualizes offering the entire universe and its precious contents, etc.
མཎཌལ་བཞི			The four types of [maṇḍala] offering.\n1. {phyi'i maNaDal/} outer\n2. {nang gi maNaDal/} inner\n3. {gsang ba'i maNaDal/} secret\n4. {de kho na nyid kyi maNaDal/} suchness.
མའི་འོད་གསལ			Mother clear light. Clear light mind of the death and sleep\nstate.
མར་གྱི་མཚམས་མེད་ཀྱི་ལས			Boundless action leading to lower realms; action of non-respite. One of the most serious hell-states in which a person\nis reborn without even passing through the intermediate state of rebirth.
མར་པ			Marpa (1012-1099). The great Tibetan yogi and translator, the disciple of Naropa and teacher of Milarepa. He was responsible for transmitting the teachings of Naropa to Tibet and for founding the Kagyud order of Tibetan Buddhism. He visited India three times and Nepal four and studied under numer...
མས་འདེད			Removing obstacles upward. Such as in Vajrasattva meditation in which the negativities are visualized as being flushed out of your own mouth and upper orifices by an upward flow of light and nectar coming from the body of Vajrasattva at the crown of one's head.
མི་བསྐྱོད་པའི་དམ་ཚིག་བཞི			Four pledges of [akṣobhya].\n1. {rdo rje'i dam tshig} pledge concerning the vajra\n2. {dril bu'i dam tshig} pledge concerning the bell\n3. {phyag rgya'i dam tshig} pledge concerning the seal\n4. {slob dpon kyi dam tshig} pledge concerning the master.
མི་ཁོམ་པ་བརྒྱད			Eight non-condusive factors. Eight non-free states or factors making the practice of dharma impossible.\n1. {dmyal bar skye ba/} born as a hell being\n2. {yi dwags su skye ba/} born as a hungry ghost\n3. {dud 'gror skye ba/} born as an animal\n4. {lha tshe ring por skye ba/} born as a long living...
མི་དགེ་བ་བཅུ			[daSākuSalāni]/ Ten non-virtuous actions; ten unwholesome deeds.\n1. {srog gcod pa/} killing\n2. {ma byin par len pa/} stealing\n3. {log g.yem/} sexual misconduct\n4. {brdzun/} lying\n5. {khra ma/} slander\n6. {tshig rtsub/} harsh speech\n7. {ngag 'khyal/} idle gossip\n8. {brnab sems/} covetousne...
མི་དགེ་བའི་ས་མང་གཉིས			Two non-virtuous levels of thought. The two mental factors that accompany all non-virtuous thoughts.\n1. {khrel med pa/} [anapatrāpya]/ immodesty\n2. {ngo tsha med pa/} [āhrīkya]/ shamelessness.
མི་འགྱུར་རྡོ་རྗེའི་སྐུ			The Unchangmg [vajrakāya]. A term common to the Nyingma tradition; one of the five types of Buddha's body or being (see {sku lnga}). The inseparability of [dharmakāya] and [rupakāya].
མི་བཅུ་བཞི			Fourteen classes of person.\n1. {rkang thang pa/} infantry\n2. {rta pa/} cavalry\n3. {glang chen pa/} elephant cavalry\n4. {shing rta pa ste rgyal rigs bzhi} charioteer belonging to the [kSatrīya] caste.\n5. {nags na gnas pa/} hermit\n6. {khyim na gnas pa/} lay practitioner\n7. {dka' thub pa ste ...
མི་ཆོས་བླ་མའི་རྫུན			Lying about the attainment of superhuman qualities; lying about spiritual realization when actually not possessing them.
མི་ཆོས་གཙང་མ་བཅུ་དྲུག			The sixteen human principles; the sixteen principles of moral conduct issued by the Tibetan King Songtsen Gampo as a decree.\n1. {dkon mchog gsum la gus pas mchod pa/} respectfully worshipping the Three Jewels (Buddha, Dharma and [saṅgha])\n2. {dam pa'i chos bsgrub pa/} practising sublime Dharma\...
མི་འཇིག་པའི་གནས་ལྔ			The five holy places that cannot be destroyed (see {gnas chen lnga}).
མི་འཇིགས་པ་བཞི			Four fearlessnesses; four grounds of self-confidence of a Buddha Fearlessness with respect to the assertion of:\n1. {rang } {don du spangs pa thams cad spangs zhes dam bcas pa la mi 'jigs pa/} one's complete and perfect extinguishment of all negativities for the purpose of oneself\n2. {rang don d...
མི་མཉམ་པ་དང་མཉམ་པའི་ཕུང་པོ་ལྔ			[asamasamapañcaskandhāh]/ The five aggregates equal to the unequalled one.\n1. {tshul khrims kyi phung po/} [sīla skandha]/ aggregate of morality\n2. {bsam gtan gyi phung po/} [samādhi skandha]/ aggregate of concentration\n3. {shes rab kyi phung po/} [prajñā skandha]/ aggregate of wisdom\n4. {rna...
མ་རྟག་སོགས་བཅུ་དྲུག			The sixteen attributes of the four noble truths. 1-4. {sdug bsngal bden pa'i khyad chos bzhi/} four attributes of the truth of suffering (see {sdug bsngal bden pa'i khyad chos bzhi}) 5-8. {kun 'byung bden pa'i khyad chos bzhi/} four attributes of the truth\nof origin (see {kun 'byun bden pa'i khy...
མི་རྟག་པ་ཆེན་པོའི་ཐུགས			The great non-conceptual heart. The primordial wisdom is .known as the great non-conceptual heart or mind in the Nyingma tradition.
མི་ཐ་སྙད་གསུམ་ལྡན			A person of three-fold qualities. Being able to speak, understand and having a sound mind.
མི་མཐུན་ཕྱོགས			[pratipakṣa]/ Discordant factors; dissimilar factors. That which is either contradictory to or does not share a common basis with the predicate in a logical syllogism.
མི་མཐོང་བའི་རྒྱུ་བརྒྱད			Eight causes of invisibility.\n1. {ha cang ring ba/} very distant\n2. {ha cang nye ba/} very close\n3. {dbang po nyams pa/} weak sense faculty\n4. {yid dbang nyams pa/} weak mental faculty\n5. {cha phra ba/} subtle object\n6. {sgrib pa dang bcas pa/} obstructive factors\n7. {zil gyis gnon pa/} ou...
མི་ལྡན་རྣམ་གཅོད་ཀྱི་སྒྲ			Statement rejecting other qualities; statement rejecting the existence of other features, e.g. the statement, "sound is oniy an impermanent thing."\n{mi sdug pa'i 'du shes dgu/}\nNine unlovely perceptions; nine points of meditation on\nugliness.\n1. {rnam par bam pa/} perception of a swollen corp...
མི་སྡུག་པའི་མཚན་མ་བཅོ་བརྒྱད			Eighteen signs of ugliness; eighteen unlovely signs.\n1. {mi sdug pa/} ugliness\n2. {skra byi ba/} falling hair\n3. {dpral ba chung ba/} small forehead\n4. {mdog ser skya/} pale color\n5. {mig ser ba/} yellow color\n6. {mig zum pa/} closed eyes\n7. {mig chung ba/} small eyes\n8. {smin ma mtshams ...
མི་གནས་པའི་མྱང་འདས			[aprastiṣṭhita nirvāṇa]/ Non-abiding state of peace; non-abiding [nirvāṇa]. The full state of [nirvāṇa] free of the extremes of both cyclic existence and peace.
མི་དམིགས་པ་སྟོང་པ་ཉིད			[anupalambha ṡūnyatā]/ Emptiness of non-apprehension. One of the sixteen emptinesses (see {stong pa nyid bcu drug}); the lack of inherent existence of all phenomena witnin the context of any of the three times—past, present and future.
མིའམ་ཅི			[kinnara]/ Probable-human. A class of beings included withrn the realm of the gods of desire.
མི་ཤིགས་པའི་ཐིག་ལེ			Indestructible drop. The indestructible drop being either the ever existent very subtle wind and mind or the white and red drop at the heart-centre during one life-time.
མི་ཤེས་པའི་རྒྱུ་བཞི			The four causes of ignorance; the four causes of lack of knowledge.\n1. {yul bskal pas mi shes pa/} due to distant location of the object\n2. {dus bskal pas mishes pa/} due to distant time reference of the object\n3. {ngo bo bskal pas mi shes pa/} due to the subtle nature of the object\n4. {zab c...
མི་སྲིད་རྣམ་གཅོད་ཀྱི་སྒྲ			Statement rejecting other possibilities, e.g. the statement, "it is only possible that a calf be born from a cow."\n{mi slob lam/}\n[aSaikṣa marga]/ Path of no-more learning. Last of the five paths.
མི་བསྲུན་པ་ལྔ			The five cruelties; the five immoral activities-that deserve punishment. Those:\n1. {rgyal po la gnod pa/} harming a king\n2. {phan tshun gcig gis gcig la gnod pa/} harming each other\n3. {rgyal po'i bka' la mi nyan pa/} disloyal to the king's advice\n4. {log pas 'tsho ba'i 'tsho ba/} practicing ...
མིག་དར			Blindfold. The red blindfold worn around the head during particular stages of a tantric initiation in order to prohibit the disciple from seeing the secrets of the [maṇḍala] before they pass through the permission to be able to do so.
མིང་གཉིས			Two types of name.\n1. {dngos ming /} real name\n2. {btags ming /} given name.
མིང་སྦྱོར་རྟོག་པ			Conceptual cognition involving terms. A type of conceptual generation produced in conjuction with the name of a thing, e.g. a concept that takes for granted, "anything that is capable of rasing a beam is a pillar."\n{ming gzugs kyi yan lag}\nThe interdependent link of name and form. The fourth in...
མུ་གསུམ			Tri koti/ Three possible combinations. 1. if it is 'X' it should be T but if it is T it is not necessarily 'X' 2. that which is both 'X' and T 3. that which is neither.
མུ་བཞི			[cātuṣkoṭi]/ Four possible combinations. 1. that which is 'X' but not T 2. that which is T but not 'X' 3. that which is both 4. that which is neither.
མུ་སྟེགས་གཅེར་བུའི་དོན་དགུ			Nine topics of the Nirgrantha school.\n1. {srog} life-force\n2. {gang zag} person\n3. {sdom pa/} precepts\n4. {nges par rga ba/} certainty of aging\n5. {'tshing ba}! bindings\n6. {las/} karma\n7. {sdig pa} non-virtues\n8. {bsod nams/} merits\n9. {tha ra pa/} liberation.
མུ་སྟེགས་སྟོན་པ་དྲུག			[ṣaḍ tīrthika Sāstāraḥ]/ The six non-buddhist teachers; These were the one's who were defeated by Buddha [ṡākyamuni] while completing miracles, and the event is celebrated as the Great Prayer Festival.\n1. {'od srung rdzogs byed/} [pūraṇakāSyapa]\n2. {kun tu rgya gnag lhas kyi bu/} [maskarīgoṡalī...
མུ་སྟེགས་པ་གཉིས			Two types of non-Buddhists.\n1. {spral pa'i mu stegs pa/} non-Buddhist by emanation\n2. {ngo bo'i sgo nas mu stegs pa/} non-Buddhist by nature or birth.
མེ་ལྟ་བུའི་སེམས་བསྐྱེད			Fire-like bodhicitta. The mind of enlightenment associated with exertion possessed by Bodhisattvas on the path of preparation.
མེད་དགག			Non-affirming negative. A negation which when expressed in words negates its specific object of negation, but neither directly nor indirectly implies the existence of another (non-negative) phenomena, e.g. emptiness.
མེད་པ་གསལ་སྣང་ཅན་གྱི་བློ			Awareness of the clear appearance of a non-existent object; an awareness in which something not existent seems clearly to exist, e.g. appearence of the single moon as double.
མོ་གཅོད			Female ritual of cutting-off (gcod). A ritual of severing negative thoughts handed down from Phadampa Sangye to Yogini Machig Labkyi Dolma and her disciples.
མོས་པ་སྤྱོད་པའི་ས			[adhimukticaryā bhUmi]/ State of faith. The first two of the five paths, where a practitioner employs faith and aspiration in his practice and has only a conceptual understanding of emptiness. Hence the Bodhicitta at these stages are also known by the name—Bodhicitta preoccupied by faith.
མོས་པ་སྤྱོད་པའི་སེམས་བསྐྱོད་བཞི			The four minds of enlightenment preoccupied by faith. The mind of enlightenment possessed by Bodhisattvas on the first two paths—the path of accumulation and preparation.\n1. {sa lta bu'i sems bskyed/} me earth-like mind of enlightenment (see {sa lta bu'i sems bskyed})\n2. {gser lta bu'i sems bsk...
མྱང་འདས			State of peace; liberation; [nirvāṇa].\n{dman pa sa brgyad/}\nEight stages of the lower vehicle (see {theg dman gyi sa brgyad}).
དམར་ཁྲིད			Explicit teachings; bare teachings. The transmission of certain\nteachings in every detail, from the master's own experience in meditational practice.
དམར་ཆུང་སྐོར་གསུམ			Three minor red protectors common to the Sakya tradition\n1. {ku ru ku l+le gser gyi snying thag can/} [kurukullāsuvarnaka]\n2. {nor rgyun ma dmar po/} [raktavasudhārā]\n3. {lha mo ti nu ma/} [tinudevī].
དམར་ཆེན་སྐོར་གསུམ			Three major red protectors common to the Sakya tradition.\n1. {ku ra ku l+le/} [kurukullā]\n2. {tshogs bdag} [gaṇapati]\n3. {'dod rgyal/} [kāmarāja].
དམིགས་རྐྱེན			[ālambana pratyaya]/ Objective condition. One of the four conditions (see {rkyen bzhi}); the objective condition held in the mind that serves as the direct cause of generating that perception, e.g. a vase, for an eye consciousness.
རྨད་དུ་བྱུང་བའི་སྡེ			Marvelous teachings. One of the twelve scriptural categories of Buddha's teachings, describing the marvelous qualities of the Hearers, Bodhisattvas and Buddhas or their heavens.
རྨི་ལམ་གྱི་སྒྱུ་མ			[svapana māya]/ Illusory body of the dream-state. A kind of illusory body experienced in a dream state through the force of karmic imprints; a subtle wind and mind body.
སྨད་འདུལ			The lower Vinaya lineage. The restoration and spread of the lineage of monastic vows by the three persons known as Mar-Shakya, Yo-Gejung, and Gtang--Rabsel-rrom Do-kham, the lower region of Tibet to central Tibet after the persecution of Buddhrsm in Tibet by Lang Dharma. This Vinaya lineage was\n...
སྨན་གྱི་རྒྱུད་བཞི			Four medicine tantras; four basic texts of Tibetan medicine.\n1. {rtsa rgyud/} root tantra\n2. {bshad rgyud}! explanatory tantra\n3. {man ngag rgyud/} instruction tantra\n4. {rgyud phyi ma/} later tantra.
སྨན་གྱི་རོ་དྲུག			Six tastes of medicine (see {ro drug}).
སྨན་ལྟ་བུའི་སེམས་བསྐྱེད			Medicine like Bodhicitta; the mind of enlightenment associated with the perfection of wisdom practice possessed b,y a Bodhisattva on the sixth ground; it has the potential to pacify obstructions to omniscience like a powerful medicine.
སྨན་རྣམ་བཞི			Four types of medicine; four types of food for monks as prescribed by the Buddha.\n1. {dus rung gi sman/} food to be eaten before noon\n2. {thun tshod du rung ba'i sman/} food suitable at a particular session\n3. {zhag bdun gyi sman/} food to be taken for seven days\n4. {'tsho bcang gi sman/} foo...
སྨན་བླ་བདེ་གཤེགས་བརྒྱད			[aṣṭa bhaiṣajyaguravaḥ]/ Eight medicine Buddhas; eight healing Buddhas.\n1. {shAkya thub pa/} Buddha [ṡākyamuni]\n2. {sman gyi bla baiDur+ya 'od kyi rgyal po/} [bhaiṣajyaguru]\n3. {mngon mkhyen rgyal po/} [abhijñanarāja]\n4. {chos bsgrags rgya mtsho/} [dharmakīrtisāgara]\n5. {mya ngan med mchog d...
སྨན་བཟང་པོ་དྲུག			Six good medicines.\n1. {dza ti snying gi bzang po/} nutmeg for heart\n2. {cu gang glo ba'i bzang po/} bamboo-manna for lungs\n3. {gur kum mchin pa'i bzang po/} saffron for liver\n4. {li shi srog gi ga bzang po/} clove for life force\n5. {sug mel mkhal me'i bzang po/} lesser cardamon for kidneys\...
སྨོན་གནས་མཁྱེན་པའི་ཏིང་ངེ་འཛིན			[praṇidhijñana samādhi]/ Concentration knowing the object of prayers; meditative concentration on prayers that one may benefit sentient beings until the end of cyclic existence.
སྨོན་པ་སེམས་བསྐྱེད			[praṇidhāna bodhicittotpāda]/ Wishing bodhicitta; aspirational thought of enlightenment.
སྨོན་ལམ་ལྔ			The five kinds of prayers.\n1. {sems bskyed pa'i smon lam/} prayers for generating bodhicitta\n2. {skye ba'i smon lam/} prayers for good rebirth\n3. {spyod yul gyi smon lam/} prayers for a better environment\n4. {yang dag pa'i smon lam/} prayers for perfection\n5. {smon lam chen po/} the great pr...
སྨོན་ལམ་ཆེན་མོ			The Great Prayer Festival. This prayer festival held at Lhasa Tsuglag Khang during the first month of every year was originally instituted by Tsong Khapa in\n1409.
སྨོན་སེམས་བསླབ་བྱ་བརྒྱད			Eight precepts of the wishing bodhicitta. A. {tshe 'dir sems bskyed ma nyams par 'phel ba'i thabs bzhi/} Four means to prevent degeneration of Bodhicitta in this life:\n1. {sems bskyed kyi phan yon dran pa/} being mindful of the benefits of Bodhicitta\n2. {nyin mtshan dus drug tu sems bskyed pa/}...
སྨྲ་བའི་སེང་གེ			[vādisiṃha]/ Lion of eloquence; lion amongst teachers; an epithet of Buddha [ṡākyamuni].
སྨྲ་བསམ་བརྗོད་མེད			Inexpressible and inconceiveable; emptiness.
སྨྲེ་སྔགས་འདོན་པ			To bewail; to mourn for; to grief.
ཙ་ཀ་ལི			A miniature painting. Small sized images and paintings of [maṇḍala]s, deities, implements and auspicious symbols used during the course of an initiation or other ceremonial occasions.
ཙ་རི			The holy place, Tsari located in the southern border of Tibet. It is considered a holy place of Cakrasambhava and Vajrayogini.
ཙཎཌ་ལཱི་གསུམ			The three types of fiery energy; the three kinds of tu-mo energy ({gtum mo})\n1. {phyi'i gtum mo rang bzhin tsaNaDa lI/} the natural fiery energy, the emptiness of all phenomena as the outer tu-mo\n2. {nang gi gtum mo a thung tsaNaDa lI/} the fiery energy\nof tu-mo, the short A at the navel as th...
ཙོང་ཁ་པ			Je Tsong Khapa (1357-1419). The founder of the Gelug order of Tibetan Buddhism. Renowed for his marvelous scholarship and practice. His eighteen volumes of collected writings comprises the heart of the Gelug doctrine.
གཙུག་ཏོར་སྡེ་ལྔ			[pañca uṣṇīṣabuddha]/ Five [uṣnīṣa] Buddhas.\n1. {gtsug tor gdugs dkar/} [uṣnīṣa sitātapatrā]\n2. {gtsug tor dri med/} [uṣnīṣa vimala]\n3. {gtsug tor rnam rgyal/} [uṣṇiṣa vijayā]\n4. {gtsug tor 'bar ba/} [uṣnīṣa jvālā]\n5. {gtsug tor phur bu/} [uṣnīṣa kilaka].
གཙོ་བོ			[jyeṣṭha]/ [pradhāna]/ Principal factor, main factor, fundamental principle; central figure; primary object; head; chief.
གཙོ་བོ་གཉིས			Two fundamental principles according to the [saṃkhya] school of Hindu philosophy.\n1. {rang bzhin rgyu'i gtso ba/} causal principle of nature\n2. {gnas skabs 'bras bu'i gtso bo/} resultant principle of manifestation.
གཙོ་སེམས			Primary mind; A consciousness or mind that is accompanied by secondary mental factors, e.g. the six consciousnesses.
བཙན			Mountain dwelling spirits. A type of non-human spirits\nbelieved to be living in the mountains; may enter an oracle in trance and speak through him or her.
བཙུན་པ་བཙུན་མ			Monks and nuns.
རྩ་འཁོར་ལྔ			The five channel wheels. 1-4. the four channel wheels (see {rtsa 'khor bzhi})\n5. {gsang gnas bde skyong gi 'khor lo/} the wheel of sustaining bliss at the secret place that has thirty two petals.
རྩ་འཁོར་དྲུག			Six channel wheels. 1-5. the five channel wheels (see {rtsa 'khor lnga})\n6. {nor bu'i dbus kyi 'kho lo/} the wheel at the centre of the Jewel.
རྩ་འཁོར་ཞི			The four channel wheels.\n1. {spyo bo bde chen gyi 'khor lo/} the wheel of great bliss at the crown that has thirty-two petals\n2. {mgrin par longs spyod kyi 'khor lo/} the wheel of enjoyment at the throat that has sixteen petals\n3. {snying ga chos kyi 'khor lo/} the wheel of phenomena at the he...
རྩ་ཉོན་དྲུག			The three channel wheels (see {rtsa 'khor bzhi}, 1-3).
རྩ་ཉོན་དྲུག			Six root delusions; the six root defilements.\n1. {'dod chags/} [rāga]/ desire-attachment\n2. {khong khro/} [pratigha]/ hatred\n3. {nga rgyal/} [māna]/ pride\n4. {ma rig pa/} pavidyā]/ ignorance\n5. {the tshom/} [vicikitsā]/ doubt\n6. {lta ba/} [mithya dṛṣṭi]/ wrong view.
རྩ་སྟུང་བཞི			Four root downfalls; four root transgressions of a monk's vows.\n1. {srog gcod pa/} taking life\n2. {ma byin par len pa/} taking what is not given\n3. {mi tshangs par spyod pa/} indulging in sexual misconduct\n4. {brdzun smra ba/} lying.
རྩ་ལྟུང་བཅུ་བཞི			Fourteen root downfalls; fourteen root transgressions of the tantric vows/ precepts.\n1. {rdo rje slob dpon la brnyas pa/} belittling the vajra master/guru\n2. {bde gshegs bka' las 'das pa/} despising the precepts of the Buddha\n3. {rdo rje'i spun } {la 'khu ba/} speaking badly of vajra brothers ...
རྩ་ལྟུང་བཅོ་བརྒྱད			Eighteen root downfalls; eighteen root transgressions of the Bodhisattva vows.\n1. {bdag bstod gzhan smod/} praising oneself and belittling others\n2. {chos nor mi ster ba/} not giving material aid or teachings of Dharma\n3. {bshags kyang mi nyan par gzhan la 'chog pa/} not listening when someone...
འཇུག་སྡོམ་གྱི་བསླབ་བྱ			Eighteen root downfalls; eighteen root transgressions of the Bodhisattva vows.\n1. {bdag bstod gzhan smod/} praising oneself and belittling others\n2. {chos nor mi ster ba/} not giving material aid or teachings of Dharma\n3. {bshags kyang mi nyan par gzhan la 'chog pa/} not listening when someone...
རྩ་མདུད			[naḍīgranthi]/ Knot of the channel-wheel. In tantra, this constitutes channel-knots or coils formed from the transfiguration of the three principal energy channels of the body—central, right and left, at different locations of the standing central energy-channel.
རྩ་གནས་འཁོར་ལོ			The wheel of energy-channels. The wheels or cakras of energy channels formed from their mode of coiling at the central energy-channel.
རྩ་བ་བཞི			The four root precepts. The four basic vows, the transgression of which constitutes loss of monk vows (see {rtsa ltung bzhi}).
རྩ་བའི་ཁ་དོག་བཞི			Four primary colors.\n1. {sngon po/} blue\n2. {ser po/} yellow\n3. {dkar po/} white\n4. {dmar po/} red.
རྩ་བའི་ཆོས་དྲུག			[ṣaḍ mūladharmāḥ]/ Six root precepts; six root vows of a probationary nun.\n1. {gcig pu lam du mi 'gro ba/} not going alone on the road\n2. {chur rkyal bar mi bya ba/} not swimming across to the other shore\n3. {skyes pa reg par mi bya ba/} not touching a male person\n4. {skyes pa dang lhan cig '...
རྩ་བའི་ཉོན་མོངས་ཀྱི་ས་མང་ཆེན་པོ			Mental attitudes of the root delusions (see {rtsa nyon drug}).
རྩ་བའི་ཉོན་མོངས་པ་དྲུག			[ṣaḍ mūlakleSāḥ]/ Six root delusions; the six root defilements (see {rtsa nyon drug}).
རྩ་བའི་དམ་ཚིག་བཞི			The four root commitments; the root samayas. The four vows of observance common to all the lower tantras.\n1. {'jig rten pa'i yang dag pa'i lta ba/} upholding right worldly view\n2. {dkon mchog gsum la skyabs su 'gro ba/} taking refuge in the Three Jewels\n3. {byang chub chen por sems bskyed pa/}...
རྩ་བའི་སྡུག་བསྔལ་གསུམ			[tri mūla duḥkhāḥ]/ The three fundamental sufferings (see {sdug bsngal gsum}).
རྩ་བའི་སྡེ་པ་བཞི			Four main [hīnayāna] schools.\n1. {phal chen sde pa/} [mahāsāṃghika], pioneered by [kāSyapa]\n2. {gzhi thams cad yod par smra ba'i sde pa/} [mūlasarvāstivādin], pioneered by Rahula\n3. {gnas brtan pa'i sde pa/} [sthavira], pioneered by Katyayana\n4. {mang bkur ba'i sde pa/} [saṃmitīya], pioneered...
རྩ་བའི་རོ་དྲུག			Six root tastes; six fundamental flavours (see {sman gyi ro drug}).
རྩ་བའི་རླུང་ལྔ			Five principal energy winds; the energy winds retaining the nature of the five fundamental elements functioning in the human body.\n1. {srog 'dzin gyi rlung/} [prāṇa]/ life-supporting wind\n2. {thur sel gyi rlung /} [apāna]/ downward moving wind\n3.gyen rgyu'i rlung / [udāna]/ upward moving wind ...
རྩ་དབུ་མ			[avadhūti]/ Central energy channel. Located midway between the left and right channels, extending from the tip of the sex organ up to the top of the head from where it bends down in an arch and terminates between the eye-brows; the energy channel through which the essential drops passes.
རྩ་རླུང་ཐིག་ལེ་གསུམ			Energy channels, winds and drops. The three fundamental interdependent components of our body, which can be utilized through proper yogic practice to understand the ultimate nature of all phenomena; the basis of our consciousness for sustenance and survival of our life. It is explained that the\n...
རྩ་གསུམ			The three roots: A.\n1. {byin rlabs kyi rtsa ba bla ma/} spiritual master as the source of blessing\n2. {dngos grub kyi rtsa ba yi dam/} meditational deity as the source of siddhi\n3. {bar gcod srung ba'i rtsa ba mkha' 'gro chos skyong/} [ḍākinī] as the guardian for protecting oneself from hindra...
རྩ་གསུམ་ཀུན་འདུས			The entity of the three roots; one's personal spiritual master.
རྩལ་ཆེན་རྫོགས་པའི་རྣལ་འབྱོར			The skillful yoga of completion. One of the five yogas according to the Nyingma tradition; the total perfection of all qualities of the state of union of a learner on the path to liberation.
རྩེ་མོའི་ཕྱིར་མི་སྡོག་པའི་རྟགས་དྲུག			Six signs of irreversibility from the peak level of the path of preparation.\n1. {lus la srin bu'i rigs mi 'byung ba/} families of worms cannot arise in his body\n2. {sems la gya gyu med pa/} he has no crookedness in his mind\n3. {sbyangs pa'i yon tan bcu gnyis bsten pa/} he trains in the twelve ...
རྩེ་མོའི་སྦྱོར་བ			[mūrdhaprayoga]/ Peak training. [mahāyāna] path of preparation at the peak of the accumulation of merits, which surpasses the meditation of the aspects of the three knowledges—that of basis, path and omniscience.
རྩེ་མོའི་སྦྱོར་བ་མཚོན་བྱེད་ཀྱི་ཆོས་བརྒྱད			[aṣṭa mūrdhaprayoga dharmāḥ]/ Eight topics that characterize the peak training.\n1. {drod rtse sbyor/} peak training of the heat level of the path of preparation\n2. {rtse mo'i rtse sbyor/} peak training of the peak level of the path of preparation\n3. {bzad pa'i rtse sbyor/} peak training of the...
རྩོད་ལྡན་གྱི་དུས			[kaliyuga]/ Quarrelsome period; degenerated age/era. In the event of further degeneration of the second-fold aeon (see {bskal ba gnyis ldan}), when people gradually begin to commit all the ten non-virtuous activities, the quarrelsome period is said to have come. This is the third phase of degener...
བཙོན་འགྲུས་ཀྱི་ཆོས་བཞི			The four features of virtuous efforts; the four qualities of the perfection of effort, it:\n1. {le lo sogs mi mthun phyogs nyams pa/} quells laziness and negativities\n2. {chos kyi bdag med rtogs pa'i rnam par mi rtog pa/} generates non-conceptual\nunderstanding of the selflessness of phenomena\n...
བརྩོན་འགྲུས་ཀྱི་སྟོབས			[vīrya bala]/ Power of effort. One of the five powers (see {stobs lnga}) within the classification of the thirty-seven auxiliaries to enlightenment (see {byang phyogs so bdun}) that is immune to hindrances such as laziness.
བརྩོན་འགྲུས་ཀྱི་མཐར་གྱིས་སྦྱོར་བ			Serial training in effort. A Bodhisattva training concentrated in the development of the perfection of effort.
བརྩོན་འགྲུས་ཀྱི་ཕར་ཕྱིན			[vīrya pāramitā]/ The perfection of effort. An effort dedicated towards virtuous goals following the Bodhisattva's way of cultivating it.
བརྩོན་འགྲུས་ཀྱི་དབང་པོ			[vīryendriya]/ Faculty of effort; power of effort. One of the five ever-purified faculties (see {dbang po lnga}) within the classification of the thirty-seven auxiliaries to enlightenment; the continuous flow of virtuous hearing, contemplation and meditation.
བརྩོན་འགྲུས་ཀྱི་རྫུ་འཕྲུལ་གྱི་རྐང་པ			[vīryārddhipāda]/ Limb of the miracle of effort; One of the four legs of miracles (see {rdzu 'phrul gyi rkang pa bzhi}); possessing a wish to eliminate negative conduct.
བརྩོན་འགྲུས་ལྔ			Five types of effort; the five types of effort that generate higher qualities,\n1. {go cha'i brtson 'a}3{grus/} armour-like effort\n2. {sbyor ba'i brtson 'grus/} effort of action\n3. {zhum pa med pa'i brtson 'grus} effort free of discouragement\n4. {mi ldog pa'i brtson 'grus/} irreversible effort...
བརྩོན་འགྲུས་རྣམ་གསུམ			Threetypes of efifort\n1. {go cha'i brtson 'grus/} armour-like effort\n2. {dge ba la spro ba'i brtson 'grus/} joyful effort in virtuous conduct\n3. {sems can don byed kyi brtson 'grus/} effort for the welfareof sentient beings.
ཚ་ཁང			Stamped clay figure house; little houses made to store clay figures (see {tsa tsa}).
ཚ་དམྱལ་བརྒྱད			Eight hot hells.\n1. {yang sos/} [sañjīvana]/ reviving\n2. {thig nag} [kālasūtra]/ black-line\n3. {bsdus 'joms/} [saṃghāta]/ mass destruction\n4. {ngu 'bod/} [rāurava]/ crying\n5. {ngu 'bod chen po/} [mahārāurava]/ great crying\n6. {tsha ba/} [tāpana]/ hot\n7. {rab tu tsha ba/} [pratāpana]/ very ...
ཚ་ཚ			{sAts+tsha/}\n[sāccha]/ Stamped clay figures. Clay figures stamped with the image of stupas or deities; they are placed in a stUpa, shrine, or a place of worship and veneration.
ཚངས་པ			Brahma. A. According to the Buddhist accounts, Brahma is the lord of the gods of the form realm. B. Hindus believe him to be the creator of the universe. C. The pure celestial domain within the form and formless realm.
ཚངས་པའི་གནས་པ་བཞི			The four pure moral bases. The worldly paths retaining the nature of love, compassion, joy and equinimity that ensures the attainment of a state of Brahma.
ཚངས་པའི་བསོད་ནམས་བཞི			Four immaculate merits.\n1. {sngar mchod rten med pa'i sa phyogs su ring srel gyi snying po can gyi mchod rten brtsegs pa/} construction of a [stūpa] preserving holy relics in a place where none exist\n2. {dge 'dun gyi sde la kun dga' rwa ba phul ba/} offering a garden or estate to the [saṅgha] c...
ཚངས་སྤྱོད་དགེ་བསྙེན			[brahmācārya upāsaka]/ Celibate ordained layperson. A lay ordained practitioner who has vowed to accept the precept of not indulging in sexual conduct throughout his life, e.g. [ācārya candragomin].
ཚངས་སྤྱོད་ཉེར་གནས་ཀྱི་སྡོམ་པ			The vows of an approximate-celibacy. An ordination ceremony accepted before taking a probationary nun's vow.
ཚད་མ་གཉིས			Two types of valid cognition.\n1. {mngon sum tshad ma/}\n[pratyakṣa] pramana/ direct valid cognition\n2. {rjes dpag tshad ma/} [anumāna pramāṇa]/ inferential valid cognition.
ཚད་མ་སྡེ་བདུན			Seven treatises on valid cognition. Seven works of [dharmakīrti] on the study of valid cognition.\n1. {tshad ma rnam 'grel/} Commentary on Valid Cognition ([pramāṇavartika])\n2. {tshad ma rnam nges/} Discernment of Valid Cognition ([pramāṇa-vinis'caya])\n3. {tshad ma rigs thig} Drop of Reasoning ...
ཚད་མིན་གྱི་ཤེས་པ་ལྔ			The five types of invalid cognitions.\n1. {bcad shes/} subse-quent cognition\n2. {log shes/} wrong perception\n3. {the tshom/} doubt\n4. {yid dpyod/} presumption\n5. {snang la ma nges pa'i blo/} inattentive perception.
ཚེད་མེད་བཞི			[catvāryapramāṇāni]/ Four immeasurables; the four immeasurable thoughts in [mahāyāna] teachings.\n1. {byams pa tshad med/} [maitrī] immeasurable love\n2. {snying rje tshad med/} [karuṇā]/ immeasurable compassion\n3. {dga' ba tshad med/} [muditā]/ immeasurable joy\n4. {btang snyoms tshad med/} [up...
ཚལ་པ་བཀའ་བརྒྱུད			Tsalpa Kagyud Order of Tibetan Buddhism founded by the holy master Zhand Drowe Gonpo.
ཚིག་གི་གཟུངས			Word retention. Ability to retain names, terms and words by heart; a power gained through meditation.
ཚིག་དོན་དྲུག			Six topics; as asserted by the [vaiṡeṣika] school of Hindu philosophy.\n1. {rdzas/} [dravyam]/ substance\n2. {khyad chos/} [guṇa]/ property\n3. {las/} [karma]/ activity\n4. {spyo/} [sāmānyam]/ generality\n5. {bye brag} [viṡeṣa]/ particularity\n6. {'du ba/} [samavāya]/co-existence/composition.
ཚིག་དབང			[ṡabdābhiṣekha]/ Word initiation; word empowerment. The last of the four-fold initiation according to the highest yoga tantra in which the master introduces the state of union ([yuganada]) to his disciples.
ཚུ་རོལ			[apara]/ This side, meaning cyclic existence ([saṁsāra]) as contrast to the state beyond suffering ([nirvāṇa]).
ཚུར་མཐོང			One who oniy sees the worldly view; an ordinary person.\n{tshul khrims kyi chos bzhi/}\nThe four features of the perfection of morality.\n1. {tshul 'chal sogs mi mthun phyogs nyams pa/} pacifies opponent forces such as corrupt morality\n2. {chos kyi bdag med rtogs pa'i rnam par ma rtog pa/} gener...
ཚུལ་ཁྲིམས་ཀྱི་མཐར་གྱིས་སྦྱོར་བ			[ṡīlānupurva prayoga]/ Serial training in the perfection of morality. The Bodhisattva paths from the path of accumulation up to the moment before complete enlightenment.
ཚུལ་ཁྲིམས་རྣམ་གསུམ			Three types of morality. A. {byang sems kyi tshul khrims gsum/} Three moralities of a Bodhisattva:\n1. {nyes sbyod sdom pa'i tshul khrims/} [duṣkṛta saṃvara ṡīla]/ morality of abstention from misbehaviour\n2. {dge ba chos sdud kyi tshul khrims/} [kuSala dharma saṃgraha ṡīla]/ morality of integrat...
ཚུལ་འཆལ			[duḥṡīla]/ Immorality; corrupt morality.
ཚུལ་འཆོས			[kuhana]/ A. Hypocritical. B. Cunning way of earning a living; one of the five wrong livelihoods (see {log 'tsho lnga}).
ཚུལ་བཞི			Four-fold methods; four means of transmitting a tantric teaching.\n1. {tshig gi tshul/} word by word transmission\n2. {phyi'i tshul/} explicit method\n3. {sbas pa'i tsul/} implicit method\n4. {don dam pa'i tshul/} ultimate method.
ཚུལ་ཤིང			[ṡalākā]/ Counting sticks. Sticks measuring about one foot, that\nare used in monasteries during the ritual ceremony for counting the number of monks entering a rainy season retreat.
ཚུལ་གསུམ			Three modes of reasoning; three criteria for establishing a logical reason.\n1. {phyogs chos/} property of the subject\n2. {rjes khyab/} subsequent pervasion\n3. {ldog khyab/} counter pervasion.
ཚེ་བུམ			Vase of longevity; life-vase. Vase held in the hands of Buddha Amitabha or a vase in which long-life blessings has been
ཚེ་དབང་རིག་འཛིན			The immortality of life. One of the four immortalities (see {rig 'dzin rnam bzhi}) according to the Nyingma tradition of attaining grounds and paths. As soon as a trainee attains the supramundane stage, i.e. the fourth level of the path of preparation, he or she has attained the pure human vajra ...
ཚེ་རིང་མཆེད་ལྔ			Five long living sisters; five goddesses of Tibet.\n1. {lha mo bkris tshe ring ma/} Tashi Tsering Ma, the goddess of long-life and glory\n2. {mthing gi zhal bzang ma/} Thingi Zahlzang Ma, the goddess of clairvoyance\n3. {mi g.yo blo bzang ma/} Miyo Lobsang Ma, the goddess of earth and environment...
ཚེ་རིང་དྲུག་སྐོར			Six symbols of longevity; six objects of long life.\n1. {mi tshe ring /} long living man\n2. {bya tshe ring /} long living bird\n3. {ri dwags tshe ring /} long living deer\n4. {shing tshe ring /} long living tree\n5. {chu tshe ring /} long living running water\n6. {brag tshe ring /} long living r...
ཚེ་སྲོག་བླ་གསུམ			The three: life-span, life-force and spirit. The first is likened to the butter-oil of a butter lamp; the wick to the life-force, and flame to the spirit. The three conditions that are basic faculties for the maintenance of our life.
ཚེ་ལྷ་རྣམ་གསུམ			The three longevity deities.\n1. {tshe dpag med/} Amitayus\n2. {sgrol dkar/} White [tārā]\n3. {rnam rgyal ma/} [vijayā].
ཚོགས			A. The Tsok-offering; the ritual feast offering ceremony. The ceremony of offering food and drink to the host of divinities by blessing these in the form of bliss and void. B. Accumulation of merits—virtues.
ཚོགས་ཀྱི་འཁོར་ལོ			[gaṇacakra]/ The cycle of Tsok-offering. The ritual of offenng tsok-feast. The feast comprises the five sensual objects (see {'dod yon lnga}) and food and drink by blessing these into uncontaminated wisdom-nectar to the host of divinities and oneself visualized in the form of a deity. A special w...
ཚོགས་སྒྲུབ			[saṃbhāra pratipatti]/ Achievement through accumulation. A Bodhrsattva path of practice existing from the great level of the supramundane qualities stage of the path of preparation upto the moment before complete enlightenment.
ཚོགས་སྒྲུབ་བཅུ་བདུན			Seventeen achievements through accumulation. That of:\n1. {brtse ba snying rje chen po'i tshogs sgrub/} great compassion 2-7. {pha rol tu phyin pa drug gi tshogs sgrub/} Six perfections (see {phanarol tu phyin pa drug})\n8. {zhi gnas kyi tshogs sgrub/} mental quiescence\n9. {lhag mthong gi tshogs...
ཚོགས་བརྗོད་ཀྱི་སྒྲ			Statement indicating a group, e.g. the statement, "race."\n{tshogs gnyis/}\nDual accumulation; two types of mentonous collections.\n1. {bsod nams kyi tshogs/} [pūnya saṃbhāra]/ accumulation of merits\n2. {ye shes kyi tshogs/} [jñana saṃbhāra]/ accumulation of insight.
ཚོགས་སྤྱོ			Collective generality. Any group which is the combination or collection of many factors or components, e.g. a pillar.
ཚོགས་ལམ་གྱི་ཡན་ལག་ལྔ			The five limbed practices on the path of accumulation.\n1. {so skye'i tshul khrims la brten pa/} observance of the morality of ordinary persons\n2. {dbang po'i sgo sdom pa/} retraining one's sensual organs\n3. {zas kye tshod rig pa/} maintaining a dietary balance\n4. {nam gyi cha stod smad la mi ...
ཚོགས་ལམ་གསུམ			The three paths of accumulation. The small, middling and great.
ཚོགས་གསུམ			Three types of collection; three groups.\n1. {ming gi tshogs/} group of names\n2. {tshig gi tshogs/} group of words\n3. {yi ge'i tshogs/} group of letters.
ཚོགས་བསགས་ཡན་ལག་བདུན			The seven limbed practices for the accumulation of merits (see {yan lag bdun pa}).
ཚོར་བ་ལྔ			[pañca vedanāḥ]/ Five types of feelings. 1-2. {lus kyi tshar ba bde sdug gnyis/} two of the body-pleasure and pain 3-4. {yid kyi tshor ba yid bde dang yid me bde gnyis/} two of mental-happiness and unhappiness\n5. {tshor ba btang snyoms/} neutral feeling.
ཚོར་བ་དྲན་པ་ཉེར་བཞག			[vedana smṛtyūpasthāna]/ Close contemplation of feelings; mindfulness of feelings. Contemplating that all feelings whatsoever have the nature of suffering and misery.\n{tshor ba drug}\n[ṣaḍ vedanāḥ]/ Six types of feelings. {mig} {shes su gyur ba'i tshor ba nas yid shes su gyur ba'i tshor ba bar d...
ཚོར་བའི་ཕུང་པོ་བཅུ་གཉིས			[dvādaṡa vedanā skandhāḥ]/ Twelve aggregates of feeling.\n1. {mig gi 'dus te reg pa las byung ba'i tshor ba/} feeling produced through visual contact\n2. {sna'i 'dus te reg pa las byung ba'i tshor ba/} feeling produced through olfactory contact\n3. {rna ba'i 'dus te reg pa las byung ba'i tshor ba...
མཚན་བཅས་ཀྱི་རྣལ་འབྱོར			Yoga with signs. A [kriyā] tantra practice of deity yoga lacking direct realization of emptiness, in which a practitioner meditates on the inseparability of the pledge being (see {dam tshig sems dpa'}) and the wisdom being (see {ye shes sems dpa'}).
མཚན་བཅས་འདུ་ཤེས་ཀྱི་ཕུང་པོ་གསུམ			Three aggregates of perception with signs.\n1. {tha snyad la mkhas pa'i 'du shes/} skillful perception of the conventions\n2. {'dus byas mi rtag pa sogs la dmigs pa'i 'du shes/} perception\nobserving compositional factors, impermanence, etc.\n3. {dmigs rnam gsal ba'i 'du shes/} perception of a cl...
མཚན་ཉིད			[lakṣaṇa]/ A. Definition; characteristics. Anything that is a definition must fulfil three qualities of a substantial existence (see {rdzas yod chos gsum tshang ba}). B. Study of Buddhist philosophy.
མཚན་ཉིད་སྡེ་གསུམ			The three causal vehicles; the three characteristic vehicles. A term used in the Nyingma tradition for the Hearers vehicle, Solitary realizer vehicle, and Bodhisattva vehicle.
མཚན་ཉིད་ལྡེམ་པོར་དགོངས་པ			[lakṣaṇābhisandhi]/ Interpretive [sūtra] concerning the characteristics (of phenomena), e.g. the [sūtra] included in the Third Turning of the Wheel of doctrine in which Buddha clearly explained the three categones of phenomena in terms of their true existence or lack of true existence.
མཚན་ཉིད་མེད་པའི་སྐད་ཅིག་སྦྱོར་བ			[alakṣaṇatvaikakṣaṇābhisaṃbodha]/ Signless momentary training. The last instant of the Bodhisattva paths of advancement, which is categonzed as a direct antidote to the obstruction to omniscience and which has direct perception of emptiness.
མཚན་ཉིད་གསུམ			[trīṇi lakṣaṇāni]/ Three characteristics; three natures; the three types of phenomena according to the [cittamātin] school of philosophy.\n1. {kun brtags/} [parikalpita lakṣaṇam]/ imputed phenomena, mere objects of conceptual labelling, e.g. permanent phenomena\n2. {gzhan dbang /} [paratantra lak...
མཚན་མེད་ཀྱི་རྣལ་འབྱོར			[animitta yoga]/ Yoga without signs. A kriya tantra practice of deity yoga conjoined with the wisdom cognizing emptiness, in wnich a practitioner meditates on the inseparability of the pledge being (see {dam tshig sems dpa'}) and the wisdom being (see {ye shes sems dpa'}).
མཚན་མའི་ལྷ			The sign-deity. One of the six types of deities according to action tantra (see {bya rgyud lha drug}) in which a trainee maintains the imagination of oneself and one's activities as that of a deity.
མཚན་གཞི་ཡིད་ཀྱི་རྣམ་ཤེས			Exemplary mental consciousness. The mind-stream representing the conventional "I" that acts as the basis upon which the latencies of karma abide and mature.
མཚན་བཟང་པོ་སུམ་ཅུ་རྩ་གཉིས			Thirty-two major marks of a Buddha.\n1. {phyag zhabs 'khor los mtshan pa/} the palms of his hands and feet bear signs of a wheel\n2. {rus sbal bzhin du zhabs shin tu gnas pa/} his feet are well set upon the ground like a tortoise\n3. {phyag zhabs sor mo dra bas 'brel ba/} his fingers and toes are...
མཚམས་མེད་ལྔ			[pañcānantarīyāṇi]/ Five heinous crimes; five boundless actions. Five non-virtuous actions that propel a person immediately into the most serious hell realm.\n1. {pha gsod ba/} [pitṛghāta]/ patricide\n2. {ma gsod pa/} [mātṛghāta]/ matricide\n3. {dgra bcom pa gsod pa/} [arhadghāta]/ killing an Arh...
མཚུངས་ལྡན་གྱི་རྒྱུ			[saṃprayukta hetu]/ Concomitant cause. Sharing five common factors with the result, which pertain oniy to a cognition; one of the six types of causes (see {rgyu drug}).
མཚུངས་ལྡན་རྣམ་པ་ལྔ་མཚུངས			Five concommitant factors. The way a secondary mind accompanies the primary mind through five-fold correlationships. 1, {rten mtshungs pa/} common sense base\n2. {dmigs pa mtshungs pa/} common object\n3. {rnam pa mtshungs pa/} common aspect\n4. {dus mtshungs pa/} common time\n5. {rdzas mtshungs p...
མཚུར་ཕུ་དགོན་པ			Tsurphu Monastic University. The principal monastic seat of the Karma Kagyud Order of Tibetan Buddhism, established in 1189 by the First Karmapa, Karmapa Dusum Khyenpa (1110-1193).
མཚོ་ལྟ་བུའི་སེམས་བསྐྱེད			Ocean-like bodhicitta. The mind of eniightenment associated with the exalted practice of the perfection of patience possessed by a Bodhisattva on the third ground.
མཆོ་དྲུག			The six lakes.\n1. {sprang rtsi'i mtsho/} lake of honey\n2. {mar gyi mtsho/} lake of butter\n3. {zho'i mtsho/} lake of yogurt\n4. {'o ma'i mtsho/} lake of milk\n5. {chu'i mtsho/} lake of water\n6. {chang gi mtsho/} lake of liquor.
མཚོན་བྱ			Topic to be defined. Any phenomenon that is qualified by:\n1. being generally a topic to be defined\n2. not being a topic to be defined other than by its definition\n3. that of which there is an example.
འཚོ་བ་གསུམ			The three types of livelihood; the three causes for our survival.\n1. {tshe} life-span\n2. {bsod nams/} merits\n3. {las/} karma.
འཚོ་བའི་ཡོ་བྱེད་བཅུ་གསུམ			Thirteen articles of livelihood for a monk.\n1. {snam sbyar/} Namja: patched yellow robe worn oniy by a fully ordained monk\n2. {bla gos/} patched yellow robe worn by any monk\n3. {mthang gos/} undergarment\n4. {rngul gzan/} sweat shawl\n5. {rngul gzan gyi gzan/} shawl over sweat shawl\n6. {sham ...
ཛ་ཡནྟུ			[jayantu]. A Sanskrit word meaning victorious or victory forever.
མཛད་པ་བཅུ་གཉིས			Twelve deeds of Buddha [ṡākyamuni].\n1. {dga' ldan nas 'pho ba'i mdzad pa/} descent from Tusita heaven\n2. {yum gyi lhums su zhugs pa'i mdzad pa/} entering the womb of his mother\n3. {sku bltams pa'i mdzad pa/} taking birth\n4. {bzo'i gnas la mkhas par ston pa'i mdzad pa/} displaying his skill in...
མཛུབ་ཁྲིད			A. Word by word teaching by a teacher pointing his finger at the text. B. Detailed teaching pointing out every single detail and reference.
མཛོད			[koṡa]/ A. Treasure-house B. Treasure of Knowledge (Abhidharma); a major Buddhist text on metaphysics, cosmology, etc.
མཛོད་ལྟ་བུའི་སེམས་བསྐྱེད			Treasure-house like bodhicitta. The mind of enlightenment associated with the practice of accumulations (see {tshogs gnyis}), possessed by a Bodhisattva on the tenth ground.
མཛོད་སྤུ			[ūṃākeṡa]/ Coiled hair, hair-treasure. A long coiled hair between the eyebrows of a Buddha; one of the thirty-two major marks of a Buddha (see {mtshan bzang po sum cu rtsa gnyis}).
མཛོད་ལས་བཤད་པའི་ཤེས་པ་བཅུ			Ten awarenesses according to the Abhidharma tradition; the ten knowledges of a Buddha.\n1. {chos shes pa/} [dharma jñānam]/ knowledge of Dharma\n2. {rjes su shes pa/} [anvaya jñānam]/ subsequent knowledge\n3. {sdug bsngal shes pa/} [duḥkha jñānam]/ knowledge of sufferings\n4. {kun 'byung shes pa/...
འཛམ་གླིང་རྒྱན་དྲུག་ཕྱོགས་གཉིས			The six ornaments and two excellences of this world; the great Indian pandits (see {rgyan drug mchog gnyis}).
འཛིན་རྟོག་གཉིས			Two conceptions of grasping; two thought-apprehensions of the object-holder.\n1. {rdzas 'dzin rtog pa/} apprehension of the substantial entity\n2. {btags 'dzin rtog pa/} apprehension of the imputed entity.
འཛིན་སྟངས			[muṣṭibandha]/ Mode of apprehension; apprehended object irrespective of its existence or not.
འཛིན་པ			[grahaṇa]/ A. Subjective mind; awareness; object-holder. B. Grasping; holding; apprehension; attachment.
འཇིན་པ་གཉིས			[dvayagrāha]/ Two types of apprehension; two types of grasping:\nA.\n1. {'phrad nas 'dzin pa} apprehension through contact\n2. {ma 'phrad par 'dzin pa/} apprehension without contact\nB.\n1. {rang mtshan 'dzin pa/} apprehension of self-characterized phenomena\n2. {spyi mtshan 'dzin pa/} apprehensi...
རྫས			[dravya]/ Substance. Things that are not merely labelled through concepts or ideas but are actually capable of performing a function, e.g. form.
རྫས་ཆོས			[dravya dharma]/ A. Functioning thing; things that are actually capable of performing a function, e.g. form. B. Qualities of a thing, e.g. impermanence of form.
རྫས་དགུ			[nava dravya]/ Nine principles; nine phenomena as asserted by the [vaiṡeṣika] school of philosophy.\n1. {bdag} [ātman]/ self\n2. {dus/} [kāla]/ time\n3. {phyogs/} [diṡā]/ direction\n4. {yid/} [citta]/mind\n5. {nam mkha'/} [ākāṡa]/space\n6. {sa/} [pṛthvī]/ earth\n7. {chu/} [apa]/ water\n8. {ma/} [...
རྫས་ཡོད			[dravyasat]/ Substantial existent. A. A material entity or existent, e.g. a vase. B. A category of phenomena which can be understood without first having to understand another phenomena, e.g. the aggregate of form, or a vase.
རྫས་ཡོད་ཆོས་གསུམ			The three features of substantial existence; the three features of those substantial entities that are themselves the definition of a phenomena\n1. {rang mtshan nyid yin pa/} being a definition\n2. {rang gi mtshan gzhi'i steng du grub pa/} that which is established upon its own basis to be define...
རྫས་ཡོད་དྲུག			Six types of substantial existents. 1-4. (see {rdzas yod bzhi}, ibid)\n5. {tshugs thub kyi dzas/} primordially established substantial existence\n6. {bden grub kyi rdzas/} truly existent substantial existence.
རྫས་ཡོད་བཞི			Four types of substantial existents.\n1. {rigs pas grub pa'i rdzas yod/} logically established substantial existence\n2. {brtan pas mi 'gyur ba'i rdzas yod/} ever unchanging substantial existence\n3. {don byed nus pa'i rdzas yod/} functional substantial existence 4. {rang rgya thub pa'i dzas yad/...
རྫས་རིགས་གཅིག་པ			Same substantial entities. For instance, a white and black vase made from the same lump of clay.
རྫུ་འཕྲུལ་གྱི་རྐང་པ་བཞི			[catvāra ṛddhipādāḥ]/ Four legs (causes) of miracles. A class of division within the thirty-seven auxilaries to enlightenment; qualities gained by a Bodhisattva on the great level of the path of accumulation (tshogs-lam). That of:\n1. {'dun pa'i rdzu 'phrul gyi rkang pa/} [chanda ṛddhipāda]/ aspi...
རྫུ་འཕྲུལ་ལྔ			Five types of miracles.\n1. {sgom byung gi rdza 'phrul/} miracles acquired through meditation\n2. {skyes thob kyi rdzu 'phrul/} miracles acquired by birth\n3. {sngags las thob pa'i rdzu 'phrul/} miracles acquired through tantric practices\n4. {sman las byung ba'i rdzu 'phrul/} miracles acquired t...
རྫུན་བཞི			Four types of lying; four types of lying about monk's precepts.\n1. {pham pa'i sder gtogs kyi rdzun/} lying classed as a defeat\n2. {lhag ma'i sder gtogs kyi rdzun/} lying classed as a remainder\n3. {ma nges pa'i sder gtogs kyi rdzun/} lying classed as an indefinite case\n4. {nyes byas kyi sder g...
རྫིགས་ལྡན་གྱི་དུས			The Perfected Aeon (see {bskal pa rdzogs ldan}).
རྫོགས་པ་ཆེན་པོ			Great perfection. A term exclusive to Nyingma doctrine and meditation. The spontaneous and natural perfection of fully enlightened qualities possessed by the three [kāyas] within the reality of mind, i.e. the primodially empty nature [dharmakāya]; the naturally luminous [sambhogakāya]; and all-pe...
རྫོགས་པ་ཆེན་པོ་སྙིང་ཏིག			Heart's core great perfection. The transmission of great perfection originally received by King Trisong Deutsan from [ācārya vimalamitra] During the later period of propagation of Buddhism (see {bstan pa phyi dar}) in Tibet. This transmission was widely disseminated by the great master Kunkhyen L...
རྫོགས་པ་སྤྱི་ཆིབས་ཀྱི་ས			The ground of riding the uhiversal {rdzogs chen }. According to the Nyingma tradition, this refers to the tenth Bodhisattva ground attained on the fifth stage of yoga, where a person has completely and perfectly integrated all experiences and appearances on the path to liberation into the sphere ...
རྫོགས་རིམ			[saṃpanna krama]/ Completion stage. An anuttarayoga tantra practice of meditation in which a practioner trains or is able to activate the innate primordial wisdom through experiencing the four-fold joys (see {dga' ba bzhi}) and the mind of clear light through experiencing the four-fold empties (s...
རྫོགས་རིམ་རྣལ་འབྱོར་བཞི			The four completion stage yogas; the four completion stage yogas of the [yamāntaka tantra].\n1. {sngags kyi rnal 'byor/} yoga of mantra\n2. {dam tshig gi rnal 'byor/} yoga of samaya\n3. {dbyibs kyi rnal 'byor/} yoga of shape\n4. {ye shes kyi rnal 'byor/} yoga of primordial wisdom.
རྫོགས་རིམ་རིམ་ལྔ			Five levels of the completion stage.\n1. {lus dben/} isolation of body\n2. {ngag dben} isolation of speech\n3. {sems dben/} isolation of mind\n4. {'id gsal/} clear light mind\n5. {sgyu lus/} illusory body. In some cases, the first two are listed as one and the state of union ([yuganaddha]) is add...
རྫོགས་རིམ་རིམ་པ་དྲུག			Six levels of the completion stage, (see {rdzog rim rim lnga} 1-5, above)\n6. {zung 'jug} the state of union ([yuganaddha]).
རྫོགས་བྱེད་ཀྱི་ལས			Completing karma. Karma that primarily determines the specific details of environmental and physical attributes, personality, etc., of a being irrespective of the level of rebirth, e.g. a dtfg enjoying comforts of living in a palace though just an animal.
རྫོགས་སྨིན་སྦྱངས་གསུམ			Accomplishment, maturation and purification.\n{rdzus skyes/}\n[upapāduka]/ Miraculous birth. One of the four types of birth (see {skye gnas bzhi}), e.g. the birth of Guru Padmasambhava.
ཝ་སྐྱེས			Fox; exemplifies cowardice and deceit in a person
ཝ་ཁ			Gutter.
ཝ་ཁུང			Guttur or wolf's lair.
ཝ་བད			Rhinoceros.
ཝ་ར་སྐད་ཅན			Donkey; ass.
ཝཱ་རཱ་ཎ་སཱི			[vārāṇasi]. One of the four principal holy places of Buddhist\npilgrimage, where Buddha [ṡākyamuni] turned the first wheel of doctrine concerning the four noble truths to the the five ascetics (see {'khor Ing sde bzang po}).
ཝ་རཱུ་ཎ			Name of a [nāga]; a water-deity.
ཝ་ལམ་ཅན			Cemetery.
ཝང་གང			Joyful state of mind; laughing expression.
ཝ་ལེ་ཝ་ལེ			Clear mental comprehension of words and meanings.
ཝར་ཏུ			Vartu. An ancient script used by Tonmi Sambhota as a model for headless Tibetan script (U-med).
ཝེར་མ			Warrior god; god of weapon.
ཝོ་རྒྱལ			{'o rgyal/}\nTiredness; fatigue.
ཞ་ལུ་དགོན་བ			Zhalu monastery. A monastery in the vicinity of Zhigatse established during the 11th century, which flourished as a principal centre of study and training of Zhalu philosophy during the time of Buton Rinchen Drup. It is believed that this monastery had many Sanskrit texts.
ཞང་ཞུང			Zhang-Zhung is believed to be the cradle of ancient Tibetan culture, and according to some the place of origin of the Bon religion. Some historical texts like the Blue Annals identify Zhang-zhung with Guge, now the Tsa-dha district in the Ngari region of western Tibet.
ཞབས་ཏོག་རྣམ་གསུམ			The threefold services; the three ways to honour and please\none's root guru.\n1. {rab sgrub pa'i mchod pa/} offering of practice as the supreme\n2. {'bring lus ngag gi zhabs tog} physical and vocal service as the middling\n3. {tha ma zang zing gi 'bul ba/} material offering as the modest.
ཞལ་ཏ་བ			[vārika]/ Monk steward. Monk official in charge of economic affairs; especially one chosen during the three months rainy season retreat.
ཞལ་ནས་གསུངས་པའི་བཀའ			Spoken teaching of Buddha. Teachings that Buddha actually spoke from his mouth directly; verbal teachings of Buddha.
ཞལ་གདམས			Instruction; advice of a respected person.
ཞལ་ཟས			[bhojya]/ Food; food offerings.
ཞི་གནས			[ṡamatha]/ Mental quiescence meditation; calm abiding meditation. A single-pointed meditative concentration developed through the techniques of settling the mind; a practice common to both Buddhists and non-Buddhists.
ཞི་གནས་ཀྱི་སྟོབས་དྲུག			The six powers of calm abiding meditation (see {stobs drug}).
ཞི་གནས་ཀྱི་དམིགས་པ་བཞི			Four objects of mental quiescence meditation.\n1. {khyab pa'i dmigs pa/} pervasive object\n2. {spyad pa rnam sbyong gi dmigs pa/} objects for overcoming objects of obsession\n3. {mkhas pa'i } {dmigs pa/} object of the wise practitioner\n4. {nyon mongs rnam sbyong gi dmigs pa/} object for purifica...
ཞི་གནས་ཀྱི་ཚོགས			The conditions for calm abiding meditation; the necessities for practicing calm abiding meditation.\n1. {mthun pa'i yul na gnas pa/} living in a harmonious place\n2. {'dod pa chung ba/} having few desires\n3. {chog shes pa/} having contentment\n4. {bya ba mang po yongs su spangs pa/} having few a...
ཞི་གནས་ཀྱི་ཡིད་བྱེད་བཞི			The four attentions of calm abiding meditation (see {yid byed bzhi}).
ཞི་གནས་ཀྱི་གསོ་སྦྱོང			Restoration and purification ritual through mental quiescence meditation. A gathering of monks for purification of negativities entailing meditation on close mindfulness or contemplation.
ཞི་གནས་སྐབས་ཀྱི་ཉེས་པ་ལྔ			The five faults of calm abiding meditation (see {nyes pa lnga}).
ཞི་བ་འཚོ			[ṡāntarakṣita]/ [ācārya ṡāntarakṣita]. A highly learned master-scholar from Bengal who visited Tibet during the time of King Tnsong Deutsan. He assisted Guru Padmasambhava in the building of Samye monastery and was responsible for founding the monastic community for the first time in Tibet.
ཞི་བྱེད			The Pacifier. This is a Buddhist religious tradition founded by Phadampa Sangye at the beginning of the 12th century, and propagated the practice of gcod (cutting-off) ritual in Tibet.
ཞི་ལྷག་ཟུང་འབྲེལ			[ṡamatha vipaṡyana yuganaddha]/ Union of mental quiescence and penetrative insight meditation.
ཞིང་དཉ་སྦྱོར་བ			[kṣetrapāla]/ Field protectors. Protectors of the land and fields; a kind of local deity often associated with charnel grounds. Also those male and female guardians who reside in the heavens.
ཞིང་བཅུ་ཚང་བའི་དགྲ་གེགས			The ten heinous hindrances (see {bsgral ba'i zhing bcu}). These identify someone as an enemy of the Buddha Dharma to be expelled according to tantra
ཞིང་དག་སྦྱོར་བ			[kṣetraṡuddhi prayoga]/ Pure land training. A Bodhisattva practice by which one can transform all roots of virtue into means for establishing a Buddha field, with its inhabitants, where he will gain the state of full enlightenment; this path arises on the three pure Bodhisattva grounds, i.e. the ...
ཞུགས་གནས་གྱད			Eight noble persons; enterers and abiders in the four state of an ascetics—Stream-winner, Once returner, Never returner and Arhatship.\n1. {rgyun zhugs zhugs pa/} enterer into the fruit of a stream-winner\n2. {rgyun zhugs 'bras gnas/} abider in the fruit of a stream-winner\n3. {phyir 'ong zhugs p...
ཞུགས་གནས་ཐིམ་གསུམ			Entering, abiding and dissolution. The three-fold tantric practice of causing the energy winds to enter, abide and dissolve into the central channel through meditation.
ཞེན་པ་བཞི་བྲལ			The mind training, "Parting Away from Four Clingings" (see {blo sbyong zhen pa bzhi bral}).
ཞེན་ཡུལ			Object of attachment. Synonymous with the apprehended object of conception ({rtog pa'i zhen yul}).
གཞན་གྱི་དངོས་པོ་སྟོང་པ་ཉིད			[parabhāva ṡūnyatā]/ Emptiness of others. One of the sixteen types of emptinesses; the lack of inherent existence of transwordly phenomena as opposed to worldly exi stents.
གཞན་འགྱུར་བཞི			Four changeable mental factors.\n1. {gnyid/} [niddham]/ sleep\n2. {'gyod pa/} [kaukṛtyam]/ regret\n3. {rtog pa/} [vitarka]/ gross investigation\n4. {dpyod pa/} [vicara]/ subtle investigation.
གཞན་སྟོང			Other emptiness; alternative emptiness. The lack of existence of other conventional phenomena, i.e. dependent and imputed phenomena, etc., upon the thoroughiy established phenomena, i.e. the non-dual wisdom understanding the inseparability of the subjective mind and objective existence. An altern...
གཞན་གནོད་གཞི་དང་བཅས་པ་སྤོང་བ			Abandonments of harms to others along with the basis. The\nnature of individual liberation vows; 'others', here refers to\nthe seven non-virtuous activities of body and speech that\ninflicts direct harm on others, and 'bases', here refers to the\ncauses of those non-virtues—the three non-virtues ...
གཞན་པ་མི་མཐུན་ཕྱོགས			Alternative dissimilar factor. That which is a dissimilar factor, yet shows a common basis with the predicate in a logical syllogism.
གཞན་དབང་གཉིས			Two types of dependent phenomena. One of the three categories of phenomena according to the [cittamātrin] school.\n1. {dag pa'i gzhan dbang /} [ṡuddhaparatantra]/ pure dependent phenomena\n2. {ma dag pa'i gzhan dbang /} [aṡuddhaparatantra]/ impure dependent phenomena.
གཞན་འབྱོར་ལྔ			Five circumstantial endowments. Of the ten endowments (see {'byor ba bcu}) the five factors required to be fulfilled in the environment in which one lives:\n1. {sangs rgyas 'jig rten na byon pa/} Buddha's having come\n2. {dam pa'i chos gsungs pa/} His having taught the doctrine\n3. {bstan pa gnas...
གཞན་ལས་ངེས་ཀྱི་ཚད་མ			Valid cognition ascertainable from other factors, e.g. valid\ncognition within the continuum of a person who has no knowledge of valid cognition.
གཞན་སེལ			[anyāpoha]/ Exclusion of other; negative phenomena. An awareness that understands its own object of perception through negating the existence of its direct opposite, e.g. the generic image of a vase. Synoymous with negative phenomena. There are two types:\n1. {med dgag gi gzhan sel/} non-affirmin...
གཞལ་བྱ་གཉིས			Two types of knowable objects; two objects of knowledge.\n1. {sbyi/} [sāṃanya]/ general phenomena\n2. {bye brag} [viṡeṣa]/ particular phenomena or\n1. {sbyi mtshan/} {brdzus skyes/} [sāmnānyalakṣaṇa]/generally characterized\n2. {rang mtshan/} [svalakṣaṇa]/ self-characterized phenomena or\n1. {rta...
གཞི་བྱའི་གནས་གསུམ			Three objects of knowledge.\n1. {mngon gyur/} [pratyakṣa]/ manifest phenomena, e.g. pillar\n2. {lkog gyur/} [parokṣa]/ obscure phenomena, e.g. impermanence\n3. {shin tu lkog gyur/} [atiparokṣa]/ extremely obscure phenomena, e.g. very subtle nature of the law of causality.
གཞལ་མེད་ཁང			[vimāna]/ Inconceiveable mansion; celestial mansion; heaven.
གཞི་བཅུ་བདུན			The seventeen basic precepts. The basic precepts of cultivation for an ordained monk. There is one precept for obtaining the vows not yet obtained; nine precepts for protecting the vows already obtained; and seven precepts for purifying the transgressed vows.
གཞི་ཇི་བཞིན་པ			[yathāsaṃstarika]/ He who sleeps wherever he happens to be. One of the twelve ascetic practice (see {sbyangs pa'i yon tan bcu gnyis}); to sleep on a bed of grass or leaves, etc., which are laid out once without being rearranged for comfort's sake.
གཞི་ཐམས་ཅད་ཡོད་པར་སྨྲ་བའི་སྡེ་བདུན			[sapta mūlasarvāstivādāḥ]/ Seven Mulasarvastivadin schools. One of the eighteen schools of the Hinayana tradition. 1. {gzhi thams cad yod par smra ba/} [mūlasarvāstivāda]\n2. {'id srung ba/} [kāṡyapīyāḥ]\n3. {sa ston pa/} [mahīṡāsakāḥ]\n4. {tshos srung ba/} [dharmaguptāḥ]\n5. {mang thos pa/} [bāh...
གཞི་དུས་ཀྱི་འོད་གསལ			The basic clear light mind. The Buddha nature within the mental continuum of sentient beings, i.e. the primordially pure nature of the minds of all beings.
གཞི་དུས་ཀྱི་ཡེ་ཤེས་ལྔ			The five basic wisdoms for transforming the five delusions into wisdoms.\n1. {gzhi dus kyi me long ye shes/} mirror-like wisdom for self-pacification of hatred-anger\n2. {gzhi dus kyi mnyam nyid ye shes/} wisdom of equality or sameness for self-pacification of pride\n3. {gzhi dus kyi sor rtogs ye...
གཞི་ཤེས་ཀྱི་རྣམ་པ་ཉེར་བདུན			Twenty-seven aspects of the basic wisdom. 1-12. {bden pa dang po gsum rnam pa bcu gnyis/} twelve aspects of the first three noble truths (see {bden pa dang po gsum gyi rnam pa bcu gnyis}) 13-27. {lam bden gyi rnam pa bco lnga /} fifteen aspects of the noble truth of the path (see {lam bden gyi rn...
གཞི་ཤེས་མཚོན་བྱེད་ཀྱི་ཆོས་དགུ			Nine topics that characterize the basic wisdom.\n1. {shes pas srid la mi gnas pa'i gzhi shes/} non-abidance in the extreme of existence through knowledge\n2. {snying rjes gzhi la mi gnas pa'i gzhi shes/} non-abidance in the extreme of peace through compassion\n3. {thabs ma yin pas 'bras yum la ri...
གཞི་གསུམ་ཆོ་ག			The three basic rituals; the three basic ceremonies of monks. The text of rituals concerning:\n1. {gso sbyong /} bi-monthly restoration and confession ceremony\n2. {dbyar gnas/} summer or rainy season retreat for three months beginning from the sixteenth of the sixth Tibetan month\n3. {dgag dbye/...
གཞིའི་སྐུ་གསུམ			The three basic kayas.\n1. {tha mal ba'i skye ba gzhi'i sprul sku} the\nordinary state of birth as the basic [nirmāṇakāya]\n2. {tha mal gyi 'tshi ba gzhi'i chos sku} the ordinary state of death as the basic [dharmakāya]\n3. {tha mal gyi bar do gzhi'i longs sku} the ordinary state of intermediate ...
གཞུག་པ་ལྡེམ་པོར་གགོངས་པ			[avatāraṇābhisaṃdhi]/ Interpretative [sūtra] encouraging conversion, e.g. a [sūtra] explaining the existence of the self of a person in order to convert a follower into Buddhist doctrine.
གཞུང་ཆེན་མོ			The great treatises of philosophy studied in the monastic universities or elsewhere.
གཞུང་པོ་ཏི་ལྔ			The five treatises of Buddhist philosophy.\n1. {phar phyin/} Perfection of Wisdom\n2. {dbu ma/} Middle Way\n3. {tshad ma/} Valid Cognition\n4. {'dul ba/} Monastic Discipline\n5. {mdzod/} Treasure of Knowledge.
གཞོགས་འཕྱས			Chiding; reprimand; upraising in an ironic manner.
གཞོལ་པ་གསུམ་གྱི་བཟླས་པ			The three types of incantation according to action tantra; the three suchnesses of recitation in prahayama meditation.\n1. {gzhi la gzhol ba/} recitation while concentrating on the object deity\n2. {sems la gzhol ba/} recitation while concentrating on the mind deity\n3. {sgra la gzhol ba/} recita...
བཞོན་པ་ལྟ་བའི་སེམས་བསྐྱེད			Mount-like bodhicitta. Mind of enlightenment associated with the exalted practice of compassion and resolute intention possessed by a Bodhisattva on the three pure grounds.
ཟ་མ་ཏོག			[karaṇḍa]/ A. Food casket; carried by ascetics as their pot. B. Za-ma-tog [sūtra] concerning [ārya avalokiteṡvara] cycle of teaciiings.
ཟག་བཅས			[sāsrava]/ Contaminated phenomena. Deluded phenomena capable of increasing affliction by their presence, e.g. a human body.
ཟག་བཅས་ཀྱི་ཕུང་པོ་ལྔ			Five contaminated aggregates (see {phung po lnga}).
ཟག་པ་བཞི			Four types of contaminations (see {chu bo bzhi}).
ཟག་པའི་སྒོ་དྲུག			The six gates of contamination; the six ways in which delusions increase or become stronger.\n1. {zag pa'i bdag nyid/} being a contaminated thing, such as being any of the twenty root or near delusions (see {rtsa nyon drug} and {nye nyacan nyi shu})\n2. {zag pa dang 'brel ba/} being connected to ...
ཟག་མེད་ཀྱི་ཕུང་པོ་ལྔ			Five uncontaminated aggregates; the five pure ways.\n1. {tshul khrims kyi phung po/} [ṡīla skandha]/ aggregate of moral disciple\n2. {ting nge 'dzin gyi phung po/} [samādhi skandha]/ aggregate of concentration\n3. {shes rab kyi phung po/} [prajñā skandha]/ aggregate of wisdom\n4. {rnam par grol b...
ཟག་མེད་ཀྱི་དབང་པོ་གསུམ			The three uncontaminated powers (see {dbang po gsum}, B). The powers of a person who has attained the truth of the path.
ཟག་མེད་ཀྱི་ལམ་ལྔ			The five uncontaminated paths (see {zag med kyi phung po lnga}). These are known as the five uncontaminated paths when the word aggregates are replaced with the word path.
ཟག་མེད་ཡེ་ཤེས་སྡེ་ཚན་ཉེར་གཅིག			Twenty-one groups of uncontaminated wisdom.\n1. {byang phyogs so bdun/} thirty-seven auxiliaries to enlightenment (see {byangs phyog so bdun})\n2. {tshad med bzhi/} four immeasurables (see {tshad med bzhi})\n3. {rnam thar brgyad/} [aṣṭa vimokṣāḥ]/ eight emancipations (see {rnam thar brgyad})\n4. ...
ཟག་མེད་ས་དགུ			[navānāsrava bhūmayaḥ]/ Nine uncontaminated grounds; nine uncontaminated levels of concentration.\n1. {bsam gtan dang po'i dngos gzhi snyoms 'jug} actual absorption of the first concentration\n2. {bsam gtan dang po'i dngos gzhi snyoms 'jug tsam po ba/} ordinary absorption of the first concentrati...
ཟང་ཐལ			The unobstructed phenomena; The uninterrupted phenomena\n{zangs mdog dpal ri/}\nThe copper coloured glorious mountain. The legendary abode of Guru Padmasambhava.
ཟང་ཟིང			[āmiṣa]/ A. Material goods. B. Blurred vision; confusion.\n{zad pa shes pa/}\n[kṣayajñāna]/ Knowledge of exhaustion. One of the ten types of awarenesses according to the Abhidharma tradition (see {mdzod las bshad pa'i shes pa bcu}); knowledge of one's own confidence of having abandoned all object...
ཟག་པར་གྱི་སྐྱེ་མཆེད			The total pervasive concentration; the concentration of exhaustion. The power of concentration gained by a person who is able to transform any phenomena into any particular element.
ཟད་པར་གྱི་སྐྱེ་མཆེད་བཅུ			The ten exhaustions; the ten totally pervasive concentrations (see {zad par bcu}, below).
ཟད་པར་བཅུ			Ten exhaustions; ten totally pervasive concentrations the aim of which is to develop omniscience, by training in perceiving an element such as fire or a color such as blue as totally pervading all phenomena. Totally pervasive concentration with respect to 1 -4. {sa chu me rlung bzhi dang/} five e...
ཟན་གྲིལ			The dough-ball divination. In this system the contents of divination written down on pieces of paper are rolled up in a dough-ball and thrown in front of holy images or paintings of deities of special significance through chanting invocation prayers.
ཟཔ་མ་ལྟ་བརྒྱུད			[gaṃbhīradarṡana tantra]/ Lineage of the profound view; the profound view lineage. Lineage of teaching and practice coming from [mañjuṡrī], [nāgārjuna] and [candrakīrti] which mainiy emphasises the wisdom aspect of the teachings.
ཟབ་མོ་སྟོང་པ་ཉིད			[gaṃbhīra ṡūnyatā]/ Profound emptiness; profound voidness.
ཟབ་མོ་དག་སྣང་གི་བརྒྱུད་པ			Lineage of profound pure perception; lineage of sacred vision. A. The transmission obtained as a result of direct vision and access of one's personal meditational deity. B. A Nyingma lineage derived from accomplished masters, who through their pure perception, have attained a vision of their root...
ཟབ་མོའི་ཆོས་ཉིད་རྣམ་པ་བརྒྱད			[aṣṭa gaṃbhira dharmatāḥ]/ Eight profound realities; eight aspects of the profound reality.\n1. {skye ba zab mo/} profound production\n2. {dgag pa zab mo/} profound stopping\n3. {de nyid zab mo/} profound thusness/reality\n4. {chos zab mo/} profound phenomena\n5. {shes pa zab mo/} profound awaren...
ཟབ་ཞི			The profound peace; the clear light mind of a Buddha; the dharmakaya The unfathomable omniscience and the state of [nirvāṇa] or cessation of sufferings within the continuum of a Buddha.
ཟབ་ཞི་སྤྲོས་བྲལ			The profound peace free of the eight extremes (see {spros pa'i mtha' brgyad}).
ཟབ་ལམ་རིམ་ལྔ			The five profound paths; the five stages of tantric paths\naccording to the highest yoga tantra.\n1. {ngag dben/} isolation of speech\n2. {sems dben/} isolation of mind\n3. {sgyu lus/} illusory body\n4. {'od gsal/} clear light mind\n5. {zung 'jug} the state of unity of the illusory body and clear...
ཟབ་གསལ་གཉིས་མེད་ཀྱི་རྣལ་འབྱོར			The yoga of non-dual profundity and clarity. The yoga of union of emptiness and the primordial mind realizing it.
ཟབ་གསལ་གཉིས་མེད་ཀྱི་ཡེ་ཤེས			The primordial wisdom of non-dual profundity and clarity. The wisdom of a yogi, who experiences a clear vision of the divine [maṇḍala] like the rainbow within the understanding of emptiness.
ཟས་ཀྱི་རྣལ་འབྱོར			The yoga of foods.\n1. {kha zas sman dang 'dra bar rig par spyod pa/} the practice of relishing food like a medicine for sustenance\n2. {nang spyin sreg gi tshul du longs spyod pa/} the practice of relishing food like offering for the inner fire-ritual.
ཟས་དཀར་གསུམ			The three white foods; yogurt, milk and butter.
ཟས་ཕུད			The first bit of food. The tradition of offering the first portion of a meal to the objects of refuge before one eats.
ཟས་གཙང་མ			[ṡuddhodana]/ King [ṡuddhodana]; the father of Buddha [ṡākyamuni].
ཟས་བཞི			[catvāra-āhārāḥ]/ Four types of food; four nourishments.\n1. kham gyi zas/ [kavalīkārahāra]/ coarse food, for the growth of the sense organs of this body\n2. {reg pa'i zas/} [sparṡāhāra]/ food of touch, for the growth of consciousness\n3. {sems kyi zas/} [manaḥ saṃcetanāhāra]/ food of mental thou...
ཟིན་པའི་སྒྲ			The conjoined sounds. The sound produced by a person through the force of elements such as wind, e.g. sound of clapping hands and flute.
ཟིལ་གྱིས་གནོན་པའི་སྐྱེ་མཆེད་བརྒྱད			[aṣṭabhibhavāyatanāni]/ Eight surpassing concentrations; the power of concentration through which a yogi aims to gain control of the miracles.\n1. {rang gzugs can du 'du shes pas phyi rol gyi gzugs chung ngu la blta zhing gzugs de dag zil gyis gnon pa/} imagining himself having form, he sees smal...
ཟུང་འཇུག			[yuganaddha]/ A. Unification; state of union, e.g. the union of calm-abiding and penetrative insight meditation or the union of bhss and void. B. One of the five levels of the completion stage practices in tantr^ the union of emptiness, the wisdom aspect and great compassion, the method aspect or...
ཟུང་འཇུག་ཉེར་གསུམ			Twenty-three types of unification; twenty three states of union.\n1. {'khor 'das dbyer med kyi zung 'jug} union of the inseparability of cyclic existence and the state beyond suffering\n2. {kun byang gi zung 'jug} union of ever-deluded and ever-purified phenomena\n3. {rnam bcas rnam med kyi zung ...
ཟུང་ཇུག་གཉིས			Two types of unification; two states of union (yuganaddha).\n1. {slob pa'i zunga'ajug} state of union of a trainee or learner\n2. {mi slob pa'i zung 'jug} state of union of a non-trainee or a Buddha.
ཟུང་འཇུག་བཞི			The four types of unification; the four states of union.\n1. {snang stong zung 'jug} union of appearance and emptiness\n2. {rig stong zung 'jug} union of awareness and emptiness\n3. {bde stong zunga'ajug} union of bliss and emptiness\n4. {gsal stong zung 'jug} union of clear light and emptiness.
ཟུར་ཕུད			[cīraka]/ Top-knot; knotted hair gathered at the crown of the head.
ཟླ་གམ			Monk's overcoat; worn during religious gatherings, especially during winter.
ཟླ་བ་འབྱུང་ངོ་ཅོག་གི་དུས་བཟང་བཞི			Four auspicious days of every month; four special days of a month according to the Tibetan Buddhist tradition.\n1. {tshes brgyad par sangs rgyas sman bla'i dus bzang/} eighth is the day of the Medicine Buddha\n2. {tshes bcu par mkha' 'gro'i dus bzang /} tenth is the day of the [ḍākinī]\n3. {tshes...
ཟླ་བ་ཡར་ངོ་མར་ངོ			Waxing and waning moon.
གཟའ་དགུ			[nava graha]/ Seven planets; seven days of the week.\n1. {nyi ma/} [āditya]/ Sun\n2. {zla ba/} [soma]/ Moon\n3. {mig dmar/} [aṇgāraka]/ Mars.\n4. {lhag pa/} [budha]/ Mercury\n5. {phur bu/} [bṛhaspatiḥ]/Venus\n6. {pa sangs/} [ṡukraḥ]/ Jupiter\n7. {spen pa/} [ṡanaiṡcara]/ Saturn.\n8. {sgra gcan/} [...
གཟིགས་པ་ལྔ			Five predeterminations of Buddha [ṡākyamuni] before conceiving to be born in this world while he was in the god realm, born as [devaputra] ({dam pa tog dkar po}).\n1. {dus la gzigs pa/} observation of the time for his appearance\n2. {rus la gzigs pa/} observation of the family of his birth\n3. {r...
གཟུགས་ཀྱི་སྐྱེ་མཆེད			[pūpāyatanam]/ The source of perception of form; synonymous with forms (gzugs); direct objects of sight—shape and colour.
གཟུགས་ཀྱི་ལྷ			[rūpadeva]/ The form deity. One of the six deities according to action tantra. A visualization meditation of emitting and withdrawing light from the moon [maṇḍala] and the circle of mantras, the transformation of which then give rise to complete feaiures of the concerned deity of one's meditation.
གཟུགས་ཁམས			[rūpadhātu]/ Form realm. Realm in which beings are preoccupied with meditative concentration free of attachment to sensual objects within the desire realm but have attachment to forms.
གཟུགས་ཁམས་ཀྱི་སྒོམ་སྤང་བརྒྱ་དང་བརྒྱད་ཅུ			One hundred and eighty objects of elimination within the form realm to be* abandoned on the path of meditation. The four levels of concentrations—first, second, third and fourth within the form realm each have forty-five objects of elimination (see {gzugs khams kyi sgom spang lnga}) when each of ...
གཟུགས་ཁམས་ཀྱི་སྒོམ་སྤང་ལྔ			The five objects of elimination within the form realm to be abandoned on the path of meditation.\n1. {ma rig pa/} ignorance\n2. {'dod chags/} desire-attachment\n3. {nga rgyal/} pride\n4. {'jig lta/} view of transitory collection\n5. {mthar lta/} the extreme view.
གཟུགས་ཁམས་ཀྱི་གནས་བཞི			The four levels of the form realm; the four states of concentration within the form realm; the four worlds of the form realm – {bsam gtan dang po/} {gnyis pa/} {gsum pa/} {bzhi}' {pa/} first, second, third and fourth concentration realms.
གཟུགས་ཁམས་གནས་རིས་བཅུ་བདུན			Seventeen regions of the form realm. Three states of the first level concentration:\n1. {tshangs ris/} [brahmakāyikāḥ]/ Brahma type\n2. {tshangs pa mdun na 'don/} [brahmapurohitāḥ]/ Brahma attendants\n3. {tshangs tshen/} [mahābrahmāṇaḥ]/ great Brahma. Three states of the second level concentratio...
གཟུགས་ཅན་གཟུགས་ལ་ལྟ་བའི་རྣམ་ཐར			Emancipation of one possessing form, looking at a form. A concentration of the form realm cultivated by a yogi while considering himself as a being with physical form, in order to eliminate attachment towards external forms.
གཟུགས་ཅན་མ་ཡིན་པའི་མཚངས་ལྡན་འདུ་བྱེད་ཀྱི་ཕུང་པོའི་སྡེ་ཚན་དྲུག			Six classes of non-physical aggregates of concomitant compositional factors.\n1. {sems kyi sa mang /} mental attitude\n2. {dge ba'i sa mang /} virtuous attitude\n3. {mi dgre ba'i sa mang /} non-virtuous attitude\n4. {nyon mongs chen po'i sa mang /} mental attitude of the major delusions\n5. {nyon...
གཟུགས་ཉེར་སྔ			Twenty-five types of forms.\n1-4. {rtsa ba'i kha dog bzhi/} four root colors (see {rtsa ba'i kha dog bzhi})\n5-12. {yan lag gi kha dog brgyad/} eight secondary colours (see {yan lag gi kha dog brgyad})\n13. {ring ba/} long\n14. {thung ba/} short\n15. {lham pa/} squareness\n16. {zlum po/} sphencal...
གཟུགས་ཕུང་བཅོ་ལྔ			Fifteen form aggregates.\n1-4. {rgyu 'byung ba chen po bzhi/} four causal elements (see {'byung ba bzhi})\n5-15. {'bras gzugs bcu gcig/} eleven resultant form aggregates (see {'bras gzugs bcu gcig}).
གཟུགས་ཕུང་རིགས་ཀྱི་ཆོས་ལྔ			Five phenomena on the level of the form aggregate.\n1. {gzugs kyi phung po/} form aggregate\n2. {gzhi dus kyi me long ye shes/} basic mirror-like wisdom\n3. {sa'i khams/} earth element\n4. {mig gi dbang po/} eye sense power\n5. {rang rgyud kyis bsdus pa'i gzugs/} form within one's mental continuum.
གཟུགས་མེད་ཁམས			[arūpa dhātu]/ Formless realm. The realm in which the beings do not have a gross body but have a pure mental body; they are free of attachment towards sensual objects, but have attachments to the formless realms.
གཟུགས་མེད་ཉེར་འགྲོའི་ཕྱིར་མི་འོང			Never-returner who attains liberation without effort and migrates to the formless realm.
གཟུགས་མེད་ཉེར་འགྲོའི་ཕྱིར་མི་འོང་སྐྱོས་འདའ་བ			Never-returner who attains liberation as soon as he is born in the formless realm.
གཟུགས་མེད་ཉེར་འགྲོའི་ཕྱིར་མི་འོང་གོང་འཕོ་བ			Never-returner who attains liberation in the highest state (either in [akaniṣṭha] or the Peak of Existence) after migrating to the formless realm.
གཟུགས་མེད་ཉེར་འགྲོའི་ཕྱིར་མི་འོང་འདུ་བྱེད་དང་བཅས་པར་འདའ་བ			Never-returner who attains liberation with great effort and migrates to the formless realm.
གཟུགས་མེད་ཉེར་འགྲོའི་ཕྱིར་མི་འོང་འདུ་བྱེད་མེད་པར་འདའ་བ			Never-returner who atains liberation without effort and migrates to the formless realm.
གཟུགས་མེད་སྙོམས་འཇུག་བཞི			[catasra ārūpyasamāpattayaḥ]/ Four formless absorptions; four types of formless meditative absorptions.\n1. {nam mkha' mtha' yas snyoms 'jug} [ākāṡānantyāyatanaṃ]/ absorption of infinite space\n2. {rnam shes mtha' yas snyoms 'jug} [vijñānānantyāyatanaṃ]/ absorption of infinite consciousness\n3. {...
གཟུགས་མེད་གཟུགས་ལ་སྟ་བའི་རྣམ་ཐར			Emancipation of one without form looking at a form. A concentration within the form realm cultivated by a yogic while considering himself as a being without form in order to eliminate his attachment to external objects.
གཟུགས་སུ་ཉེར་འགྲོའི་ཕྱིར་མི་འོང			Never-returner who migrates to the form realm.
གཟུགས་སུ་ཉེར་འགྲོའི་ཕྱིར་མི་འོང་གོང་འཕོ་བ			Never-returner who attains liberation in the highest state ([akaniṣṭha]) after migrating to the form realm.
གཟུགས་སུ་ཉེར་འགྲོའི་ཕྱོར་མི་འོང་སྐྱེས་འདའ་བ			Never-returner who attains liberation as soon as he is born in the form realm.
གཟུགས་སུ་ཉེར་འགྲོའི་ཕྱིར་མི་འོང་བར་འདའ་བ			Never-returner who attains liberation in the intermediate existence of the form realm.
གཟུགས་སུ་ཉེར་འགྲོའི་ཕྱིར་མི་འོང་འདུ་བྱེད་དང་བཅས་པར་འདའ་པ			Never-returner who attains liberation with great effort and migrates to the form realm.
གཟུགས་སུ་ཉེར་འགྲོའི་ཕྱིར་མི་འོང་འདུ་བྱེད་མེད་པར་འདའ་བ			Never-returner who attains liberation without effort and migrates to the form realm.
གཟུང་རྟོག་གཉིས			Two objective graspings; two graspings at objects; two conceptual graspings at objects.\n1. {'jug pa gzung rtog} grasping at engagements that are to be cultivated\n2. {ldog pa gzung rtog} grasping at elimination that are to be abandoned or\n1. {nyon mongs gzung rtog} grasping at delusive phenomen...
གཟུང་འཛིན་གཉིས་ལྔང			Non-duality of the object and object-perceiver. The lack of difference between the object and the object-perceiver; a view asserted by the [cittamātrin] school of philosophy.
གཟུང་ཡུལ			[grāhyaviṣaya]/ Referent object. Object as seized by a perception, e.g. vase for a consciousness apprehending vase.
གཟུངས			[dhāraṇī]/ Retention power ([dhāraṇī]). The ability to hold words and meanings of the dharma through the force of exalted mindfulness and wisdom. Also means mantras ({gzungs sngags}) through the power of which one summons blessings and the ability to eliminate interfering forces.
གཟུངས་ཀྱི་སྒོ་བཞི			Four types of retention power, four doors of dharani.\n1. {bzod pa'i gzungs/} [kṣāntidhāraṇi]/ retention of patience, the ability to endure patiently the emptiness discerned without being terrified by it\n2. {sngags kyi gzung /} [mantradhāraṇī]/ retention of mantra, the ability to convert any syl...
བཟའ་བའི་དམ་ཚིག			The commitment related to food. The commitment according to the highest yoga tantra to accept the five fleshes (see {sha lnga}) and five nectars (see {bdud rtsi Ing}) without any preconceptions.
བཟོ་བོ་སྤྲུལ་སྐུ			[ṡilpanirmāṇakāya]/ Artisan emanation. A form of incarnate Buddha's emanation as artisans and master-craftsman in order to tame beings.
བཟོ་རིག་གི་སྒྱུ་རྩལ་སུམ་ཅུ			The thirty skills of arts and craft. A section of the sixty-four arts.\n1. {yi ge} literacy\n2. {lag rtsis/} calculation by hand\n3. {grangs/} mathematics\n4. {rtsis chen/} great mathematics\n5. {thor tshugs/} scare crowing\n6. {gom stabs/} gestures by feet\n7. {lcags kyus sgyur thabs/} art by ir...
བཟོད་པ་རྣམ་གསུམ			The three types of patience.\n1. {gnod pa la ji mi snyam pa'i bzod pa/} patience of not retaliating against someone who harms you\n2. {sdug bsngal dang len gyi bzod pa/} patience of willingly enduring sufferings\n3. {chos la nges shes kyi bzod pa/} patience of discriminative awareness of the Dharma.
བཟོད་པ་ཕྱིར་མི་ལྡོག་པའི་རྟགས་གཉིས			Two signs of irreversibility on the patience level of the path of preparation.\n1. {gzhan gyis dkrir mi btub pa/} he cannot be led astray by others\n2. {las bcos ma ston pa'i bdud la bdud du rtogs pa/} he recoghizes the maras preaching counterfeit paths as true maras.
བཟོད་པའི་རྩེ་སྦྱོར			[kṣāntigata mūrdhaprayoga]/ Peak training of the forbearance level of the path of preparation. A Bodhisattva path where he has gained stability in establishing his realization to progress further.
ཟློས་གར་གྱི་ཡན་ལག་ལྔ			The five fundamentals of the performing arts; the five limbs of performing arts.\n1. {mdo 'dzin pa/} memorization of texts\n2. {rol mo/} music\n3. {chas zhugs/} costumes\n4. {bzhad gad/} comedy\n5. {zlos gar/} art of dance and drama.
བཟླས་བརྗིད་ཡན་ལག་བཞི			Four branches of recitation; four types of incantation practice\nand meditation according to [krīya tantra].\n1. {sgra'i gzhi la gzhol ba/} retitation while concentrating on the sound deity\n2. {sems kyi gzhi la gzhol ba/} recitation while concentrating on the mind deity\n3. {gzhan gyi gzhi la gz...
བཟླས་བརྗོད་ལ་ལྟོས་པའི་བསམ་གཏན			[japāpekṣatadhyāna]/ Concentration dependent on recitation.
བཟླས་བརྗོད་ལ་མི་ལྟོས་པའི་བསམ་གཏན			[japānāpekṣeiadhyāna]/ Concentration independent of recitation.
འོག་མིན			[akaniṣṭha]/ A. The [akaniṣṭha] Buddha field where the [sambhogakāya] form of Buddhas reside, also called the "Richly Adorned Heaven Beneath None". B. Heaven Beneath None; the highest god realm within the form realms of the fourth concentration domain.
འོག་མའི་ཆ་མཐུན་ལྔ			The five delusions of the lower realms; the five delusions within the desire realm.\n1. {'dod chags/} desire-attachment\n2. {zhe sdang /} hatred-anger\n3. {'dzig tshogs la lta ba/} view of the transitory collection\n4. {tshul khrims dang brtul zhugs mchog 'jin/} view of holding wrong moral discip...
འོད་དཔག་མེད			[amitābha]/ Buddha Amitabha. The Buddha of the western direction.
འོད་དཔག་མེད་ཀྱི་དམ་ཚིག་གསུམ			Three pledges related to Amitabha Buddha.\n1. {phyi bya spyod/} performance and action tantra as the outer practice\n2. {gsang ba rnal 'byor dang bla med/} yoga and anuttarayoga tantra as the secret practice\n3. {theg pa gsum gyis bsdus pa'i dam tshig} all practices encompassing the doctrine of t...
འོད་མའི་ཚལ			[veṇuvana]/ A. Bamboo grove; a park near [rājagṛha] that was offered to Buddha [ṡākyamuni] by King [bimbisāra].
འོད་སྲུང			[kāṡyapa]/ A. [kāṡyapa] Buddha. The third of the thousand Buddhas and sixth of the Seven Heroid Buddhas (see {sangs rgyas dpa' bo bdun}) B. [mahākāṡyapa]. The first of the seven hierarchs (see {ston pa'i gtad rabs bdun}) and one of the ten close disciples of Buddha [ṡākyamuni], famous for his sch...
འོད་གསའ			[prabhāsvara]/ Clear Light. A. A domain of gods within the second concentration realm. B. Clear light mind; the fundamental state of consciousness which manifests at the time of death. A qualified tantric practitioner employs this subtle mind to realize emptiness. There are two types:\n1. {bu'i '...
འོད་གསལ་སྒྱུ་མ			[prabhāsvara māyā]/ The clear light illusory body. One of the types of illusory bodies, the empty-body, like a reflection on a mirror, that is attained as a result of successful meditation on the completion stage of tantra.
འོད་གསལ་སྒྲིབ་མེད			Non-obscured clear light mind. In the Sakya tradition this refers to the Buddha nature present in all sentient beings.
འོད་གསལ་མཚན་ཉིད་པ			Actual clear light. The fully characterized clear light mind.
ཡང་དག་ཀུན་རྫོབ			[saṃyak saṃvṛtti]/ Real conventional truth; perfect conventional truth. The causes and results giving rise to the ten virtues and other wholesome activities as a result of a perfect examination of the outer and inner nature of dependent-arising principles,\n{yang dag pa'i ngag}\n[saṃyag vāk]/ Rig...
ཡང་དག་པའི་ཏིག་ངེ་འཛིན			[saṃyak samādhi]/ Right concentration. Establishing meditative concentrations free of the faults of laxity and excitement; an antidote to the hinderences in meditation.
ཡང་དག་པའི་རྟོག་པ			[saṃyak saṃkalpa]/ Right thought. Engaging in the study of scriptures and teachings with proper motivation.
ཡང་དག་པའི་ལྟ་བ			[saṃyag dṛṣṭi]/ Right view. Discerning the meanings of the four noble truths and the two truths through proper analytical and contemplative means.
ཡང་དག་མཐའ			[saṃyag ānta]/ The perfect finality. The sphere of reality or emptiness at the cessation of the pervasive suffering, [nirvāṇa].
ཡང་དག་པའི་དྲན་པ			[saṃyak smṛti]/ Right mindfulness. Retaining the object of clam abiding and penetrative insight through application of balanced approach of meditation techniques.
ཡང་དག་པའི་རྩོལ་བ			[saṃyag vyāyāma]/ Right effort. Application of perseverance in one's practice of eliminating the obscuration to liberation and omniescence.
ཡང་དག་པའི་འཚོ་བ			[saṃyagājīva]/ Right livelihood. Right physical and vocal behaviour free of wrong means such as wheedling behavior, flattery and so forth, to earn one's livelihood.
ཡང་དག་པའི་ལས་ཀྱི་མཐའ			[saṃyak karmānta]/ Right action; right conduct. Maintenance of one's behavior free from negative techniques in contrast with the principles of teachings.
ཡང་དག་པར་བླངས་པ་ལས་གྱུར་པ			Forms arising from pledges, e.g. a vow or an obeisance of vows revealed through physical, verbal and mental activities.
ཡང་དག་སྤོང་བ་བཞི			[catvāri prahāṇāni]/ Four perfect abandonments; four right eliminations. A section of the thirty-seven auxilaries to enlightenment.\n1. {mi dge ba skyes pa spong ba/} abandonment of non-virtues that have not been produced\n2. {mi dge ba ma skyes pa mi bskyed pa/} non-generation of non-virtues tha...
ཡངས་པ་ཅན			[vaiṡālī]/ A. [vaiṡālī]. The city of [vaiṡālī] in the vicinity of Patna where Buddha [ṡākyamuni] turned the Third Wheel of Doctrine; the doctnne of good distinction between the three divisions of phenomena—imputed, dependent and thoroughly established (reality). B. A chapel in Ganden monastery.
ཡན་ལག་གི་ཁ་དོག་བརྒྱད			Eight secondary colors.\n1. {sprin gyi kha dog} cloudy\n2. {du ba'i kha dog} smoky\n3. {rdul gyi kha dog} dusty\n4. {khug rna'i kha dog} misty\n5. {brib ma'i kha dog} shadowy\n6. {nyi 'od kyi kha dog} sunny\n7. {snang ba'i kha dog} brightness\n8. {mun pa'i kha dog} darkness.
ཡན་ལག་གི་རླུང་ལྔ			Five secondary energy winds. The five energy winds in the body produced through the force of basic elements within the body.\n1. {rgyu ba'i rlung /} [caraṇa vāyu]/ moving wind for the cognitive faculty of vision\n2. {rnam par rgyu ba'i rlung /} [vicaraṇa vāyu]/ thoroughly moving wind for the cogn...
ཡན་ལག་བརྒྱད་ལྡན་གྱི་ཆུ			The river or water fulfilling eight qualities (see {chu yan lag brgyad ldan}).
ཡན་ལག་ལྔ			[pañcān'ga]/ The five limbs. Two arms, two legs and head.
ཡན་ལག་ལྔ་ལྡན་གྱི་སྦྱོར་བ			The five preparatory stages. The five preliminary steps of [mahāmudrā] meditation according to the Drigung Kagyud tradition.\n1. {byang chub kyi sems bsgom pa/} meditation on the mind of enlightenment\n2. {rang lus lhar bsgom pa/} meditation on oneself as a deity\n3. {bla ma la mos gus bsgom pa/}...
ཡན་ལག་བདུན་པ			[saptāṇga pūja]/ Seven branch practice; seven limbed practice. The seven priliminaries for carrying out a Dharma practice.\n1. {phyag 'tshal ba/} [vandana]/ prostration\n2. {mtshod pa phul ba/} [pūjanā]/ offering\n3. {bshags pa phul ba/} [deṡaya]/ confession\n4. {rjes su yi rang ba/} [anumoda]/ r...
ཡབ			[pitṛ]/ Male deity. Male deity or protector in the tannic system representing the method aspect of practice.
ཡབ་ཀྱི་ཕྱག་རྒྱ་དྲུག			Six ornaments of a male deity.\n1. {dbu rgyan/} head-dress\n2. {rna rgyan/} earrings\n3. {mgul rgyan/} necklace\n4. {gdu bu/} bracelets\n5. {mchod phyir thogs pa/} skull cup\n6. {thal chen gyi tshom bu/} daubing of ashes.
ཡར་གྱི་མཚམས་མེད་ཀྱི་ལས			Higher boundless action. Positive action of higher potentiality that leads one to the higher attainments, as opposed to the boundless non-virtue which directly drives one to the hell realm.
ཡས་འདེད			Removing obstacles downwards. Such as in the practice of Vajrasattva meditation; the elimiantion of obstacles of the body through visualizing them being flushed out of one's lower orifices with the downward flow of light and nectar from Vajrasattva at the crown of one's head.
ཡས་བབས་ཀྱི་དགའ་བཞི			The four joys of the descending order. A skill gained through successful meditation on psychic heat by way of melting bodhicitta induced in the wheels of the energy channels,\naccording to the completion stage meditation of the mother tantra in the highest yoga practice. Thus when the bodhicitta ...
ཡས་བབས་མས་བརྟན			The descending and ascending order of joys from the melting of bodhicitta from crown level to the secret organ and vice-versa.
ཡི་གེའི་ལྷ			[akṣara deva]/ Letter deity. One of the six types of deities in performance ([kriyā]) tantra; meditation of the syllables visualized upon a moon cushion generated out of emptiness.
ཡི་དམ			Meditational deity; personal deity; tutelary deity. Buddhas or Bodhisattvas relied upon by a practitioner having special bond or relationship in accordance with the tantric values.
ཡི་དྭགས་གསུམ			Three types of hungry ghosts.\n1. {phyi sgrib can/} those with external obstructions (food)\n2. {nang sgrib can/} those with internal obstructions (drink)\n3. {zas skom gnyis ka'i sgrib pa can/} those with obstructions to both food and drink.
ཡིག་བརྒྱ			Hundred Syllable mantra. Such as of [vajrasattva], [heruka], [yamāntaka] and others.
ཡིག་ཆ			A. Text book. Treatises on Buddhist philosophy studied in each of the monastic universities that form their basic curriculum of religious study. B. Documents old or new.
ཡིད་མངོན་ལྔ			The five types of direct mental perception. Those related to:\n1. {gzugs 'dzin yid mngon/} form\n2. {sgra 'dzin yid mngon/} sound\n3. {dri 'dzin yid mngon/} smell\n4. {ro 'dzin yid mngon/} taste\n5. {reg 'dzin yid mngon/} objects of touch.
ཡིད་ཆེས་ཀྱི་དད་པ			[pratyayita ṡraddhā]/ Convinced faith; trusting faith. Total faith in the working of karma and the three objects of refuge.
ཡིད་དཔྱོད			[manaḥparīkṣa]/ Presumption; correct belief. A fresh awareness that apprehends the correct object, without depending on experience or correct reasohing as its basis, e.g. the presumption that sound is impermanent merely through hearing the statement, 'sound is changeable'. There are three types o...
ཡིད་བྱེད་དྲུག			Six attentions.\n1. {mtshan nyid so sor rig pa yid byed/} attention\nto individual characteristics\n2. {mos pa yid byed/} attention arisen from belief\n3. {rab tu dben pa yid byed/} attention of complete isolation\n4. {dga' ba bsdud pa'i yid byed/} attention encompissing joy\n5. {dpyod pa yid bye...
ཡིད་བྱེད་བཞི			Four attentions; the four ways of attending to an object of meditation while practicing concentration meditation.\n1. {bsgims te 'jug pa/} painstaking attention\n2. {chad pa dang bcas te 'jug pa/} repeated attention\n3. {chad pa med par 'jug pa/} uninterrupted attention\n4. {rtsol ba med par 'jug...
ཡིད་བཞིན་ནོར་བུ			[cintāmaṇi]/ A. Wish-fulfilling gem. B. Dalai Lama\n3. Human body.\n4. Gems obtained from the ocean.
ཡིད་བཞིན་ནོར་བུ་ལྟ་བུའི་སེམས་བསྐྱེད			[cintāmaṇyupamacittotpāda]/ Wish-fulfilling gem like bodhicitta. The mind of eniightenment associated with the perfection of prayers possessed by a Bodhisattva on the eighth ground of advancement.
ཡིད་འོང་གི་བྱམས་པ			[manojñamaitrī]/ Appealing love; heart-warming love.
ཡིད་ལས་བྱུང་བ			[manobhava]/ Mind-arisen; synonymous with the intermediate state of rebirth (bardo).
ཡུམ			[mātṛ]/ Female aspect; tantric consort; a female counterpart of a male deity or tantric practitioner symbolizing the wisdom aspect of practice.
ཡུམ་གྱི་ཕྱག་རྒྱ་ལྔ			Five adornments of a female deity.\n1. {dbu rgyan/} head-dress\n2. {snyan rgyan/} earrings\n3. {mgul rgyan/} necklace\n4. {gdu bu/} bracelets\n5. {sku rags/} belt.
ཡུམ་གྱི་འགྲོལ་རྐང་བརྒྱ་དང་བརྒྱད			One hundred and eight topics of the Perfection of Wisdom text.\n1-53. {kun nas nyon mongs phyogs kyi 'grel rkang nga gsum/} fifty-three topics of the ever afflicted phenomena (see {kun nas nyon mongs phyogs kyi 'grel rkang nga gsum})\n54-108. {rnam byang phyogs kyi 'grel rkang lnga bcu rtsa nga /...
ཡུམ་རྒྱས་འབྲིང་བསྡུས་གསུམ			The large, medium and short Wisdom Perfection [sūtra]s ([prajñāparamitā sūtra]).\n1. {'bam}1 The One Hundred Thousand Verse ([ṡatasāhasrikā])\n2. {nyi khri/} The Twenty Thousand Verse ([virṃṡatisāhasrikā])\n3. {brgyad stong pa} The Eight Thousand Verse ([aṣṭasāhasarikā]).
ཡུལ་གྱི་འོད་གསལ			Objective clear light; the emptiness.
ཡུལ་ངེས་ལྔ			Five determining mental factors; five determinants.\n1. {'dun pa/} [chanda]/ aspiration\n2. {mos pa/} [adhimokṣa]/belief\n3. {dran pa/} [smṛti]/ mindfulness\n4. {ting 'dzin/} [samādhi]/ concentration\n5. {shes rab/} [prajñā]/wisdom.\n{yul can gyi 'od gsal/}\nSubjective clear light; the wisdom cog...
ཡུལ་ཅན་གསུམ			Three object-perceivers; three object possessors. A.\n1. {sgra/} [ṡabda]/ sound\n2. {blo/} [manas]/ awareness\n3. {skyes bu/} [puruṣa]/ person. B.\n1. {gzugs} [rūpa]/ form\n2. {shes pa} [jñana]/ consciousness\n3. {ldan min 'du byed/} [viprayukta saṃskara]/ those that are neither.
ཡུལ་དང་ཡུལ་ཅན			[viṣaya viṣāyin]/ Object and object-perceiver; object and subject.
ཡུལ་དྲུག			Six types of objects.\n1. {gzugs} [rūpa]/ form\n2. {sgra/} [ṡabda]/ sound\n3. {dri/} [gandha]/ odors\n4. {ro/} [rasa]/ tastes\n5. {reg bya/} [sparṡa]/ object of touch\n6. {chos/} [dharma]/ phenomena
ཡུལ་དབུས་ཀྱི་གྲོང་ཁྱེར་དྲུག			The six cities of central India; six cities in ancient India connected to Buddhist culture.\n1. {rgyal po'i khab/} [rājagṛha]\n2. {yangs pa can/} [vaiṡālī]\n3. {mnyan yod/} [ṡrāvastī]\n4. {tsam pa ka/} [campaka]\n5. {gnas bcas/} [sāketā]\n6. {wA rA Na sI/} [vārāṇasī].
ཡུལ་བཞི			Four types of objects.\n1. {snang yul/} apparent object\n2. {gzung yul/} apprehended object\n3. {'jug yul/} focussed object\n4. {zhen yul/} implied object.
ཡུལ་ལ་གཉིས་སུ་དབྱེ་བའི་རྣམ་གྲངས			Two-fold division of objects; two-fold divisions of all phenomena. A. {rang mtshan dang sbyi mtshan/} Self characterized and generally characterized phenomena B. {mngon gyur dang lkog gyur/} Manifest and hidden phenomena C. {'dus byas 'dus ma byas/} Compositional and non-compositional phenomena D...
ཡེ་ཤེས་ཀྱི་མཁའ་འགྲོ་མ			[jñāna ḍākinī]/ The wisdom dakini; the primordial wisdom dakini. A. The transworldly female Bodhisattvas. B. Vajra Yogini.
ཡེ་ཤེས་ཀྱི་ཐིག་ལེ			[jñāna bindu]/ The primordial wisdom drop. The indestructible drop within the heart center in the central energy channel.
ཡེ་ཤེས་ཀྱི་རྡོར་དྲིལ			[jñāna vajra]/ The primordial wisdom vajra and bell. The inner method and wisdom, i.e. the great bliss and emptiness, symbolized by the nine-spoked vajra and bell.
ཡེ་ཤེས་ཀྱི་སྣང་བ			The primordial wisdom appearance; the primordial wisdom vision. The vision of everything seen as totally pure.
ཡེ་ཤེས་ཀྱི་སྤྱན			[jñāna cakṣu]/ The primordial wisdom eye; the wisdom eye; the divine look. In its highest sense it is the ability to see everything that exists.
ཡེ་ཤེས་ཀྱི་ཕྱག་རྒྱ			[jñāna mudrā]/ The primordial wisdom mudra. The wisdom of non-dual profundity and clarity.
ཡེ་ཤེས་ཀྱི་ཚོགས			[jñāna saṃbhāra]/ Collection of wisdom; accumulation of\ninsight. The virtuous energy conjoined with the mind of enlightenment and wisdom understanding emptiness that is a cause for producing the resultant wisdom-body of the Buddha.
ཡེ་ཤེས་སྒྱུ་མ			[jñāna māyā]/ The illusory body of wisdom. The inconceivable activities of all [tathāgatas]; the emanation of their wisdom projected in action.
ཡེ་ཤེས་ལྔ			[pañca jñānāni]/ The five wisdoms of a Buddha.\n1. {me long lta bu'i ye shes/} [ādarṡā jñānam]/ mirror-like wisdom\n2. {sor rtogs ye shes/} [pratyavekṣaṇā jñānam]/ wisdom of discrimination\n3. {mnyam nyid ye shes/} [samatā jñānam]/ wisdom of equality\n4. {bya sgrub ye shes/} [kṛtyānusthāna jñānam...
ཡེ་ཤེས་ཆོས་སྐུ			[jñānakāya]/ Wisdom truth body; the omniscient mind of a Buddha.
ཡེ་ཤེས་སེམས་དཔའ			[jñānasattva]/ Wisdom being. The actual meditational deity that is meditated upon or visualized; a generation stage practice of meditation in tantra in which a wisdom being is meditated at the heart of one's pledge being ({dam tshig pa}) seated on a sun and moon cushion.
ཡོ་བྱད་བཅུ་གཉིས			Twelve ritual articles of a Yogi.\n1. {rdor dril gnyis/} [vajra] and bell. 2 {cang te'u/} small hand drum\n3. {thod pa/} skull cup\n4. {kha DaM kha/} staff\n5. {rus rgyan/} bone ornaments\n6. {rin chen brgyad/} eight jewel ornaments (see {rin po che'i rgyan brgyad})\n7. {gtsug tor srog gzhu/} hai...
ཡོ་བྱད་བཅུ་གསུམ			Thirteen articles of a monk (see {'tsho ba'i yo byad bcu gsum}).
ཡོ་བྱད་དྲུག			Six articles of a monk; six basic articles of a monkhood. 1-3. {chos gos rnam gsum/} the three Dharma robes—two upper and one lower garment\n4. {lhung bzed/} begging bowl\n5. {chu tshags/} water strainer\n6. {gding ba/} cushion.
ཡོངས་གྲུབ་གཉིས			Two thoroughly established phenomena.\n1. {phyin ci ma log pa'i yongs grub/} correct thoroughly established phenomena\n2. {'gyur med yongs grub/} unchangeable thoroughly established phenomena.
ཡོངས་འཛིན་གཉིས			Two types of tutors.\n1. {phyi'i yongs 'dzin/} the external tutor\n2. {nang gi yongs 'dzin/} the internal tutor.
ཡོངས་སུ་དག་པ་བཞི			Four total purities; the four features to be meditated in their pure entities for cultivating higher tantric practices connected to a deity-practice.\n1. {gnas/} [adhiṣṭhāna]/ environment\n2. {lus/} [kāya]/body\n3. {lungs spyod/} [upakaraṇa]/riches\n4. {mdzad } {pa/} karya/deeds.
ཡོངས་སུ་འཚོལ་བ་དྲུག			Six thorough investigations. That of:\n1. {don/} [artha]/ meaning\n2. {dngos po/} [bhāva]/existence/things\n3. {mtshan nyid/} [lakṣṇa]/ characteristics\n4. {phyogs/} [pakṣa]/ directions\n5. {dus/} [kāla]/time\n6. {rigs pa} [nyāya]/ logic.
ཡོད་པ			Existence; synonymous with objects of knowledge.
ཡོན་ཆབ			nWater-bowl offering; offering of waters to the objects of refuge.
ཡོན་ཏན་བརྒྱ་ཕྲག་བཅུ་གཉིས			Twelve sets of a hundred qualities; qualities attained by a Bodhisttva on the first ground, i.e. on the path of seeing.\n1. {dus skad cig ma gcig la sangs rgyas brgya'i zhal mthong ba/} seeing a hundred Buddhas in a single instant\n2. {sangs rgyas brgya'i byin gyis brlab parashes pa/} knowing tha...
ཡོན་ཏན་ལྔ			[pañca guṇāḥ]/ Five qualities; A. As asserted by the [vaiṡeṣika]\nschool of philosophy.\n1. {sgra nam mkha'i yon tan/} sound as the quality of space\n2. {dri sa'i yon tan/} smell as the quality of earth\n3. {ro chu'i yon tan/} taste as the quality of water\n4. {reg bya rlung gi yon tan/} sensatio...
ཡོན་ཏན་འོད			[guṇaprabha]/ [ācārya gunaprabha]. A disciple of [ācārya vasubandhu] famous for his scholarship in Vinaya teachings. His works include the Root [sūtra] of Vinaya and Treatise on the Bodhisattva Levels..
གཡང་འགྲུབ་ཆོ་ག			The fortune summoning ritual. The ritual of invoking wealth deities such as [vaiṡravaṇa], [zambala] or [gaṇeṡ] for affluent resources.
གཡའ་བཟང་བཀའ་བརྒྱུད			Yazang Kagyud Order. One of the sub-sects of the Kagyud order of Tibetan Buddhism originally founded by Drogon Phagmo Drupa's disciple Kalden Yeshi Senge; the main monastery of this tradition in Tibet was built in the upper region of Yalung valley by Yazang Chokyi Moniam.
གཡོ་སྒྱུ			[saṭha]/ Deceit; cunning. Ambitious attitude similar to pretention, trying to gain advantage by hiding one's faults from others; a form of dishonesty.
རཀྟ			Rakta/Blood.\n{rags pa nyer lnga /}\nTwenty-five gross objects. 1-5. {phung po lnga /} five aggregates (see {phung po lnga}) 6-9. {khams bzhi/} four elements (see {khams bzhi}) 10-15. {skye mched drug} six sources of perception (see {dbang po drug}) 16-20. {yul lnga /} five objects (see {yul lnga...
རང་རྐྱ་ཐུཔ་པའི་རྫས་ཡོད་ཀྱི་བདག			Self-sufficiently existent independent self. An independent self as asserted by the lower schools of Buddhist philosophy.
རང་གི་མཚན་ཉིད་ཀྱིས་གྲུབ་པ			Svalaksanasiddha/ Existence by its own nature or characteristics. The assertion that phenomena exist not as mere objects of conceptual labelling but in their own right.
རང་གི་མཚན་ཉིད་སྟོང་པ་ཉིད			[svalakṣaṇa ṡūnyatā]/ Emptiness of own characteristics; lack of true independent existence of the characteristics or marks of all conventional things, of all paths to enlightenment and of all qualities of an enlightened being; one of the sixteen emptinesses.
རང་གི་གཞི་ལ་གཞོལ་བ			Concentration on self-basis/ deity. A tantric practice of self-generation through meditation on the emptiness deity, letter deity, form deity, seal deity and sign deity, while simultaneously reciting and counting mantras.
རང་གྲོལ			Self-liberation. A {rdzogs chen} meditation technique of naturally releasing all conceptual experiences into the sphere of self-arisen intuitive awareness without being forced through the application of antidotes, similar to a snake's self-loosening of its coiled body.
རང་རྒྱལ			[pratyekabuddha]/ Solitary Realizer. Hinayana practitioner who works only for his own liberation from cyclic existence, and who does not rely on a teacher during the last phase of his rebirth; some teach Dharma by means of physical gestures and some by means of miracles; a Solitary Realizer's pat...
རང་རྒྱལ་གྱི་ཐེག་པ			[pratyekabuddha yāna]/ The Solitary Realizer vehicle; the path of Pratekyabuddhas. The paths are similar to that of a Hearer (Sravaka); asserts the selflessness of a person and meditates on the twelve links of interdependent origination, and attains the state of aFoe-destroyer (Arhatship).
རང་རྒྱལ་གྱི་ལམ་ལྔ			[pañca pratyekabuddha mārgaḥ]/ The five paths of the Solitary Realizer's vehicle. The path of accumulation, preparation, seeing, meditation and no-more learning of this vehicle.
རང་རྒྱལ་གསུམ			The three types of Solitary Realizers; the three categories of Pratekya Buddhas who have not transcended the Sravaka's path before.\n1. {bse ru lta bu'i rang sangs rgyas/} the Rhinoceros like solitary realizer\n2. {tshogs spyod kyi rang sangs rgyas/} the sociable solitary realizer\n3. {rgyun zhug...
རང་རྒྱུད་པ			[svātantrika] School. A school of [mādhyamika], who assert the lack of true existence of all phenomena and specifically that of functional phenomena, even nominally; but assert inherent existence. The name of the school is derived from their assertion that, in dependence upon a correct reason (es...
རང་རྒྱུད་པའི་མུ་སྟེགས་པ			Non-Buddhist by nature. Those who assert and are naturally attracted to views describing Buddha as wrong. There are two types: 1. non-Buddhist by birth 2. non-Buddhist by learning.
རང་ངོས་ནས་གྲུབ་པ			Objective existence; existence from its own-side. True and independent existence established only in reference to the thing itself.
རང་སྟོ			[svaṡūnyatā]/ Self-emptiness. The middle view of the emptiness of self; reality that all phenomena are empty of inherent existence.
རང་དོན་རྗེས་དཔག			[svārthānumāna]/ Inference for self, e.g. an inference generated for one's own understanding, e.g. impermanence through logical reasons.
རང་བྱུང་ཡེ་ཤེས			[svāyambhū vijñāna]/ Self-born wisdom; spontaneously arisen wisdom in the mental continuum of all sentient beings.
རང་འབྱོར་ལྔ			Five personal endowments.\n1. {mir skyes pa/} born as a human being\n2. {yul dbus su skye ba/} born in a central land (a Buddhist country)\n3. {dbang po tshang ba/} possessing complete sensory faculties\n4. {sangs rgyas bstan pa dad pa/} having faith in the teachings of Buddha\n5. {las kyi mtha' ...
རང་མཚན			[svalakṣana]/ Self-characterized phenomena. A phenomenon which is established from its own side without being labelled by thought, e.g. a vase.
རང་བཞིན་བསྐལ་དོན			The naturally obscure phenomena. Those phenomena that cannot be seen directly by sight, e.g. spirits or demons.
རང་བཞིན་གྱི་ཁ་ན་མ་ཐོ་བ			Misdeed by nature; improbity by nature. Such as the transgression of moral values through killing, lying, etc., which are unwholesome by nature and not specifically prohibited by Buddha.
རང་བཞིན་གྱིས་གྲུབ་པ			[svabhāvasiddha]/ Inherent existence. Self existent without being dependent on causes and conditions.
རང་བཞིན་གྱི་རྟགས་ཡང་དག			[svabhāva samyaghetu]/ Correct reason of (the same) nature. A correct reason which has the same nature as the predicate in a logical syllogism. There are two types:\n1. {khyad par ltos pa po' rang bzhin gyi rtags yang dag} direct correct reason of the same nature\n2. {khyad par dag pa po'i rang b...
རང་བཞིན་རྒྱུའི་གཙོ་བོ			Fundamental principal by nature. The threefold principle of motility, darkness and lightness existing in a state of equilibrium; philosophical view of the [sāṃkhya] school of thought.
རང་བཞིན་སྟོང་པ་ཉིད			[prakṛtiṡūnyatā]/ Emptiness of nature; natural emptiness. Lack of inherent existence of the nature of all phenomena; one of the sixteen emptinesses.
རང་བཞིན་གནས་རིགས			Naturally abiding Buddha nature; natural Buddha lineage. The reality of a stained mind that is liable to transform into the nature truth body of a Buddha.
རང་བཞིན་རྣམ་དག་གི་ཆར་གྱུར་བའི་ངོ་བོ་ཉིད་སྐུ			[svabhāvaviṡuddhabhūta svabhāvakāya]/ Intrinsically pure nature body (of Buddha); i.e. the emptiness of the Buddha's mental continuum.
རང་བཞིན་ལྷུན་གྲུབ			[svabhāvasahajasiddha]/ The natural spontaneity. A. The existence of phenomena independent of effort B. According to {rdzogs chen } meditation this refers to the primordial quality of mind inherently possessed within the three kayas of a Buddha
རང་རིག			[svasaṃvedanā]/ Apperception; self-awareness. A non-conceptual awareness which only apprehends internal phenomena je. a consciousness.
རང་རིག་མངོན་སུམ			[svasaṃvedanā pratyakṣa]/ Direct appreception; direct self-awareness. A direct perception that is devoid of conceptualization and oniy takes aspects of awareness as its object.
རང་ལས་ངེས་ཀྱི་ཚད་མ			Self-evident direct perception. A valid cognition that cognizes itself as being a valid perception, e.g. a valid cognition of a person who has the knowledge of valid perceptions.
རང་སངས་རྒྱས			[pratyekabuddha]/ Solitary Realizer (see {rang rgyal}).\n{rab gnas/}\n[pratiṣṭhā]/ Consecration. Blessing representation of Buddha, Dharma and Sarigha through a ceremony and transforming them into sacred religious articles.
རབ་བྱུང			[pravrajyā]/ A. Monks and nuns; fully ordained monks or nuns; probationary nuns and novice monks and nuns. B. Sexantry; a cycle of sixty years in the Tibetan caiendar commencing from the year 1027, as introduced by Gyijo Dawe Ozer after the translation of the [kālacakra] tantra in Tibet.
རབ་བྱུང་གི་སྡོམ་པ་ལྔ			Five types of ordination vows; five kinds of vows. 1-2. {dge tshul pha ma'i sdom pa/} [ṡrāmaṇera ṡrāmanerikā]/ novice monk and nun's vows\n3. {dge slob ma'i sdom pa/} s'iks.āmān.a]/ probationary nun's vows 4-5. {dge slong pha ma'i sdom pa/} [bhikṣu bhikṣunī]/ fully ordained monk and nun's vows.
རབ་བྱུང་གི་ཡོ་བྱད་བཞི			Four articles of a monk; belongings of a monk categorized into four sets:\n1. {'tsho ba'i yo byad/} [jīvitopakaraṇa]/ articles of livelihood\n2. {mkho ba'i yo byad/} basic necessities\n3. {lhag pa'i yo byad/} supplementary articles\n4. {yo byad phran tshegs/} minor articles.
རབ་བྱེད			Chapter, a textual division. Also a treatise written by [ācarya vasubandhu].
རབ་རིབ་ཅན་གྱི་མིག་ཤེས			[taimiracakṣuvijñāna]/ Blurred vision; the visual consciousness of someone with a cataract.
རི་དགུ			Nine mountains; nine mountains according to the Abhidharma tradition.\n1. {ri rab lhun po/} [sumeru]/ Mt. Meru 2-8. {gser gyi ri bdun/} the seven golden mountains\n9. {khor yug gi ri/} the encircling iron mountains.
རི་ལྟ་བུའི་སེམས་བསྐྱེད			[parvatopamacittotpāda]/ Mountain-like bodhicitta. The mind ofent ightenment associated with the practice of the perfection of concentration possessed by a Bodhisattva on the fifth ground.
རི་བོང་རྭ			[ṡaṡaviṣāṇa]/ Rabbit's horn. A popular example illustrating non-existence.
རི་རབ་ལྷུན་པོ			[meru]/ Mt. Meru; Sumeru; the king of mountains; central axis of Buddhist cosmology. Founded on a base of gold, the east of which is made of shiny white silver, south of blue lapiz lazuli, west of red crystal and north of yellow gold.
རིག་གྲོལ་གྱི་ཡོན་ཏན་བརྒྱད			[aṣṭa saṃgharatna guṇāḥ]/ Eight qualities of the [saṅgha] Jewel; the [saṅgha]'s qualities of wisdom and liberation.\n1. {ji lta ba mkhyen pa'i yon tan/} quality of knowing what is reality\n2. {ji snyed pa mkhyen pa'i yon tan/} quaiity of knowing whatever exists (conventionality)\n3. {rang rig pa'...
རིག་སྔགས			[vidyā mantra]/ The knowledge mantra. The mantras primarily meant for establishing the wisdom aspect of realizations and divine activities. In a more generalized sense this comprises the female form of deities, her mantras, [mudrās], etc.
རིག་སྟོང་དབྱེར་མེད			Inseparability of awareness and emptiness; the oneness of mind and emptiness.
རིག་གནས་བཅུ			Ten fields of study; ten knowledges; ten sciences (see {rig gnas chung ba lnga} & {rig gnas che ba lnga}).
རིག་གནས་བཅོ་བརྒྱད			Eighteen sciences. A. According to the Abhidharma tradition these are:\n1. {rol mo/} music\n2. {'khrig 'thab/} amorous skills\n3. {'tsho chas/} {so tshis/} house-keeping\n4. {grangs can/} mathematics\n5. {sgra/} grammar\n6. {gso ba/} medicine\n7. {chos lugs/} theology\n8. {bzo bo/} arts and craft...
རིག་གནས་ཆུང་བ་ལྔ			Five minor sciences; five minor fields of study.\n1. {snyan ngag} [kāvya]/ poetry\n2. {mngon brjod/} [abhidhāna]/ synonyms\n3. {sdeb sbyor/} [chanda]/ lexicography\n4. {skar rtsis/} [jyotiṣa]/ astro-science\n5. {zlos gar/} [nāṭaka]/ dance and drama.
རིག་གནས་ཆེ་བ་ལྔ			Five major sciences; five major fields of study.\n1. {bzo rig pa/}\n[ṡilpa]/ arts and crafts\n2. {gso ba rig pa/} [cikitsā]/ medicine\n3. {sgra rig pa/} [ṡabdavidyā]/grammar\n4. {gtan tshigs rig pa/} [hetu]/ logic\n5. {nang don rig pa/} [adhyātma]/ philosophy.
རིག་པ			[vidyā]/ A. Knowledge. B. Awareness. C. Wisdom. D. Intelligence. E. Science of learning.
རིག་པ་འཛིན་པའི་སྡེ་སྣོད			The set of discourses of a knowledge-bearer; [mantrayāna] vehicle. An antidote against all the three delusions (see {du gsum}) in an balanced manner.
རིག་པ་གསུམ			Three types of knowledge; three clairvoyances possessed by a person on the path of no-more learning.\n1. {sngon gyi gnas sam sngon gyi mtha' rig pa/} knowledge of beginninglessness\n2. {'chi 'pha ba dang skyo ba'am phyi ma'i mtha' rig pa/} knowledge of endlessness\n3. {zag pa zad pa rig pa/} know...
རིགས་པ་ཅན་པ			[naiyāyika]/ Logicians. Proponents of non-Buddhist tenets who follow Brahma [akṣapāda] in asserting that all objects of knowledge are included in six categories (see {tshig don drug}). This school is known by the name 'logician,' because they follow the logical system taught by their teacher {aka...
རིག་པའི་རྒྱལ་པོ་བདུན			Seven lords of knowledge.\n1. {rab tu grub pa/} [susiddhi]\n2. {dbu rgyan rtse gsum pa/} [mauli]\n3. {badzra ki li ka} [vajrakilika]\n4. {rin chen ki li ka/} [ratnalalika]\n5. {gzugs legs/} [surūpa]\n6. {rdor thig} [vajrahindu]\n7. {rdo rje rol pa/} [vajralalita].
རིག་པའི་དབང་ལྔ			The five initiations of the knowledge-bearer. The five initiations that are gateways to enter performance tantra ([kriyā tantra]).\n1. {zhi sdang me} {gsod chu yi dbang /} the water initiation to extinguish the fire of hatred-anger\n2. {nga rgyal ri bsnyil dbu rgyan dbang/} the crown initiation t...
རིག་པའི་རྩལ་དབང་བཞི			The four initiations of intuitive awareness. The four initiations that are the gateway to enter into {rdzogs chen } meditation practice.\n1. {spros bcas bum pa'i dbang /} the vase initiation with elaboration\n2. {spros med gsang ba'i dbang /} the secret initiation without elaboration\n3. {shin tu...
རིག་བྱེད་བཞི			[catur vedāḥ]/ Four Vedas; four ancient sciences of Hindu religion.\n1. {snyan ngag} [sāma veda]/ science of poetry\n2. {srid srung /} [atharva veda]/ science of administration\n3. {mchod sbyin/} [yajur veda]/ science of sacrifice\n4. {nges brjod/} [ṛg veda]/ science of aphorisms.
རིག་འཛིན་གྱི་སྡེ་སྣོད			The [vidyādhāra]'s doctrine; set of teachings concerning tantra.
རིག་འཛིན་བརྡའ་བརྒྱུད			The symbolic lineage of [vidyādhāra]s. A guru lineage within the Nyingma tradition of Tibetan Buddhism responsible for the transmission of {rdzogs chen } meditation through bare introduction by a master.
རིག་འཛིན་རྣམ་བཞི			The four types of [vidyādhāra]s; the four knowledge-holders. According to Nyingma tradition these are the stages of attaining the wisdom knowledge from the path of a trainee to the path of no-more learning.\n1. {rnam smin rig 'dzin/} the fully ripened [vidyādhāra]\n2. {tshe dbang rig 'dzin/} the ...
རིགས་ཀྱི་བུ་དང་རིགས་ཀྱི་བུ་མོ			Blessed sons and daughters; the customary way in which Buddha addressed his disciples.
རིགས་ངེས་བྱང་སེམས			Bodhisattva of definite lineage or family. Bodhisattvas who follow and enter the [mahāyāna] path from the beginning without first entering the Hearer or Solitary realizer paths.
རིགས་ཅན་བཞི			The four types of followers; disciples of the four families.\n1. {nyan thos kyi rigs can/} those belonging to the Hearer's family\n2. {rang rgyal gyi rigs can/} those belonging to the Solitary realizer's family\n3. {theg chen gyi rigs can/} those belonging to the Greater Vehicle's family\n4. {ma ...
རིགས་ཅན་གསུམ			The three types of followers; disciples of three families (see {rigs can bzhi/} 1-3).
རིགས་བརྗོད་ཀྱི་སྒྲ			Sounds expressing class or category, e.g. the expression 'object of knowledge'.
རིགས་ནས་རིགས་སྐྱེས			[kulaṃkula]/ One born from family to family, e.g. a god taking rebirth again as a god.
རིགས་པའི་དགག་བྱ་གཉིས			Two types of objects of negation by reason.\n1. {phyin ci log gi sta ba/} wrong view\n2. {der 'dzin pa'i lta ba/} the thought grasping at it.
རིགས་སྦྱི			Categorical generality, e.g. a vase as compared to a golden vase.
རིགས་ཚོགས་དྲུག			Collection of six treatises; six treatises on the Middle Way by [nāgārjuna].\n1. {dbu ma rtsab shes rab/} The Fundamental Treatise on the Middle Way ([mūlaprajña])\n2. {rin chen phreng ba/} The Precious Garland ([ratnāvali])\n3. {rigs pa drug cu pa/} The Sixty Verses of Reasoning (Yuktisastika)\n...
རིགས་བཞི			Four castes of Hindu society.\n1. {bram ze'i rigs/} priest caste 2. {rgyal rigs}1 warrior or royal caste\n3. {rje rigs/} merchant caste\n4. {dmangs rigs/} laborer or working caste.
རིགས་གསུམ			The disciples of the three families; A. According to tantra:\n1. {de bzhin gshegs pa'i rigs/} [tāthāgata] family\n2. {rdo rje'i rigs/} [vajra] family\n3. {pad ma'i rigs/} [padma] family. B. The three types of disciples (see {rigs can gsum}).
རིགས་གསུམ་མགོན་པོ			The lords of the three families; in accordance with the [kriyā] tantra tradition:\n1. {'a}j{ma dpal dbyangs/} [mañjuṡrī], lord of wisdom\n2. {phyag na rdo rje/} [vajrapān'i], the lord of might and power\n3. {spyan ras gzigs/} [avalokiteṡvara], the lord of compassion.
རིགས་གསུམ་རྡོ་རྗེ་འཛིན་པའི་ས			The ground of the three vajra families. The entity of Buddha's body, speech and mind according to action tantra ([cārya]), represented by Buddha [vairocana], [amitābha] and [vajra akṣobhya] respectively.
རིང་བརྒྱུད་བཀའ་མ			Distant lineage of instruction. The texual lineage of the Nyingma tantras received by master Ma-Rinchen Chog and Nyag Janan Kumara from the great pandita Vimalamitra, who came to Tibet during the reign of King Trisong Deutsan. This transmission was wide spread in Tibet during the later period of ...
རིང་བསྲེལ			[ṡarīra]/ Relic pills. Tiny grain-like pills, sacred writings or physical remains of a saint or holy master, preserved at their cremation ground. Such relics are preserved in tombs and amulet boxes as objects of devotion and protection. There are three types:\n1. {gzungs kyi ringabasrel/} relics ...
རིན་ཆེན་གཏེར་མཛོད			The Treasure of Precious Collection. The collection of teachings and works of hundreds of treasure masters of the Nyingma tradition systematized into a set of collected works as compiled by the great master Kongtrul Yonten Gyatso comprising sixty-two volumes.
རིན་ཆེན་སྣ་བདུན			A. Seven precious royal emblems, (see {rgyal srid sna bdun})\nB. Seven precious stones.\n1. {pad+ma rA ga} [ruby]\n2. {in+d+ra nI la/}\nsapphire\n3. {baiDUr+ya/} lapiz lazuli\n4. {margad/} emerald\n5. {rdo rje pha lam/} diamond\n6. {mu tig} pearl\n7. {byu ru/} coral. Or\n1. {gser} gold\n2. {dngul...
རིན་པོ་ཆེའི་རྒྱན་བརྒྱད			[aṣṭa ratnālaṃkārāḥ]/ Eight jewel ornaments; eight adornments of a deity.\n1. {dbu rgyan/} [mukuṭa]/ crown\n2. {snyan rgyan/} [kaṃika]/ earrings\n3. {mgul rgyan/} [kaṇṭhābharaṇa]/ necklace\n4. {phyag gdub/} [cūḍi]/ bracelets\n5. {zhabs gdub/} payala/ anklets\n6. {se mo do/} a jewel sash worn acro...
རིན་པོ་ཆེའི་འབྱུང་གནས་ལྟ་བུའི་སེམས་བསྐྱེད			[ratnakaropamacittotpāda]/ Jewel source-like bodhicitta. The mind of enlightenment associated with the perfection of morality possessed by a Bodhisattva on the second of the ten grounds.
རིན་འབྱུང་གི་དམ་ཚིག་བཞི			Four pledges concerning [ratnasambhava] Buddha.\n1. {zang zing gi sbyin pa/} giving material help\n2. {mi 'jigs pa'i sbyin pa/} giving protection from fear\n3. {chos kyi sbyin pa/} giving teaching\n4. {byams pa'i sbyin pa/} giving love.
རིམ་གྲོ			[upasthāna]/ A. Offering of services and honoring spiritual persons and communities. B. Pujas or ritual ceremonies to pacify hinderances.
རིམ་པ་གཉིས			Two stages; two stages of tantric practice.\n1. {bskyed rim/}\n[utpannakrama]/ generation stage\n2. {rdzogs rim/} [saṃpannakramai] completion stage. Or\n1. {sgyu lus} illusory body\n2. {'od gsal/} clear light.
རིལ་པ་སྦྱི་བླུགས			[karakṇī]/ Monk's water pot; this is now sybolized by a bag tied to their sash that hangs in their lap.
རིས་ཆད་བློ་ཡི་མི་ཁོམས་པ་བརྒྱད			The eight mental dregs of an unfortunate person.\n1. {nyon} {mongs pa'i 'ching ba dam po yod pa/} he or she is strongly bound by delusions\n2. {kun spyod shin tu ngan pa/} is extremely bad mannered\n3. {'khor ba la yid mi skyo ba/} has no remorse about living in [saṁsāra]\n4. {dad pa cung zad kya...
རུང་བ་བྱ་ཚུལ་གསུམ			Three ways to transforming a thing into an object which a\nmonk may use.\n1. {sbyin bdag bdag po nyid du mos pa gzhug pa'i rung ba/} by means of considering the benefactor himself as the owner\n2. {zhal ta ba bdag po nyid du khas len du gzhug pa'i mos pa'i sgo nas rung ba/} by means of considerin...
རུས་པའི་རྒྱན་དྲུག			Six bone ornaments; six types of ornaments made of bone worn by a tantrika.\n1. {rus pa'i mgul rgyan/} bone necklace\n2. {rus pa'i gdub bu/} bone bracelet\n3. {rus pa'i rna cha/} bone\nearrings\n4. {rus pa'i dbu rgyan/} bone crown\n5. {mchod phyir thogs/} bone wheel at the heart held by a bone be...
རེ་ལྟ་ཐོགས་ཀྱི་སྲིད་པ་ལན་བདུན་པ			One who takes seven rebirths at the most to attain liberation; a stream-winner who attains liberation after seven successive births as a human or god of the desire realm.
རེག་པ་དྲུག			[ṣaṭ sparṡāḥ]/ Six types of contact; six types of touch through association with the six faculties: {mig gi 'dus te reg pa nas yid kyi 'dus te reg pa'i bar drug/} eye, nose, ear, tongue, body and mind.
རེག་པ་གསུམ			The three types of contact. A.\n1. {rig pa'i reg pa/} contact through wisdom, the uncontaminated contact\n2. {ma rig pa'i reg pa} contact through ignorance, the deluded contact\n3. {de gnyis ka ma yin pa'i reg pa/} contact that is neither, such as an indifferent contact. B. Three types of contact...
རེག་པའི་ཟས			[sparṡāhāra]/ Food of touch; nourishment through touch. The contentment or satisfaction gained through contact with a pleasant object, e.g. forgetting to feel hungry while engrossed in watching an exciting movie.
རེག་བྱ་བཅུ་གཅིག			[ekādaṡa sparṡāḥ]/ Eleven objects of touch; eleven tangible objects. 1-4. {'byung ba sa chu me rlung bzhi/} the four elments – earth, water, fire and wind\n5. {'jam pa/} [mṛduka]/ smoothness\n6. {rtsub pa/} [kakarṡa]/ roughness\n7. {lci ba/} [gurutva]/ heaviness\n8. {yang ba/} [laghutva]/ lightne...
རོ་གཅིག			[ekarasa]/ One taste; single taste. The ultimate taste or experience of the reality of phenomena.
རོ་བཅུ་གཉེས			Twelve types of taste. 1-6. (see {ro drug})\n7. {yid du 'ong ba/} appetizing\n8. {yid du mi 'ong ba/} non-appetizing\n9. {de gnyis ka ma yin pa/} neither appetizing nor non-appetizing 10 . {lhar cig byed pa/} natural\n11. {sbyar ba las byung ba/} artificial\n12. {gyur ba las byung ba/} transforme...
རོ་སྙོམས་སྐོར་དྲུག			Sixfold transmissions of single taste; six instructions on experiencing the single taste of all phenomena.\n1. {rnam rtog lam 'khyer/} taking conceptualization as a path\n2. {nyon mongs lam 'khyer/} taking delusions as a path\n3. {na tsha lam 'khyer/} taking illness as a path\n4. {lha 'dre lam 'k...
རོ་དྲུག			Six types of taste.\n1. {mngar ba/} [madhura]/sweet\n2. {skyur ba/} [amla]/sour\n3. {khwa ba/} [tikta]/bitter\n4. {ska ba/} [kaṣāya]/astringent\n5. {tsha ba/} [kaṭuka]/hot/burning\n6. {lan tsha ba/} [lavaṇa]/salty.
རོ་མ			[rasanā]/ Right channel; right energy-channel. Red in color and stands adjacent to the central energy channel, it runs from the level of the eye-brows, to some what below the navel, the specific details varying according to the lineage and practice of the tantra concerned.
རོ་མྱག་འདམ			[kuṇapa]/ Corpse filled swamp; swamp of filth. One of the neighbouring hells (see {nye 'khor ba'i dmyal ba}).
རོ་ལང			[vetāla]/ Zombie.
རོ་སོ་དྲུག			Thirty-six types of taste. Six types of tastes within each of the six tastes (see {ro drug}).
རལ་མོའི་སྒྱུ་རྩལ་བཅོ་བརྒྱད			The eighteen arts of music.\n1. {gar/} dance ({gar dang bro})\n2. {bro/} fairy dance\n3. {rnga bo che/} beating big drums\n4. {rdza rnga /} clay drum\n5. {rnga phran/} accessory drums\n6. {rnga chen po/} big drums\n7. {'khar rnga/} bronze gongs\n8. {pi wang rgyud gcig pa/} single-stringed guitar\...
རླུང་བུམ་པ་ཅན			The vase-like wind meditation. A tannic practice or yoga of wind meditation in which, roughly speaking, air from the bottom of one's body is drawn up and air from the upper part of the body is compressed down so as to form a vase-shape at the navel level, and then retained and released at appropr...
རླུང་འོད་གསལ་ལྔ་པ			Energy-wind with five-fold rays. The subtle wind that serves as the mount for the clear light mind of death.
རློམ་སེམས			Arrogance; superiority complex; self-aggrandizement.
ལག་ལེན			Practice; practical experience.\n{lan grangs gzhan du myong 'gyur gyi las/}\n[aparaparyāyavedanīyam karma]/ Karma whose fruits will be experienced or ripened in subsequent lives.
ལན་གཅིག་ཕྱིར་འོང			[sakṛdāgāmin]/ Once Returner; a Hīnayāna path.
ལན་ཆགས			Karmic debt; karmic retribution.
ལམ་གྱི་དགག་བྱ			[mārgapratiṣedhya]/ Objects to be negated by the path. There\nare three types: A.\n1. {nyon sgrib/} [kleṡāvaraṇa]/ obscurations to\nliberation\n2. {shes sgrib/} [jñeyāvaraṇa]/ obscurations to\nomniscience\n3. {snyoms 'jug gi sgrib pa/} [samāpattyāvaraṇa]/ obscurations to absorption. B.\n1. {chags...
ལམ་ལྔ			Five paths.\n1. {tshogs lam/} [saṃbhara mārga]/ path of accumulation\n2. {sbyor lam/} [prayoga mārga]/ path of preparation\n3. {mthong lam/} [darṡana mārga]/ path of seeing\n4. {sgom lam/} [bnāvanā mārga]/ path of meditation\n5. {mi slob lam/} [aṡaikṣa mārga]/ path of no-more learning.
ལམ་གཉིས			The two types of paths. A. {'jig rten dang 'jig rten las 'das pa'i lam/} The worldly or transworldly path. B. {theg chen dang theg dman gyi lam/} The path of higher and lower vehicles. C. {so skye dang 'phags pa'i lam/} The ordinary and exalted path. D. {mdo sngags gnyis kyi lam/} The path of the...
ལམ་བདེན་གྱི་ཁྱེད་ཆོས་བཞི			Four features of the noble truth of the path.\n1. {lam/} [mārga]/ path\n2. {rigs pa/} [nyāya]/ awareness\n3. {sgrub pa/} [pratipatti]/ achievement\n4. {nges 'byin/} [nairyāṇika]/ definite freedom.
ལམ་བདེན་གྱི་རྣམ་པ་བཅོ་ལྔ			Fifteen aspects of the noble truth of the path.\n1. {byed pa po med pa'i rnam pa/} aspect of lacking an agent\n2. {shes pa po med pa'i rnam pa/} aspect of lacking a knower\n3. {'pho ba med pa'i rnam pa/} aspect of lacking transmigration\n4. {'dul ba med pa'i rnam pa/}\naspect of lacking disciplin...
ལམ་བདེན་གྱི་རྣམ་པ་བདུན			Seven aspects of the noble truth of the path.\n1. {tshad med pa'i rnam pa/} immeasurable aspect\n2. {mtha' gnyis dang ma 'dres pa'i rnam pa/} aspect of not being mingled with the two extremes\n3. {tha mi dad pa'i rnam pa/} undifferentiate aspect\n4. {mchog tu 'dzin pa med pa'i rnam pa/} aspect of...
ལམ་བདེན་གྱི་སྤང་བྱ་བརྒྱད			The eight abandonments of the noble truth of the path. The abandonments to be eliminated by virtue of attaining the noble truth of the path within the desire realm.\n1. {ma rig pa/} ignorance\n2. {'dod chags/} desire-attachment\n3. {khong khro/} hatred-anger\n4. {nga rgyal/} pride\n5. {the tshom/...
ལམ་པོ་ཆེ་ལྟ་བུའི་སེམས་བསྐྱེད			[mahāmārgopamacittotpāda]/ Highway-like bodhicitta. The mind of enlightenment associated with the limbs of enlightenment possessed by a Bodhisattva on the tenth ground.
ལམ་དབུ་མ			[madhyamamārga]/ The Middle Path. A path free of the two extremes.
ལམ་འབྲས			The Paths and Fruits. The profound and precious teachings of the Sakya tradition of Tibetan Buddhism. This lineage of teaching rooted in [hevajra tantra] comes from [mahāsiddha virūpa] as transmitted to [kṛṣṇa] and [dombhipa], and was brought to Tibet by Drogmi Lotsawa, who then passed the transm...
ལམ་འབྲས་ཚོགས་བཤད			The open lineage of the paths and fruits. The transmission of the cycle of teachings of the paths and fruits successively passed down from the five foremost masters of the Sakya tradition to [mahāsiddha buddhaṡrī], then to Ngorchen Kunga Zangpo exclusive to Ngorpas—a sub-school of the Sakya tradi...
ལམ་འབྲས་ཚོགས་བཤད			The restrictive lineage of the paths and fruits. The transmission of the cycle of teachings of the paths and fruits passed down from Doring Kunpang to Tsarchen Losel Gyatso, then to Jamyang Khyentse Wangchuk and Mangthoe Ludub Gyatso; is known as the restrictive lineage of the paths and fruits ex...
ལམ་གཙོ་རྣམ་གསུམ			Three principal aspects of the path.\n1. {nges 'byung /} [niḥsaraṇa]/ renunciation\n2. {byang sems/} [bodhicitta]/ mind of enlightenment\n3. {yang dag pa'i lta ba/} [saṃyagdṛṣṭi]/ right view.
ལམ་རིམ་གྱི་ཆེ་བ་བཞི			Four pre-eminent qualities of the Graded Path to Enlightenment.\n1. {bstan pa thams cad 'gal med du rtogs pa'i che ba/} one understands that there is no contradiction in the entire teaching of the Buddha\n2. {gsung rab ma lus pa gdams ngag tu 'char pa'i che ba/} one discovers that all the teachin...
ལམ་ཤེས			[mārgajñāna]/ Path wisdom; Knowledge of the paths. [mahāyāna] paths within the mental continuum of a superior Bodhisattva.
ལམ་ཤེས་ཀྱི་རྣམ་པ་སོ་དྲུག			Thirty-six aspects of the path wisdom; thirty-six aspects of the knowledge of the paths. 1-8. {kun 'byung bden pa'i rnam pa brgyad/} eight aspects of the noble truth of the origin of suffering (see {kun 'byung bden pa'i rnam pa brgyad}) 9-15. {lam bden gyi rnam pa bdun}! seven aspects of the nobl...
ལམ་ཤེས་ཀྱི་ཡན་ལག་ལྔ			Five limbs of the path wisdom; the five limbs of the knowledge of the paths.\n1. {lam shes skye ba'i gegs nga rgyal mngon 'gyur dang bral ba/} freedom from manifest pride impeding the generation of path wisdom\n2. {nyer len theg chen gyi rigs sad pa/} ripening the [mahāyāna] lineage as the princi...
ལམ་ཤེས་མཚོན་བྱེད་ཀྱི་ཆོས་བཅུ་གཅིག			Eleven topics that characterize the knowledge of the paths.\n1. {lam shes kyi yan lag} limbs of the path wisdom (see {lam shes kyi yan lag})\n2. {nyan thos kyi lam shes pa'i lam shes/} the path wisdom that understands the Hearer's path\n3. {rang rgyal gyi lam shes pa'i lam shes/} the path wisdom ...
ལས			Karma; law of causality. {las la gnyis su dbye ba/} The way karma is divided into two types: A.\n1. {myong bar nges pa'i las/} karma whose fruits will definitely be experienced\n2. {myong bar } {ma nges pa'i las/} karma whose fruits will not definitely be experienced. B.\n1. {dge ba'i las/} virtu...
ལས་ཀྱི་སྒྲིབ་པ			[karmāvaraṇa]/ Karmic obscurations; karmic negativities; obstructions arising from the actions of henious crimes that are accumulated in the past or present life.
ལས་ཀྱི་ངོ་བོ་བཞི			Four features of karma; four characteristics of an action.\n1. {las nges pa/} karma is definite\n2. {las 'phel che ba/} karma multiplies greatly\n3. {las ma byas pa dang mi 'phrad pa/} karma not accumulated will not be experienced\n4. {las byas pa chud mi za ba/} karma commited will not dissipate.
ལས་ཀྱི་ཕྱག་རྒྱ			[karma mudrā]/ A. Action seal; tantric consort; the female partner of a male tantric practitioner. A completion stage practice. B. The hand mudra symbolizing enlightened activities ({'phrin las}).
ལས་ཀྱི་འབྲས་བུ་གསུམ			Three types of karmic fruit.\n1. {rnam smin gyi 'bras bu/} fully matured fruit/ result\n2. {rgyu mthun gyi 'bras bu/} results corresponding to its cause\n3. {bdag po'i 'bras bu/} environmental result.
ལས་ཀྱི་ཡན་ལག་བཞི			The four branches of karma.\nA. {gzhi/} {bsam pa/} {sbyor ba/} {mthar thug} The object, intention, actual activity and completion. B. (see {las kyi ngo bo bzhi}).
ལས་ལྔ			Five types of karma; five activities; five functions.\n1. {'degs pa/} lifting up\n2. {'jog pa/} putting down\n3. {brkyang pa/} extending\n4. {bskum pa/} withdrawing\n5. {'gro ba/} going.
འས་བུམ			Action vase. The ritual vase used during various religious ceremonies such in the consecration and purification of a [maṇḍala], offering articles, self-generation, abode, disciples and so on.
ལས་ཚོགས			Liturgy; set of manuals for rituals concerning individual deities and their practice.
ལས་ལམ་གསུམ			Three paths of activity; three mediums of activity through body, speech and mind.
ལུང			[āgama]/ Reading transmission. A discourse in which a text is thoroughiy read to the disciples in order to transmit the oral tradition to the disciples. This then authorizes a disciple to read, contemplate and meditate on that particular cycle of teachings.
ལུང་གི་བསྟན་པ			Scriptural teachings. The transmission of Buddha's teachings extant in oral and scriptural form.
ལུང་དུ་བསྟན་པའི་སྡེ			Prophetic teachings. One of the twelve scriptural categories that concerns prophesies given by Buddha about the past and future lives of an individual.
ལུངའདྲེན			Citation; quotation; scriptural support.\n{lung ma bstan/}\n[avyākṛta]/ Unspecified phenomena. Something Buddha has\nnot specified as being either virtuous or non-virtuous, e.g. a person.
ལུང་མ་བསྟན་གྱི་ལྟ་བ་བཅུ་བཞི			[caturdaṡāvyākṛta mūlāni]/ Fourteen unspecified views; Concerning:\n1. {'jig rten rtag pa/} [ṡāṡvato loka]/ a permanent world\n2. {'jig rten mi rtag pa/} [aṡāṡvato loka]/ an impermanent world\n3. {'jig rten rtag kying rtag la mi rtag }3{nga mi rtag pa/} [ṡāṡvataṡ cāṡvataṡ ca]/ a world which is bo...
ལུས་ཀྱི་དགེ་བ་གསུམ			Three virtues of body; three wholesome activities concerning the body.\n1. {srog gcod spong ba/} not killing\n2. {ma byin par len pa spong ba/} not stealing\n3. {log g.yem spongab/} not indulging in sexual misconduct.
ལུས་ཀྱི་དོན་ལྔ			Five essential parts of the body.\n1. {glo ba/} [klomaka]/ lungs\n2. {snying ga} [hṛdaya]/heart\n3. {mkhal ma/} [vṛkkā]/ kidney\n4. {mcher pa/} [yakṛt]/ spleen\n5. {mchin pa/} [plīha]/ liver.
ལུས་ཀྱི་གནས་ལྔ			Five vital points of the body.\n1. {spyi bo/} [mūrdhan]/ crown\n2. {mgrin pa/} [grīvā]/throat\n3. {snying ga} [hṛdaya]/heart\n4. {lte ba/} [nābhi]/ navel\n5. {gsang gnas/} secret organ.
ལུས་ཀྱི་སྣོད་དྲུག			Six hollow organs of the body.\n1. {rgyu ma/} [antram]/ small intestine\n2. {long ka/} [pakvāṡaya]/ large intestine\n3. {pho ba/} [āmāṡaya]/ stomach\n4. {mnye ma/} [antraguna]/ womb\n5. {lgang pa/} [audarīyakam]/ bladder\n6. {mkhris snod/} [pitta]/ gall bladder.
ལུས་ཀྱི་མལ་ལྔ			Five limbs of the body. A.\n1. {dpral ba/} forehead 2-3. {pus mo gnyis/} two knees 4-5. {lag mthil gnyis/} two palms of the hands. B.\n1. {mgo} head 2-3. {lag pa gnyis/} two arms 4-5. {rkang pa gnyis/} two legs.
ལུས་དཀྱིལ			[kāyamaṇḍala]/ Body [maṇḍala]. The tantric practice of visualizing and identifying the entire residence and resident featmes of the deities upon different parts of one's body through meditation.
ལུས་ཀྱི་རིག་འཛིན			The extraordinary qualities of the body; the eight powerful attainments (see {dbang phyug brgyad}, B.) common to both Buddhists and non-Buddhists attained as a result of the accomplishment of one's tantric practices.
ལུས་ཟུངས་བདུན			Seven essential energies of the body; seven basic elements for the sustenance of the body.\n1. {khrag} [rakta]/ blood\n2. {sha/} [māṃsa]/ flesh\n3. {tshil}/ medah/ fat\n4. {rus pa/} [asthi]/ bone\n5. {rkang /} [majjā]/ marrow\n6. {khu ba/} [rasa]/ semen and blood\n7. {za btungagi dwangs ma/} nutr...
ལུས་ཤིན་སྦྱངས			Physical ecstacy. The state of physical pliancy and flexibility gained as a result of the successful development of calm abiding meditation (samatha) enabling the physical ability to bear the hardship of higher practices.
ལུགས་པའི་ཡོན་ཏན་དྲུག			The six excellent qualities; the six qualities exclusive to Buddha [ṡākyamuni].\n1. {dbang phyug phun sum tshogs pa/} excellent resources\n2. {gzugs phun sum tshogs pa/} excellent physical features\n3. {dpal phun sum tshogs pa/} excellent glory\n4. {grags pa phun sum tshogs pa/} excellent fame\n5...
ལེན་པ་བཞི			The four negativities; the four compulsive acquisitions (see {nyer len bzhi}). All the one hundred and eight delusions are condensed into these four negativities.
ལོ་འཁོར་བཅུ་གཉིས			Twelve year cycle.\n1. {byi ba/} mouse\n2. {glang /} ox\n3. {stag} tiger\n4. {yos/} hare\n5. {'brug} dragon\n6. {sbrul/} serpent\n7. {rta/} horse\n8. {lug} sheep\n9. {spre/} monkey\n10. {bya/} bird\n11. {khyi/} dog\n12. {phag} pig.
ལོ་རྩྭ་བ			Translator; lit. the eye of the universe; one who is fluent in two languages.
ལོ་ཙྭ་བ་རིན་ཆེན་བཟང་པོ			Rinchen Zangpo (958-1055). The great translator during the later propagation of Buddha's teachings in Tibet. His translations are reputed for their authenticity and clarity.
ལོག་རྟོག་ལྔ			Five misconceptions; five wrong ideas. Misconception concerning:\n1. {dmigs pa la log par rtog pa/} object\n2. {dus la log par rtog pa/} time\n3. {ngo bo la log par rtog pa/} identity\n4. {rang bzhin la log par rtog pa/} nature\n5. {shes rab la log par rtog pa/} wisdom.
ལོག་རྟོག་བཅུ་དྲུག			Sixteen misconceptions; sixteen wrong views. Misconception concerning:\n1. {dmigs pa la log par rtog pa/} object\n2. {rnam pa la log par rtog pa/} aspect\n3. {'bras bu la log par rtog pa/} fruit\n4. {kun rdzob bden pa la log par rtog pa/} conventional truth\n5. {den dam bden pa la log par rtog pa...
ལོག་ལྟ་ལྔ			[pañca mithyāṛṣṭayaḥ]/ Five wrong views.\n1. {'jig tshogs la lta ba/} [satkāya dṛṣṭi]/ view of transitory collection\n2. {mthar 'dzin gyi lta ba/} [antagrāha dṛṣṭi]/ view of adhering to an extreme\n3. {lta ba mchog 'dzin/} [dṛṣṭi paramarṡa]/ view holding oneself to be superior\n4. {tshal khrims d...
ལོག་པའི་ཀུན་རྫོབ			[mithyā saṃvṛtti]/ Wrong conventional truth; distorted conventional truth, e.g. a rabbit with horns.
ལོག་འཚོ་ལྔ			Five wrong livelihoods. Earning livelihood by means of:\n1. {kha gsag} flattery\n2. {gzhogs slong /} hinting\n3. {rnyed pas rnyed pa 'tshol ba/} seeking reward for favor\n4. {thob kyis 'jal ba/} using force\n5. {tshul 'chos/} contrived means.
ལོག་ཞུགས་བཅུ་དྲུག			Sixteen distorted views; sixteen wrong conceptions concerning the four noble truths. Four of the noble truth of suffering:\n1. {zag bcas kyi phung po rtag par lta ba/} seeing the contaminated aggregates as permanent\n2. {zag bcas kyi phung po bde bar lta ba/}\nseeing the contaminated aggregates a...
ལོངས་སྐུ			[saṃbhogakāya]/ Complete Enjoyment Body; Utility Body;\n[saṃbhogakāya]. A form of Buddha's appreance possessing five definite qualities (see {nges pa lnga}) and are directly accessible to [ārya] Bodhisattvas oniy.
ལོངས་སྐུའི་ངེས་པ་ལྔ			The five certainties of a Sarhbhogakaya Buddha (see {nges pa lnga}).
ལོངས་སྐུའི་རྒྱན་ནམ་ཆ་བྱད་བཅུ་གསུམ			The thirteen adorations of a [saṃbhogakāya] Buddha. There\nare the five adorations made of silk:\n1. {dar gyi cod pan/} scarf crown\n2. {stod g.yogs/} upper garment\n3. {dar dpyangs/} ribbons hanging over ears\n4. {sku rags/} belt\n5. {smad dkris/}\nlower garment; and the eight jewel ornaments:\n...
ལོངས་སྤྱོད་འཁོར་ལོ			[saṃbhogacakra]/ Wheel of enjoyment. Channel-wheel located at the level of the throat.
ལོངས་སྦྱོད་འབྲི་བའི་གནས་དྲུག			[ṣaḍ bhogānām apāyasthānāni]/ Six causes of poverty; six causes of impoverishment.\n1. {chang 'thung ba/} [madya pānam]/ drinking alcohol\n2. {rgyan po 'gyed pa/} [dyūtam]/ gambling\n3. {mtshan mo 'phyan pa/} [vikāla caryā]/ wandering at night\n4. {sdig pa'i grogs po bsten pa/} [pāpamitratā]/ see...
ཤ་ཁོན			[vairin]/ A. Revenge; vengeance. B. Harmful spirit who seeks to revenge a past grudge.
ཤ་ལྔ			Five types of flesh; five meats.\n1. {glang po che'i sha} [hastimāṃsa]/ elephant flesh\n2. {mi'i sha} [manuṣyamāṃsa]/ human flesh\n3. {rta'i sha} [aṡvamāṃsa]/ horse flesh\n4. {khyi'i sha} [kukkuramāṃsa]/ dog flesh\n5. {ba glang gi sha} [gomāṃsa]/ cow flesh. Also called the five types of big-flesh...
ཤ་ཟ			[piṡāca]/ Meat-eater, flesh-eater. A type of spirit living on meat, categorized as a hungry ghost.
ཤྭ་རི་པུ་ཏྲ			[ṡariputra]/ One of the two principal attendents of Buddha [ṡākyamuni] known for his wisdom and intelligence.
ཤཱཀྱ			[ṡākya]/ [ṡākya] tribe. Lit: the able one; name of an ancient Indian caste in which Buddha [ṡākyamuni] was born. Hence, he is known as the king of the [ṡākya].
ཤཱཀྱ་འོད			[ṡakyaprabha]/. An Indian pandit who was a direct disciple of [ācārya guṇaprabha]. He mastered the study of monastic discipline (vinaya) and wrote the Treatise on Novice Vows ({sa'aramanerika karika}).
ཤཀྱཱ་ཤྲཱི་བྷ་དྲ			[ṡākyasṛībhadra]/ [ṡākyaṡrī] Bhadra (1142-1225). A [kaṡmiri] pandit who was instrumental in establishing monastic institutions in Tibet. He became abbot of Sakya [paṇḍita] Kunga Gyaltsen; stayed for twelve years at Radreng, Lodrag and others by working incessantly for the spread of Buddhism in Ti...
ཤང་པ་བཀའ་བརྒྱུད			Shangpa Kagyud Order. One of the sub-sects of the Kagyud tradition of Tibetan Buddhism founded by Kherdub Khyungpo Nyaljor.
ཤམ་བ་ལ			Shambala. A pure land which is the cradle of [kālacakra] tantra. It was the Shambala king, Suchandra, who requested Buddha [ṡākyamuni] to teach [kālacakra], propagated and preserved it in Shambala from where it was brought to India and later into Tibet. It is believed that in the future the twent...
ཤལ་མ་ལིའི་སྡོང་པོ			[kūṭaṡālmali vṛkṣa]/ [ṡālmalī] tree. A forest full of this tree believed to exist in a neighbouring hell realm surrounding hot\nhell realms, where beings climb them and suddenly fall as the leaves transform into sharp swords and blades.
ཤིང་རྟའི་སྲོལ་གཉིས			Two pioneering lineages of Buddha's teachings.\n1. {rgya chen sbyod brgyud/} [vaipulyacārya]/ the lineage of extensive practice\n2. {zab mo lta brgyud/} [gaṃbhīracārya]/ the lineage of the profound view.
ཤིང་རྟའི་སྲོལ་འབྱེད་གཉིས			Two pioneers of Buddha's teachings.\n1. {mgon po klu sgrub/} [nāgārjuna], the pioneer of the Middle Way philosophy\n2. {'phags pa thogs med/} [asaṇga], the pioneer of the Mind Only philosophy.
ཤིན་ཏུ་ལྐོག་གྱུར			Extremely obscure phenomena. Phenomena that can oniy be established through recourse to scriptural quotation, e.g. the subtle aspects of the law of causality.
ཤིན་ཏུ་རྒྱས་པའི་སྡེ			[vaipulya]/ Extensive teachings. One of the twelve scriptural categories; such as different levels of the perfection of wisdom teachings concerning the ten perfections of wisdom (see {phar phyin bcu}).
ཤིན་སྦྱངས			Pliancy; suppleness. The flexibility and pliancy of mind or body, or of both, gained through the power of calm-abiding meditation (samatha). A basic necessity for firm understanding of emptiness.
ཤིས་བརྗོད			[āṡīrvāda]/ Benediction; recitation or expression of verses auspiciousness at the conclusion of a ceremony.
ཤུག་གསེབ་བཀའ་བརྒྱུད			Shugseb Kagyud school. One of the eight sub-schools of the Phagdu Kagyud school founded by Gyergom Tsuitrim Senge in the twelfth century.
ཤུགས་བསྟན			Implied meaning; indirect reference.
ཤེར་ཕྱིན་དོན་བདུན་ཅུ			The seventy topics of the perfection of wisdom (see {don bdun cu}).
ཤེར་ཕྱིན་བཞི			Four types of the perfection of wisdom.\n1. {rang bzhin sher phyin/} [svabhāva prajñāpāramitā]/ natural or real perfection of wisdom\n2. {gzhung sher phyin/} textual perfection of wisdom\n3. {lam sher phyin/} [mārga prajñāpāramitā]/ path perfection of wisdom.\n4. {'bras bu sher phyin/} resultant ...
ཤེར་ཕྱིན་ཟབ་མོའི་སྣོད་བཞི			Four vessels of the perfection of wisdom; four types of persons receiving the perfection of wisdom teachings.\n1. {nyan pa'i snod/} [ṡrotabhjana]/ vessel of hearing\n2. {len pa'i snod/} [ādānabhajana]/ receptive vessel\n3. {'dzin pa'i snod/} [grāhākabhajana]/ beholding vessel\n4. {tshul bzhin yid...
ཤེས་རྒྱུད			[santāna]/ A. Mental continuum; mind stream. B. Characteristics; personality.
ཤེས་སྒྲིབ			[jñeyāvaraṇa]/ Obscuration to omniscience. The delusions and wrong views that obstruct the attainment of omniscient mind.
ཤེས་སྒྲིབ་ཀུན་བཏགས			[parikalpita jñeyāvaraṇa]/ Intellectual obstacles to omniscience; intellectually acquired obstacles to omniscience.
ཤེས་སྒྲིབ་ཉོན་མོངས་གཟུང་རྟོག			Obstruction to omniscience that is a conception grasping at delusions.
ཤེས་སྒྲིབ་བཏགས་འཛིན་རྟོག་པ			Obstruction to omniscience that is a conception grasping at nominal entities.
ཤེས་སྒྲིབ་རྣམ་བྱང་གཟུང་རྟོག			Obstruction to omniscience that is a conception grasping at purified phenomena
ཤེས་སྒྲིབ་རྫས་འཛིན་རྟོག་པ			[jñeyāvaraṇa dravyagrāhaka kalpana]/ Obstruction to omniscience that is a conception grasping at substantial entities.
ཤེས་སྒྲིབ་ལྷན་སྐྱེས			[sahaja jñeyāvaraṇa]/ Innate obstruction to omniscience.\n{shes pa/}\n[jñāna]/ Awareness; mind: mental; consciousness, both primary\nand secondary minds; clear and knowing (see {blo la gnyis su dbye tsul}).
ཤེས་པ་བཅུ			The ten consciousnesses; the ten awarenesses (see {mdzod las bshad pa'i shes pa bcu}).
ཤེས་པས་སྲིད་ལ་མི་གནས་པའི་གཞི་ཤེས			Basic wisdom not abiding in the extreme of cyclic existence through possessing the knowledge of selflessness
ཤེས་བྱ			[jñeya]/ Objects of knowledge; knowable objects. Synonymous with existents.
ཤེས་བྱ་ཉེར་ལྔ			The twenty-five principles; the twenty-five categories of phenomena asserted by the [sāṃkhya] school (see {grangs can pa}).\n1. {skyes bu/} [puruṣa]/ person\n2. {rang bzhin/} [prakṛti]/ fundamental principle\n3. {blo/} [buddhi]/ intellect\n4. {nga rgyal/} [ahaṃkāra]/ I-principle consisting of mot...
ཤེས་བྱ་མཛོད			The Treasure of Knowledge; the encyclopedia of Buddhism. Commoniy known as {skes bya kun khyab}, a very famous text by Kongtrul Yonten Gyatso (1813-1899) contain-ing ten chapters of four sections each. The book deals with every subject of Buddhist studies and meditation.
ཤེས་བཞིན			[saṃprajanya]/ Mental alertness; introspection. In calm-abiding meditation it is that mental factor which watches the activity of the mind from inclining towards mental dullness or agitation during a meditation.
ཤེས་བཟོད་སྐད་ཅིག་མ་བཅུ་དྲུག			Sixteen moments of cognition and forbearance of the path of seeing; the sixteen aspects of the path of seeing (see {mthong lam shes bzod skad cig ma bcu drug}).
ཤེས་རབ			[prajña]/ Wisdom. Discriminative awareness that understands what is to be cultivated and what is to be abandoned.
ཤེས་རབ་ཀྱི་ཆོས་བཞི			The four qualities of wisdom.\n1. {shes 'chal sogs mi mthun phyogs nyams pa/} pacifies discordant factors such as corrupt morality\n2. {chos kyi bdag med rtogs pa'i rnam par mi rtog pa/} generates non-conceptual wisdom understanding the selfless-ness of phenomena\n3. {'dod pa rdzogs par byed pa/}...
ཤེས་རབ་ཀྱི་མཐར་གྱིས་སྦྱོར་བ			Serial training in wisdom. Bodhisattva paths from the path of accumulation up to the moment preceeding the last instant of the [mahāyana] path, mainly engaged in the training in wisdom.
ཤེས་རབ་ཀྱི་ནོར			[prajña dhana]/ Riches of wisdom; wealth of wisdom. Abundance of wit, intellect, ingenuity, understanding, etc. One of the seven riches of a Noble Person (see {'phags nor bdun}).
ཤེས་རབ་ཀྱི་ཕ་རོལ་ཏུ་ཕྱིན་པ			[prajñāpāramitā]/ Perfection of Wisdom. The Bodhisattva's training of wisdom, e.g. the understanding of emptiness and selflessness; one of the six perfections.
ཤེས་རབ་སྙིང་པོ			[prajñāpāramitāhṛdya ṡūtra]/ Heart of Wisdom; the Heart [sūtra]. A short perfection of wisdom [sūtra] chiefly consisting of a dialogue between [ṡariputra] and Avalokitesvara on the nature of emptiness. A teaching of Buddha through his inspiration and permission.
ཤེས་རབ་རྣམ་གསུམ			Three types of wisdom. A.\n1. {kun dzob rtogs pa'i shes rab/} wisdom understanding conventional phenomena\n2. {don dam rtogs pa'i shes rab/} wisdom understanding ultimate phenomena\n3. {sems can don byed rtogs pa'i shes rab} wisdom understanding the welfare of sentient beings. B.\n1. {thos pa las...
ཤེས་རབ་ཡེ་ཤེས་ཀྱི་དབང			[prajñājñānābhiṣekha]/ The primordial wisdom initiation; the wisdom-knowledge initiation. A highest yoga tantra initiation, in which the mind of disciples is initiated in reliance upon the [maṇḍala] of the femine consort: their mental delusions are removed; they are empowered to carry out complet...
བཤགས་པ			[deṡanā]/ Confession; declaration. Declaration of previously committed non-virtuous actions or transgressions of vows and precepts.
བཤད་གྲྭ			College. A department within the monastery where the study of philosophical texts are the primary curriculum in contrast to the training of ritual and tantric ceremonies.
བཤད་སྒྲུབ			Study and practice; the study as well as practice of the teachings of a religious culture.
བཤད་ཐབས་ཡན་ལག་ལྔ			Five means of teachings; five ways of presenting a text in the Buddhist tradition.\n1. {dgos don/} purpose\n2. {bsdus don/} summary\n3. {tshig don/} literal meaning\n4. {mtshams sbyar/} links\n5. {brgal lan/} debate and discussion.
བཤེས་གཉེན་ལྟ་བུའི་སེམས་བསྐྱེད			[kalyāṇamitropamacittotpāda]/ Spiritual Friend-like bodhicitta. The mind of enlightenment associated with the practice of the perfection of means, possessed by a Bodhisattva on the seventh ground.
ས			[pṛthivi]/ A. Earth; solid component. B. Ground; levels of realization within the mental continuum of a practitioner who has entered the path of practice following any of the three vehicles, e.g. the Bodhisattva paths on and above the path of seeing.
ས་སྐྱ་གོང་མ་ལྔ			Five foremost masters of Sakya; the five supreme masters of the Sakya tradition of Tibetan Buddhism.\n1. {sa chen kun dga' snying po/} Sachen Kunga Nyingpo (1092-1158)\n2. {rje btsun bsod nams rtse mo/} Jetsun Sonam Tsemo (1142-1182)\n3. {rje btsun grags pa rgyal mtshan/} Jesun Dakpa Gyaltsen (11...
ས་སྐྱེའི་འཇམ་གབྱངས་བདུན་བརྒྱུད			Seven Sakya masters of the [mañjuṡrī] lineage. 1-4. (see {sa skya gong ma lnga})\n5. {paN chen 'od po che/} Palchen Odpoche (1150-1203)\n6. {zangs tsha bsod nams rgyal mtshan/} Zangtsa Sonam Gyaltsen (1184-1239)\n7. {'gro mgon 'phags pa blo gros rgyal mtshan/} Drogon Phagpa Lodoe Gyaltsen (1444-1...
ས་སྐྱ་པ			The Sakya Tradition; the Sakya School of Tibetan Buddhism. One of four major schools of Tibetan Buddhism established by Khon Kunchok Gyalpo and disseminated by the five foremost masters of the Sakya school (see {sa skya gong ma lnga}). The fundamental teaching of Sakya is the paths and fruits cyc...
ས་སྐྱ་པཎཌི་ཏ			Sakya [paṇḍita] Kunga Gyaltsen (1182-1251). One of the five supreme masters and the sixth patriarch of the Sakya hierarchy of Tibetan buddhism; famous for his mastery of the ten sciences (see {rig gnas bcu}) and for creating the early Mongolian script. His works such as the Elegant Sayings ({sa s...
ས་སྐྱ་པའི་མཁའ་སྤྱོད་སྐོར་གསུམ			Three cycles of [ḍākinī] practice in the Sakya Tradition.\n1. {nA ro mkha' spyod/} Naro [ḍakini] Indra [ḍakini]\n3. {me tri mkha' spyod/} Maitri [ḍakini].
ས་དགུ			Nine Grounds; the levels of attainments.\n1. {rigs kyi sa/}\n[gotrabhūmi]/ level of family\n2. {brgyad pa'i sa/} [aṣṭamakabhūmi]/ level of the eighth\n3. {mthong pa'i sa/} [darṡanabhūmi]/ level of seeing\n4. {srab pa'i sa/} [tanūbhūmi]/ level of discrimination\n5. {'dod chags dang bral pa'i sa/} ...
ས་དགུ་པའི་ཡོངས་སྦྱོངས་བཅུ་གཉིས			Twelve thorough trainings on the ninth ground.\n1. {smon lam mtha' yas pa 'grub pa/} fulfilling infinite prayers\n2. {lha dang klu la sogs pa'i 'grob so so'i skad ji lta ba bzhin du shes pa/}\nknowledge of the languages of nagas, gods, and others\n3. {chos ston pa la spobs pa chu bo'i rgyun ltar ...
ས་བརྒྱད་པའི་ཡོངས་སྦྱོང་བརྒྱད			Eight thorough trainings on the eighth ground.\n1. {sems can } {thams cad kyi sems shes pa/} knowledge of the thoughts of all sentient beings\n2. {sangs rgyas gang na bzhugs pa'i 'jig rten gyi khams shes pa/} knowledge of the places where Buddha resides\n3. {sangs rgyas kyi zhing sgrub pa/} estab...
ས་ལྔ་པའི་ཡོངས་སྦྱོངས་བཅུ			Ten thorough trainings on the fifth ground.\n1. {rnyed bkur gyi ched du khyim dang 'grogs 'dris byed pa spong ba/} avoiding\nassociation with householders for profit and fame\n2. {rab tu byung ba gzhan la sbyin bdag dad pa can gyi khyim mi ston pa spong ba/}\nnot preventing monks from finding the...
ས་བཅུ			[daṡa bhūmayaḥ]/ A. According to the Bodhisattva paths these are the grounds of:\n1. {rab tu dga' ba/} [pramuditā]/ the extremely joyous\n2. {dri ma med pa/} [vimalā]/ the stainless\n3. {'od byed pa/} [prabhākarī]/ the luminous\n4. {'od 'phro ba/} [arciṣmatī]/ the radiant\n5. {sbyangs dka' ba/} [...
ས་བཅུ་གཉིས			[dvādaṡa bhūmayaḥ]/ Twelve grounds; twelve levels of the [mahāyāna] paths. 1-10. (see {sa bachu})\n11. {byang chub tu sems ma bskyed pa'i sa/} prior to generating the mind\nof enlightenment\n12. {kun tu 'od kyi sa/} the ever-illuminating\nground.
ས་བཅུ་བཞི			The Fourteen Grounds.\n1. {mos pa spyod pa'i sa/} The ground of faith 2-11. (see {sa bcu})\n12. {dpe med kyi sa/} the incomparable ground\n13. {ye shes ldan pa'i sa/} the ground of attaining primordial wisdom\n14. {kon tu 'od rdo rje'i sa/} the ever-luminous vajra ground.
ས་ཆོག་སའི་ཆོ་ག			The ground ritual. The ritual of examining, begging, purifying, owning, guarding and blessing the ground or venue intended for a tantric ceremony of constructing a [maṇḍala] and performing an initiation.
ས་གཉིས་པའི་ཡོངས་སྦྱོང་བརྒྱད			Eight thorough trainings on the second ground.\n1. {dus rtag tu tshul khrims gsum rnam par dag pa/} (maintaining) purity of the three moral disciplines at all times\n2. {gzhan gyis phan btags pa la byas pa gzo ba/} repaying the help rendered by others\n3. {gnod pa ci byung yang bzod pa/} patientl...
ས་དང་པོའི་ཡོངས་སྦྱོང་བཅུ			Ten thorough trainings on the first ground.\n1. {bya ba thams cad la g.yo sgyu med pa'i bsam pa/} anitude free from deceit in all activities\n2. {rang gzhan gyi don la phan pa theg chen nyid 'dzin pa/} practising the Greater Vehicle for the benefit of both self and others\n3. {sems can thams cad ...
ས་དྲུག་པའི་ཡོངས་སྦྱོང་བཅུ་གཉིས			Twelve thorough trainings on the sixth ground. 1-6. {pha rol tu phyin pa drug dzog par byed pa/} accomplishing the six perfections (see {phar phyin drug})\n7. {nyan thos kyi sa la dga' ba spong ba/} abandoning attachment to the Hearer's level\n8. {rang rgyal gyi sa la dga' ba spong ba/} abandonin...
ས་བདག			[bhūpati]/ A. Lord of earth; owners of the earth; non-human spirits and creatures having influence of the locality or sites.
ས་བདུན་པའི་ཡོངས་སྦྱོང་ཉི་ཤུ			Twenty thorough trainings on the seventh ground.\nA. {spang bya nyi shu/} Abandoning twenty misapprehensions:\n1. {bdag tu 'dzin pa/} grasping at self\n2. {sems can du 'dzin pa/} grasping at sentient beings\n3. {srog tu 'dzin pa/} grasping at the life-force\n4. {gang zag tu 'dzin pa/} grasping at...
ས་སྡེ་ལྔ			Five Treatises of [asan'ga]; five works of [asan'ga] on levels of attainments.\n1. {rnal 'byor spyod pa'i sa/} Grounds of Yogic Practices ([yogacaryabhūmi])\n2. {gtan la dbab pa bsdu ba/} Compendium of Ascertainment ([niṃayasaṁgraha])\n3. {gzhi bsdu ba/} Compendium of Bases ([vastusaṁgraha])\n4. ...
ས་རྣམ་པ་དྲུག་ཏུ་གཡོ་བ			Six ways of shaking the earth. The way nature pays its respect when a Buddha is born, enlightened or passes away into [parinirvāṇa], etc. Also when a person becomes a Bodhisattva generating the mind of enlightenment. A.\n1. {'gul ba/} moving\n2. {g.yo ba/} shaking\n3. {sdeg pa/} lifting\n3. {'khr...
ས་བླ			[antarīkṣa]/ Celestial world; celestial realm. One of the three realms of existence, primarily the abode of gods.
ས་གཞི་མ་དག་པ			[aṡuddhabhūmi]/ Unsuitable land. Area where poisonous snakes, etc., live. Or a disputed land where according to Vinaya, building of a monastery is prohibited.
ས་བཞི་པའི་ཡོངས་སྦྱོང་བཅུ			Ten thorough trainings on the fourth ground.\n1. {dben pa'i nags na gnas pa/} solitary dwelling in a forest\n2. {'dod pa chung ba/} having few desires\n3. {chog shes pa/} being contented\n4. {sbyangs pa'i yon tan la yid dam pa/} strictiy following the twelve ascetic trainings (see {sbyangs pa'i y...
ས་འོག			[bhūtala]/ Subterrestial world. One of the three realms of existence, which is primarily the abode of [nāgas], or serpent spirits.
ས་ལམ			Paths and grounds. Grounds and paths of advancement to the state of liberation and omniscience.
ས་གསུམ་པའི་ཡོངས་སྦྱོང་ལྔ			Five thorough trainings on the third ground.\n1. {chos thos pas mi ngoms pa/} never satiated with listening to teachings\n2. {zang zing gi bsam pa med par gzhan la chos sbyin pa/} teaching others without a thought for reward\n3. {rang nyid gang du 'tshang rgya ba'i zhing kun sbyong ba/} purificat...
སངས་རྒྱས			Buddha/ Fully enlightened being; Buddha. One who has completely purified himself of all faults and delusions and perfected all knowledge and wisdom; a fully enlightened being knowing all phenomena as they are.
སངས་རྒྱས་ཀྱི་ཆོས་མ་འདྲེས་པ་བཅོ་བརྒྱད			[aṣṭādaṡāveṇikabuddhadharmāḥ]/ Eighteen unshared qualities of a Buddha, according to the Abhidharma tradition, (see {ma 'dres pa bco brgyad}). 1-10. {stobs bcu/} das{'a}abalani]/ ten powers (see {de bzhin gshegs pa'i stobs bcu}) 11-14. {mi 'jigs pa bzhi/} [catvāri vaiṡāradyāni]/ four fearlessness...
སངས་རྒྱས་ཀྱི་ཐུན་མོང་མ་ཡིན་པའི་རྣམ་པ་སོ་དགུ			Thirty-nine qualities exclusive to a Buddha. 1-10. {stobs bcu/} ten powers (see {de bzhin gshegs pa'i stobs bcu}) 11-14. {ma i'ajigs pa bzhi/} four fearlessnesses (see {mi 'jigs pa bzhi}) 15-18. {so so yang dag rig pa bzhi/} four specific perfect understandings (see {so sor yang dag pa rig pa bzh...
སངས་རྒྱས་ཀྱི་མཛད་པ་བཅུ་གཉིས			The twelve deeds of Buddha [ṡākyamuni] (see {mdzad pa bcu banyis}).
སངས་རྒྱས་ཀྱི་རིགས			[buddhagotra]/ Buddha Nature; Buddha Lineage. The intrinsically pure mind and Buddhahood acquired through practice.
སངས་རྒྱས་དཔའ་བོ་བདུན			Seven Heroic Budhas; the seven Buddhas of this aeon who have already appeared in this world according to the [hīnayāna] tradition.\n1. {rnam gzigs/} [vīpaṡyin]\n2. {gtsug tor can/} [ṡikhin]\n3.{thams cad skyob/} [viṡvabhū]\n4. {'khor ba 'jig} [krakuccanda]\n5. {gser thub/} [kanakamuni]\n6. {'od s...
སད་མི་མི་བདུན			Seven Probationers; the first seven monks of Tibet ordained by [ācārya ṡantarakṣita] during the reign of King Tri Ralpa Chan.\n1. {sba gsal snang /} Ba SaInang\n2. {mchims shAkya pra b+ha/} Chim Shakya Prabha\n3. {pa gor be ro rtsa na/} Pagor Bero Tzana\n4. {ngan lam rgyal ba mchog dbyangs/} Ngan...
སའི་ལྷ་སྟ་གོན			Ground-ritual; preparatory-rite of the site. A part of preparatory rite in an initiation in which the goddess of the site is generated in the centre of the [maṇḍala] and wisdom-beings are immersed into her; she is then offered ritual-cakes ({gtor ma}) and her permission is sought to allow the sit...
སའི་ཡོངས་སྥྱིང			Thorough trainings on the grounds; qualities of the trainings on the various levels of a Bodhisattvas' career (see {sa dang po'i yongs sbyong bcu}, etc.).
སུན་འབྱིན			[dūṣaṇa]/ Refutation; refutation of others' position or philosophical stand. There are two types: 1. correct refutation 2. incorrect refutation.
སུམ་ཅུ་རྩ་གསུམ			[trayastriṃṡa devāh]/ The Heaven of Thirty-Three. Celestial abode of gods of the desire realm believed to be located on top of Mt. Meru, which is inhabited by the so called 'eight wealth-gods' ({nor lha brgyad}) the 'eleven wrathful' ({drag po bcu gcig}), the 'twelve suns' ({nyi ma bcu gnyis}), t...
སུམ་ལྡན			The three-fold aeon (see {bskal pa sum ldan}).\n{seng ge bzang po/}\n[haribhadra]/ [ācārya haribhadra]. A student of [ācārya ṡāntarakṣita] known for his authority in the study of Perfection of Wisdom; the author of the Clear Meaning ({'grel pa don gsal}) and the Extensive Commentary on Eight Thou...
སེམས			[citta]/ Mind; primary consciousness, e.g. eye consciousness.\n{sems kyi khams bdun/}\nSeven mental constituents; seven domains of the mind.\n1. {mig gi rnam par shes pa'i khams/} [cakṣu vijñānadhātu]/ domain of eye consciousness\n2. {rna ba'i rnam par shes pa'i khams/} [ṡrota vijñānadhātu]/ doma...
སེམས་ཀྱི་གཞི་ལ་གཞོལ་བ			Concentration on mind base; absorption into the object of mind. One of the four types of recitations/ incantation in lower tantra (see {bzlas brjod yan lag bzhi}); a practice of\nvisualizing the ultimate mind of enlightenment as empty of inherent existence and the moon disk at the heart as the co...
སེམས་ཀྱི་ས་མང་བཅུ			Ten mental levels; ten mental attitudes. 1-5. {kun 'gro lnga /} five ever-functioning mental factors (see {kun 'gro lnga}) 6-10. {yul nges lnga /} five determining mental factors (see {yul nges lnga}).
སེམས་བསྐྱེད			[cittoptāda]/ Mind generation; generation of the mind of enlightenment; an altruistic mind caused by a wish to benefit others and accompanied by a wish to attain Buddhahood for the sake of others.
སེམས་བསྐྱེད་ཉེར་གཉིས			The twenty-two types of bodhicitta. The division of bodhicitta according to one's level of attainment and illustration. There are: 1-4. {mos pa spyod pa'i sems bskyed bzhi/} four preoccupied by faith (see {mos pa spyod pa'i sems bskyed bzhi}) 5-11. {lhag bsam dag pa'i sems bskyed bdun/} seven pre...
སེམས་བསྐྱེད་གཉིས			Two types of mind of eniightenment; two kinds of bodhicitta. {ngo bo'i sgo nas/} By nature:\n1. {kun rdzob sems bskyed/} [saṃvṛti cittotpāda]/ conventional mind of eniightenment\n2. {don dam sems bskyed/} [paramārtha cittotpāda]/ ultimate mind of\nenlightenment B. {sbyor ba'i sgo nas/} By means o...
སེམས་བསྐྱེད་བཞི			Four types of mind of eniightenment. The mind of enlightenment categorized in view of their degree of attainment. {sa mtshams kyi sgo nas/}\n1. {mos pa spyod pa'i sems bskyed/} [adhimukticaryā cittotpāda]/ mind of enlightenment preoccupied with faith—extant on the path of accumulation and the pat...
སེམས་བསྐྱེད་གསུམ			Three types of mind of the enlightenment. The mind of eniightenment categorized from the perspective of how it is initially generated. {thog mar sems bskyed tshul gyi sgo nas/}\n1. {rdzi bo lta bu'i sames bskyed/} a shepherd-like mind of enlightenment\n2. {mnyan pa lta bu'i sems bskyed/} a boatma...
སེམས་རྒྱུད			[santāna]/ A. Mind-stream; mental continuum. B. Mental attitude; philosophy.
སེམས་ཅན			[sattva]/ Sentient being. Lit: 'possessing a mind'; all living beings who posseses a mind, as distinct from a Buddha who possesses an enlightened mind.
སེམས་ཅན་དུ་སྟོན་པའི་སྒྲ			[sattvākhyaṡabda]/ Articulate sound. Sound which intentionally indicates meaning to sentient beings, e.g. the speech of a Buddha, as opposed to the sound of a brook that does not intentionally indicate any meaning to sentient beings.
སེམས་རྟེན			A. Souvenir. B. Brain and heart, the location of mind. C. object of meditation.
སེམས་རྟེན་གཉིས			Two types of objects of meditation. Objects within and without one's own mind stream.
སེམས་དྲུག			Six types of mind; six attitudes. A.\n1. {rtsa ba'i sems/} [mūlacitta]/ root mind\n2. {rjes su dpyod pa'i sems/} [anucāritacitta]/ post-analytical mind\n3. {rnam par dpyod pa'i sems/} [vicāraṇacitta]/ analytical mind\n4. {nges par 'dzin pa'i sems/} [avadhāraṇacitta]/ discerning mind\n5. {sdom pa'...
སེམས་མདོ་བཅོ་བརྒྱད			The eighteen tantras of the mind-system; the eighteen tantras of {rdzogs chen } meditation.\n1. {rgya mtsho lta bu'i rgyud rig pa rang shar/} The Ocean-like Tantra called Self Appearance of the Intuitive Awareness.\n2. {nyi ma lta bu'i rgyud rdo rje sems dba' snying gi me long /} The Sun-like Tan...
སེམས་སྡེ			The Mind system; the mind tradition. A lineage of {rdzogs chen } meditation coming from [ācārya ṡrīsiṃha], the great translator, primarily establishing the recognition of intrinsic awareness being free of its own plays.
སེམས་གནས་དགུ			Nine stages of setting the mind; the nine stages of establishing one's mind into a state of single-pointed concentration in calm-abiding meditation.\n1. {nang 'jig pa/} mental setting\n2. {rgyun du 'jog pa/} continual setting\n3. {bslan te 'jog pa/} patch-like setting\n4. {nye bar 'jog pa/} close...
སེམས་པ			[cintanā]/ Thought; intention. A secondary mind that draws the attention of a primary mind to its object and establishes its recogmtion.
སེམས་པའི་ལས			Mental activity. Activities of body, speech and mind brought to a manifest level or revealed due to mental projections.
སེམས་དཔའ་གསུམ་བརྩེགས			Incorporation of the triple-beings. A method of generating deities one within another:\n1. {dam tshig sems dpa'/} [samayasattva]/ the pledged-being (see {dam tsig sems dpa'})\n2. {ye shes sems dpa'/} [jñānasattva]/ the wisdom-being (see {ye shes sems dpa'})\n3. {ting nge 'dzin sems dpa'/} [samādh...
སེམས་བྱུང་ལྔ་བཅུ་རྩ་གཅིག			Fifty-one secondary mental factors; fifty-one secondary minds accompanying a primary mind. 1-5. {kun 'gro lnga /} the five omnipresent-mental factors (see {kun 'gro lnga}) 6-10. {yul nges lnga /} the five determinants (see {yul nges lnga}) 11-16. {rtsa nyon drug} the six root delusions (see {rtsa...
སེམས་མེད་པའི་སྐབས་ལྔ			The five occasions without mind; the five occasions when\nmind temporarily ceases to function.\n1. {'gog snyoms kyi gnas skabs/} meditative absorption in cessation\n2. {'du shes med pa'i gnas skabs/} lack of discrimination\n3. {'du shes med pa'i snyoms 'jug gi gnas skabs/} meditative absorption l...
སེམས་ཙམ་པ			[cittamātra]/ The Mind oniy school; [cittamātra]. A [mahāyāna] school of tenets called the [yogacāra] or [vijñānavāda], developed by [asaṇga] and his brother [vasubandhu]. This school asserts lack of duality between the object and object-perceiver and propounds eight types of consciousnesses (see...
སེམས་ཙམ་པ་རྣམ་བདེན			True aspect mind oniy school. [cittamātrin]s who assert that the appearance of a gross form to the sensory consciousness perceiving form in the mind of a non-[ārya] being (one who has not perceived emptiness directly) is not contaminated by latencies of ignorance.
སེམས་ཙམ་པ་རྣམ་རྫུན			False aspect mind only school. [cittamātrin]s who assert that the appearance of a gross form to the sensory consciousness perceiving form in the mind of a non-[ārya] being is contaminated by latencies of ignorance.
སེར་སྐྱ་པ			Followers of the sage Kapila. A proponent of non-Buddhist philosophy (Hindu) called the [sāṃkhyas] who assert the enumeration of all phenomena into twenty-five categories (see {shes bya nyer lnga}) and gains liberation through complete understanding of these phenomena
སེལ་འཇུག			Eliminative engager. A subjective consciousness which engages in its object of identification by differentiating it from various aspects that are possessed by it, e.g. the idea or statement that expresses Tashi. There are two types:\n1. {blo'i sel 'jug} mental eliminative engager, e.g. the concep...
སེལ་བ			[apoha]/ Elimination; eliminative phenomena; a negative\nphenomena. There are three:\n1. {don gyi sel ba/} meaning eliminative phenomena, e.g. a thing that is not not a vase\n2. {blo'i sel ba/} mental eliminative phenomena, e.g. the appearance of a thing that is not not a vase to a thought cogniz...
སོ་ཐར་གྱི་སྡོམ་པ			[pratimokṣa saṃvara]/ Vows of individual liberation. Precepts of ordination meant for self-liberation from bad rebirth and [saṃsara] There are generally two:\n1. {khyim pa'i sdom pa/} a householder's vows\n2. {rab byung gi sdom pa/} a monk's or nun's vows.
སོ་ཐར་རིགས་བརྒྱད			Eight classes of individual liberation vows (see {so thar rigs bdun} 1-7)\n8. {bsnyen gnas kyi sdom pa/} one day ordination vows.
སོ་ཐར་རིགས་རིས་བདུན			Seven classes of individual liberation vows.\n1. {dge slong pha'i sdom pa/} [bhikṣu saṃvara]/ fully ordained monk vows\n2. {dge slong ma'i sdom pa/} [bhikṣunī saṃvara]/ fully ordained nun vows\n3. {dge tshul pha'i sdom pa/} [ṡrāmaṇera saṃvara]/ novice monk vows\n4. {dge tshul ma'i sdom pa/} [ṡrām...
སོ་སོ་སྐྱེ་བོ			[pṛthagjana]/ Ordinary person; beginner. Persons who have no knowledge of the reality of phenomena.
སོ་སོར་བརྟགས་འགོག			[pratisaṃkhyānirodha]/ Analytical cessation. Cessation gained through the wisdom of meditation and anylysis on the four noble truths, e.g. the truth of cessation within the mental continuum of an [ārya] on the path of meditation.
སོ་སོར་བརྟགས་མིན་འགོག་པ			[apratisaṃkhyānirodha]/ Non-analytical cessation. Cessation that is impermanent by nature and is not acquired through the wisdom of meditation and analysis on the four noble truths, e.g. cessation of rebirth into bad migration within me continuum of a Bodhisattva on the path of preparation.
སོ་སོར་ཐར་པ			[pratimokṣa]/ Individual liberation (see {so thar gyi sdom pa}).
སོ་སོ་ཡང་དག་རིག་པ་བཞི			Four specific perfect understandings. The four ways in which a Bodhisattva knows the distinct features, characteristics and states of phenomena\n1. {chos so so yang dag rig pa/} [dharma pratisaṃvid]/ specific perfect understanding of dharma\n2. {don so so yang dag rig pa/} [artha pratisaṃvid]/ sp...
སོར་མོ་ལྔ			[pañcān'guli]/ Five fingers.\n1. {mthe bong /} [an'guṣṭha]/ thumb\n2. {mdzub mo/} [an'guli]/ index finger\n3. {gung mo/} [madhān'guli]/ middle finger\n4. {srin lag} [anāmā]/ ring finger\n5. {mthe'u chung /} [anāmikā]/ little finger.
སྲི			[peṡī]/ A. Evil spirit; a malignant spirit or devil born of a dead person resurrected in their previous locality who create truble in the vicinity. B. Miserliness. C. A disastrous event or period believed to be a common karma, e.g. evil accidents happening one after another in the same locality.
སྲི་གནོན			Exorcism. A type of tantric ritual to capture, bury and burn a malignant spirit (see {sri}).
སྲིད་པ			[bhava]/ A. [saṃsāra]; cyclic existence. B. Existence.
སྲིད་པ་ཆགས་པའི་ལྷ་དགུ			Nine Gods of Tibet. O-de Gung-gyal, the ninth King of Tibet, son of Drigum Tzen-po and his eight sons believed to be residing and guarding Tibet throughout its three regions.\n1. {yar lha sham po/} Yala Shampo\n2. {gnyan chen thang lha/} Nyan-chen Thang-ia\n3. {rma chen spom ra/} Ma-chen Pom-ra\n...
སྲིད་པ་འཚོལ་བ			Seeker of existence. Epithet for the being in an intermediate state of rebirth ({bar do}).
སྲིད་པ་བཞི			Four states of existence; the four domains of existence.\n1. {skye srid/} [utpatti bhava]/ birth state\n2. {sngon du kyi srid pa/} [sākṣin bhava]/ live state\n3. {'chi srid/} [maraṇa bhava]/ death state\n4. {bar srid/} [antara bhava]/ intermediate state.
སྲིད་པ་གསུམ			The three worlds: A.\n1. {lha'i srid pa/} [devabhava]/ world of gods\n2. {klu'i srid pa/} [nāgabhava]/ world of nagas\n3. {mi'i srid pa/} [manuṣyabhava]/ world of humans. B.\n1. {sa 'og} [bhūtala]/ sub-terrestrial world\n2. {sa steng /} [mahitala]/ terrestrial\n3. {sa bla/} [antarika]/ heaven. C....
སྲིད་པའི་རྩ་བ་ཕྲ་རྒྱས་དྲུག			Six root delusions of cyclic existence (see {rtsa nyon drug}).
སྲིད་པའི་ཡན་ལག			The limb of existence. The link of grasping, ninth in the twelve links of interdependent origination which has the force of activating strong karmas through negativities accumulated by body, speech and mind.
སྲིད་རྩེ			[bhavāgra]/ Peak of Existence. The highest state of the three realms within cyclic existence.
སྲིད་ཞི་མཉམ་ཉིད་ཀྱི་སྦྱོར་བ			[bhavaṡāntisamata prayoga]/ Traihing in the sameness of cyclic existence and peace; the Bodhisattva's meditative training in the sameness of sanisara and [nirvāṇa] as lacking inherent existence.
སྲུང་འཁོར			Wheel of Protection. Meditation on a vajra fence, fire fence and vajra tent, etc., as a protection for the residence and resident [maṇḍala] of a deity. The meditation of a vajra fence throughout the ten directions before creation of a [maṇḍala] and bestowal of an initiation.
སྲུང་ཐབས་ཡན་ལག་ལྔ			Five means of guarding a moral discipline; five ways of protecting one's vows from degeneration.\n1. {dge ba'i bshes gnyen la bsten pa/} relying on a spiritual teacher\n2. {bsam pa phun sum tshogs pa/} relying on an excellent motivation\n3. {'gal rkyen mi mthun phyogs ngo shes pa/} recognizing th...
སྲུང་མདུད			Protection cord. Strings that are knotted in a special way, blessed and given by Lamas as their symbol of protection and blessings.
སྲེད་པ			[tṛṣṇā]/ A. Craving; the urge to meet with pleasant feelings and to be separated from ill sensations. B. Attachment; clinging.
སྲེད་པ་གསུམ			Three kinds of craving; cravings experienced at death.\n1. {'dod sred/} [rāga tṛṣṇā]/ craving for desired objects\n2. {'jigs sred/} [satkāya tṛṣṇa]/ craving for fear of losing this body\n3. {srid sred/} [bhava tṛṣṇa]/ craving for existence.
སྲེད་པའི་ཡན་ལག			The link of craving. The link of feeling, seventh in the twelve links of interdependent origination which causes the growth of the faculty to taste various objects and develops attachment and clinging to these, thereby enhancing the state of existence.
སྲོག			[prāṇa]/ Life-force. A. According to Vinaya and the Abhi-dharma tradition it is the vital energy that acts as the basis for consciousness and the warmth of a being; whereas in other traditions it is generally the life as opposed to death. B. In astrology, it is the life-pattern of a person.
སྲོག་སྡོམ་གཟེར་བཞི			The four vital points. The four vital points in the practice of the generation stage of mahayoga tantra according to the Nyingma tradition, meant for integrating the life-like essence of all phenomena into the sphere of non-dual primordial wisdom.\n1. {teng nge 'dzin lha'i gzer/} the vital point ...
སྲོག་འཛིན་གྱི་རླུང			[prāṇāyāyu]/ Life-supporting wind. One of the five principal energy winds located at the crown within the brain, responsible for wit and intelligence and the power of memory.
སློབ་དཔོན			[ācārya]/ A. [ācārya]; a spiritual master who takes care of his diciples' material needs. B. Teacher; lecturer. C. An instrument of a carpenter.
སློབ་དཔོན་གྱི་དབང་དྲུག			The six initiations of a master.\n1. {phyir mi ldog pa'i dbang /} the irreversible initiation\n2. {gsang ba'i dbang /} the secret initiation\n3. {rjes gnang gi dbang/} permission initiation\n4. {lung bstan gyi dbang/} prophesy\n5. {dbugs dbyung gi dbang/} giving relief\n6. {gzengs bstod kyi dbang...
སློབ་དཔོན་ལྔ			The five masters (see {slob dpon bdun}, 3-7).
སློབ་དཔོན་དྲུག			Six masters; six types of teachers.\n1. {dam tshig dang sdom pa sbyin } {pa'i slob dpon/} a teacher who bestows pledges and vows\n2. {bzlas lung sbyin pa'i slob dpon/} a teacher who bestows oral and reading transmissions\n3. {rgyud bshad pa'i slob dpon/} a teacher who bestows tantric teachings\n4...
སློབ་དཔོན་བདུན			Seven masters; seven types of teachers according to the Vinaya tradition.\n1. {bsnyen gnas kyi slob dpon/} master who bestows one day vows\n2. {dge bsnyen gyi slob dpon/} master who bestows lay persons' vows\n3. {dge tshul gyi slob dpon/} master who bestows novice vows\n4. {gsang ste ston pa'i sl...
སློབ་དཔོན་དཔའ་བོ			[ācāryavīra]/ [ācārya āryaṡura]. Perhaps the greatest of all scholarly Buddhist poets, a non-Buddhist of great learning who was defeated in debate by [āryadeva], a disciple of [nāgārjuna] and converted to Buddhism; he composed the Fifty Verses of Guru Devotion.
སློབ་དཔོན་ས་ར་ཧ			[ācārya saraha]. Also called Brahma Rahula; the root Guru of [ācarya nāgārjuna] born in a Brahmin family at Odibida, Orissa of modern India, renowned for his tantric practice.
སློབ་མ་ཁྱད་ཆོས་གསུམ་ལྔན			Disciple with qualities; Ihree basic qualities of a Dharma disciple.\n1. {shes rab rno ba/} he has clear wisdom\n2. {smra ba nyung ba/} he speaks little\n3. {bla ma la gus pa/} he is respectful of his masters.
སློབ་མ་སྟ་གོན			The preparatory rites of disciples. The first phase of initiations meant to prepare the disciple for the actual initiation. This involves:\n1. {kun slong bcos shing nang dbang bskur ba/} setting motivation and granting inner initiation\n2. {gsol ba gdab cing 'dzin du gzhug pa/} making requests an...
སློབ་མའི་ཆོས་བཞི			The four qualities of a disciple; four basic qualities to judge the acceptance of a disciple.\n1. {mi phyed pa'i dad pa/} unfluctuating faith\n2. {mi ldog pa'i brtsen 'grus/} irreversible efforts\n3. {gzhan dring mi 'jog pa'i gsung rab/} incomparable teachings/ texts to be taught\n4. {bshes gnyen...
སློབ་མའི་བྱ་བ་ལྔ			The five duties of a disciple.\n1. {bshes gnyen 'tshel ba la skye ba med pa/} having no regret in searching for spiritual masters\n2. {sku lta bas chog mi shes par bya ba/} being insatiable in meeting and seeing one's teachers\n3. {des bstan pa dang rjes su mthun par 'dzin pa/} following his or h...
སློབ་མའི་དབང་ལྔ			The five initiations of a disciple (see {rig pa'i dbang lnga}).
སློབ་མའི་མཚན་ཉིད་ལྔ			The five qualities of a disciple.\n1. {blo gzu bor gnas pa/} having an unbiased way of thinking\n2. {blo gros dang ldan pa/} having good wisdom\n3. {don gnyer che ba/} having interest in one's training\n4. {gus pa/} being respectful\n5. {yid gtod pa/} being devoted.
སློབ་མའི་མཚན་ཉིད་གསུམ			The three qualities of a disciple.\n1. {blo gsal ba/} having clear wisdom\n2. {shes 'dod yod pa/} having interest in gaining knowledge\n3. {bla mar gus pa/} being respectful of one's teachers.
སློབ་ལམ་བཞི			The four paths of a trainee.\n1. {thar pa cha mthun/} aid to liberation\n2. {nges 'byed cha mthun/} aid to definitive separation\n3. {don mngon rtogs/} realization of the meaning\n4. {rjes la mngon rtogs/} the subsequent realization. These .are synonymous with the path of accumulation, preparatio...
གསང་སྔགས			Secret mantra; tantric teachings. Those cycles of teachings involving techniques to protect one's mind from misconceptions and illusions by means of cultivating the path of union of the wisdom understanding emptiness and great compassion aimed ultimately at the actualization of the great wisdom; ...
གསང་སྔགས་ཀྱི་ཁྱད་ཆོས་བཞི			The four special qualities of secret mantra; the four features that make tantra superior compared to other practices.\n1. {thabs kyi cha la ma rmongs pa'i khyad par/} rich in the methods of approach\n2. {thabs mang ba'i khyad par/} has many-fold methods or techniques\n3. {dka' ba med pa'i khyad p...
གསང་སྔགས་ཀྱི་སྡོམ་པ			Secret mantra vows; tantric vows (see {rtsa ltung bcu bzhi and sbom po brgyad}).
གསང་སྔགས་ཀྱི་སྣོད			The receptacles of secret mantra; the proper disciples qualified to receive secret mantra teachings.\n1. {dbang po rno ba/} sharp intelligence\n2. {dbang gis rgyud smin par byas pa/} having matured or ripened one's mental continuum through initiation\n3. {rtse ba dang yan lag gi dam tshig bsrung ...
གསང་སྔགས་རྙིང་མ			Ancient secret mantra tradition; Ancient Tantra. Tantra was initially introduced into Tibet in the seventh century during the reign of King Songtsen Gampo and in the middle of the eighth century. During the reign of King Trisong Deutsan, Guru Padmasambhava visited Tibet and spread the tantric tea...
གསང་སྔགས་རྡོ་རྗེ་ཐེག་པ			Secret Mantra [vajrayāna]. Simply called the Vajrayana or Diamond Vehicle concerning the tantric doctrine of the [kriyā], [cārya], [yoga] and [anuttarayoga] tantras; also called the resultant vehicle.
གསང་སྔགས་གསར་མ			New secret mantra tradition; New tantra. Following the eclipse of Buddhist teachings during the reign of King Lang Darma, in the middle of the 9th century, the great translator of Ngari, Rinchen Zangpo (958-1055) translated and revised many tantric texts into Tibetan and revitalized the doctrine ...
གསང་སྤྱོད་ལྡོག་སྒོམ			Reversed method of meditation on secret practice. One of the eight means of transmitting the [mahāmudrā] doctrine, primarily a method of passing on the bare techniques of psychic heat meditation based on one's own experience.
གསང་བ་འདུས་པ			[guhyasamāja]. A tantric deity belonging to the father tantra of the highest class of tantric practices.
གསང་བ་ཟབ་མོའི་དབང་གསུམ			The three profound secret initiations. The initiations that are gateways to enter into the mahayoga cycle of tantric practice according to the Nyingma tradition.\n1. {spyod pa'i brtul zhugs can la gsang dbang /} the secret initiation for adopting ascetic behavior\n2. {rig pa'i brtul zhugs can la ...
གསང་བའི་དཀྱིལ་འཁོར			[guhyamaṇḍala]/ The secret [maṇḍala]. The vagina of a tantric consort.
གསང་བའི་བདག་པོ			[guhyapati]/ A. Master of secret teachings; Buddha [vajradhāra]. B. [vajrapāṇi]. C. [valṡravaṇa]; the god of wealth.
གསང་དབང			[guhyābhiṣekha]/ Secret initiation; secret empowerment. One of the highest levels of initiation whereby the disciples are initiated into the conventional [maṇḍala] of bodhicitta of the deities in uhion; their stains of speech are purified; they are authorized to carry out meditation on the yogas ...
གསང་མཛོད་གསུམ			Three secret treasuries; three secret texts of the Nyingma tradition.\n1. {bla ma gsang mjod/} secret treasury of the Guru\n2. {yi dam gsang mdzod/} secret treasury of the meditational deity\n3. {mkha' 'gro gsang mdzod/} secret treasury of the [ḍākas] and [ḍākinis].
གསང་མ			The secret mother. The consort of a master, tantrika or a tulku.\n{gsan yig}\nList of teachings, initiations, oral transmissions and discourses received by a great Lama during his lifetime; record of teachings received.
གསལ་སྟོང་དབྱེར་མེད			Inseparability of clarity and emptiness; the intutive awareness of reality and primordial wisdom as fused into one another.
གསལ་སྟོང་འཛིན་མེད			The view of non-apprehension regarding clarity and emptiness. A view of reality as explained in the doctrine of the Sakya tradition; the fact that our mind is primordially clear by natuie and this clarity cannot be found upon any object no matter where we may search for it; and hence such an empt...
གསལ་སྣང			Prasena/ A. Clarity. B. Luminosity.\n{gsal ba/}\nPredicate. The predicate in a logicial syllogism (see {sgrub bya'i chos}).
གསུང་ཀུན་ཏུ་བརྗོད་པའི་ཆོ་འཕྲུལ			[ādeṡanāprātihārya]/ Miracles through teachings. Buddha's way of teaching his disciples according to their need; one of the three types of miracles of a Buddha (see {cho 'phrul rnam gsum}).
གསུང་ལྔ			The five kinds of speeches; Buddha's five ways of teaching disciples as explained in the Nyingma tradition.\n1. {skye med don gyi gsung /} the ultimate teachings lacking birth\n2. {dgongs pa brda'i gsung /} the intended teachings through gestures\n3. {brjod pa tshig gi gsung /} the literal teachi...
གསུང་དབྱངས་ཀྱི་ཕྱག་རྒྱའི་རྣལ་བྱོར			The yoga of dharma mudra of the teachings. One of the four yogas of yoga tantra (see {phyag rgya bzhi}) identified with the actualization of the wisdom of discrimination by means of eliminating adventitious defilements upon the mind.
གསུང་དབྱངས་ཡན་ལག་ལྔ			The features of melodic voice; the five limbs of enlightened\nspeech of a Buddha.\n1. {'brug sgra ltar zab pa/} deep like that of thunder\n2. {snyan zhing 'jebs la rna bar snyan pa/} soothing and comfortable to the ear\n3. {yid du 'ong zhing dga' bar byed pa/} pleasant and delightful\n4. {rnam pa...
གསུང་རབ་ཡན་ལག་བཅུ་གཉིས			[dvādaṡa dharmapravacana]/ Twelve scriptural categories.\n1. {mdo'i sde/} [sūtram]/ sets of discourses\n2. {dbyangs kyis bsnyad pa'i sde/} [geyam]/ intermediate verses\n3. {lung du bstan pa'i sde/} [vyākaraṇam]/ prophetic teachings\n4. {tshigs su bcad pa'i sde/} [gātha]/ versified teachings\n5. {...
གསེར་གྱི་རི་བདུན			Seven golden mountains. The seven mountains surrounding Mt. Meru as explained in the Abhidharma text.\n1. {mu khyud 'dzin/} [nimindhāra]/rim holder\n2. {rnam par 'dud/} [vinataka]/ perfect bow\n3. {rta rna/} [aṡvakama]/ horse-ear\n4. {lta na sdug} [sudarṡana]/ lovely to behold\n5. {seng ldeng can...
གསེར་ཆོས་བཅུ་གསུམ			The thirteen golden texts. The thirteen cycles of restrictive esoteric teachings known to the Tsarpa school of the Sakya tradition. These are: 1-3. {mkha' spyod skor gsum/} the three concerning Vajrayogini (see {mkha' spyod skor gsum}) 4-6. {dmar chen skor gsum/} the three concerning the major re...
གསེར་ལྟ་བུའི་སེམས་བསྐྱེད			[suvarṇopamacittotpāda]/ Gold-like bodhicitta. The mind of enlightenment associated with the practice of superior intention possessed by a Bodhisattva on the middling path of accumulation.
གསེར་གདུང			The golden-tomb. Usually stupas of various sizes containing relics and precious articles of a deceased master.
གསོ་དཔྱད་ཡན་ལག་བརྒྱད			Eight branches of healing; eight types of therapy in the Tibetan medical system.\n1. {lus nad gso ba'i dpyad/} treatment of physical ailments\n2. {byis pa'i nad gso ba'i dpyad/} treatment of children's ailment\n3. {mo nad gso ba'i dpyad/} treatment of women's ailments\n4. {gdon gyis 'tshe ba'i dp...
གསོ་སྦྱོང			[poṣadha]/ The bi-monthly confession and restortion ceremony of monks and nuns as proscribed by Buddha
གསོ་སྦྱོང་བཅུ་བཞི་པ			The bi-monthly confession and restoration ceremony of monks and nuns during the months of waning moon in which the ceremony cannot be held on the fourteenth day of the 12th, 2nd, 4th, 6th, 2nd phase of 8th and the 10th month of Tibetan calendar.
གསོ་སྦྱོང་བཅོ་ལྔ་པ			The bi-monthly confession and restoration ceremony of the monks and nuns held during the months of waxing moon and the waning moons of the 11th, 1st, 3rd, 5th, 7th and during [aṡvini] ({tha skar}) constellation.
བསམ་གྱི་མི་ཁྱབ་པ་ལྔ			Five inconceiveable topics.\n1. {las kyi rnam par smin pa bsam mi khyab/} inconceiveable ripening of karma\n2. {nor bu sngags sman sogs kyi nus pa bsam mi khyab/} inconceiveable power of jewels, mantras and medicine\n3. {rnal 'byor gyi nu mthu bsam mi khyab/} inconceiveable power of yogis\n4. {by...
བསམ་གཏན			[samadhi]. Concentration; meditative concentration. A state of mind in which one is able to focus one's attention single-\npointedly on any suitable virtuous object without wandering outside of it. Such a state of mind becomes the source of all spiritual qualities.
བསམ་གཏན་གྱི་དཀྱིལ་འཁོར			[samadhi maṇḍala]/ Concentration [maṇḍala]. Creation and visualization of the residence and resident [maṇḍala] of a deity or dieties through the power of meditation.
བསམ་གཏན་གྱི་སྐྱོན་བརྒྱད			Eight faults of concentration. The eight faults of the desire realm and concentrations realms of the lower level. 1-2. {'dod pa na yod pa'i sdug bsngal dang yid mi bde ba/} suffering\nand mental discomfort within the desire realm 3-4. {bsam } {gtan dang po la yod pa'i rtog pa dang dpyod pa/} inve...
བསམ་གཏན་གྱི་དངོས་གཞིའི་སྙོམས་འཇུག			Actual meditative absorption. A virtuous state of concentration free of desire-attachment to the lower level of concentration. There are four types belonging to the four concentration levels (see {bsam gtan bzhi}, A).
བསམ་གཏན་གྱི་ཆོས་བཞི			The four qualities of concentration.\n1. {rnam g.yong sogs mi } {mthun phyogs nyams pa/} quells distractions and other unfavorable factors\n2. {chos kyi bdag med rtogs pa'i rnam par mi rtogs pa/} generates non-conceptual cognition of the selflessness of phenomena\n3. {'dod pa dzogs par byed pa/} ...
བསམ་གཏན་གྱི་གནས			States of concentration (see {gzugs khams gnas ris bcu bdun}).
བསམ་གཏན་གཉིས			Two types of concentration.\n1. {rgyu snyoms 'jug gi bsam ga tan/} [karaṇasamāpattidhyāna]/ concentration in causal absorption\n2. {'bras bu skye ba'i bsam gtan/} [kāryasamāpattidhyāna]/ concentration giving rise to result concentration.
བསམ་གཏན་གཉིས་པའི་ཡན་ལག་བཞི			Four branches of the second level concentration.\n1. {nang rab tu dang ba/} [adhyātmasamprasāda]/ internal clarity\n2. {dga' ba/} [mudita]/ joy\n3. {bde ba/} [sukha]/ bliss\n4. {sems rtse gcig pa/} [ekāgracitta]/ single-pointed mind.
བསམ་གཏན་དང་པོའི་དངོས་གཞི་གསུམ			Three actual absorptions of the first level concentration.\n1. {nyon mongs can gyi dngos gzhi/} deluded concentration\n2. {dag pa'i dngos gzhi/} purified concentration\n3. {zag med kyi dngos gzhi/} uncontaminated concentration.
བསམ་གཏན་དང་པོའི་ཡན་ལག་ལྔ			Five branches of the first level concentration.\n1. {rtog pa/} [vitarka]/ investigation\n2. {dpyod pa/} [vicāra]/ analysis\n3. {dga' ba/} [mudita]/ joy\n4. {bde ba/} [sukha]/ bliss\n5. {sems rtse gcig pa/} [ekāgracitta]/ single-pointed mind.
བསམ་གཏན་དག་པ་བ་བཞི			Four pure concentrations.\n1. {nyams pa cha mthun/} aid to degeneration\n2. {gnas pa cha mthun/} aid to endurance\n3. {khyad par cha mthun/} aid to promotion\n4. {nges 'byed cha mthun/} aid to definite separation.
བསམ་གཏན་བཞི			Four types of concentration. A. {gzugs khams kyi bsam gtan bzhi/}\nFour levels of concentration within the form realm.\n1. {bsam gtan dang po/} [prathamaṃdhyāna]/ first level concentration\n2. {bsam gtan gnyis pa/} [dvitīyadhyāna]/ second level concentration\n3. {bsam gtan gsum pa/} [tritīyadhyān...
བསམ་གཏན་བཞི་པའི་ཡན་ལག་བཞི			Four branches of the fourth level concentration.\n1. {dran pa/} mindfulness\n2. {ba tang }?{mas yangs dag} pure equanimity\n3. {chor ba ba}^{nga }-f {mas/} neutral feeling\n4. {sems }£{ ga}5{ga pa/} single-pointed mind.
བསམ་གཏན་ས་དགུ			Nine states of concentration.\n1. {bsam gtan dang po'i nyer } {bsdogs mi lcogs med/} preparatory stage of the first level concentration\n2. {bsam gtan dang po'i dngos gzhi tsam po ba/} ordinary stage of the first level concentration\n3. {bsam gtan } {dang po'i dngos gzhi khyad par can/} exalted s...
བསམ་གཏན་ས་དྲུག			Six states of concentration.\n1. {bsam gtan dang po'i nyer bsdogs mi lcogs med/} preparatory stage of the first level concentration\n2. {bsam gtan dang po'i dngos gzhi tsam po ba/} ordinary stage of the first level concentration\n3. {bsam gtan } {dang po'i dngos gzhi khyad par can/} exalted stage...
བསམ་གཏན་གསུམ་པའི་ཡན་ལག་ལྔ			Five branches of the third level concentration.\n1. {dran pa/} [smṛti]/ mindfulness\n2. {shes bzhin/} [saṃprajanya]/ introspection\n3. {btang snyoms/} [upekṣa]/equinimity\n4. {bde ba/} [sukha]/ bliss\n5. {sems rtse gcig pa/} [ekāgracitta]/single-pointed mind.
བསམ་པའི་ལས			Intended activity. Karma or activities of body and speech as motivated by the mind.
བསམ་ཡས			Samye Monastery, the first monastery in Tibet built in 763 A.D. by King Trisong Deutsan under the guidance of the Great Abbot Santaraksita and Acarya Padmasambhava on the bank of the fsang-po, south-east of Lhasa.
བསོད་ནམས			[puṇya]/ Merits. Synonymous with virtuous activity ({dge ba'i las}); positive energy.
བསོད་ནམས་ཀྱི་ཕུང་པོ་ལྔ			Five aggregates of merit; five virtuous aggregates. Collection of merits of:\n1. {tshul khrims kyi phung po/} [ṡīlaskandha]/ morality\n2. {ting nge 'dzin gyi phung po/} [samādhiskandha]/ concentration\n3. {shes rab kyi phung po/} prajñaskandha]/ wisdom\n4. {rnam par grol ba'i phung po/} [vimuktas...
བསོད་ནམས་ཀྱི་ཚོགས			[puṇyasaṃbhāra]/ Collection of merits; accumulation of merits that is the primary cause of producing the resultant form body of a Buddha
བསོད་ནམས་ཀྱི་ལས			[punyakarma]/ Meritorious karma. Karma that results in rebirth as a human being, demi-god or a god of the desire realm.
བསོད་ནམས་མ་ཡིན་པའི་ལས			[apuṇyakarma]/ Non-meritorious karma. Karma that results in rebirth as an animal, a hungry ghost or a hell being.
བསོད་ནམས་རྟེན་གྱི་ས			The ground of basis for merits. According to the Nyingma tradition this refers to the fifth ground attained during the second stage of yoga which leads to actualizing the uncontaminated primordial wisdom.
བསོད་ནམས་སུ་བྱ་བའི་དངོས་པོ་བཞི			Three kinds of meritorious deeds; three ways of collecting merits.\n1. {sbyin pa las byung ba'i dngos po/} merits collected through the practice of giving\n2. {tshul khrims las byung ba'i dngos po/} merits collected through the practice of morality\n3. {bsgom pa las byung ba'i dngos po/} merits c...
བསྲུང་བ་མེད་པ་གསུམ			Three unguarded actions; the three bases of self-confidence of a Buddha\n1. {sku bag med pa las bsrungab med pa/} he need not protect himself from physical faults\n2. {gsung bag med pa las bsrung ba med pa/} he need not protect himself from vocal faults\n3. {thugs bag med pa las bsrung ba med pa/...
བསྲི་འཕོ་དགུ་སྐོར			The yoga of ninefold mixing; the nine rounds of mixing. According to the glorious Rechungpa's version these are:\n1. {'dod chags bde chen dang bsri ba gtum mo/} the psychic heat mixing lust with great bliss\n2. {zhi sdang bden med dang bsri ba sgyu lus/} the illusory body through mixing hatred wi...
བསླབ་ཁྲིམས			{bslab sdom/}\n[ṡikṣā ṡīla]/ The precepts and trainings; the vows of individual liberation, Bodhisattva and tantra.
བསླབ་པ་ཀུན་ལས་བཏུས་པ			[ṡikṣāsammuccaya]/ Compendium of Precepts. An important work by Acarya Santideva compiled from [mahāyāna] teachings dealing with moralities, vows and precepts. This complements his A Guide to the Bodhisattva's Way of Life ({spyod 'jug}).
བསླབ་པ་རྒྱུན་གྱི་ས			The ground of continual training. According to the Nyingma tradition this refers to the fourth ground attained at the second level of yoga where a yogi enhances his training on the continual experience of the state of union of seeing all exist-ents as being empty like illusions and clear light ap...
བསླབ་པ་གསུམ			Three trainings.\n1. {tshul khrims kyi bslab pa/} [ṡīlaṡikṣā]/ training in moral discipline\n2. {ting nge 'dzin gyi bslab pa/} [samādhi ṡikṣās]/ training in concentration\n3. {shes ra kyi bslab pa/} [prajñaṡikṣā]/ training in wisdom.
བསླབ་པའི་གཞི་བརྒྱད			Eight fundamental precepts of a one day vow holder (see {bsnyen gnas yan lag brgyad}).
བསླབ་པི་གཞི་ལྔ			The five fundamentai precepts of a layperson (see {bsnyen gnas yan lag brgyad}, 1-5).
བསླབ་པའི་གཞི་ཉིས་བརྒྱ་ལྔ་བཅུ་རྩ་གསུམ			The two hundred and fifty three vows of a fully ordained\nmonk ([bikṣu]). 1-4. {pham pa bzhi/} The four downfalls 5-17. {lhag ma bcu gsum/} the thirteen remainders 18-47. {spang ltung }\n{sum cu/} the thirty abandoning downfalls 48-137. {ltung byed 'ba' } {zhig pa dgu bcu/} ninety solid propellin...
བསླབ་བྱ་གསུམ			The three types of precepts.\n1. {dgag pa'i bslab bya/} precepts of negation\n2. {sgrub pa'i bslab bya/} precepts of cultivation\n3. {cha } {mthun gyi bslab bya/} auxiliary precepts.
བསླུ་བའི་ཆོས་ཅན			[moṣadharmiṇa]/ Deceptive nature; deceptive phenomena.
ཧམ་པ			[mānya]/ Avarice; conceit. An attitude of expecting and demanding; an expectation or possession of more than one's share.
ཧེ་རུ་ཀ			Heruka. A tantric deity belonging to the mother tantra of the highest class of tantra; also identified as Cakrasambhara.
ཧྭ་ཤང			Hashang. Equivelant to Upadhya—abbot; the master learned in Buddhist trainings. It came to be identified with the Chinese master, Hashang who spread the view of simultaneous enlightenment ({cig cir ba'i lugs}) and asserted that both virtuous and non-virtuous ideas and thoughts are equally negativ...
ཧྲིལ་པོ			A. Entire; whole; all. B. Spherical shaped.
ལྷ			[deva]/ A. A meditational deity in tantric practice. B. Gods; one of the six living beings of [saṃsāra].
ལྷ་ཆེན་བརྒྱད			Eight great gods; eight lords.\n1. {dbang phyug} [īṡvara]\n2. {brgya byin/} [indra]\n3. {tshangs pa/} [brahma]\n4. {khyab 'jug} [viṣṇu]\n5. {'dod pa'i dbang phyug} Kāmadeva\n6. {tshogs bdag} [gaṇeSa]\n7. {b+hi gi ri rdi/} [bhṛṃgiriṭi]\n8. {gzhon nu gdong drug} [ṡaḍmukhakumāra].
ལྷ་ཆོས་དགེ་བ་བཅུ			The ten divine principles; the ten moral principles. The moral code of law proscribed by King Songtsen Gampo (see {dge ba bcu}) along with the sixteen moral conducts (see {mi chos gtazang ma bcu drug}).
ལྷ་ཆོས་བདུན་ལྔན			The seven-fold deity and texts (see {bka' gdams lha chos bdun}\n{lha rjes su dran pa/}\nRecollection of the deity. One of the six recollections (see {rjes su dran pa drug}); reflecting upon the qualities of gods within the desire realm, form realm and the noble one's
ལྷ་མཐོ			Votive cairn or heaps of stones in honor of a local deity, or in memory of a holy person, erected at the top of a pass or mountain.
ལྷ་དྲུག་རྣལ་འབྱོར			The yoga of six deities. The deity yoga of kriya tantra can be classified into the practice of six deities (see {bya rgyud kyi lha drug}).
ལྷ་བབས་དུས་ཆེན			The day of Buddha [ṡākyamuni]'s descent from heaven. The 15th of the ninth Tibetan month when Buddha [ṡākyamuni] descended from the heaven of the Thirty-Three' god realm to this world.
ལྷ་བླ་མ་ཡེ་ཤེས་འོད			Lha Lama Yeshe Od. A tenth century Tibetan King of Ngari region, western Tibet, who was the younger son of the King of Guge; in the latter part of his life he offered the kingdom to his brother in order to become a monk, and was later instrumental in inviting [atiṡa] to Tibet.
ལྷ་མ་ཡིན			[asura]/ Demi-gods. One of the six types of beings believed to be anti-gods by birth and are in constant conflict with gods due to jealousy.
ལྷ་མ་ཡིན་གྱི་གྲོང་ཁྱེར་བཞི			Four cities of the demi-gods.\n1. {'od ldan/} With Light\n2. {skar } {phreng /} Star-garland\n3. {zab pa/} Profound\n4. {gser ldan/} Golden.
ལྷ་མོ་ཚེ་རིང་མཆེད་ལྔ			The five female guardians of Tibet (see {tse ring mched lnga}).\n{lha mo dbyangs can ma/}\n[sarasvatīdevī]. The feminine aspect of wisdom found both in Hindu and Buddhist pantheons; also called the goddess of\nmelody.
ལྷ་མོའི་པཞོན་པའི་ཁྱད་ཆོས་གསུམ			Three features of Palden Lhamo's (highest goddess in Tibetan Buddhism) mount.\n1. {rdzu 'phrul gyi rkang pa/} miraculous legs\n2. {rlung gi gshog pa/} wings of wind\n3. {myur mgyogs kyi rtsal/} swift.
ལྷ་བཙུན་བྱང་ཆུབ་འོད			Jangchub Od. Song of King Lhade of Ngari region of Tibet. After much hardship he invited AtiSa to Tibet on the instruction of his Uncle Lha Lama Yeshe Od. At his request [atiṡa] wrote the famous text--A Lamp on the Path to Enlightenment (bodhipathapradipa).
ལྷ་སྲིན་སྡེ་བརྒྱད			Eight gods and spirits.\n1. {gshin rje/} [yama]/ Lord of Death\n2. {ma mo/} [mātṛka]/ Female-protector (see {ma mo})\n3. {bdud/} [māra]/ Devil; demons\n4. {btsan/} [haṭa]/ Mountain-dwelling spirits\n5. {rgyal po/} [rāja]/ Principal local gods\n6. {klu/} [nāga]/ Serpent's\n7. {gnod sbyin/} [yakṣa]...
ལྷ་གསོལ			The incense burning ceremony. The ceremony of tying prayer\nflags and offering incense as a feast to appease gods, nagas and protectors.
ལྷ་བསང			The incense burning ceremony. The ceremony of tying prayer\nflags and offering incense as a feast to appease gods, nagas and protectors.
ལྷག་པཅས་མྱང་འདས			[nirvāṇa] with remainder, residual state of liberation. A state of liberation within the mental continuum of an Arhat who continues to live in the body derived from his previous contaminated mental and physical actions even after attaining [nirvāṇa].
ལྷབ་མཐོང			[vipaSyanā]/ Penetrative Insight. Penetrative insight meditation. A single pointed concentration able to apply analysis of its object; an apex form of all concentrations able to see the indepth reality of phenomena.
ལྷག་པའི་ང་རྒྱལ			[adhimāna]/ Exalted pride. A feeling that you are better than everyone else.
ལྷག་པའི་ཡོ་བྱད			Additional articles of a monk. The articles that a monk is allowed to possess not out of necessity but to use these in times of need for oneself or for others, e.g. an extra robe.
ལྷག་པའི་བསླབ་པ་གསུམ			Three hjgher trainings. The trainings that are superior to a training undertaken by a common or a non-Buddhist practitioner.\n1. {lhag pa tshul khrims kyi bslab pa/} [adhiSīlaSikṣā]/ higher training in moral discipline\n2. {lhag pa ting nge 'dzin gyi bslab pa/} [adhisamādhiSikṣā]/ higher training...
ལྷག་མེད་མྱང་འདས			[nirvāṇa] without remainder; non-residual state of liberation. A state of libertion within the mental continuum of an Arhat who is freed from the physical aggregates derived from contaminated action as soon as he attains [nirvāṇa].
ལྷག་བསམ			[adhyāSaya]/ Resolute intention. A pure wish to accept responsibilities upon oneself to liberate all sentient beings from the bonds of cyclic existence; one of the fundamental causes to produce the mind of enlightenment (bodhicitta) within oneself.
ལྷག་བསམ་དག་པའི་སེམས་བསྐྱེད་བདུན			The seven minds of enlightenment with pure resolute intention; the mind of enlightenment possessed by Bodhisattvas on the seven impure grounds-first to seven of the ten grounds.\n1. {gter lta bu'i sems bskyed/} the treasurelike bodhicitta\n2. {rin chen 'byung gnas lta bu'i sems bskyed/} the jewel...
ལྷང་ངེ་བ			Clear and lucid understanding; articulated meaning or sound; solid and vivid appearance of the object of meditation.
ལྷན་སྐྱེས			[sahaja]/ Innately born; innately produced; aquired by birth or from beginningless time, e.g. the view of holding one's transitory aggregates as oneself or as I or self ({lhan skyes kyi 'jig lta}).
ལྷན་སྐྱེས་ཀྱི་ཉོན་མོངས་པ			[sahajakleSa]/ Innately produced delusions. The negative emotions in those whose minds or perspective of looking at things are not stained by philosophical views but are natural tendencies, e.g. the innately born ignorance ({lhan skyes kyi ma rig pa}).
ལྷན་སྐྱེས་ཀྱི་ལྷ་ལྔ			The five natural gods of human beings. The gods or spirits supposed to be born along with oneself from birth.\n1. {'tsho ba'i lha/} god of livelihood\n2. {srung ba'i lha/} god that protects oneself from enemies\n3. {skyobs pa'i lha/} god that guards oneself from fears\n4. {'grogs pa'i lha/} god t...
ལྷན་སྐྱེས་ཀྱི་ལྷ་འདྲེ			Natural devils or spirits. The spirits or gods and their influence that are incorporated into one's own life from birth, perhaps caused by one's previous karma, and are separated from oneself when one is dead.
ལྷན་ཅིག་སྐྱེས་སྦྱོར			[sahajayoga]/ Simultaneous production and union; innate union. A [mahāmudrā] meditation tradition of the Dvagpo Kagyud Order of Tibetan Buddhism.
ལྷན་ཅིག་སྐྱེས་པའི་ཡེ་ཤེས			[sahajajñāna]/ Wisdom of innate production; innately born wisdom. The immense joy and bliss experienced by a Yogi through the practice of making the energy wind enter, abide and dissolve within the central energy channel at the initial level of the completion stage practice of tantra
ལྷན་ཅིག་འབྱུང་བའི་རྒྱུ			[sahabhūhetu]/ Simultaneously arisen cause. Anything that exists simultaneously not only with it cause but also integerates it as an inseparable part of the result and does not impede its production, such as the four elements co-existing and supporting each other.
ལྷན་ཅིག་བྱེད་རྐྱེན			[sahakārikāraṇa]/ Auxiliary condition; co-operative condition or factor. For instance the hammer used by a carpenter in making a table.
ལྷན་ཅིག་མི་གནས་འགལ			Non-simultaneously abiding mutual exclusion. Things that nullify each other for co-existence, e.g. the antidotes and their direct elimination.
ལྷམ་མེ་ལྷན་ནེ་ལྷན་ནེ			[bhāsate tapati virocate]/ Outshining, majestic and illustrious. An imposing outlook.
ལྷའི་རྟེན་ཅན་གྱི་རྒྱུན་ཞུགས་སྲིད་པ་ལན་བདུན་པ་བ			Stream-winner who attains liberation after seven successive rebirths as a god.
ལྷའི་དེ་ཁོ་ན་ཉིད			The suchness of a deity. One of the four yogas of suchness according to action tantra (kriya). This concerns generating oneself in the form of a deity by means of the six deity yogas within action tantra practice and inviting wisdom-beings in front, and focussing one's attention on them just as a...
ལྷའི་རྣལ་འབྱོར			[devayoga]/ Deity yoga. Meditation on a deity or dieties; visualizing deities infront or generating onself as the deity.
ལྷའི་རྣ་བའི་མངོན་ཤེས			[divyaṃSrotamābhijna~_na]/ Clairvoyance of the divine ear; extra-sensory aural perception. The divine power to hear and listen to sounds or voice of a distance covering hundreds of yojanas (see {dpag tshad}).
ལྷའི་མིག་གི་མངོན་ཤེས			[dirvyacakṣurvijñāna]/ Claivoyance of the divine eyes; extrasensory visual perception. One of six types of extra-sensory perception (see {mngon par shes pa drug}) enabling one to see where and when a person would die or be born without being impeded by any factors of time, location and nature.
ལྷའི་གཙོ་བོ་གསུམ			Three principal gods.\n1. {tshangs pa/} Brahma\n2. {dbang phyug} [īSvara]\n3. {khyab 'jug} [viṣṇu].
ལྷའི་ཡང་ལྷ			[devātideva]/ God of gods; divine among divinities. An epithet for Buddha
ལྷའི་ང་རྒྱལ			The divine pride. Imagination of oneself as being the deity in the generation stage meditation of tantric practices in order to remove a sense of ordinariness of oneself.
ལྷའི་གསལ་སྣང			The divine vision; the clear perception of a deity. The imagination and appearance of seeing each and every feature of the deity lucidly without oblivion during the course of the generation stage meditation of tantra aimed at removing attachment to the oridinariness of oneself.
ལྷས་བྱིན			Devadatta. Cousin of Buddha [ṡākyamuni] who was his persistent antagonist, not only after Buddha's enlightenment but even when he engaged in the Bodhisattva trainings.
ལྷས་བྱིན་གྱི་བརྟུལ་ཞུགས་བསླབ་ཚིག་ལྔ			1 Five ascetic practices of Devadatta; five precepts of Devadatta\n1. {sha mi za ba/} not eating meat\n2. {'o ma mi 'thung ba/} not drinking milk\n3. {lan tshwa mi za ba/} not taking salt\n4. {gos dras drub can mi gyon pa/} not wearing ragged cloths\n5. {dgon par mi gnas pa/} not living in a herm...
ལྷུང་བཟེད			[piṇḍapātra]/ Monk's or nun's begging bowl. Traditionally it is required to be made of stones or metal.
ལྷུན་གྲུབ་ཐོད་རྒལ			The spontaneous leap-over path. A {rdzogs chen } meditation technique especially for highly advanced followers; a speedy method of realizing {rdzogs chen }.
ལྷུན་གྲུབ་རིག་འཛིན			The state of spontaneous [vajradhāra]. The Nyingmapas name for the state of Buddha [vajradhāra].
ལྷུན་གྱིས་གྲུབ་པ			Spontaneous existence; natural; existence by nature; unintended incident.
ཨ			A. The last of the thirty letters of the Tibetan alphabet; a universal vowel present in all letters. B. The shortest form of the Perfection of Wisdom. It is explained to contain the meaning of the entire teachings of Buddha; heavily blessed syllable.\n{a ti yo ga}\nThe atiyoga tantra. The peak of...
ཨ་ལི			Vowel letters of the Sanskrit alphabet.
ཨ་ལི་བཅུ་དྲུག			The sixteen vowel letters. {a/} [a], {A/} [a], {e/} [i], {A+e/} [ī], {u+u/} u {aU/} [ū], {r-i/} [ṛ], {r-I/} [ṛī], {l-i/} [l.], {l-I/} [l.ī], {e/} [e], {ai/} [ae], {o/} [o], {au/} [au], {aM/} [aṃ], {aH} [aḥ]. These represents the sixteen emptinesse: (see {stong nyis bcu drug}) and are the sources ...
ཨིཎ་དྲ་ཎཱི་ལ			[indraṇīla]/ sapphire.
ཨུུ་རྒྱན			[oḍḍiyāna]. The birth-place of Guru Padmasambhava, the kingdom of King Indrabodhi. Some identity this place with Swat in Pakistan. This is also regarded as a sacred place of [ḍākini]s.
ཨེ་ཝམ			E-Wam syllable. E represents emptiness as the wisdom side and Wam great bliss, the method side.
ཨེ་ཝམ་ཟུང་འཇུག			The union of E and Wam. Represents the ever supreme reality emptiness and the supreme unchangeable great bliss.
ཨེར་ཀ་འུན་གྱི་ཆོས་ལུགས			Shammism of Mongolia. A pre-Buddhist religious tradition in Mongolia similar to the Bon religion of pre-Buddhist Tibet, in which practice of animal sacrifice and offering of their blood to the gods and spirits was common. The Third Dalai Lama, Sonam Gyatso, (1543-1588) banned this practice and ta...
ཨོ་ལོ			The monks on duty serving tea or gruel during the Great Prayer festival in Tibet.
ཨོཾ			The head of mantras. Has many meanings such as symbolizing the Vajra body of a Buddha.
ཨོཾ་སྭསྟི			[om svāsti]/ May all be auspicious. May all enjoy peace and prosperity.
༅བིབླིཨོགྲཕཡ			Tibetan Sources:\ndKon mchog 'jigs med dbang po. mdo rgyud bstan bcos du ma nas 'byuung ba'i chos kyi rnam grangs shes Idan yid kyi dg'a ston. Vol. 7, 465-531. New Delhi: Ngawang Gelek Demo,1972.\nkLong rdol bla ma. gsang sngags rig pa 'dzin pa'i sde las byung ba'iming gigrangs. Vols. 1,2. New De...
༅Sཨརཏ་ཆནདྲ་ཌས་ཨཱ་ཊིབེཏན་Eངླིཤ་ཌིཅཏིཨོནརཡ་ཌེལྷི༔་Mཨོཏིལལ་བནརསིདསས,༡༩༧༠.			Yeshi Gyaltsen, Kachen. sher phyin gsal sgron. Vol 8,1-165. New Delhi: Tibet House, 1976.
༅Eངླིཤ་Sཨོཨུརཅེས༔			A-kya yongs 'dzin dbyang can dg'a ba'i bio gros. A Compendium of Ways of Knowing (bio rig gi sdom tshig blang dor gsal ba'i me long). Tr. Geshe Dhargye, Sharpa Tulku and Alex Benin, Dharamsala: LTWA,1982.\nAmipa, Sherab Gyaltsen. A Water Drop from the Glorious Ocean. Rikon: Tibetan Institute,1976...
